#
# There is insufficient memory for the Java Runtime Environment to continue.
# Native memory allocation (mmap) failed to map 65536 bytes. Error detail: Failed to commit metaspace.
# Possible reasons:
#   The system is out of physical RAM or swap space
#   This process is running with CompressedOops enabled, and the Java Heap may be blocking the growth of the native heap
# Possible solutions:
#   Reduce memory load on the system
#   Increase physical memory or swap space
#   Check if swap backing store is full
#   Decrease Java heap size (-Xmx/-Xms)
#   Decrease number of Java threads
#   Decrease Java thread stack sizes (-Xss)
#   Set larger code cache with -XX:ReservedCodeCacheSize=
#   JVM is running with Zero Based Compressed Oops mode in which the Java heap is
#     placed in the first 32GB address space. The Java Heap base address is the
#     maximum limit for the native heap growth. Please use -XX:HeapBaseMinAddress
#     to set the Java Heap base and to place the Java Heap above 32GB virtual address.
# This output file may be truncated or incomplete.
#
#  Out of Memory Error (virtualSpaceNode.cpp:113), pid=15836, tid=1008
#
# JRE version: OpenJDK Runtime Environment Temurin-21.0.12.1+1 (21.0.12.1+1) (build 21.0.12.1+1-LTS)
# Java VM: OpenJDK 64-Bit Server VM Temurin-21.0.12.1+1 (21.0.12.1+1-LTS, mixed mode, sharing, tiered, compressed oops, compressed class ptrs, g1 gc, windows-amd64)
# No core dump will be written. Minidumps are not enabled by default on client versions of Windows
#

---------------  S U M M A R Y ------------

Command Line: --add-opens=java.base/java.lang=ALL-UNNAMED --add-opens=java.base/java.lang.invoke=ALL-UNNAMED --add-opens=java.base/java.util=ALL-UNNAMED --add-opens=java.prefs/java.util.prefs=ALL-UNNAMED --add-exports=jdk.compiler/com.sun.tools.javac.api=ALL-UNNAMED --add-exports=jdk.compiler/com.sun.tools.javac.util=ALL-UNNAMED --add-opens=java.base/java.util=ALL-UNNAMED --add-opens=java.prefs/java.util.prefs=ALL-UNNAMED --add-opens=java.base/java.nio.charset=ALL-UNNAMED --add-opens=java.base/java.net=ALL-UNNAMED --add-opens=java.base/java.util.concurrent.atomic=ALL-UNNAMED --add-opens=java.xml/javax.xml.namespace=ALL-UNNAMED -XX:MaxMetaspaceSize=1G -Xmx6G -Dfile.encoding=UTF-8 -Duser.country=US -Duser.language=en -Duser.variant -javaagent:C:\Users\nimes\.gradle\wrapper\dists\gradle-8.14-all\c2qonpi39x1mddn7hk5gh9iqj\gradle-8.14\lib\agents\gradle-instrumentation-agent-8.14.jar org.gradle.launcher.daemon.bootstrap.GradleDaemon 8.14

Host: 12th Gen Intel(R) Core(TM) i5-1235U, 12 cores, 15G,  Windows 11 , 64 bit Build 26100 (10.0.26100.8737)
Time: Sun Sep 27 21:03:48 2026 Sri Lanka Standard Time elapsed time: 53.573600 seconds (0d 0h 0m 53s)

---------------  T H R E A D  ---------------

Current thread (0x00000151fd3ae8e0):  JavaThread "Daemon worker"        [_thread_in_vm, id=1008, stack(0x0000000612c00000,0x0000000612d00000) (1024K)]

Stack: [0x0000000612c00000,0x0000000612d00000]
Native frames: (J=compiled Java code, j=interpreted, Vv=VM code, C=native code)
V  [jvm.dll+0x6d83e9]
V  [jvm.dll+0x8b5736]
V  [jvm.dll+0x8b7cee]
V  [jvm.dll+0x8b83d3]
V  [jvm.dll+0x284596]
V  [jvm.dll+0x8b147e]
V  [jvm.dll+0x679ad4]
V  [jvm.dll+0x1e849b]
V  [jvm.dll+0x1e825e]
V  [jvm.dll+0x67c3d2]
V  [jvm.dll+0x67c202]
V  [jvm.dll+0x67a4ae]
V  [jvm.dll+0x26f816]
V  [jvm.dll+0x21a11f]
V  [jvm.dll+0x20f80e]
V  [jvm.dll+0x5b6a7f]
V  [jvm.dll+0x82f77d]
V  [jvm.dll+0x479a6e]
V  [jvm.dll+0x48cde6]
C  [java.dll+0x1657]

Java frames: (J=compiled Java code, j=interpreted, Vv=VM code)
J 1947  java.lang.ClassLoader.defineClass0(Ljava/lang/ClassLoader;Ljava/lang/Class;Ljava/lang/String;[BIILjava/security/ProtectionDomain;ZILjava/lang/Object;)Ljava/lang/Class; java.base@21.0.12.1 (0 bytes) @ 0x00000151f1050fbc [0x00000151f1050ec0+0x00000000000000fc]
J 2860 c1 java.lang.System$2.defineClass(Ljava/lang/ClassLoader;Ljava/lang/Class;Ljava/lang/String;[BLjava/security/ProtectionDomain;ZILjava/lang/Object;)Ljava/lang/Class; java.base@21.0.12.1 (21 bytes) @ 0x00000151e9a2bdf4 [0x00000151e9a2bd40+0x00000000000000b4]
J 2859 c1 java.lang.invoke.MethodHandles$Lookup$ClassDefiner.defineClass(ZLjava/lang/Object;)Ljava/lang/Class; java.base@21.0.12.1 (213 bytes) @ 0x00000151e9a2b0ac [0x00000151e9a2ab20+0x000000000000058c]
J 3172 c1 java.lang.invoke.InvokerBytecodeGenerator.loadMethod([B)Ljava/lang/invoke/MemberName; java.base@21.0.12.1 (39 bytes) @ 0x00000151e9abb08c [0x00000151e9abaf00+0x000000000000018c]
J 2940 c1 java.lang.invoke.InvokerBytecodeGenerator.generateCustomizedCode(Ljava/lang/invoke/LambdaForm;Ljava/lang/invoke/MethodType;)Ljava/lang/invoke/MemberName; java.base@21.0.12.1 (34 bytes) @ 0x00000151e9a51a34 [0x00000151e9a51880+0x00000000000001b4]
J 2231 c1 java.lang.invoke.LambdaForm.compileToBytecode()V java.base@21.0.12.1 (164 bytes) @ 0x00000151e98e2774 [0x00000151e98e2580+0x00000000000001f4]
J 1111 c1 java.lang.invoke.LambdaForm.prepare()V java.base@21.0.12.1 (108 bytes) @ 0x00000151e968f76c [0x00000151e968f5e0+0x000000000000018c]
J 927 c1 java.lang.invoke.MethodHandle.<init>(Ljava/lang/invoke/MethodType;Ljava/lang/invoke/LambdaForm;)V java.base@21.0.12.1 (37 bytes) @ 0x00000151e963e5e4 [0x00000151e963e3a0+0x0000000000000244]
J 1699 c1 java.lang.invoke.BoundMethodHandle.<init>(Ljava/lang/invoke/MethodType;Ljava/lang/invoke/LambdaForm;)V java.base@21.0.12.1 (32 bytes) @ 0x00000151e97e1454 [0x00000151e97e13c0+0x0000000000000094]
j  java.lang.invoke.BoundMethodHandle$Species_LLLLLL.<init>(Ljava/lang/invoke/MethodType;Ljava/lang/invoke/LambdaForm;Ljava/lang/Object;Ljava/lang/Object;Ljava/lang/Object;Ljava/lang/Object;Ljava/lang/Object;Ljava/lang/Object;)V+3 java.base@21.0.12.1
j  java.lang.invoke.BoundMethodHandle$Species_LLLLLL.make(Ljava/lang/invoke/MethodType;Ljava/lang/invoke/LambdaForm;Ljava/lang/Object;Ljava/lang/Object;Ljava/lang/Object;Ljava/lang/Object;Ljava/lang/Object;Ljava/lang/Object;)Ljava/lang/invoke/BoundMethodHandle;+16 java.base@21.0.12.1
j  java.lang.invoke.DirectMethodHandle$Holder.invokeStatic(Ljava/lang/Object;Ljava/lang/Object;Ljava/lang/Object;Ljava/lang/Object;Ljava/lang/Object;Ljava/lang/Object;Ljava/lang/Object;Ljava/lang/Object;Ljava/lang/Object;)Ljava/lang/Object;+24 java.base@21.0.12.1
j  java.lang.invoke.BoundMethodHandle$Species_LLLLL.copyWithExtendL(Ljava/lang/invoke/MethodType;Ljava/lang/invoke/LambdaForm;Ljava/lang/Object;)Ljava/lang/invoke/BoundMethodHandle;+30 java.base@21.0.12.1
J 2713 c1 java.lang.invoke.MethodHandleImpl.makePairwiseConvertByEditor(Ljava/lang/invoke/MethodHandle;Ljava/lang/invoke/MethodType;ZZ)Ljava/lang/invoke/MethodHandle; java.base@21.0.12.1 (617 bytes) @ 0x00000151e99d64f4 [0x00000151e99d3ea0+0x0000000000002654]
J 2712 c1 java.lang.invoke.MethodHandleImpl.makePairwiseConvert(Ljava/lang/invoke/MethodHandle;Ljava/lang/invoke/MethodType;ZZ)Ljava/lang/invoke/MethodHandle; java.base@21.0.12.1 (22 bytes) @ 0x00000151e99d047c [0x00000151e99d0340+0x000000000000013c]
J 2332 c1 java.lang.invoke.MethodHandle.asTypeUncached(Ljava/lang/invoke/MethodType;)Ljava/lang/invoke/MethodHandle; java.base@21.0.12.1 (54 bytes) @ 0x00000151e990a314 [0x00000151e9909d60+0x00000000000005b4]
J 2458 c1 java.lang.invoke.MethodHandle.asType(Ljava/lang/invoke/MethodType;)Ljava/lang/invoke/MethodHandle; java.base@21.0.12.1 (32 bytes) @ 0x00000151e9948484 [0x00000151e99482c0+0x00000000000001c4]
j  java.lang.invoke.MethodHandle.asSpreader(ILjava/lang/Class;I)Ljava/lang/invoke/MethodHandle;+12 java.base@21.0.12.1
j  java.lang.invoke.MethodHandle.asSpreader(Ljava/lang/Class;I)Ljava/lang/invoke/MethodHandle;+12 java.base@21.0.12.1
j  jdk.internal.reflect.MethodHandleAccessorFactory.newConstructorAccessor(Ljava/lang/reflect/Constructor;)Ljdk/internal/reflect/ConstructorAccessorImpl;+57 java.base@21.0.12.1
j  jdk.internal.reflect.ReflectionFactory.newConstructorAccessor(Ljava/lang/reflect/Constructor;)Ljdk/internal/reflect/ConstructorAccessor;+67 java.base@21.0.12.1
j  java.lang.reflect.Constructor.acquireConstructorAccessor()Ljdk/internal/reflect/ConstructorAccessor;+58 java.base@21.0.12.1
J 1615 c1 java.lang.reflect.Constructor.newInstanceWithCaller([Ljava/lang/Object;ZLjava/lang/Class;)Ljava/lang/Object; java.base@21.0.12.1 (51 bytes) @ 0x00000151e97ad794 [0x00000151e97ad660+0x0000000000000134]
J 1616 c1 java.lang.reflect.Constructor.newInstance([Ljava/lang/Object;)Ljava/lang/Object; java.base@21.0.12.1 (34 bytes) @ 0x00000151e97addc4 [0x00000151e97adc60+0x0000000000000164]
j  org.gradle.internal.service.DefaultServiceRegistry$ConstructorService.invokeMethod([Ljava/lang/Object;)Ljava/lang/Object;+5
j  org.gradle.internal.service.DefaultServiceRegistry$FactoryService.createServiceInstance()Ljava/lang/Object;+7
j  org.gradle.internal.service.DefaultServiceRegistry$ConstructorService.createServiceInstance()Ljava/lang/Object;+1
J 2989 c1 org.gradle.internal.service.DefaultServiceRegistry$ManagedObjectServiceProvider.getInstance()Ljava/lang/Object; (47 bytes) @ 0x00000151e9a66f14 [0x00000151e9a66d60+0x00000000000001b4]
J 2775 c1 org.gradle.internal.service.DefaultServiceRegistry$SingletonService.get()Ljava/lang/Object; (5 bytes) @ 0x00000151e99f103c [0x00000151e99f0fc0+0x000000000000007c]
j  org.gradle.internal.service.DefaultServiceRegistry$FactoryService.assembleParameters()[Ljava/lang/Object;+44
j  org.gradle.internal.service.DefaultServiceRegistry$FactoryService.createServiceInstance()Ljava/lang/Object;+1
j  org.gradle.internal.service.DefaultServiceRegistry$ConstructorService.createServiceInstance()Ljava/lang/Object;+1
J 2989 c1 org.gradle.internal.service.DefaultServiceRegistry$ManagedObjectServiceProvider.getInstance()Ljava/lang/Object; (47 bytes) @ 0x00000151e9a66f14 [0x00000151e9a66d60+0x00000000000001b4]
J 2775 c1 org.gradle.internal.service.DefaultServiceRegistry$SingletonService.get()Ljava/lang/Object; (5 bytes) @ 0x00000151e99f103c [0x00000151e99f0fc0+0x000000000000007c]
j  org.gradle.internal.service.DefaultServiceRegistry$FactoryService.assembleParameters()[Ljava/lang/Object;+44
j  org.gradle.internal.service.DefaultServiceRegistry$FactoryService.createServiceInstance()Ljava/lang/Object;+1
j  org.gradle.internal.service.DefaultServiceRegistry$ConstructorService.createServiceInstance()Ljava/lang/Object;+1
J 2989 c1 org.gradle.internal.service.DefaultServiceRegistry$ManagedObjectServiceProvider.getInstance()Ljava/lang/Object; (47 bytes) @ 0x00000151e9a66f14 [0x00000151e9a66d60+0x00000000000001b4]
J 2775 c1 org.gradle.internal.service.DefaultServiceRegistry$SingletonService.get()Ljava/lang/Object; (5 bytes) @ 0x00000151e99f103c [0x00000151e99f0fc0+0x000000000000007c]
j  org.gradle.internal.service.DefaultServiceRegistry$FactoryService.assembleParameters()[Ljava/lang/Object;+44
j  org.gradle.internal.service.DefaultServiceRegistry$FactoryService.createServiceInstance()Ljava/lang/Object;+1
j  org.gradle.internal.service.DefaultServiceRegistry$FactoryMethodService.createServiceInstance()Ljava/lang/Object;+1
J 2989 c1 org.gradle.internal.service.DefaultServiceRegistry$ManagedObjectServiceProvider.getInstance()Ljava/lang/Object; (47 bytes) @ 0x00000151e9a66f14 [0x00000151e9a66d60+0x00000000000001b4]
J 2775 c1 org.gradle.internal.service.DefaultServiceRegistry$SingletonService.get()Ljava/lang/Object; (5 bytes) @ 0x00000151e99f103c [0x00000151e99f0fc0+0x000000000000007c]
j  org.gradle.internal.service.DefaultServiceRegistry$FactoryService.assembleParameters()[Ljava/lang/Object;+44
j  org.gradle.internal.service.DefaultServiceRegistry$FactoryService.createServiceInstance()Ljava/lang/Object;+1
j  org.gradle.internal.service.DefaultServiceRegistry$FactoryMethodService.createServiceInstance()Ljava/lang/Object;+1
J 2989 c1 org.gradle.internal.service.DefaultServiceRegistry$ManagedObjectServiceProvider.getInstance()Ljava/lang/Object; (47 bytes) @ 0x00000151e9a66f14 [0x00000151e9a66d60+0x00000000000001b4]
J 2775 c1 org.gradle.internal.service.DefaultServiceRegistry$SingletonService.get()Ljava/lang/Object; (5 bytes) @ 0x00000151e99f103c [0x00000151e99f0fc0+0x000000000000007c]
j  org.gradle.internal.service.DefaultServiceRegistry.find(Ljava/lang/reflect/Type;)Ljava/lang/Object;+22
j  org.gradle.internal.service.DefaultServiceRegistry.get(Ljava/lang/reflect/Type;)Ljava/lang/Object;+2
j  org.gradle.internal.service.DefaultServiceRegistry.get(Ljava/lang/Class;)Ljava/lang/Object;+3
j  org.gradle.internal.cc.impl.DefaultBuildModelControllerServices$VintageBuildControllerProvider.createBuildModelController(Lorg/gradle/api/internal/GradleInternal;Lorg/gradle/internal/model/StateTransitionControllerFactory;)Lorg/gradle/internal/build/BuildModelController;+33
j  java.lang.invoke.DirectMethodHandle$Holder.invokeSpecial(Ljava/lang/Object;Ljava/lang/Object;Ljava/lang/Object;Ljava/lang/Object;)Ljava/lang/Object;+14 java.base@21.0.12.1
j  java.lang.invoke.LambdaForm$MH+0x00000151871a3c00.invoke(Ljava/lang/Object;Ljava/lang/Object;Ljava/lang/Object;Ljava/lang/Object;)Ljava/lang/Object;+73 java.base@21.0.12.1
J 2168 c1 jdk.internal.reflect.DirectMethodHandleAccessor.invoke(Ljava/lang/Object;[Ljava/lang/Object;)Ljava/lang/Object; java.base@21.0.12.1 (92 bytes) @ 0x00000151e98cce2c [0x00000151e98cb840+0x00000000000015ec]
J 2167 c1 java.lang.reflect.Method.invoke(Ljava/lang/Object;[Ljava/lang/Object;)Ljava/lang/Object; java.base@21.0.12.1 (108 bytes) @ 0x00000151e98caf5c [0x00000151e98caa40+0x000000000000051c]
j  org.gradle.internal.reflect.JavaMethod.invoke(Ljava/lang/Object;[Ljava/lang/Object;)Ljava/lang/Object;+6
j  org.gradle.internal.service.ReflectionBasedServiceMethod.invoke(Ljava/lang/Object;[Ljava/lang/Object;)Ljava/lang/Object;+6
j  org.gradle.internal.service.DefaultServiceRegistry$FactoryMethodService.invokeMethod([Ljava/lang/Object;)Ljava/lang/Object;+28
j  org.gradle.internal.service.DefaultServiceRegistry$FactoryService.createServiceInstance()Ljava/lang/Object;+7
j  org.gradle.internal.service.DefaultServiceRegistry$FactoryMethodService.createServiceInstance()Ljava/lang/Object;+1
J 2989 c1 org.gradle.internal.service.DefaultServiceRegistry$ManagedObjectServiceProvider.getInstance()Ljava/lang/Object; (47 bytes) @ 0x00000151e9a66f14 [0x00000151e9a66d60+0x00000000000001b4]
J 2775 c1 org.gradle.internal.service.DefaultServiceRegistry$SingletonService.get()Ljava/lang/Object; (5 bytes) @ 0x00000151e99f103c [0x00000151e99f0fc0+0x000000000000007c]
j  org.gradle.internal.service.DefaultServiceRegistry.find(Ljava/lang/reflect/Type;)Ljava/lang/Object;+22
j  org.gradle.internal.service.DefaultServiceRegistry.get(Ljava/lang/reflect/Type;)Ljava/lang/Object;+2
j  org.gradle.internal.service.DefaultServiceRegistry.get(Ljava/lang/Class;)Ljava/lang/Object;+3
j  org.gradle.internal.build.DefaultBuildLifecycleControllerFactory.newInstance(Lorg/gradle/api/internal/BuildDefinition;Lorg/gradle/internal/service/ServiceRegistry;)Lorg/gradle/internal/build/BuildLifecycleController;+98
j  org.gradle.internal.cc.impl.DefaultBuildModelControllerServices$ServicesProvider.createBuildLifecycleController(Lorg/gradle/internal/build/BuildLifecycleControllerFactory;)Lorg/gradle/internal/build/BuildLifecycleController;+15
J 1737 c1 java.lang.invoke.DirectMethodHandle$Holder.invokeSpecial(Ljava/lang/Object;Ljava/lang/Object;Ljava/lang/Object;)Ljava/lang/Object; java.base@21.0.12.1 (15 bytes) @ 0x00000151e97f1754 [0x00000151e97f1360+0x00000000000003f4]
j  java.lang.invoke.LambdaForm$MH+0x000001518709c400.invoke(Ljava/lang/Object;Ljava/lang/Object;Ljava/lang/Object;)Ljava/lang/Object;+52 java.base@21.0.12.1
J 2168 c1 jdk.internal.reflect.DirectMethodHandleAccessor.invoke(Ljava/lang/Object;[Ljava/lang/Object;)Ljava/lang/Object; java.base@21.0.12.1 (92 bytes) @ 0x00000151e98cd494 [0x00000151e98cb840+0x0000000000001c54]
J 2167 c1 java.lang.reflect.Method.invoke(Ljava/lang/Object;[Ljava/lang/Object;)Ljava/lang/Object; java.base@21.0.12.1 (108 bytes) @ 0x00000151e98caf5c [0x00000151e98caa40+0x000000000000051c]
j  org.gradle.internal.reflect.JavaMethod.invoke(Ljava/lang/Object;[Ljava/lang/Object;)Ljava/lang/Object;+6
j  org.gradle.internal.service.ReflectionBasedServiceMethod.invoke(Ljava/lang/Object;[Ljava/lang/Object;)Ljava/lang/Object;+6
j  org.gradle.internal.service.DefaultServiceRegistry$FactoryMethodService.invokeMethod([Ljava/lang/Object;)Ljava/lang/Object;+28
j  org.gradle.internal.service.DefaultServiceRegistry$FactoryService.createServiceInstance()Ljava/lang/Object;+7
j  org.gradle.internal.service.DefaultServiceRegistry$FactoryMethodService.createServiceInstance()Ljava/lang/Object;+1
J 2989 c1 org.gradle.internal.service.DefaultServiceRegistry$ManagedObjectServiceProvider.getInstance()Ljava/lang/Object; (47 bytes) @ 0x00000151e9a66f14 [0x00000151e9a66d60+0x00000000000001b4]
J 2775 c1 org.gradle.internal.service.DefaultServiceRegistry$SingletonService.get()Ljava/lang/Object; (5 bytes) @ 0x00000151e99f103c [0x00000151e99f0fc0+0x000000000000007c]
j  org.gradle.internal.service.DefaultServiceRegistry.find(Ljava/lang/reflect/Type;)Ljava/lang/Object;+22
j  org.gradle.internal.service.DefaultServiceRegistry.get(Ljava/lang/reflect/Type;)Ljava/lang/Object;+2
j  org.gradle.internal.service.DefaultServiceRegistry.get(Ljava/lang/Class;)Ljava/lang/Object;+3
j  org.gradle.internal.build.AbstractBuildState.lambda$new$0()Lorg/gradle/internal/build/BuildLifecycleController;+6
j  org.gradle.internal.build.AbstractBuildState$$Lambda+0x0000015187328cb0.get()Ljava/lang/Object;+4
j  org.gradle.internal.lazy.LockingLazy.get()Ljava/lang/Object;+22
j  org.gradle.internal.build.AbstractBuildState.getBuildController()Lorg/gradle/internal/build/BuildLifecycleController;+4
j  org.gradle.composite.internal.DefaultRootBuildState.<init>(Lorg/gradle/api/internal/BuildDefinition;Lorg/gradle/internal/buildtree/BuildTreeState;Lorg/gradle/internal/event/ListenerManager;)V+19
j  org.gradle.composite.internal.BuildStateFactory.createRootBuild(Lorg/gradle/api/internal/BuildDefinition;)Lorg/gradle/internal/build/RootBuildState;+13
j  org.gradle.composite.internal.DefaultIncludedBuildRegistry.createRootBuild(Lorg/gradle/api/internal/BuildDefinition;)Lorg/gradle/internal/build/RootBuildState;+23
j  org.gradle.launcher.exec.RootBuildLifecycleBuildActionExecutor.execute(Lorg/gradle/internal/invocation/BuildAction;Lorg/gradle/internal/buildtree/BuildTreeContext;)Lorg/gradle/internal/buildtree/BuildActionRunner$Result;+59
j  org.gradle.internal.buildtree.InitDeprecationLoggingActionExecutor.execute(Lorg/gradle/internal/invocation/BuildAction;Lorg/gradle/internal/buildtree/BuildTreeContext;)Lorg/gradle/internal/buildtree/BuildActionRunner$Result;+83
j  org.gradle.internal.buildtree.InitProblems.execute(Lorg/gradle/internal/invocation/BuildAction;Lorg/gradle/internal/buildtree/BuildTreeContext;)Lorg/gradle/internal/buildtree/BuildActionRunner$Result;+13
j  org.gradle.internal.buildtree.DefaultBuildTreeContext.execute(Lorg/gradle/internal/invocation/BuildAction;)Lorg/gradle/internal/buildtree/BuildActionRunner$Result;+64
j  org.gradle.launcher.exec.BuildTreeLifecycleBuildActionExecutor.lambda$execute$0(Lorg/gradle/internal/invocation/BuildAction;Lorg/gradle/internal/buildtree/BuildTreeContext;)Lorg/gradle/internal/buildtree/BuildActionRunner$Result;+2
j  org.gradle.launcher.exec.BuildTreeLifecycleBuildActionExecutor$$Lambda+0x00000151872b4a70.apply(Ljava/lang/Object;)Ljava/lang/Object;+8
j  org.gradle.internal.buildtree.BuildTreeState.run(Ljava/util/function/Function;)Ljava/lang/Object;+47
j  org.gradle.launcher.exec.BuildTreeLifecycleBuildActionExecutor.execute(Lorg/gradle/internal/invocation/BuildAction;Lorg/gradle/internal/session/BuildSessionContext;)Lorg/gradle/internal/buildtree/BuildActionRunner$Result;+74
j  org.gradle.launcher.exec.RunAsBuildOperationBuildActionExecutor$2.call(Lorg/gradle/internal/operations/BuildOperationContext;)Lorg/gradle/internal/buildtree/BuildActionRunner$Result;+25
j  org.gradle.launcher.exec.RunAsBuildOperationBuildActionExecutor$2.call(Lorg/gradle/internal/operations/BuildOperationContext;)Ljava/lang/Object;+2
j  org.gradle.internal.operations.DefaultBuildOperationRunner$CallableBuildOperationWorker.execute(Lorg/gradle/internal/operations/CallableBuildOperation;Lorg/gradle/internal/operations/BuildOperationContext;)V+3
j  org.gradle.internal.operations.DefaultBuildOperationRunner$CallableBuildOperationWorker.execute(Lorg/gradle/internal/operations/BuildOperation;Lorg/gradle/internal/operations/BuildOperationContext;)V+6
j  org.gradle.internal.operations.DefaultBuildOperationRunner$2.execute(Lorg/gradle/internal/operations/BuildOperationDescriptor;Lorg/gradle/internal/operations/BuildOperationState;Lorg/gradle/internal/operations/BuildOperationState;Lorg/gradle/internal/operations/DefaultBuildOperationRunner$ReadableBuildOperationContext;Lorg/gradle/internal/operations/DefaultBuildOperationRunner$BuildOperationExecutionListener;)Lorg/gradle/internal/operations/BuildOperation;+22
j  org.gradle.internal.operations.DefaultBuildOperationRunner$2.execute(Lorg/gradle/internal/operations/BuildOperationDescriptor;Lorg/gradle/internal/operations/BuildOperationState;Lorg/gradle/internal/operations/BuildOperationState;Lorg/gradle/internal/operations/DefaultBuildOperationRunner$ReadableBuildOperationContext;Lorg/gradle/internal/operations/DefaultBuildOperationRunner$BuildOperationExecutionListener;)Ljava/lang/Object;+8
j  org.gradle.internal.operations.DefaultBuildOperationRunner.execute(Lorg/gradle/internal/operations/BuildOperationDescriptor$Builder;Lorg/gradle/internal/operations/BuildOperationState;Lorg/gradle/internal/operations/DefaultBuildOperationRunner$BuildOperationExecution;)Ljava/lang/Object;+141
j  org.gradle.internal.operations.DefaultBuildOperationRunner.execute(Lorg/gradle/internal/operations/BuildOperation;Lorg/gradle/internal/operations/BuildOperationWorker;Lorg/gradle/internal/operations/BuildOperationState;)V+18
j  org.gradle.internal.operations.DefaultBuildOperationRunner.call(Lorg/gradle/internal/operations/CallableBuildOperation;)Ljava/lang/Object;+16
j  org.gradle.launcher.exec.RunAsBuildOperationBuildActionExecutor.execute(Lorg/gradle/internal/invocation/BuildAction;Lorg/gradle/internal/session/BuildSessionContext;)Lorg/gradle/internal/buildtree/BuildActionRunner$Result;+23
j  org.gradle.launcher.exec.RunAsWorkerThreadBuildActionExecutor.lambda$execute$0(Lorg/gradle/internal/invocation/BuildAction;Lorg/gradle/internal/session/BuildSessionContext;)Lorg/gradle/internal/buildtree/BuildActionRunner$Result;+6
j  org.gradle.launcher.exec.RunAsWorkerThreadBuildActionExecutor$$Lambda+0x0000015187285008.create()Ljava/lang/Object;+12
j  org.gradle.internal.work.DefaultWorkerLeaseService.withLocks(Ljava/util/Collection;Lorg/gradle/internal/Factory;)Ljava/lang/Object;+28
j  org.gradle.internal.work.DefaultWorkerLeaseService.runAsWorkerThread(Lorg/gradle/internal/Factory;)Ljava/lang/Object;+33
j  org.gradle.launcher.exec.RunAsWorkerThreadBuildActionExecutor.execute(Lorg/gradle/internal/invocation/BuildAction;Lorg/gradle/internal/session/BuildSessionContext;)Lorg/gradle/internal/buildtree/BuildActionRunner$Result;+12
j  org.gradle.tooling.internal.provider.continuous.ContinuousBuildActionExecutor.execute(Lorg/gradle/internal/invocation/BuildAction;Lorg/gradle/internal/session/BuildSessionContext;)Lorg/gradle/internal/buildtree/BuildActionRunner$Result;+58
j  org.gradle.tooling.internal.provider.SubscribableBuildActionExecutor.execute(Lorg/gradle/internal/invocation/BuildAction;Lorg/gradle/internal/session/BuildSessionContext;)Lorg/gradle/internal/buildtree/BuildActionRunner$Result;+30
j  org.gradle.internal.session.DefaultBuildSessionContext.execute(Lorg/gradle/internal/invocation/BuildAction;)Lorg/gradle/internal/buildtree/BuildActionRunner$Result;+64
j  org.gradle.internal.buildprocess.execution.BuildSessionLifecycleBuildActionExecutor$ActionImpl.apply(Lorg/gradle/internal/session/BuildSessionContext;)Lorg/gradle/launcher/exec/BuildActionResult;+6
j  org.gradle.internal.buildprocess.execution.BuildSessionLifecycleBuildActionExecutor$ActionImpl.apply(Ljava/lang/Object;)Ljava/lang/Object;+5
j  org.gradle.internal.session.BuildSessionState.run(Ljava/util/function/Function;)Ljava/lang/Object;+5
j  org.gradle.internal.buildprocess.execution.BuildSessionLifecycleBuildActionExecutor.execute(Lorg/gradle/internal/invocation/BuildAction;Lorg/gradle/launcher/exec/BuildActionParameters;Lorg/gradle/initialization/BuildRequestContext;)Lorg/gradle/launcher/exec/BuildActionResult;+95
j  org.gradle.internal.buildprocess.execution.BuildSessionLifecycleBuildActionExecutor.execute(Lorg/gradle/internal/invocation/BuildAction;Ljava/lang/Object;Ljava/lang/Object;)Lorg/gradle/launcher/exec/BuildActionResult;+10
j  org.gradle.internal.buildprocess.execution.StartParamsValidatingActionExecutor.execute(Lorg/gradle/internal/invocation/BuildAction;Lorg/gradle/launcher/exec/BuildActionParameters;Lorg/gradle/initialization/BuildRequestContext;)Lorg/gradle/launcher/exec/BuildActionResult;+203
j  org.gradle.internal.buildprocess.execution.StartParamsValidatingActionExecutor.execute(Lorg/gradle/internal/invocation/BuildAction;Ljava/lang/Object;Ljava/lang/Object;)Lorg/gradle/launcher/exec/BuildActionResult;+10
j  org.gradle.internal.buildprocess.execution.SessionFailureReportingActionExecutor.execute(Lorg/gradle/internal/invocation/BuildAction;Lorg/gradle/launcher/exec/BuildActionParameters;Lorg/gradle/initialization/BuildRequestContext;)Lorg/gradle/launcher/exec/BuildActionResult;+7
j  org.gradle.internal.buildprocess.execution.SessionFailureReportingActionExecutor.execute(Lorg/gradle/internal/invocation/BuildAction;Ljava/lang/Object;Ljava/lang/Object;)Lorg/gradle/launcher/exec/BuildActionResult;+10
j  org.gradle.internal.buildprocess.execution.SetupLoggingActionExecutor.execute(Lorg/gradle/internal/invocation/BuildAction;Lorg/gradle/launcher/exec/BuildActionParameters;Lorg/gradle/initialization/BuildRequestContext;)Lorg/gradle/launcher/exec/BuildActionResult;+50
j  org.gradle.internal.buildprocess.execution.SetupLoggingActionExecutor.execute(Lorg/gradle/internal/invocation/BuildAction;Ljava/lang/Object;Ljava/lang/Object;)Lorg/gradle/launcher/exec/BuildActionResult;+10
j  org.gradle.launcher.daemon.server.exec.ExecuteBuild.doBuild(Lorg/gradle/launcher/daemon/server/api/DaemonCommandExecution;Lorg/gradle/launcher/daemon/protocol/Build;)V+147
j  org.gradle.launcher.daemon.server.exec.BuildCommandOnly.execute(Lorg/gradle/launcher/daemon/server/api/DaemonCommandExecution;)V+49
j  org.gradle.launcher.daemon.server.api.DaemonCommandExecution.proceed()Z+23
j  org.gradle.launcher.daemon.server.exec.WatchForDisconnection.execute(Lorg/gradle/launcher/daemon/server/api/DaemonCommandExecution;)V+19
j  org.gradle.launcher.daemon.server.api.DaemonCommandExecution.proceed()Z+23
j  org.gradle.launcher.daemon.server.exec.ResetDeprecationLogger.execute(Lorg/gradle/launcher/daemon/server/api/DaemonCommandExecution;)V+7
j  org.gradle.launcher.daemon.server.api.DaemonCommandExecution.proceed()Z+23
j  org.gradle.launcher.daemon.server.exec.RequestStopIfSingleUsedDaemon.execute(Lorg/gradle/launcher/daemon/server/api/DaemonCommandExecution;)V+33
j  org.gradle.launcher.daemon.server.api.DaemonCommandExecution.proceed()Z+23
j  org.gradle.launcher.daemon.server.exec.ForwardClientInput.lambda$execute$0(Lorg/gradle/launcher/daemon/server/api/DaemonCommandExecution;Lorg/gradle/internal/daemon/clientinput/StdinHandler;)Ljava/lang/Object;+11
j  org.gradle.launcher.daemon.server.exec.ForwardClientInput$$Lambda+0x000001518718eb08.apply(Ljava/lang/Object;)Ljava/lang/Object;+8
j  org.gradle.internal.daemon.clientinput.ClientInputForwarder.forwardInput(Ljava/util/function/Function;)Ljava/lang/Object;+46
j  org.gradle.launcher.daemon.server.exec.ForwardClientInput.execute(Lorg/gradle/launcher/daemon/server/api/DaemonCommandExecution;)V+10
j  org.gradle.launcher.daemon.server.api.DaemonCommandExecution.proceed()Z+23
j  org.gradle.launcher.daemon.server.exec.LogAndCheckHealth.execute(Lorg/gradle/launcher/daemon/server/api/DaemonCommandExecution;)V+51
j  org.gradle.launcher.daemon.server.api.DaemonCommandExecution.proceed()Z+23
j  org.gradle.launcher.daemon.server.exec.LogToClient.doBuild(Lorg/gradle/launcher/daemon/server/api/DaemonCommandExecution;Lorg/gradle/launcher/daemon/protocol/Build;)V+87
j  org.gradle.launcher.daemon.server.exec.BuildCommandOnly.execute(Lorg/gradle/launcher/daemon/server/api/DaemonCommandExecution;)V+49
j  org.gradle.launcher.daemon.server.api.DaemonCommandExecution.proceed()Z+23
j  org.gradle.launcher.daemon.server.exec.EstablishBuildEnvironment.doBuild(Lorg/gradle/launcher/daemon/server/api/DaemonCommandExecution;Lorg/gradle/launcher/daemon/protocol/Build;)V+356
j  org.gradle.launcher.daemon.server.exec.BuildCommandOnly.execute(Lorg/gradle/launcher/daemon/server/api/DaemonCommandExecution;)V+49
j  org.gradle.launcher.daemon.server.api.DaemonCommandExecution.proceed()Z+23
j  org.gradle.launcher.daemon.server.exec.StartBuildOrRespondWithBusy$1.run()V+44
j  org.gradle.launcher.daemon.server.DaemonStateCoordinator.lambda$runCommand$0(Ljava/lang/Runnable;)V+1
j  org.gradle.launcher.daemon.server.DaemonStateCoordinator$$Lambda+0x000001518718d698.run()V+8
j  org.gradle.internal.concurrent.ExecutorPolicy$CatchAndRecordFailures.onExecute(Ljava/lang/Runnable;)V+1
j  org.gradle.internal.concurrent.AbstractManagedExecutor$1.run()V+25
j  java.util.concurrent.ThreadPoolExecutor.runWorker(Ljava/util/concurrent/ThreadPoolExecutor$Worker;)V+92 java.base@21.0.12.1
j  java.util.concurrent.ThreadPoolExecutor$Worker.run()V+5 java.base@21.0.12.1
j  java.lang.Thread.runWith(Ljava/lang/Object;Ljava/lang/Runnable;)V+5 java.base@21.0.12.1
j  java.lang.Thread.run()V+19 java.base@21.0.12.1
v  ~StubRoutines::call_stub 0x00000151f09d100d

Compiled method (n/a) 56529 1947     n 0       java.lang.ClassLoader::defineClass0 (native)
 total in heap  [0x00000151f1050d10,0x00000151f10512d0] = 1472
 relocation     [0x00000151f1050e70,0x00000151f1050ea8] = 56
 main code      [0x00000151f1050ec0,0x00000151f10512cc] = 1036
 stub code      [0x00000151f10512cc,0x00000151f10512d0] = 4

[Constant Pool (empty)]

[MachCode]
[Entry Point]
  # {method} {0x0000015186434610} 'defineClass0' '(Ljava/lang/ClassLoader;Ljava/lang/Class;Ljava/lang/String;[BIILjava/security/ProtectionDomain;ZILjava/lang/Object;)Ljava/lang/Class;' in 'java/lang/ClassLoader'
  # parm0:    rdx:rdx   = 'java/lang/ClassLoader'
  # parm1:    r8:r8     = 'java/lang/Class'
  # parm2:    r9:r9     = 'java/lang/String'
  # parm3:    rdi:rdi   = '[B'
  # parm4:    rsi       = int
  # parm5:    rcx       = int
  # parm6:    [sp+0xb0]   = 'java/security/ProtectionDomain'  (sp of caller)
  # parm7:    [sp+0xb8]   = boolean
  # parm8:    [sp+0xc0]   = int
  # parm9:    [sp+0xc8]   = 'java/lang/Object'
  0x00000151f1050ec0: 448b 5208 | 49bb 0000 | 0086 5101 | 0000 4d03 | d349 3bc2 | 0f84 0600 

  0x00000151f1050ed8: ;   {runtime_call ic_miss_stub}
  0x00000151f1050ed8: 0000 e9a1 | d89c ff90 
[Verified Entry Point]
  0x00000151f1050ee0: 8984 2400 | 80ff ff55 | 488b ec48 | 81ec a000 | 0000 6690 | 4181 7f20 | 0100 0000 

  0x00000151f1050efc: ;   {runtime_call StubRoutines (final stubs)}
  0x00000151f1050efc: 7405 e8dd | 559b ff48 | 837d 2800 | 488d 4528 | 480f 4445 | 2848 8944 | 2458 4863 | 4520 4889 
  0x00000151f1050f1c: 4424 5048 | 6345 1848 | 8944 2448 | 4883 7d10 | 0048 8d45 | 1048 0f44 | 4510 4889 | 4424 4048 
  0x00000151f1050f3c: 894c 2438 | 4889 7424 | 3048 897c | 2478 4883 | ff00 488d | 4424 7848 | 0f44 4424 | 7848 8944 
  0x00000151f1050f5c: 2428 4c89 | 4c24 7049 | 83f9 0048 | 8d44 2470 | 480f 4444 | 2470 4889 | 4424 204c | 8944 2468 
  0x00000151f1050f7c: 4983 f800 | 4c8d 4c24 | 684c 0f44 | 4c24 6848 | 8954 2460 | 4883 fa00 | 4c8d 4424 | 604c 0f44 
  0x00000151f1050f9c: ;   {oop(a 'java/lang/Class'{0x0000000680421e80} = 'java/lang/ClassLoader')}
  0x00000151f1050f9c: 4424 6049 | be80 1e42 | 8006 0000 | 004c 89b4 | 2490 0000 | 004c 8db4 | 2490 0000 | 0049 8bd6 
  0x00000151f1050fbc: ;   {internal_word}
  0x00000151f1050fbc: c5f8 7749 | babc 0f05 | f151 0100 | 004d 8997 | a803 0000 | 4989 a7a0 

  0x00000151f1050fd4: ;   {external_word}
  0x00000151f1050fd4: 0300 0049 | ba06 6d5b | 38fc 7f00 | 0041 803a | 000f 844e | 0000 0052 | 4150 4151 

  0x00000151f1050ff0: ;   {metadata({method} {0x0000015186434610} 'defineClass0' '(Ljava/lang/ClassLoader;Ljava/lang/Class;Ljava/lang/String;[BIILjava/security/ProtectionDomain;ZILjava/lang/Object;)Ljava/lang/Class;' in 'java/lang/ClassLoader')}
  0x00000151f1050ff0: 48ba 0846 | 4386 5101 | 0000 498b | cf48 83ec | 2040 f6c4 | 0f0f 8419 | 0000 0048 

  0x00000151f105100c: ;   {runtime_call}
  0x00000151f105100c: 83ec 0848 | b8e0 ea04 | 38fc 7f00 | 00ff d048 | 83c4 08e9 | 0c00 0000 

  0x00000151f1051024: ;   {runtime_call}
  0x00000151f1051024: 48b8 e0ea | 0438 fc7f | 0000 ffd0 | 4883 c420 | 4159 4158 | 5a49 8d8f | c003 0000 | 41c7 874c 
  0x00000151f1051044: 0400 0004 

  0x00000151f1051048: ;   {runtime_call}
  0x00000151f1051048: 0000 0048 | b81c 1507 | d1fc 7f00 | 00ff d0c5 | f877 41c7 | 874c 0400 | 0005 0000 | 00f0 8344 
  0x00000151f1051068: 24c0 0049 | 3baf 5004 | 0000 0f87 | 0e00 0000 | 4183 bf48 | 0400 0000 | 0f84 2b00 | 0000 c5f8 
  0x00000151f1051088: 7748 8945 | f849 8bcf | 4c8b e448 | 83ec 2048 

  0x00000151f1051098: ;   {runtime_call}
  0x00000151f1051098: 83e4 f048 | b800 58d0 | 37fc 7f00 | 00ff d049 | 8be4 4d33 | e448 8b45 | f841 c787 | 4c04 0000 
  0x00000151f10510b8: 0800 0000 | 4183 bfc8 | 0400 0002 | 0f84 d501 

  0x00000151f10510c8: ;   {external_word}
  0x00000151f10510c8: 0000 49ba | 066d 5b38 | fc7f 0000 | 4180 3a00 | 0f84 4c00 | 0000 4889 

  0x00000151f10510e0: ;   {metadata({method} {0x0000015186434610} 'defineClass0' '(Ljava/lang/ClassLoader;Ljava/lang/Class;Ljava/lang/String;[BIILjava/security/ProtectionDomain;ZILjava/lang/Object;)Ljava/lang/Class;' in 'java/lang/ClassLoader')}
  0x00000151f10510e0: 45f8 48ba | 0846 4386 | 5101 0000 | 498b cf48 | 83ec 2040 | f6c4 0f0f | 8419 0000 | 0048 83ec 
  0x00000151f1051100: ;   {runtime_call}
  0x00000151f1051100: 0848 b8e0 | ea04 38fc | 7f00 00ff | d048 83c4 | 08e9 0c00 

  0x00000151f1051114: ;   {runtime_call}
  0x00000151f1051114: 0000 48b8 | e0ea 0438 | fc7f 0000 | ffd0 4883 | c420 488b | 45f8 49c7 | 87a0 0300 | 0000 0000 
  0x00000151f1051134: 0049 c787 | a803 0000 | 0000 0000 | c5f8 7748 | 85c0 0f84 | 3001 0000 | a803 0f85 | 0800 0000 
  0x00000151f1051154: 488b 00e9 | 2001 0000 | a801 0f85 | 0900 0000 | 488b 40fe | e90f 0100 | 0048 8b40 | ff41 807f 
  0x00000151f1051174: 4000 0f84 | 0001 0000 | 4883 f800 | 0f84 f600 | 0000 498b | 4f28 4883 | f900 0f84 | 1400 0000 
  0x00000151f1051194: 4883 e908 | 4989 4f28 | 4903 4f38 | 4889 01e9 | d400 0000 | 4883 ec70 | 4889 0424 | 4889 4c24 
  0x00000151f10511b4: 0848 8954 | 2410 4c89 | 4424 184c | 894c 2420 | 4c89 5424 | 284c 895c | 2430 c5fb | 1144 2440 
  0x00000151f10511d4: c5fb 114c | 2448 c5fb | 1154 2450 | c5fb 115c | 2458 c5fb | 1164 2460 | c5fb 116c | 2468 498b 
  0x00000151f10511f4: d748 8bc8 | 4883 ec20 | 40f6 c40f | 0f84 1900 | 0000 4883 

  0x00000151f1051208: ;   {runtime_call}
  0x00000151f1051208: ec08 48b8 | 20a4 c337 | fc7f 0000 | ffd0 4883 | c408 e90c 

  0x00000151f105121c: ;   {runtime_call}
  0x00000151f105121c: 0000 0048 | b820 a4c3 | 37fc 7f00 | 00ff d048 | 83c4 20c5 | fb10 6c24 | 68c5 fb10 | 6424 60c5 
  0x00000151f105123c: fb10 5c24 | 58c5 fb10 | 5424 50c5 | fb10 4c24 | 48c5 fb10 | 4424 404c | 8b5c 2430 | 4c8b 5424 
  0x00000151f105125c: 284c 8b4c | 2420 4c8b | 4424 1848 | 8b54 2410 | 488b 4c24 | 0848 8b04 | 2448 83c4 | 70c5 f877 
  0x00000151f105127c: 498b 8f30 | 0400 00c7 | 8100 0100 | 0000 0000 | 00c9 4983 | 7f08 000f | 8501 0000 

  0x00000151f1051298: ;   {runtime_call StubRoutines (initial stubs)}
  0x00000151f1051298: 00c3 e961 | fc97 ffc5 | f877 4889 | 45f8 4c8b | e448 83ec | 2048 83e4 

  0x00000151f10512b0: ;   {runtime_call}
  0x00000151f10512b0: f048 b830 | 2205 38fc | 7f00 00ff | d049 8be4 | 4d33 e448 | 8b45 f8e9 | fefd ffff 
[Stub Code]
  0x00000151f10512cc: f4f4 f4f4 
[/MachCode]


Compiled method (c1) 56560 2860       3       java.lang.System$2::defineClass (21 bytes)
 total in heap  [0x00000151e9a2bb90,0x00000151e9a2bf70] = 992
 relocation     [0x00000151e9a2bcf0,0x00000151e9a2bd30] = 64
 main code      [0x00000151e9a2bd40,0x00000151e9a2be78] = 312
 stub code      [0x00000151e9a2be78,0x00000151e9a2beb8] = 64
 metadata       [0x00000151e9a2beb8,0x00000151e9a2bec0] = 8
 scopes data    [0x00000151e9a2bec0,0x00000151e9a2bf08] = 72
 scopes pcs     [0x00000151e9a2bf08,0x00000151e9a2bf58] = 80
 dependencies   [0x00000151e9a2bf58,0x00000151e9a2bf60] = 8
 nul chk table  [0x00000151e9a2bf60,0x00000151e9a2bf70] = 16

[Constant Pool (empty)]

[MachCode]
[Entry Point]
  # {method} {0x0000015186019588} 'defineClass' '(Ljava/lang/ClassLoader;Ljava/lang/Class;Ljava/lang/String;[BLjava/security/ProtectionDomain;ZILjava/lang/Object;)Ljava/lang/Class;' in 'java/lang/System$2'
  # this:     rdx:rdx   = 'java/lang/System$2'
  # parm0:    r8:r8     = 'java/lang/ClassLoader'
  # parm1:    r9:r9     = 'java/lang/Class'
  # parm2:    rdi:rdi   = 'java/lang/String'
  # parm3:    rsi:rsi   = '[B'
  # parm4:    rcx:rcx   = 'java/security/ProtectionDomain'
  # parm5:    [sp+0x70]   = boolean  (sp of caller)
  # parm6:    [sp+0x78]   = int
  # parm7:    [sp+0x80]   = 'java/lang/Object'
  0x00000151e9a2bd40: 448b 5208 | 49bb 0000 | 0086 5101 | 0000 4d03 | d34c 3bd0 

  0x00000151e9a2bd54: ;   {runtime_call ic_miss_stub}
  0x00000151e9a2bd54: 0f85 262a | ff06 660f | 1f44 0000 
[Verified Entry Point]
  0x00000151e9a2bd60: 8984 2400 | 80ff ff55 | 4883 ec60 | 4181 7f20 | 0100 0000 

  0x00000151e9a2bd74: ;   {runtime_call StubRoutines (final stubs)}
  0x00000151e9a2bd74: 7405 e865 | a7fd 0648 

  0x00000151e9a2bd7c: ;   {metadata(method data for {method} {0x0000015186019588} 'defineClass' '(Ljava/lang/ClassLoader;Ljava/lang/Class;Ljava/lang/String;[BLjava/security/ProtectionDomain;ZILjava/lang/Object;)Ljava/lang/Class;' in 'java/lang/System$2')}
  0x00000151e9a2bd7c: 8bd9 48b9 | 782d 9dbb | 5101 0000 | 8b81 cc00 | 0000 83c0 | 0289 81cc | 0000 0025 | fe07 0000 
  0x00000151e9a2bd9c: 85c0 0f84 | 6b00 0000 | 4c8b ac24 | 8000 0000 | 448b 5c24 | 788b 4424 | 708b 4e0c 

  0x00000151e9a2bdb8: ;   {metadata(method data for {method} {0x0000015186019588} 'defineClass' '(Ljava/lang/ClassLoader;Ljava/lang/Class;Ljava/lang/String;[BLjava/security/ProtectionDomain;ZILjava/lang/Object;)Ljava/lang/Class;' in 'java/lang/System$2')}
  0x00000151e9a2bdb8: 48ba 782d | 9dbb 5101 | 0000 4883 | 8210 0100 | 0001 498b | d04d 8bc1 | 4c8b cf48 | 8bfe be00 
  0x00000151e9a2bdd8: 0000 0048 | 891c 2489 | 4424 0844 | 895c 2410 | 4c89 6c24 

  0x00000151e9a2bdec: ;   {static_call}
  0x00000151e9a2bdec: 1866 90e8 

  0x00000151e9a2bdf0: ; ImmutableOopMap {}
                      ;*invokestatic defineClass0 {reexecute=0 rethrow=0 return_oop=0}
                      ; - java.lang.System$2::defineClass@17
  0x00000151e9a2bdf0: ec50 6207 

  0x00000151e9a2bdf4: ;   {other}
  0x00000151e9a2bdf4: 0f1f 8400 | 6402 0000 | 4883 c460 

  0x00000151e9a2be00: ;   {poll_return}
  0x00000151e9a2be00: 5d49 3ba7 | 5004 0000 | 0f87 2700 

  0x00000151e9a2be0c: ;   {metadata({method} {0x0000015186019588} 'defineClass' '(Ljava/lang/ClassLoader;Ljava/lang/Class;Ljava/lang/String;[BLjava/security/ProtectionDomain;ZILjava/lang/Object;)Ljava/lang/Class;' in 'java/lang/System$2')}
  0x00000151e9a2be0c: 0000 c349 | ba80 9501 | 8651 0100 | 004c 8954 | 2408 48c7 | 0424 ffff 

  0x00000151e9a2be24: ;   {runtime_call counter_overflow Runtime1 stub}
  0x00000151e9a2be24: ffff e855 

  0x00000151e9a2be28: ; ImmutableOopMap {rdx=Oop r8=Oop r9=Oop rdi=Oop rsi=Oop rbx=Oop [128]=Oop }
                      ;*synchronization entry
                      ; - java.lang.System$2::defineClass@-1
  0x00000151e9a2be28: b00b 07e9 | 74ff ffff 

  0x00000151e9a2be30: ;   {runtime_call throw_null_pointer_exception Runtime1 stub}
  0x00000151e9a2be30: e84b 5902 

  0x00000151e9a2be34: ; ImmutableOopMap {r8=Oop r9=Oop rdi=Oop rsi=Oop rbx=Oop r13=Oop [128]=Oop }
                      ;*arraylength {reexecute=0 rethrow=0 return_oop=0}
                      ; - java.lang.System$2::defineClass@8
                      ;   {internal_word}
  0x00000151e9a2be34: 0749 ba01 | bea2 e951 | 0100 004d | 8997 6804 

  0x00000151e9a2be44: ;   {runtime_call SafepointBlob}
  0x00000151e9a2be44: 0000 e935 | 96ff 0649 | 8b87 0005 | 0000 49c7 | 8700 0500 | 0000 0000 | 0049 c787 | 0805 0000 
  0x00000151e9a2be64: 0000 0000 | 4883 c460 

  0x00000151e9a2be6c: ;   {runtime_call unwind_exception Runtime1 stub}
  0x00000151e9a2be6c: 5de9 0e68 | 0207 f4f4 | f4f4 f4f4 
[Stub Code]
  0x00000151e9a2be78: ;   {no_reloc}
  0x00000151e9a2be78: 48bb 0000 | 0000 0000 

  0x00000151e9a2be80: ;   {runtime_call nmethod}
  0x00000151e9a2be80: 0000 e9fb 

  0x00000151e9a2be84: ;   {runtime_call handle_exception_from_callee Runtime1 stub}
  0x00000151e9a2be84: ffff ffe8 | 747c 0207 

  0x00000151e9a2be8c: ;   {external_word}
  0x00000151e9a2be8c: 48b9 5063 | 3138 fc7f | 0000 4883 

  0x00000151e9a2be98: ;   {runtime_call}
  0x00000151e9a2be98: e4f0 48b8 | c0c9 f337 | fc7f 0000 

  0x00000151e9a2bea4: ;   {section_word}
  0x00000151e9a2bea4: ffd0 f449 | baa7 bea2 | e951 0100 

  0x00000151e9a2beb0: ;   {runtime_call DeoptimizationBlob}
  0x00000151e9a2beb0: 0041 52e9 | 6888 ff06 
[/MachCode]


Compiled method (c1) 56585 2859   !   3       java.lang.invoke.MethodHandles$Lookup$ClassDefiner::defineClass (213 bytes)
 total in heap  [0x00000151e9a2a890,0x00000151e9a2bb40] = 4784
 relocation     [0x00000151e9a2a9f0,0x00000151e9a2ab10] = 288
 main code      [0x00000151e9a2ab20,0x00000151e9a2b5d8] = 2744
 stub code      [0x00000151e9a2b5d8,0x00000151e9a2b650] = 120
 metadata       [0x00000151e9a2b650,0x00000151e9a2b6c0] = 112
 scopes data    [0x00000151e9a2b6c0,0x00000151e9a2b8d8] = 536
 scopes pcs     [0x00000151e9a2b8d8,0x00000151e9a2ba98] = 448
 dependencies   [0x00000151e9a2ba98,0x00000151e9a2bab0] = 24
 handler table  [0x00000151e9a2bab0,0x00000151e9a2baf8] = 72
 nul chk table  [0x00000151e9a2baf8,0x00000151e9a2bb40] = 72

[Constant Pool (empty)]

[MachCode]
[Entry Point]
  # {method} {0x00000151861eae68} 'defineClass' '(ZLjava/lang/Object;)Ljava/lang/Class;' in 'java/lang/invoke/MethodHandles$Lookup$ClassDefiner'
  # this:     rdx:rdx   = 'java/lang/invoke/MethodHandles$Lookup$ClassDefiner'
  # parm0:    r8        = boolean
  # parm1:    r9:r9     = 'java/lang/Object'
  #           [sp+0xf0]  (sp of caller)
  0x00000151e9a2ab20: 448b 5208 | 49bb 0000 | 0086 5101 | 0000 4d03 | d34c 3bd0 

  0x00000151e9a2ab34: ;   {runtime_call ic_miss_stub}
  0x00000151e9a2ab34: 0f85 463c | ff06 660f | 1f44 0000 
[Verified Entry Point]
  0x00000151e9a2ab40: 8984 2400 | 80ff ff55 | 4881 ece0 | 0000 0090 | 4181 7f20 | 0100 0000 

  0x00000151e9a2ab58: ;   {runtime_call StubRoutines (final stubs)}
  0x00000151e9a2ab58: 7405 e881 | b9fd 0648 | 8994 2498 | 0000 0044 | 8984 24b0 | 0000 004c | 898c 24b8 

  0x00000151e9a2ab74: ;   {metadata(method data for {method} {0x00000151861eae68} 'defineClass' '(ZLjava/lang/Object;)Ljava/lang/Class;' in 'java/lang/invoke/MethodHandles$Lookup$ClassDefiner')}
  0x00000151e9a2ab74: 0000 0048 | be50 229d | bb51 0100 | 008b becc | 0000 0083 | c702 89be | cc00 0000 | 81e7 fe07 
  0x00000151e9a2ab94: 0000 85ff | 0f84 b307 | 0000 8b72 | 1048 c1e6 | 0348 89b4 | 2490 0000 | 0048 3b06 

  0x00000151e9a2abb0: ;   {metadata(method data for {method} {0x00000151861eae68} 'defineClass' '(ZLjava/lang/Object;)Ljava/lang/Class;' in 'java/lang/invoke/MethodHandles$Lookup$ClassDefiner')}
  0x00000151e9a2abb0: 488b fe48 | bb50 229d | bb51 0100 | 0048 8383 | 1001 0000 | 018b 7e10 | 48c1 e703 | 4889 bc24 
  0x00000151e9a2abd0: a800 0000 

  0x00000151e9a2abd4: ; implicit exception: dispatches to 0x00000151e9a2b377
  0x00000151e9a2abd4: 483b 0748 

  0x00000151e9a2abd8: ;   {metadata(method data for {method} {0x00000151861eae68} 'defineClass' '(ZLjava/lang/Object;)Ljava/lang/Class;' in 'java/lang/invoke/MethodHandles$Lookup$ClassDefiner')}
  0x00000151e9a2abd8: 8bdf 48b8 | 5022 9dbb | 5101 0000 | 4883 8048 | 0100 0001 

  0x00000151e9a2abec: ;   {metadata(method data for {method} {0x0000015186468e60} 'getClassLoader' '()Ljava/lang/ClassLoader;' in 'java/lang/Class')}
  0x00000151e9a2abec: 48bb b02b | 02bb 5101 | 0000 8b83 | cc00 0000 | 83c0 0289 | 83cc 0000 | 0025 feff | 1f00 85c0 
  0x00000151e9a2ac0c: 0f84 6a07 | 0000 8b5f | 3448 c1e3 | 0348 85db 

  0x00000151e9a2ac1c: ;   {metadata(method data for {method} {0x0000015186468e60} 'getClassLoader' '()Ljava/lang/ClassLoader;' in 'java/lang/Class')}
  0x00000151e9a2ac1c: 48b8 b02b | 02bb 5101 | 0000 48c7 | c110 0100 | 0075 0748 | c7c1 2001 | 0000 4c8b | 1c08 4d8d 
  0x00000151e9a2ac3c: 5b01 4c89 | 1c08 0f85 | 0f00 0000 

  0x00000151e9a2ac48: ;   {oop(nullptr)}
  0x00000151e9a2ac48: 48bb 0000 | 0000 0000 | 0000 e9a2 

  0x00000151e9a2ac54: ;   {metadata(method data for {method} {0x0000015186468e60} 'getClassLoader' '()Ljava/lang/ClassLoader;' in 'java/lang/Class')}
  0x00000151e9a2ac54: 0000 0048 | b8b0 2b02 | bb51 0100 | 0048 8380 | 3001 0000 

  0x00000151e9a2ac68: ;   {metadata(method data for {method} {0x000001518601b1d0} 'getSecurityManager' '()Ljava/lang/SecurityManager;' in 'java/lang/System')}
  0x00000151e9a2ac68: 0148 b870 | 2d02 bb51 | 0100 008b | 88cc 0000 | 0083 c102 | 8988 cc00 | 0000 81e1 | feff 1f00 
  0x00000151e9a2ac88: 85c9 0f84 | 0d07 0000 

  0x00000151e9a2ac90: ;   {metadata(method data for {method} {0x000001518601b1d0} 'getSecurityManager' '()Ljava/lang/SecurityManager;' in 'java/lang/System')}
  0x00000151e9a2ac90: 48b8 702d | 02bb 5101 | 0000 4883 | 8010 0100 

  0x00000151e9a2aca0: ;   {metadata(method data for {method} {0x000001518601b2e8} 'allowSecurityManager' '()Z' in 'java/lang/System')}
  0x00000151e9a2aca0: 0001 48b8 | e82e 02bb | 5101 0000 | 8b88 cc00 | 0000 83c1 | 0289 88cc | 0000 0081 | e1fe ff1f 
  0x00000151e9a2acc0: 0085 c90f | 84f5 0600 

  0x00000151e9a2acc8: ;   {metadata(method data for {method} {0x000001518601b2e8} 'allowSecurityManager' '()Z' in 'java/lang/System')}
  0x00000151e9a2acc8: 0048 b8e8 | 2e02 bb51 | 0100 00ff | 8010 0100 

  0x00000151e9a2acd8: ;   {metadata(method data for {method} {0x000001518601b1d0} 'getSecurityManager' '()Ljava/lang/SecurityManager;' in 'java/lang/System')}
  0x00000151e9a2acd8: 0048 b870 | 2d02 bb51 | 0100 00ff | 8020 0100 

  0x00000151e9a2ace8: ;   {metadata(method data for {method} {0x0000015186468e60} 'getClassLoader' '()Ljava/lang/ClassLoader;' in 'java/lang/Class')}
  0x00000151e9a2ace8: 0048 b8b0 | 2b02 bb51 | 0100 00ff | 8040 0100 | 0048 85db 

  0x00000151e9a2acfc: ;   {metadata(method data for {method} {0x00000151861eae68} 'defineClass' '(ZLjava/lang/Object;)Ljava/lang/Class;' in 'java/lang/invoke/MethodHandles$Lookup$ClassDefiner')}
  0x00000151e9a2acfc: 48b8 5022 | 9dbb 5101 | 0000 48c7 | c180 0100 | 0074 0748 | c7c1 9001 | 0000 4c8b | 1c08 4d8d 
  0x00000151e9a2ad1c: 5b01 4c89 | 1c08 0f84 | 5f02 0000 

  0x00000151e9a2ad28: ;   {metadata(method data for {method} {0x00000151861eae68} 'defineClass' '(ZLjava/lang/Object;)Ljava/lang/Class;' in 'java/lang/invoke/MethodHandles$Lookup$ClassDefiner')}
  0x00000151e9a2ad28: 488b c648 | b950 229d | bb51 0100 | 0048 8381 | a001 0000 

  0x00000151e9a2ad3c: ;   {metadata(method data for {method} {0x00000151863e0578} 'lookupClassProtectionDomain' '()Ljava/security/ProtectionDomain;' in 'java/lang/invoke/MethodHandles$Lookup')}
  0x00000151e9a2ad3c: 0148 b888 | 289d bb51 | 0100 008b | 88cc 0000 | 0083 c102 | 8988 cc00 | 0000 81e1 | feff 1f00 
  0x00000151e9a2ad5c: 85c9 0f84 | 7b06 0000 | 8b46 1848 | c1e0 0348 

  0x00000151e9a2ad6c: ;   {metadata(method data for {method} {0x00000151863e0578} 'lookupClassProtectionDomain' '()Ljava/security/ProtectionDomain;' in 'java/lang/invoke/MethodHandles$Lookup')}
  0x00000151e9a2ad6c: 85c0 48b9 | 8828 9dbb | 5101 0000 | 49c7 c310 | 0100 0075 | 0749 c7c3 | 2001 0000 | 4e8b 2c19 
  0x00000151e9a2ad8c: 4d8d 6d01 | 4e89 2c19 | 4889 9c24 | a000 0000 | 0f85 cf01 

  0x00000151e9a2ada0: ;   {metadata(method data for {method} {0x00000151863e0578} 'lookupClassProtectionDomain' '()Ljava/security/ProtectionDomain;' in 'java/lang/invoke/MethodHandles$Lookup')}
  0x00000151e9a2ada0: 0000 48b8 | 8828 9dbb | 5101 0000 | 4883 8030 | 0100 0001 

  0x00000151e9a2adb4: ;   {metadata(method data for {method} {0x0000015186473b88} 'getJavaLangAccess' '()Ljdk/internal/access/JavaLangAccess;' in 'jdk/internal/access/SharedSecrets')}
  0x00000151e9a2adb4: 48b8 6094 | 18bb 5101 | 0000 8b88 | cc00 0000 | 83c1 0289 | 88cc 0000 | 0081 e1fe | ff1f 0085 
  0x00000151e9a2add4: c90f 8425 

  0x00000151e9a2add8: ;   {oop(a 'java/lang/Class'{0x00000006804ced00} = 'jdk/internal/access/SharedSecrets')}
  0x00000151e9a2add8: 0600 0048 | b800 ed4c | 8006 0000 | 008b 407c | 48c1 e003 | 8b4e 1048 | c1e1 0348 | 85c0 0f84 
  0x00000151e9a2adf8: 2a00 0000 

  0x00000151e9a2adfc: ;   {metadata('java/lang/System$2')}
  0x00000151e9a2adfc: 48be 6082 | 0186 5101 | 0000 448b | 7008 49ba | 0000 0086 | 5101 0000 | 4d03 f249 | 3b76 380f 
  0x00000151e9a2ae1c: 8500 0600 | 00e9 0000 | 0000 4c8b | d848 3b00 

  0x00000151e9a2ae2c: ;   {metadata(method data for {method} {0x00000151863e0578} 'lookupClassProtectionDomain' '()Ljava/security/ProtectionDomain;' in 'java/lang/invoke/MethodHandles$Lookup')}
  0x00000151e9a2ae2c: 48be 8828 | 9dbb 5101 

  0x00000151e9a2ae34: ;   {metadata('java/lang/System$2')}
  0x00000151e9a2ae34: 0000 49ba | 6082 0186 | 5101 0000 | 4c89 9650 | 0100 0048 | 8386 5801 

  0x00000151e9a2ae4c: ;   {metadata(method data for {method} {0x00000151860192c8} 'protectionDomain' '(Ljava/lang/Class;)Ljava/security/ProtectionDomain;' in 'java/lang/System$2')}
  0x00000151e9a2ae4c: 0000 0148 | be40 2a9d | bb51 0100 | 008b 86cc | 0000 0083 | c002 8986 | cc00 0000 | 25fe ff1f 
  0x00000151e9a2ae6c: 0085 c00f | 84b6 0500 | 0048 3b01 

  0x00000151e9a2ae78: ;   {metadata(method data for {method} {0x00000151860192c8} 'protectionDomain' '(Ljava/lang/Class;)Ljava/security/ProtectionDomain;' in 'java/lang/System$2')}
  0x00000151e9a2ae78: 488b f148 | b840 2a9d | bb51 0100 | 0048 8380 | 1001 0000 

  0x00000151e9a2ae8c: ;   {metadata(method data for {method} {0x0000015186467bb8} 'protectionDomain' '()Ljava/security/ProtectionDomain;' in 'java/lang/Class')}
  0x00000151e9a2ae8c: 0148 bed0 | 2b9d bb51 | 0100 008b | 86cc 0000 | 0083 c002 | 8986 cc00 | 0000 25fe | ff1f 0085 
  0x00000151e9a2aeac: c00f 849e | 0500 0048 

  0x00000151e9a2aeb4: ;   {metadata(method data for {method} {0x0000015186467bb8} 'protectionDomain' '()Ljava/security/ProtectionDomain;' in 'java/lang/Class')}
  0x00000151e9a2aeb4: 8bf1 48b8 | d02b 9dbb | 5101 0000 | 4883 8010 | 0100 0001 | 488b d10f 

  0x00000151e9a2aecc: ;   {optimized virtual_call}
  0x00000151e9a2aecc: 1f40 00e8 

  0x00000151e9a2aed0: ; ImmutableOopMap {[144]=Oop [152]=Oop [160]=Oop [168]=Oop [184]=Oop }
                      ;*invokevirtual getProtectionDomain0 {reexecute=0 rethrow=0 return_oop=0}
                      ; - java.lang.Class::protectionDomain@1
                      ; - java.lang.System$2::protectionDomain@1
                      ; - java.lang.invoke.MethodHandles$Lookup::lookupClassProtectionDomain@17
                      ; - java.lang.invoke.MethodHandles$Lookup$ClassDefiner::defineClass@23
  0x00000151e9a2aed0: 8ce7 6a07 

  0x00000151e9a2aed4: ;   {other}
  0x00000151e9a2aed4: 0f1f 8400 | 4406 0000 

  0x00000151e9a2aedc: ;   {metadata(method data for {method} {0x0000015186467bb8} 'protectionDomain' '()Ljava/security/ProtectionDomain;' in 'java/lang/Class')}
  0x00000151e9a2aedc: 4885 c049 | b8d0 2b9d | bb51 0100 | 0049 c7c1 | 4801 0000 | 7507 49c7 | c158 0100 | 004b 8b3c 
  0x00000151e9a2aefc: 0848 8d7f | 014b 893c | 080f 8525 | 0000 000f | 1f44 0000 

  0x00000151e9a2af10: ;   {no_reloc}
  0x00000151e9a2af10: e9d5 0500 | 0000 0000 | 0000 660f | 1f44 0000 

  0x00000151e9a2af20: ; implicit exception: dispatches to 0x00000151e9a2b4f4
  0x00000151e9a2af20: e9e0 0500 | 0090 9049 | c1e0 03e9 | 0300 0000 | 4c8b c048 | 8bb4 2490 | 0000 0045 | 0fbe 4f40 
  0x00000151e9a2af40: 4585 c90f | 85c6 0500 | 004d 8bd0 | 49c1 ea03 | 4489 5618 | f083 4424 | c000 4c8b | ce4d 33c8 
  0x00000151e9a2af60: 49c1 e916 | 4983 f900 | 0f85 c105 | 0000 498b 

  0x00000151e9a2af70: ;   {metadata(method data for {method} {0x00000151861eae68} 'defineClass' '(ZLjava/lang/Object;)Ljava/lang/Class;' in 'java/lang/invoke/MethodHandles$Lookup$ClassDefiner')}
  0x00000151e9a2af70: c049 b850 | 229d bb51 | 0100 0041 | ff80 d801 | 0000 e912 | 0000 0048 | 899c 24a0 

  0x00000151e9a2af8c: ;   {oop(nullptr)}
  0x00000151e9a2af8c: 0000 0048 | b800 0000 | 0000 0000 | 0048 8b9c | 24a0 0000 | 0048 8bbc | 24a8 0000 | 0048 8b94 
  0x00000151e9a2afac: 2498 0000 

  0x00000151e9a2afb0: ;   {metadata(method data for {method} {0x00000151861eae68} 'defineClass' '(ZLjava/lang/Object;)Ljava/lang/Class;' in 'java/lang/invoke/MethodHandles$Lookup$ClassDefiner')}
  0x00000151e9a2afb0: 0049 b850 | 229d bb51 | 0100 0049 | 8380 f001 

  0x00000151e9a2afc0: ;   {metadata(method data for {method} {0x0000015186473b88} 'getJavaLangAccess' '()Ljdk/internal/access/JavaLangAccess;' in 'jdk/internal/access/SharedSecrets')}
  0x00000151e9a2afc0: 0000 0149 | b860 9418 | bb51 0100 | 0045 8b88 | cc00 0000 | 4183 c102 | 4589 88cc | 0000 0041 
  0x00000151e9a2afe0: 81e1 feff | 1f00 4585 | c90f 8458 

  0x00000151e9a2afec: ;   {oop(a 'java/lang/Class'{0x00000006804ced00} = 'jdk/internal/access/SharedSecrets')}
  0x00000151e9a2afec: 0500 0049 | b800 ed4c | 8006 0000 | 0045 8b70 | 7c49 c1e6 | 038b 7214 | 48c1 e603 | 8b4a 1848 
  0x00000151e9a2b00c: c1e1 0344 | 8b4a 0c4d | 85f6 0f84 | 2a00 0000 

  0x00000151e9a2b01c: ;   {metadata('java/lang/System$2')}
  0x00000151e9a2b01c: 49bb 6082 | 0186 5101 | 0000 458b | 6e08 49ba | 0000 0086 | 5101 0000 | 4d03 ea4d | 3b5d 380f 
  0x00000151e9a2b03c: 8527 0500 | 00e9 0000 | 0000 4d8b | c649 3b06 

  0x00000151e9a2b04c: ;   {metadata(method data for {method} {0x00000151861eae68} 'defineClass' '(ZLjava/lang/Object;)Ljava/lang/Class;' in 'java/lang/invoke/MethodHandles$Lookup$ClassDefiner')}
  0x00000151e9a2b04c: 4d8b c648 | ba50 229d | bb51 0100 

  0x00000151e9a2b058: ;   {metadata('java/lang/System$2')}
  0x00000151e9a2b058: 0049 ba60 | 8201 8651 | 0100 004c | 8992 1002 | 0000 4883 | 8218 0200 | 0001 4c8b | c349 8bd1 
  0x00000151e9a2b078: 4c8b cf48 | 8bfe 488b | f148 8bc8 | 8b84 24b0 | 0000 0089 | 0424 8954 | 2408 488b | 9424 b800 
  0x00000151e9a2b098: 0000 4889 | 5424 1049 | 8bd6 0f1f 

  0x00000151e9a2b0a4: ;   {optimized virtual_call}
  0x00000151e9a2b0a4: 4400 00e8 

  0x00000151e9a2b0a8: ; ImmutableOopMap {[152]=Oop [168]=Oop }
                      ;*invokeinterface defineClass {reexecute=0 rethrow=0 return_oop=0}
                      ; - java.lang.invoke.MethodHandles$Lookup$ClassDefiner::defineClass@57
  0x00000151e9a2b0a8: b40c 0000 

  0x00000151e9a2b0ac: ;   {other}
  0x00000151e9a2b0ac: 0f1f 8400 | 1c08 0001 

  0x00000151e9a2b0b4: ;   {metadata(method data for {method} {0x00000151861eae68} 'defineClass' '(ZLjava/lang/Object;)Ljava/lang/Class;' in 'java/lang/invoke/MethodHandles$Lookup$ClassDefiner')}
  0x00000151e9a2b0b4: 49b8 5022 | 9dbb 5101 | 0000 41ff | 8038 0200 | 0048 8b94 | 2498 0000 | 008b 721c | 48c1 e603 
  0x00000151e9a2b0d4: ; implicit exception: dispatches to 0x00000151e9a2b572
  0x00000151e9a2b0d4: 483b 064c 

  0x00000151e9a2b0d8: ;   {metadata(method data for {method} {0x00000151861eae68} 'defineClass' '(ZLjava/lang/Object;)Ljava/lang/Class;' in 'java/lang/invoke/MethodHandles$Lookup$ClassDefiner')}
  0x00000151e9a2b0d8: 8bc6 49b9 | 5022 9dbb | 5101 0000 | 4983 8150 | 0300 0001 | 440f be46 | 0c41 83e0 | 0145 85c0 
  0x00000151e9a2b0f8: ;   {metadata(method data for {method} {0x00000151861eae68} 'defineClass' '(ZLjava/lang/Object;)Ljava/lang/Class;' in 'java/lang/invoke/MethodHandles$Lookup$ClassDefiner')}
  0x00000151e9a2b0f8: 49b8 5022 | 9dbb 5101 | 0000 49c7 | c188 0300 | 0074 0749 | c7c1 9803 | 0000 4b8b | 3c08 488d 
  0x00000151e9a2b118: 7f01 4b89 | 3c08 0f84 | d801 0000 

  0x00000151e9a2b124: ;   {metadata(method data for {method} {0x00000151861eae68} 'defineClass' '(ZLjava/lang/Object;)Ljava/lang/Class;' in 'java/lang/invoke/MethodHandles$Lookup$ClassDefiner')}
  0x00000151e9a2b124: 4c8b c249 | b950 229d | bb51 0100 

  0x00000151e9a2b130: ;   {metadata('java/lang/invoke/MethodHandles$Lookup$ClassDefiner')}
  0x00000151e9a2b130: 0049 ba28 | ac1e 8651 | 0100 004d | 8991 b803 | 0000 4983 | 81c0 0300 | 0001 8b7a | 1448 c1e7 
  0x00000151e9a2b150: 0348 85c0 

  0x00000151e9a2b154: ;   {metadata(method data for {method} {0x00000151861eae68} 'defineClass' '(ZLjava/lang/Object;)Ljava/lang/Class;' in 'java/lang/invoke/MethodHandles$Lookup$ClassDefiner')}
  0x00000151e9a2b154: 49b8 5022 | 9dbb 5101 | 0000 49c7 | c1e0 0300 | 0074 0749 | c7c1 f003 | 0000 4b8b | 1c08 488d 
  0x00000151e9a2b174: 5b01 4b89 | 1c08 0f84 | 3b01 0000 | e9c5 0000 | 0048 8b94 | 2498 0000 | 0049 8b87 | 0005 0000 
  0x00000151e9a2b194: 4d33 d24d | 8997 0005 | 0000 4d33 | d24d 8997 | 0805 0000 | 8b72 1c48 | c1e6 0348 | 3b06 4c8b 
  0x00000151e9a2b1b4: ;   {metadata(method data for {method} {0x00000151861eae68} 'defineClass' '(ZLjava/lang/Object;)Ljava/lang/Class;' in 'java/lang/invoke/MethodHandles$Lookup$ClassDefiner')}
  0x00000151e9a2b1b4: c649 b950 | 229d bb51 | 0100 0049 | 8381 8804 | 0000 0144 | 0fbe 460c | 4183 e001 

  0x00000151e9a2b1d0: ;   {metadata(method data for {method} {0x00000151861eae68} 'defineClass' '(ZLjava/lang/Object;)Ljava/lang/Class;' in 'java/lang/invoke/MethodHandles$Lookup$ClassDefiner')}
  0x00000151e9a2b1d0: 4585 c049 | b850 229d | bb51 0100 | 0049 c7c1 | c004 0000 | 7407 49c7 | c1d0 0400 | 004b 8b3c 
  0x00000151e9a2b1f0: 0848 8d7f | 014b 893c | 080f 844d | 0100 004c 

  0x00000151e9a2b200: ;   {metadata(method data for {method} {0x00000151861eae68} 'defineClass' '(ZLjava/lang/Object;)Ljava/lang/Class;' in 'java/lang/invoke/MethodHandles$Lookup$ClassDefiner')}
  0x00000151e9a2b200: 8bc2 49b9 | 5022 9dbb | 5101 0000 

  0x00000151e9a2b20c: ;   {metadata('java/lang/invoke/MethodHandles$Lookup$ClassDefiner')}
  0x00000151e9a2b20c: 49ba 28ac | 1e86 5101 | 0000 4d89 | 91f0 0400 | 0049 8381 | f804 0000 | 018b 7a14 | 48c1 e703 
  0x00000151e9a2b22c: ;   {metadata(method data for {method} {0x00000151861eae68} 'defineClass' '(ZLjava/lang/Object;)Ljava/lang/Class;' in 'java/lang/invoke/MethodHandles$Lookup$ClassDefiner')}
  0x00000151e9a2b22c: 49b8 5022 | 9dbb 5101 | 0000 41ff | 8018 0500 | 0048 8984 | 24c8 0000 | 00e9 c800 | 0000 8b52 
  0x00000151e9a2b24c: 1848 c1e2 | 034c 8bc6 

  0x00000151e9a2b254: ;   {metadata(method data for {method} {0x00000151861eae68} 'defineClass' '(ZLjava/lang/Object;)Ljava/lang/Class;' in 'java/lang/invoke/MethodHandles$Lookup$ClassDefiner')}
  0x00000151e9a2b254: 49b9 5022 | 9dbb 5101 | 0000 4983 | 8100 0400 | 0001 4c8b | c74c 8bc8 | 488b fa48 | 8bd6 4889 
  0x00000151e9a2b274: 8424 c000 | 0000 0f1f 

  0x00000151e9a2b27c: ;   {optimized virtual_call}
  0x00000151e9a2b27c: 4400 00e8 

  0x00000151e9a2b280: ; ImmutableOopMap {[192]=Oop }
                      ;*invokevirtual dumpClass {reexecute=0 rethrow=0 return_oop=0}
                      ; - java.lang.invoke.MethodHandles$Lookup$ClassDefiner::defineClass@134
  0x00000151e9a2b280: fc37 ff06 

  0x00000151e9a2b284: ;   {other}
  0x00000151e9a2b284: 0f1f 8400 | f409 0002 

  0x00000151e9a2b28c: ;   {metadata(method data for {method} {0x00000151861eae68} 'defineClass' '(ZLjava/lang/Object;)Ljava/lang/Class;' in 'java/lang/invoke/MethodHandles$Lookup$ClassDefiner')}
  0x00000151e9a2b28c: 49b8 5022 | 9dbb 5101 | 0000 41ff | 8038 0400 | 0048 8b84 | 24c0 0000 | 0048 81c4 | e000 0000 
  0x00000151e9a2b2ac: ;   {poll_return}
  0x00000151e9a2b2ac: 5d49 3ba7 | 5004 0000 | 0f87 c202 | 0000 c348 | 8984 24c0 | 0000 0044 | 8b4a 1849 | c1e1 034c 
  0x00000151e9a2b2cc: ;   {metadata(method data for {method} {0x00000151861eae68} 'defineClass' '(ZLjava/lang/Object;)Ljava/lang/Class;' in 'java/lang/invoke/MethodHandles$Lookup$ClassDefiner')}
  0x00000151e9a2b2cc: 8bc6 48ba | 5022 9dbb | 5101 0000 | 4883 8250 | 0400 0001 | 4c8b c748 

  0x00000151e9a2b2e4: ;   {optimized virtual_call}
  0x00000151e9a2b2e4: 8bd6 90e8 

  0x00000151e9a2b2e8: ; ImmutableOopMap {[192]=Oop }
                      ;*invokevirtual dumpFailedClass {reexecute=0 rethrow=0 return_oop=0}
                      ; - java.lang.invoke.MethodHandles$Lookup$ClassDefiner::defineClass@150
  0x00000151e9a2b2e8: 9437 ff06 

  0x00000151e9a2b2ec: ;   {other}
  0x00000151e9a2b2ec: 0f1f 8400 | 5c0a 0003 | 488b 8424 | c000 0000 | 4881 c4e0 | 0000 005d 

  0x00000151e9a2b304: ;   {poll_return}
  0x00000151e9a2b304: 493b a750 | 0400 000f | 8781 0200 | 00c3 448b | 4a18 49c1 | e103 4c8b 

  0x00000151e9a2b31c: ;   {metadata(method data for {method} {0x00000151861eae68} 'defineClass' '(ZLjava/lang/Object;)Ljava/lang/Class;' in 'java/lang/invoke/MethodHandles$Lookup$ClassDefiner')}
  0x00000151e9a2b31c: c648 ba50 | 229d bb51 | 0100 0048 | 8382 8805 | 0000 014c | 8bc7 488b 

  0x00000151e9a2b334: ;   {optimized virtual_call}
  0x00000151e9a2b334: d666 90e8 

  0x00000151e9a2b338: ; ImmutableOopMap {[200]=Oop }
                      ;*invokevirtual dumpFailedClass {reexecute=0 rethrow=0 return_oop=0}
                      ; - java.lang.invoke.MethodHandles$Lookup$ClassDefiner::defineClass@207
  0x00000151e9a2b338: 4437 ff06 

  0x00000151e9a2b33c: ;   {other}
  0x00000151e9a2b33c: 0f1f 8400 | ac0a 0004 | 488b 8424 | c800 0000 | e974 0200 

  0x00000151e9a2b350: ;   {metadata({method} {0x00000151861eae68} 'defineClass' '(ZLjava/lang/Object;)Ljava/lang/Class;' in 'java/lang/invoke/MethodHandles$Lookup$ClassDefiner')}
  0x00000151e9a2b350: 0049 ba60 | ae1e 8651 | 0100 004c | 8954 2408 | 48c7 0424 | ffff ffff 

  0x00000151e9a2b368: ;   {runtime_call counter_overflow Runtime1 stub}
  0x00000151e9a2b368: e813 bb0b 

  0x00000151e9a2b36c: ; ImmutableOopMap {rdx=Oop r9=Oop [152]=Oop [184]=Oop }
                      ;*synchronization entry
                      ; - java.lang.invoke.MethodHandles$Lookup$ClassDefiner::defineClass@-1
  0x00000151e9a2b36c: 07e9 2cf8 

  0x00000151e9a2b370: ;   {runtime_call throw_null_pointer_exception Runtime1 stub}
  0x00000151e9a2b370: ffff e809 

  0x00000151e9a2b374: ; ImmutableOopMap {rdx=Oop r9=Oop rsi=Oop [144]=Oop [152]=Oop [184]=Oop }
                      ;*invokevirtual lookupClass {reexecute=0 rethrow=0 return_oop=0}
                      ; - java.lang.invoke.MethodHandles$Lookup$ClassDefiner::defineClass@4
                      ;   {runtime_call throw_null_pointer_exception Runtime1 stub}
  0x00000151e9a2b374: 6402 07e8 

  0x00000151e9a2b378: ; ImmutableOopMap {rdx=Oop r9=Oop rsi=Oop rdi=Oop [144]=Oop [152]=Oop [168]=Oop [184]=Oop }
                      ;*invokevirtual getClassLoader {reexecute=0 rethrow=0 return_oop=0}
                      ; - java.lang.invoke.MethodHandles$Lookup$ClassDefiner::defineClass@9
  0x00000151e9a2b378: 0464 0207 

  0x00000151e9a2b37c: ;   {metadata({method} {0x0000015186468e60} 'getClassLoader' '()Ljava/lang/ClassLoader;' in 'java/lang/Class')}
  0x00000151e9a2b37c: 49ba 588e | 4686 5101 | 0000 4c89 | 5424 0848 | c704 24ff 

  0x00000151e9a2b390: ;   {runtime_call counter_overflow Runtime1 stub}
  0x00000151e9a2b390: ffff ffe8 

  0x00000151e9a2b394: ; ImmutableOopMap {rdx=Oop r9=Oop rsi=Oop rdi=Oop [144]=Oop [152]=Oop [168]=Oop [184]=Oop }
                      ;*synchronization entry
                      ; - java.lang.Class::getClassLoader@-1
                      ; - java.lang.invoke.MethodHandles$Lookup$ClassDefiner::defineClass@9
  0x00000151e9a2b394: e8ba 0b07 | e975 f8ff 

  0x00000151e9a2b39c: ;   {metadata({method} {0x000001518601b1d0} 'getSecurityManager' '()Ljava/lang/SecurityManager;' in 'java/lang/System')}
  0x00000151e9a2b39c: ff49 bac8 | b101 8651 | 0100 004c | 8954 2408 | 48c7 0424 | ffff ffff 

  0x00000151e9a2b3b4: ;   {runtime_call counter_overflow Runtime1 stub}
  0x00000151e9a2b3b4: e8c7 ba0b 

  0x00000151e9a2b3b8: ; ImmutableOopMap {rdx=Oop r9=Oop rsi=Oop rdi=Oop rbx=Oop [144]=Oop [152]=Oop [168]=Oop [184]=Oop }
                      ;*synchronization entry
                      ; - java.lang.System::getSecurityManager@-1
                      ; - java.lang.Class::getClassLoader@11
                      ; - java.lang.invoke.MethodHandles$Lookup$ClassDefiner::defineClass@9
  0x00000151e9a2b3b8: 07e9 d2f8 

  0x00000151e9a2b3bc: ;   {metadata({method} {0x000001518601b2e8} 'allowSecurityManager' '()Z' in 'java/lang/System')}
  0x00000151e9a2b3bc: ffff 49ba | e0b2 0186 | 5101 0000 | 4c89 5424 | 0848 c704 | 24ff ffff 

  0x00000151e9a2b3d4: ;   {runtime_call counter_overflow Runtime1 stub}
  0x00000151e9a2b3d4: ffe8 a6ba 

  0x00000151e9a2b3d8: ; ImmutableOopMap {rdx=Oop r9=Oop rsi=Oop rdi=Oop rbx=Oop [144]=Oop [152]=Oop [168]=Oop [184]=Oop }
                      ;*synchronization entry
                      ; - java.lang.System::allowSecurityManager@-1
                      ; - java.lang.System::getSecurityManager@0
                      ; - java.lang.Class::getClassLoader@11
                      ; - java.lang.invoke.MethodHandles$Lookup$ClassDefiner::defineClass@9
  0x00000151e9a2b3d8: 0b07 e9ea 

  0x00000151e9a2b3dc: ;   {metadata({method} {0x00000151863e0578} 'lookupClassProtectionDomain' '()Ljava/security/ProtectionDomain;' in 'java/lang/invoke/MethodHandles$Lookup')}
  0x00000151e9a2b3dc: f8ff ff49 | ba70 053e | 8651 0100 | 004c 8954 | 2408 48c7 | 0424 ffff 

  0x00000151e9a2b3f4: ;   {runtime_call counter_overflow Runtime1 stub}
  0x00000151e9a2b3f4: ffff e885 

  0x00000151e9a2b3f8: ; ImmutableOopMap {rdx=Oop r9=Oop rsi=Oop rdi=Oop rbx=Oop [144]=Oop [152]=Oop [168]=Oop [184]=Oop }
                      ;*synchronization entry
                      ; - java.lang.invoke.MethodHandles$Lookup::lookupClassProtectionDomain@-1
                      ; - java.lang.invoke.MethodHandles$Lookup$ClassDefiner::defineClass@23
  0x00000151e9a2b3f8: ba0b 07e9 | 64f9 ffff 

  0x00000151e9a2b400: ;   {metadata({method} {0x0000015186473b88} 'getJavaLangAccess' '()Ljdk/internal/access/JavaLangAccess;' in 'jdk/internal/access/SharedSecrets')}
  0x00000151e9a2b400: 49ba 803b | 4786 5101 | 0000 4c89 | 5424 0848 | c704 24ff 

  0x00000151e9a2b414: ;   {runtime_call counter_overflow Runtime1 stub}
  0x00000151e9a2b414: ffff ffe8 

  0x00000151e9a2b418: ; ImmutableOopMap {rsi=Oop [144]=Oop [152]=Oop [160]=Oop [168]=Oop [184]=Oop }
                      ;*synchronization entry
                      ; - jdk.internal.access.SharedSecrets::getJavaLangAccess@-1
                      ; - java.lang.invoke.MethodHandles$Lookup::lookupClassProtectionDomain@10
                      ; - java.lang.invoke.MethodHandles$Lookup$ClassDefiner::defineClass@23
  0x00000151e9a2b418: 64ba 0b07 | e9ba f9ff 

  0x00000151e9a2b420: ;   {runtime_call throw_incompatible_class_change_error Runtime1 stub}
  0x00000151e9a2b420: ffe8 5a90 

  0x00000151e9a2b424: ; ImmutableOopMap {rax=Oop rcx=Oop [144]=Oop [152]=Oop [160]=Oop [168]=Oop [184]=Oop }
                      ;*invokeinterface protectionDomain {reexecute=0 rethrow=0 return_oop=0}
                      ; - java.lang.invoke.MethodHandles$Lookup::lookupClassProtectionDomain@17
                      ; - java.lang.invoke.MethodHandles$Lookup$ClassDefiner::defineClass@23
                      ;   {runtime_call throw_null_pointer_exception Runtime1 stub}
  0x00000151e9a2b424: 0b07 e855 

  0x00000151e9a2b428: ; ImmutableOopMap {rax=Oop rcx=Oop [144]=Oop [152]=Oop [160]=Oop [168]=Oop [184]=Oop }
                      ;*invokeinterface protectionDomain {reexecute=0 rethrow=0 return_oop=0}
                      ; - java.lang.invoke.MethodHandles$Lookup::lookupClassProtectionDomain@17
                      ; - java.lang.invoke.MethodHandles$Lookup$ClassDefiner::defineClass@23
                      ;   {metadata({method} {0x00000151860192c8} 'protectionDomain' '(Ljava/lang/Class;)Ljava/security/ProtectionDomain;' in 'java/lang/System$2')}
  0x00000151e9a2b428: 6302 0749 | bac0 9201 | 8651 0100 | 004c 8954 | 2408 48c7 | 0424 ffff 

  0x00000151e9a2b440: ;   {runtime_call counter_overflow Runtime1 stub}
  0x00000151e9a2b440: ffff e839 

  0x00000151e9a2b444: ; ImmutableOopMap {rcx=Oop [144]=Oop [152]=Oop [160]=Oop [168]=Oop [184]=Oop }
                      ;*synchronization entry
                      ; - java.lang.System$2::protectionDomain@-1
                      ; - java.lang.invoke.MethodHandles$Lookup::lookupClassProtectionDomain@17
                      ; - java.lang.invoke.MethodHandles$Lookup$ClassDefiner::defineClass@23
  0x00000151e9a2b444: ba0b 07e9 | 29fa ffff 

  0x00000151e9a2b44c: ;   {runtime_call throw_null_pointer_exception Runtime1 stub}
  0x00000151e9a2b44c: e82f 6302 

  0x00000151e9a2b450: ; ImmutableOopMap {rcx=Oop [144]=Oop [152]=Oop [160]=Oop [168]=Oop [184]=Oop }
                      ;*invokevirtual protectionDomain {reexecute=0 rethrow=0 return_oop=0}
                      ; - java.lang.System$2::protectionDomain@1
                      ; - java.lang.invoke.MethodHandles$Lookup::lookupClassProtectionDomain@17
                      ; - java.lang.invoke.MethodHandles$Lookup$ClassDefiner::defineClass@23
                      ;   {metadata({method} {0x0000015186467bb8} 'protectionDomain' '()Ljava/security/ProtectionDomain;' in 'java/lang/Class')}
  0x00000151e9a2b450: 0749 bab0 | 7b46 8651 | 0100 004c | 8954 2408 | 48c7 0424 | ffff ffff 

  0x00000151e9a2b468: ;   {runtime_call counter_overflow Runtime1 stub}
  0x00000151e9a2b468: e813 ba0b 

  0x00000151e9a2b46c: ; ImmutableOopMap {rcx=Oop [144]=Oop [152]=Oop [160]=Oop [168]=Oop [184]=Oop }
                      ;*synchronization entry
                      ; - java.lang.Class::protectionDomain@-1
                      ; - java.lang.System$2::protectionDomain@1
                      ; - java.lang.invoke.MethodHandles$Lookup::lookupClassProtectionDomain@17
                      ; - java.lang.invoke.MethodHandles$Lookup$ClassDefiner::defineClass@23
  0x00000151e9a2b46c: 07e9 41fa 

  0x00000151e9a2b470: ;   {oop(nullptr)}
  0x00000151e9a2b470: ffff 49b8 | 0000 0000 | 0000 0000 | 5053 498b | 5810 5756 | 5251 4150 | 4151 4152 | 4153 4883 
  0x00000151e9a2b490: ec20 40f6 | c40f 0f84 | 1900 0000 | 4883 ec08 

  0x00000151e9a2b4a0: ;   {runtime_call}
  0x00000151e9a2b4a0: 48b8 a0a0 | 9137 fc7f | 0000 ffd0 | 4883 c408 | e90c 0000 

  0x00000151e9a2b4b4: ;   {runtime_call}
  0x00000151e9a2b4b4: 0048 b8a0 | a091 37fc | 7f00 00ff | d048 83c4 | 2041 5b41 | 5a41 5941 | 5859 5a5e | 5f48 3b83 
  0x00000151e9a2b4d4: 3801 0000 | 5b58 0f85 | 0a00 0000 | e935 faff | ffb8 0078 

  0x00000151e9a2b4e8: ;   {runtime_call load_mirror_patching Runtime1 stub}
  0x00000151e9a2b4e8: 6e0a e891 

  0x00000151e9a2b4ec: ; ImmutableOopMap {[144]=Oop [152]=Oop [160]=Oop [168]=Oop [184]=Oop }
                      ;*getstatic allPermDomain {reexecute=1 rethrow=0 return_oop=0}
                      ; - (reexecute) java.lang.Class::protectionDomain@9
                      ; - java.lang.System$2::protectionDomain@1
                      ; - java.lang.invoke.MethodHandles$Lookup::lookupClassProtectionDomain@17
                      ; - java.lang.invoke.MethodHandles$Lookup$ClassDefiner::defineClass@23
  0x00000151e9a2b4ec: ad0b 07e9 | 1cfa ffff 

  0x00000151e9a2b4f4: ;   {runtime_call throw_null_pointer_exception Runtime1 stub}
  0x00000151e9a2b4f4: e887 6202 

  0x00000151e9a2b4f8: ; ImmutableOopMap {r8=Oop [144]=Oop [152]=Oop [160]=Oop [168]=Oop [184]=Oop }
                      ;*getstatic allPermDomain {reexecute=1 rethrow=0 return_oop=0}
                      ; - (reexecute) java.lang.Class::protectionDomain@9
                      ; - java.lang.System$2::protectionDomain@1
                      ; - java.lang.invoke.MethodHandles$Lookup::lookupClassProtectionDomain@17
                      ; - java.lang.invoke.MethodHandles$Lookup$ClassDefiner::defineClass@23
  0x00000151e9a2b4f8: 0745 8b80 | 0000 0000 | b800 0c05 

  0x00000151e9a2b504: ;   {runtime_call access_field_patching Runtime1 stub}
  0x00000151e9a2b504: 07e8 76a4 

  0x00000151e9a2b508: ; ImmutableOopMap {r8=Oop [144]=Oop [152]=Oop [160]=Oop [168]=Oop [184]=Oop }
                      ;*getstatic allPermDomain {reexecute=1 rethrow=0 return_oop=0}
                      ; - (reexecute) java.lang.Class::protectionDomain@9
                      ; - java.lang.System$2::protectionDomain@1
                      ; - java.lang.invoke.MethodHandles$Lookup::lookupClassProtectionDomain@17
                      ; - java.lang.invoke.MethodHandles$Lookup$ClassDefiner::defineClass@23
  0x00000151e9a2b508: 0b07 e911 | faff ff44 | 8b4e 1849 | c1e1 0349 | 83f9 000f | 8428 faff | ff4c 890c 

  0x00000151e9a2b524: ;   {runtime_call g1_pre_barrier_slow}
  0x00000151e9a2b524: 24e8 56bf | 0b07 e91a | faff ff49 | 83f8 000f | 8435 faff | ff48 8934 

  0x00000151e9a2b53c: ;   {runtime_call g1_post_barrier_slow}
  0x00000151e9a2b53c: 24e8 3ec2 | 0b07 e927 

  0x00000151e9a2b544: ;   {metadata({method} {0x0000015186473b88} 'getJavaLangAccess' '()Ljdk/internal/access/JavaLangAccess;' in 'jdk/internal/access/SharedSecrets')}
  0x00000151e9a2b544: faff ff49 | ba80 3b47 | 8651 0100 | 004c 8954 | 2408 48c7 | 0424 ffff 

  0x00000151e9a2b55c: ;   {runtime_call counter_overflow Runtime1 stub}
  0x00000151e9a2b55c: ffff e81d 

  0x00000151e9a2b560: ; ImmutableOopMap {rax=Oop rdi=Oop rbx=Oop rdx=Oop [152]=Oop [168]=Oop [184]=Oop }
                      ;*synchronization entry
                      ; - jdk.internal.access.SharedSecrets::getJavaLangAccess@-1
                      ; - java.lang.invoke.MethodHandles$Lookup$ClassDefiner::defineClass@35
  0x00000151e9a2b560: b90b 07e9 | 87fa ffff 

  0x00000151e9a2b568: ;   {runtime_call throw_incompatible_class_change_error Runtime1 stub}
  0x00000151e9a2b568: e813 8f0b 

  0x00000151e9a2b56c: ; ImmutableOopMap {rax=Oop rdi=Oop rbx=Oop r14=Oop rsi=Oop rcx=Oop [152]=Oop [168]=Oop [184]=Oop }
                      ;*invokeinterface defineClass {reexecute=0 rethrow=0 return_oop=0}
                      ; - java.lang.invoke.MethodHandles$Lookup$ClassDefiner::defineClass@57
                      ;   {runtime_call throw_null_pointer_exception Runtime1 stub}
  0x00000151e9a2b56c: 07e8 0e62 

  0x00000151e9a2b570: ; ImmutableOopMap {rax=Oop rdi=Oop rbx=Oop r14=Oop rsi=Oop rcx=Oop [152]=Oop [168]=Oop [184]=Oop }
                      ;*invokeinterface defineClass {reexecute=0 rethrow=0 return_oop=0}
                      ; - java.lang.invoke.MethodHandles$Lookup$ClassDefiner::defineClass@57
                      ;   {runtime_call throw_null_pointer_exception Runtime1 stub}
  0x00000151e9a2b570: 0207 e809 

  0x00000151e9a2b574: ; ImmutableOopMap {rax=Oop rdx=Oop rsi=Oop [152]=Oop }
                      ;*invokevirtual isEnabled {reexecute=0 rethrow=0 return_oop=0}
                      ; - java.lang.invoke.MethodHandles$Lookup$ClassDefiner::defineClass@105
                      ;   {runtime_call throw_null_pointer_exception Runtime1 stub}
  0x00000151e9a2b574: 6202 07e8 

  0x00000151e9a2b578: ; ImmutableOopMap {rdx=Oop rax=Oop rsi=Oop [152]=Oop }
                      ;*invokevirtual isEnabled {reexecute=0 rethrow=0 return_oop=0}
                      ; - java.lang.invoke.MethodHandles$Lookup$ClassDefiner::defineClass@162
  0x00000151e9a2b578: 0462 0207 

  0x00000151e9a2b57c: ;   {internal_word}
  0x00000151e9a2b57c: 49ba adb2 | a2e9 5101 | 0000 4d89 | 9768 0400 

  0x00000151e9a2b58c: ;   {runtime_call SafepointBlob}
  0x00000151e9a2b58c: 00e9 ee9e 

  0x00000151e9a2b590: ;   {internal_word}
  0x00000151e9a2b590: ff06 49ba | 04b3 a2e9 | 5101 0000 | 4d89 9768 

  0x00000151e9a2b5a0: ;   {runtime_call SafepointBlob}
  0x00000151e9a2b5a0: 0400 00e9 | d89e ff06 | 498b 8700 | 0500 0049 | c787 0005 | 0000 0000 | 0000 49c7 | 8708 0500 
  0x00000151e9a2b5c0: 0000 0000 | 0048 81c4 | e000 0000 

  0x00000151e9a2b5cc: ;   {runtime_call unwind_exception Runtime1 stub}
  0x00000151e9a2b5cc: 5de9 ae70 | 0207 f4f4 | f4f4 f4f4 
[Stub Code]
  0x00000151e9a2b5d8: ;   {no_reloc}
  0x00000151e9a2b5d8: 0f1f 4400 

  0x00000151e9a2b5dc: ;   {static_stub}
  0x00000151e9a2b5dc: 0048 bb00 | 0000 0000 

  0x00000151e9a2b5e4: ;   {runtime_call nmethod}
  0x00000151e9a2b5e4: 0000 00e9 | fbff ffff 

  0x00000151e9a2b5ec: ;   {static_stub}
  0x00000151e9a2b5ec: 48bb 487b | 4686 5101 

  0x00000151e9a2b5f4: ;   {runtime_call I2C/C2I adapters}
  0x00000151e9a2b5f4: 0000 e968 

  0x00000151e9a2b5f8: ;   {static_stub}
  0x00000151e9a2b5f8: 7eff 0648 | bb00 0000 | 0000 0000 

  0x00000151e9a2b604: ;   {runtime_call nmethod}
  0x00000151e9a2b604: 00e9 fbff 

  0x00000151e9a2b608: ;   {static_stub}
  0x00000151e9a2b608: ffff 48bb | 0000 0000 | 0000 0000 

  0x00000151e9a2b614: ;   {runtime_call nmethod}
  0x00000151e9a2b614: e9fb ffff 

  0x00000151e9a2b618: ;   {runtime_call handle_exception_from_callee Runtime1 stub}
  0x00000151e9a2b618: ffe8 e284 

  0x00000151e9a2b61c: ;   {external_word}
  0x00000151e9a2b61c: 0207 48b9 | 5063 3138 | fc7f 0000 | 4883 e4f0 

  0x00000151e9a2b62c: ;   {runtime_call}
  0x00000151e9a2b62c: 48b8 c0c9 | f337 fc7f | 0000 ffd0 

  0x00000151e9a2b638: ;   {section_word}
  0x00000151e9a2b638: f449 ba39 | b6a2 e951 | 0100 0041 

  0x00000151e9a2b644: ;   {runtime_call DeoptimizationBlob}
  0x00000151e9a2b644: 52e9 d690 | ff06 f4f4 | f4f4 f4f4 
[/MachCode]


---------------  P R O C E S S  ---------------

Threads class SMR info:
_java_thread_list=0x00000151fdfd96e0, length=25, elements={
0x00000151e62a4900, 0x00000151fcd3ec50, 0x00000151fcd429f0, 0x00000151fcd46180,
0x00000151fcd46be0, 0x00000151fcd47640, 0x00000151fcd480a0, 0x00000151fcd49240,
0x00000151fcd55440, 0x00000151fd0908b0, 0x00000151fd0e7820, 0x00000151fd0362a0,
0x00000151fdc1f5f0, 0x00000151fdb52e80, 0x00000151fd06e380, 0x00000151fdb6d970,
0x00000151fcec6010, 0x00000151fd3ae8e0, 0x00000151fd3adbc0, 0x00000151fd3ac810,
0x00000151fd3ae250, 0x00000151fd3ab460, 0x00000151fd3abaf0, 0x00000151fd3ac180,
0x00000151fd3ad530
}

Java Threads: ( => current thread )
  0x00000151e62a4900 JavaThread "main"                              [_thread_blocked, id=3636, stack(0x0000000610b00000,0x0000000610c00000) (1024K)]
  0x00000151fcd3ec50 JavaThread "Reference Handler"          daemon [_thread_blocked, id=28684, stack(0x0000000611300000,0x0000000611400000) (1024K)]
  0x00000151fcd429f0 JavaThread "Finalizer"                  daemon [_thread_blocked, id=21252, stack(0x0000000611400000,0x0000000611500000) (1024K)]
  0x00000151fcd46180 JavaThread "Signal Dispatcher"          daemon [_thread_blocked, id=21044, stack(0x0000000611500000,0x0000000611600000) (1024K)]
  0x00000151fcd46be0 JavaThread "Attach Listener"            daemon [_thread_blocked, id=19708, stack(0x0000000611600000,0x0000000611700000) (1024K)]
  0x00000151fcd47640 JavaThread "Service Thread"             daemon [_thread_blocked, id=27188, stack(0x0000000611700000,0x0000000611800000) (1024K)]
  0x00000151fcd480a0 JavaThread "Monitor Deflation Thread"   daemon [_thread_blocked, id=19808, stack(0x0000000611800000,0x0000000611900000) (1024K)]
  0x00000151fcd49240 JavaThread "C2 CompilerThread0"         daemon [_thread_blocked, id=23688, stack(0x0000000611900000,0x0000000611a00000) (1024K)]
  0x00000151fcd55440 JavaThread "C1 CompilerThread0"         daemon [_thread_blocked, id=15300, stack(0x0000000611a00000,0x0000000611b00000) (1024K)]
  0x00000151fd0908b0 JavaThread "Common-Cleaner"             daemon [_thread_blocked, id=22616, stack(0x0000000611b00000,0x0000000611c00000) (1024K)]
  0x00000151fd0e7820 JavaThread "Notification Thread"        daemon [_thread_blocked, id=17196, stack(0x0000000611c00000,0x0000000611d00000) (1024K)]
  0x00000151fd0362a0 JavaThread "Daemon health stats"               [_thread_blocked, id=24212, stack(0x0000000612200000,0x0000000612300000) (1024K)]
  0x00000151fdc1f5f0 JavaThread "Incoming local TCP Connector on port 11075"        [_thread_in_native, id=29284, stack(0x0000000612300000,0x0000000612400000) (1024K)]
  0x00000151fdb52e80 JavaThread "Daemon periodic checks"            [_thread_blocked, id=8336, stack(0x0000000612400000,0x0000000612500000) (1024K)]
  0x00000151fd06e380 JavaThread "Daemon"                            [_thread_blocked, id=24048, stack(0x0000000612900000,0x0000000612a00000) (1024K)]
  0x00000151fdb6d970 JavaThread "Handler for socket connection from /127.0.0.1:11075 to /127.0.0.1:11076"        [_thread_in_native, id=29584, stack(0x0000000612a00000,0x0000000612b00000) (1024K)]
  0x00000151fcec6010 JavaThread "Cancel handler"                    [_thread_blocked, id=23124, stack(0x0000000612b00000,0x0000000612c00000) (1024K)]
=>0x00000151fd3ae8e0 JavaThread "Daemon worker"                     [_thread_in_vm, id=1008, stack(0x0000000612c00000,0x0000000612d00000) (1024K)]
  0x00000151fd3adbc0 JavaThread "Asynchronous log dispatcher for DefaultDaemonConnection: socket connection from /127.0.0.1:11075 to /127.0.0.1:11076"        [_thread_blocked, id=17228, stack(0x0000000612d00000,0x0000000612e00000) (1024K)]
  0x00000151fd3ac810 JavaThread "Stdin handler"                     [_thread_blocked, id=30636, stack(0x0000000612e00000,0x0000000612f00000) (1024K)]
  0x00000151fd3ae250 JavaThread "Daemon client event forwarder"        [_thread_blocked, id=18636, stack(0x0000000612f00000,0x0000000613000000) (1024K)]
  0x00000151fd3ab460 JavaThread "Cache worker for journal cache (C:\Users\nimes\.gradle\caches\journal-1)"        [_thread_blocked, id=19864, stack(0x0000000613000000,0x0000000613100000) (1024K)]
  0x00000151fd3abaf0 JavaThread "File lock request listener"        [_thread_in_native, id=25164, stack(0x0000000613100000,0x0000000613200000) (1024K)]
  0x00000151fd3ac180 JavaThread "File lock release action executor"        [_thread_blocked, id=29524, stack(0x0000000613200000,0x0000000613300000) (1024K)]
  0x00000151fd3ad530 JavaThread "Cache worker for file hash cache (C:\Users\nimes\.gradle\caches\8.14\fileHashes)"        [_thread_blocked, id=5512, stack(0x0000000613300000,0x0000000613400000) (1024K)]
Total: 25

Other Threads:
  0x00000151fcd22c40 VMThread "VM Thread"                           [id=30540, stack(0x0000000611200000,0x0000000611300000) (1024K)] _threads_hazard_ptr=0x00000151fdfd96e0
  0x00000151fcd11d20 WatcherThread "VM Periodic Task Thread"        [id=24712, stack(0x0000000611100000,0x0000000611200000) (1024K)]
  0x00000151e6329e30 WorkerThread "GC Thread#0"                     [id=24700, stack(0x0000000610c00000,0x0000000610d00000) (1024K)]
  0x00000151fd1f2500 WorkerThread "GC Thread#1"                     [id=25648, stack(0x0000000611d00000,0x0000000611e00000) (1024K)]
  0x00000151fd187840 WorkerThread "GC Thread#2"                     [id=21980, stack(0x0000000611e00000,0x0000000611f00000) (1024K)]
  0x00000151fd187bf0 WorkerThread "GC Thread#3"                     [id=20680, stack(0x0000000611f00000,0x0000000612000000) (1024K)]
  0x00000151fd14ba50 WorkerThread "GC Thread#4"                     [id=14088, stack(0x0000000612000000,0x0000000612100000) (1024K)]
  0x00000151fd14be00 WorkerThread "GC Thread#5"                     [id=26688, stack(0x0000000612100000,0x0000000612200000) (1024K)]
  0x00000151fdab7620 WorkerThread "GC Thread#6"                     [id=10800, stack(0x0000000612500000,0x0000000612600000) (1024K)]
  0x00000151fdab63b0 WorkerThread "GC Thread#7"                     [id=25592, stack(0x0000000612600000,0x0000000612700000) (1024K)]
  0x00000151fdab6b10 WorkerThread "GC Thread#8"                     [id=27012, stack(0x0000000612700000,0x0000000612800000) (1024K)]
  0x00000151fdf84090 WorkerThread "GC Thread#9"                     [id=16824, stack(0x0000000612800000,0x0000000612900000) (1024K)]
  0x00000151e6337d40 ConcurrentGCThread "G1 Main Marker"            [id=18468, stack(0x0000000610d00000,0x0000000610e00000) (1024K)]
  0x00000151e63395e0 WorkerThread "G1 Conc#0"                       [id=14980, stack(0x0000000610e00000,0x0000000610f00000) (1024K)]
  0x00000151fcbdb4a0 ConcurrentGCThread "G1 Refine#0"               [id=30080, stack(0x0000000610f00000,0x0000000611000000) (1024K)]
  0x00000151fcbdcb50 ConcurrentGCThread "G1 Service"                [id=20484, stack(0x0000000611000000,0x0000000611100000) (1024K)]
Total: 16

Threads with active compile tasks:
Total: 0

VM state: synchronizing (normal execution)

VM Mutex/Monitor currently owned by a thread:  ([mutex/lock_event])
[0x00007ffc385cd530] Metaspace_lock - owner thread: 0x00000151fd3ae8e0
[0x00007ffc385cf5b0] Threads_lock - owner thread: 0x00000151fcd22c40

Heap address: 0x0000000680000000, size: 6144 MB, Compressed Oops mode: Zero based, Oop shift amount: 3

CDS archive(s) mapped at: [0x0000015186000000-0x0000015186ba0000-0x0000015186ba0000), size 12189696, SharedBaseAddress: 0x0000015186000000, ArchiveRelocationMode: 1.
Compressed class space mapped at: 0x0000015187000000-0x00000151bb000000, reserved size: 872415232
Narrow klass base: 0x0000015186000000, Narrow klass shift: 0, Narrow klass range: 0x100000000

GC Precious Log:
 CardTable entry size: 512
 Card Set container configuration: InlinePtr #cards 4 size 8 Array Of Cards #cards 32 size 80 Howl #buckets 8 coarsen threshold 7372 Howl Bitmap #cards 1024 size 144 coarsen threshold 921 Card regions per heap region 1 cards per card region 8192
 CPUs: 12 total, 12 available
 Memory: 16088M
 Large Page Support: Disabled
 NUMA Support: Disabled
 Compressed Oops: Enabled (Zero based)
 Heap Region Size: 4M
 Heap Min Capacity: 8M
 Heap Initial Capacity: 252M
 Heap Max Capacity: 6G
 Pre-touch: Disabled
 Parallel Workers: 10
 Concurrent Workers: 3
 Concurrent Refinement Workers: 10
 Periodic GC: Disabled

Heap:
 garbage-first heap   total 258048K, used 93666K [0x0000000680000000, 0x0000000800000000)
  region size 4096K, 22 young (90112K), 2 survivors (8192K)
 Metaspace       used 20742K, committed 21376K, reserved 917504K
  class space    used 3045K, committed 3392K, reserved 851968K

Heap Regions: E=young(eden), S=young(survivor), O=old, HS=humongous(starts), HC=humongous(continues), CS=collection set, F=free, TAMS=top-at-mark-start, PB=parsable bottom
|   0|0x0000000680000000, 0x0000000680400000, 0x0000000680400000|100%|HS|  |TAMS 0x0000000680000000| PB 0x0000000680000000| Complete 
|   1|0x0000000680400000, 0x0000000680800000, 0x0000000680800000|100%| O|  |TAMS 0x0000000680400000| PB 0x0000000680400000| Untracked 
|   2|0x0000000680800000, 0x0000000680b789e0, 0x0000000680c00000| 86%| O|  |TAMS 0x0000000680800000| PB 0x0000000680800000| Untracked 
|   3|0x0000000680c00000, 0x0000000680c00000, 0x0000000681000000|  0%| F|  |TAMS 0x0000000680c00000| PB 0x0000000680c00000| Untracked 
|   4|0x0000000681000000, 0x0000000681000000, 0x0000000681400000|  0%| F|  |TAMS 0x0000000681000000| PB 0x0000000681000000| Untracked 
|   5|0x0000000681400000, 0x0000000681400000, 0x0000000681800000|  0%| F|  |TAMS 0x0000000681400000| PB 0x0000000681400000| Untracked 
|   6|0x0000000681800000, 0x0000000681800000, 0x0000000681c00000|  0%| F|  |TAMS 0x0000000681800000| PB 0x0000000681800000| Untracked 
|   7|0x0000000681c00000, 0x0000000681c00000, 0x0000000682000000|  0%| F|  |TAMS 0x0000000681c00000| PB 0x0000000681c00000| Untracked 
|   8|0x0000000682000000, 0x0000000682000000, 0x0000000682400000|  0%| F|  |TAMS 0x0000000682000000| PB 0x0000000682000000| Untracked 
|   9|0x0000000682400000, 0x0000000682400000, 0x0000000682800000|  0%| F|  |TAMS 0x0000000682400000| PB 0x0000000682400000| Untracked 
|  10|0x0000000682800000, 0x0000000682800000, 0x0000000682c00000|  0%| F|  |TAMS 0x0000000682800000| PB 0x0000000682800000| Untracked 
|  11|0x0000000682c00000, 0x0000000682c00000, 0x0000000683000000|  0%| F|  |TAMS 0x0000000682c00000| PB 0x0000000682c00000| Untracked 
|  12|0x0000000683000000, 0x0000000683000000, 0x0000000683400000|  0%| F|  |TAMS 0x0000000683000000| PB 0x0000000683000000| Untracked 
|  13|0x0000000683400000, 0x0000000683400000, 0x0000000683800000|  0%| F|  |TAMS 0x0000000683400000| PB 0x0000000683400000| Untracked 
|  14|0x0000000683800000, 0x0000000683800000, 0x0000000683c00000|  0%| F|  |TAMS 0x0000000683800000| PB 0x0000000683800000| Untracked 
|  15|0x0000000683c00000, 0x0000000683c00000, 0x0000000684000000|  0%| F|  |TAMS 0x0000000683c00000| PB 0x0000000683c00000| Untracked 
|  16|0x0000000684000000, 0x0000000684000000, 0x0000000684400000|  0%| F|  |TAMS 0x0000000684000000| PB 0x0000000684000000| Untracked 
|  17|0x0000000684400000, 0x0000000684400000, 0x0000000684800000|  0%| F|  |TAMS 0x0000000684400000| PB 0x0000000684400000| Untracked 
|  18|0x0000000684800000, 0x0000000684800000, 0x0000000684c00000|  0%| F|  |TAMS 0x0000000684800000| PB 0x0000000684800000| Untracked 
|  19|0x0000000684c00000, 0x0000000684c00000, 0x0000000685000000|  0%| F|  |TAMS 0x0000000684c00000| PB 0x0000000684c00000| Untracked 
|  20|0x0000000685000000, 0x0000000685000000, 0x0000000685400000|  0%| F|  |TAMS 0x0000000685000000| PB 0x0000000685000000| Untracked 
|  21|0x0000000685400000, 0x0000000685400000, 0x0000000685800000|  0%| F|  |TAMS 0x0000000685400000| PB 0x0000000685400000| Untracked 
|  22|0x0000000685800000, 0x0000000685800000, 0x0000000685c00000|  0%| F|  |TAMS 0x0000000685800000| PB 0x0000000685800000| Untracked 
|  23|0x0000000685c00000, 0x0000000685c00000, 0x0000000686000000|  0%| F|  |TAMS 0x0000000685c00000| PB 0x0000000685c00000| Untracked 
|  24|0x0000000686000000, 0x0000000686000000, 0x0000000686400000|  0%| F|  |TAMS 0x0000000686000000| PB 0x0000000686000000| Untracked 
|  25|0x0000000686400000, 0x0000000686400000, 0x0000000686800000|  0%| F|  |TAMS 0x0000000686400000| PB 0x0000000686400000| Untracked 
|  26|0x0000000686800000, 0x0000000686800000, 0x0000000686c00000|  0%| F|  |TAMS 0x0000000686800000| PB 0x0000000686800000| Untracked 
|  27|0x0000000686c00000, 0x0000000686c00000, 0x0000000687000000|  0%| F|  |TAMS 0x0000000686c00000| PB 0x0000000686c00000| Untracked 
|  28|0x0000000687000000, 0x0000000687000000, 0x0000000687400000|  0%| F|  |TAMS 0x0000000687000000| PB 0x0000000687000000| Untracked 
|  29|0x0000000687400000, 0x0000000687400000, 0x0000000687800000|  0%| F|  |TAMS 0x0000000687400000| PB 0x0000000687400000| Untracked 
|  30|0x0000000687800000, 0x0000000687800000, 0x0000000687c00000|  0%| F|  |TAMS 0x0000000687800000| PB 0x0000000687800000| Untracked 
|  31|0x0000000687c00000, 0x0000000687c00000, 0x0000000688000000|  0%| F|  |TAMS 0x0000000687c00000| PB 0x0000000687c00000| Untracked 
|  32|0x0000000688000000, 0x0000000688000000, 0x0000000688400000|  0%| F|  |TAMS 0x0000000688000000| PB 0x0000000688000000| Untracked 
|  33|0x0000000688400000, 0x0000000688400000, 0x0000000688800000|  0%| F|  |TAMS 0x0000000688400000| PB 0x0000000688400000| Untracked 
|  34|0x0000000688800000, 0x0000000688800000, 0x0000000688c00000|  0%| F|  |TAMS 0x0000000688800000| PB 0x0000000688800000| Untracked 
|  35|0x0000000688c00000, 0x0000000688c00000, 0x0000000689000000|  0%| F|  |TAMS 0x0000000688c00000| PB 0x0000000688c00000| Untracked 
|  36|0x0000000689000000, 0x0000000689000000, 0x0000000689400000|  0%| F|  |TAMS 0x0000000689000000| PB 0x0000000689000000| Untracked 
|  37|0x0000000689400000, 0x0000000689400000, 0x0000000689800000|  0%| F|  |TAMS 0x0000000689400000| PB 0x0000000689400000| Untracked 
|  38|0x0000000689800000, 0x0000000689800000, 0x0000000689c00000|  0%| F|  |TAMS 0x0000000689800000| PB 0x0000000689800000| Untracked 
|  39|0x0000000689c00000, 0x0000000689c00000, 0x000000068a000000|  0%| F|  |TAMS 0x0000000689c00000| PB 0x0000000689c00000| Untracked 
|  40|0x000000068a000000, 0x000000068a000000, 0x000000068a400000|  0%| F|  |TAMS 0x000000068a000000| PB 0x000000068a000000| Untracked 
|  41|0x000000068a400000, 0x000000068a6cf8e8, 0x000000068a800000| 70%| E|  |TAMS 0x000000068a400000| PB 0x000000068a400000| Complete 
|  42|0x000000068a800000, 0x000000068ac00000, 0x000000068ac00000|100%| E|CS|TAMS 0x000000068a800000| PB 0x000000068a800000| Complete 
|  43|0x000000068ac00000, 0x000000068b000000, 0x000000068b000000|100%| S|CS|TAMS 0x000000068ac00000| PB 0x000000068ac00000| Complete 
|  44|0x000000068b000000, 0x000000068b400000, 0x000000068b400000|100%| S|CS|TAMS 0x000000068b000000| PB 0x000000068b000000| Complete 
|  45|0x000000068b400000, 0x000000068b800000, 0x000000068b800000|100%| E|CS|TAMS 0x000000068b400000| PB 0x000000068b400000| Complete 
|  46|0x000000068b800000, 0x000000068bc00000, 0x000000068bc00000|100%| E|CS|TAMS 0x000000068b800000| PB 0x000000068b800000| Complete 
|  47|0x000000068bc00000, 0x000000068c000000, 0x000000068c000000|100%| E|  |TAMS 0x000000068bc00000| PB 0x000000068bc00000| Complete 
|  48|0x000000068c000000, 0x000000068c400000, 0x000000068c400000|100%| E|CS|TAMS 0x000000068c000000| PB 0x000000068c000000| Complete 
|  49|0x000000068c400000, 0x000000068c800000, 0x000000068c800000|100%| E|CS|TAMS 0x000000068c400000| PB 0x000000068c400000| Complete 
|  50|0x000000068c800000, 0x000000068cc00000, 0x000000068cc00000|100%| E|CS|TAMS 0x000000068c800000| PB 0x000000068c800000| Complete 
|  51|0x000000068cc00000, 0x000000068d000000, 0x000000068d000000|100%| E|CS|TAMS 0x000000068cc00000| PB 0x000000068cc00000| Complete 
|  52|0x000000068d000000, 0x000000068d400000, 0x000000068d400000|100%| E|CS|TAMS 0x000000068d000000| PB 0x000000068d000000| Complete 
|  53|0x000000068d400000, 0x000000068d800000, 0x000000068d800000|100%| E|CS|TAMS 0x000000068d400000| PB 0x000000068d400000| Complete 
|  54|0x000000068d800000, 0x000000068dc00000, 0x000000068dc00000|100%| E|CS|TAMS 0x000000068d800000| PB 0x000000068d800000| Complete 
|  55|0x000000068dc00000, 0x000000068e000000, 0x000000068e000000|100%| E|CS|TAMS 0x000000068dc00000| PB 0x000000068dc00000| Complete 
|  56|0x000000068e000000, 0x000000068e400000, 0x000000068e400000|100%| E|CS|TAMS 0x000000068e000000| PB 0x000000068e000000| Complete 
|  57|0x000000068e400000, 0x000000068e800000, 0x000000068e800000|100%| E|CS|TAMS 0x000000068e400000| PB 0x000000068e400000| Complete 
|  58|0x000000068e800000, 0x000000068ec00000, 0x000000068ec00000|100%| E|CS|TAMS 0x000000068e800000| PB 0x000000068e800000| Complete 
|  59|0x000000068ec00000, 0x000000068f000000, 0x000000068f000000|100%| E|CS|TAMS 0x000000068ec00000| PB 0x000000068ec00000| Complete 
|  60|0x000000068f000000, 0x000000068f400000, 0x000000068f400000|100%| E|CS|TAMS 0x000000068f000000| PB 0x000000068f000000| Complete 
|  61|0x000000068f400000, 0x000000068f800000, 0x000000068f800000|100%| E|CS|TAMS 0x000000068f400000| PB 0x000000068f400000| Complete 
|  62|0x000000068f800000, 0x000000068fc00000, 0x000000068fc00000|100%| E|CS|TAMS 0x000000068f800000| PB 0x000000068f800000| Complete 

Card table byte_map: [0x00000151f95f0000,0x00000151fa1f0000] _byte_map_base: 0x00000151f61f0000

Marking Bits: (CMBitMap*) 0x00000151e632a450
 Bits: [0x0000015180000000, 0x0000015186000000)

Polling page: 0x00000151e4060000

Metaspace:

Usage:
  Non-class:     17.28 MB used.
      Class:      2.97 MB used.
       Both:     20.26 MB used.

Virtual space:
  Non-class space:       64.00 MB reserved,      17.56 MB ( 27%) committed,  1 nodes.
      Class space:      832.00 MB reserved,       3.31 MB ( <1%) committed,  1 nodes.
             Both:      896.00 MB reserved,      20.88 MB (  2%) committed. 

Chunk freelists:
   Non-Class:  13.62 MB
       Class:  12.53 MB
        Both:  26.16 MB

MaxMetaspaceSize: 1.00 GB
CompressedClassSpaceSize: 832.00 MB
Initial GC threshold: 21.00 MB
Current GC threshold: 21.00 MB
CDS: on
 - commit_granule_bytes: 65536.
 - commit_granule_words: 8192.
 - virtual_space_node_default_size: 8388608.
 - enlarge_chunks_in_place: 1.
 - use_allocation_guard: 0.


Internal statistics:

num_allocs_failed_limit: 0.
num_arena_births: 906.
num_arena_deaths: 0.
num_vsnodes_births: 2.
num_vsnodes_deaths: 0.
num_space_committed: 334.
num_space_uncommitted: 0.
num_chunks_returned_to_freelist: 0.
num_chunks_taken_from_freelist: 1744.
num_chunk_merges: 0.
num_chunk_splits: 1123.
num_chunks_enlarged: 731.
num_inconsistent_stats: 0.

CodeHeap 'non-profiled nmethods': size=120000Kb used=1739Kb max_used=1739Kb free=118260Kb
 bounds [0x00000151f0f70000, 0x00000151f11e0000, 0x00000151f84a0000]
CodeHeap 'profiled nmethods': size=120000Kb used=6523Kb max_used=6523Kb free=113476Kb
 bounds [0x00000151e94a0000, 0x00000151e9b00000, 0x00000151f09d0000]
CodeHeap 'non-nmethods': size=5760Kb used=1420Kb max_used=1468Kb free=4339Kb
 bounds [0x00000151f09d0000, 0x00000151f0c40000, 0x00000151f0f70000]
CodeCache: size=245760Kb, used=9682Kb, max_used=9730Kb, free=236075Kb
 total_blobs=3892, nmethods=3315, adapters=481, full_count=0
Compilation: enabled, stopped_count=0, restarted_count=0

Compilation events (20 events):
Event: 53.270 Thread 0x00000151fcd55440 nmethod 3307 0x00000151f1121610 code [0x00000151f11217a0, 0x00000151f1121870]
Event: 53.271 Thread 0x00000151fcd55440 3308       3       com.google.common.collect.ImmutableList$Builder::add (29 bytes)
Event: 53.272 Thread 0x00000151fcd55440 nmethod 3308 0x00000151e9afc610 code [0x00000151e9afc800, 0x00000151e9afcc70]
Event: 53.447 Thread 0x00000151fcd55440 3309       3       sun.reflect.generics.repository.AbstractRepository::getReifier (8 bytes)
Event: 53.448 Thread 0x00000151fcd55440 nmethod 3309 0x00000151e9afce10 code [0x00000151e9afcfc0, 0x00000151e9afd2c0]
Event: 53.498 Thread 0x00000151fcd55440 3310       3       org.gradle.internal.event.DefaultListenerManager$EventBroadcast::maybeAdd (27 bytes)
Event: 53.499 Thread 0x00000151fcd55440 nmethod 3310 0x00000151e9afd410 code [0x00000151e9afd5e0, 0x00000151e9afd930]
Event: 53.500 Thread 0x00000151fcd55440 3311       3       java.lang.Byte::hashCode (8 bytes)
Event: 53.500 Thread 0x00000151fcd55440 nmethod 3311 0x00000151e9afda90 code [0x00000151e9afdc40, 0x00000151e9afdda8]
Event: 53.501 Thread 0x00000151fcd55440 3312       3       java.lang.Byte::hashCode (2 bytes)
Event: 53.501 Thread 0x00000151fcd55440 nmethod 3312 0x00000151e9afde90 code [0x00000151e9afe020, 0x00000151e9afe110]
Event: 53.501 Thread 0x00000151fcd55440 3313       3       jdk.internal.org.objectweb.asm.MethodVisitor::visitFieldInsn (20 bytes)
Event: 53.501 Thread 0x00000151fcd55440 nmethod 3313 0x00000151e9afe190 code [0x00000151e9afe340, 0x00000151e9afe548]
Event: 53.501 Thread 0x00000151fcd55440 3314       3       java.util.Set::of (10 bytes)
Event: 53.502 Thread 0x00000151fcd55440 nmethod 3314 0x00000151e9afe610 code [0x00000151e9afe7c0, 0x00000151e9afe950]
Event: 53.506 Thread 0x00000151fcd49240 3315       4       java.lang.Class::annotationData (44 bytes)
Event: 53.509 Thread 0x00000151fcd55440 3316       3       java.lang.invoke.MethodHandles$Lookup::getDirectMethod (18 bytes)
Event: 53.510 Thread 0x00000151fcd55440 nmethod 3316 0x00000151e9afea10 code [0x00000151e9afebc0, 0x00000151e9afed10]
Event: 53.511 Thread 0x00000151fcd49240 nmethod 3315 0x00000151f1121910 code [0x00000151f1121aa0, 0x00000151f1121c48]
Event: 53.522 Thread 0x00000151fcd49240 3317       4       java.lang.Class::getPackageName (81 bytes)

GC Heap History (6 events):
Event: 4.646 GC heap before
{Heap before GC invocations=0 (full 0):
 garbage-first heap   total 258048K, used 20480K [0x0000000680000000, 0x0000000800000000)
  region size 4096K, 5 young (20480K), 0 survivors (0K)
 Metaspace       used 882K, committed 1024K, reserved 917504K
  class space    used 71K, committed 128K, reserved 851968K
}
Event: 4.754 GC heap after
{Heap after GC invocations=1 (full 0):
 garbage-first heap   total 258048K, used 1520K [0x0000000680000000, 0x0000000800000000)
  region size 4096K, 1 young (4096K), 1 survivors (4096K)
 Metaspace       used 882K, committed 1024K, reserved 917504K
  class space    used 71K, committed 128K, reserved 851968K
}
Event: 10.188 GC heap before
{Heap before GC invocations=1 (full 0):
 garbage-first heap   total 258048K, used 42480K [0x0000000680000000, 0x0000000800000000)
  region size 4096K, 11 young (45056K), 1 survivors (4096K)
 Metaspace       used 4390K, committed 4544K, reserved 917504K
  class space    used 558K, committed 640K, reserved 851968K
}
Event: 10.204 GC heap after
{Heap after GC invocations=2 (full 0):
 garbage-first heap   total 258048K, used 11943K [0x0000000680000000, 0x0000000800000000)
  region size 4096K, 2 young (8192K), 2 survivors (8192K)
 Metaspace       used 4390K, committed 4544K, reserved 917504K
  class space    used 558K, committed 640K, reserved 851968K
}
Event: 25.023 GC heap before
{Heap before GC invocations=2 (full 0):
 garbage-first heap   total 258048K, used 77479K [0x0000000680000000, 0x0000000800000000)
  region size 4096K, 18 young (73728K), 2 survivors (8192K)
 Metaspace       used 9711K, committed 10048K, reserved 917504K
  class space    used 1313K, committed 1472K, reserved 851968K
}
Event: 25.072 GC heap after
{Heap after GC invocations=3 (full 0):
 garbage-first heap   total 258048K, used 19938K [0x0000000680000000, 0x0000000800000000)
  region size 4096K, 2 young (8192K), 2 survivors (8192K)
 Metaspace       used 9711K, committed 10048K, reserved 917504K
  class space    used 1313K, committed 1472K, reserved 851968K
}

Dll operation events (20 events):
Event: 1.395 Attempting to load shared library C:\Users\nimes\.vscode\extensions\redhat.java-1.56.0-win32-x64\jre\21.0.12.1-win32-x86_64\bin\nio.dll
Event: 1.397 Loaded shared library C:\Users\nimes\.vscode\extensions\redhat.java-1.56.0-win32-x64\jre\21.0.12.1-win32-x86_64\bin\nio.dll
Event: 1.408 Attempting to load shared library C:\Users\nimes\.vscode\extensions\redhat.java-1.56.0-win32-x64\jre\21.0.12.1-win32-x86_64\bin\zip.dll
Event: 1.408 Loaded shared library C:\Users\nimes\.vscode\extensions\redhat.java-1.56.0-win32-x64\jre\21.0.12.1-win32-x86_64\bin\zip.dll
Event: 4.829 Attempting to load shared library C:\Users\nimes\.vscode\extensions\redhat.java-1.56.0-win32-x64\jre\21.0.12.1-win32-x86_64\bin\jimage.dll
Event: 4.829 Loaded shared library C:\Users\nimes\.vscode\extensions\redhat.java-1.56.0-win32-x64\jre\21.0.12.1-win32-x86_64\bin\jimage.dll
Event: 6.702 Attempting to load shared library C:\Users\nimes\.vscode\extensions\redhat.java-1.56.0-win32-x64\jre\21.0.12.1-win32-x86_64\bin\verify.dll
Event: 6.703 Loaded shared library C:\Users\nimes\.vscode\extensions\redhat.java-1.56.0-win32-x64\jre\21.0.12.1-win32-x86_64\bin\verify.dll
Event: 7.094 Attempting to load shared library C:\Users\nimes\.gradle\native\1def1411415f61bf3af743bc5b6707747c0891f09f0c88961ee8f79bc544acac\windows-amd64\native-platform.dll
Event: 7.096 Loaded shared library C:\Users\nimes\.gradle\native\1def1411415f61bf3af743bc5b6707747c0891f09f0c88961ee8f79bc544acac\windows-amd64\native-platform.dll
Event: 7.171 Attempting to load shared library C:\Users\nimes\.gradle\native\0.2.7\x86_64-windows-gnu\gradle-fileevents.dll
Event: 7.200 Loaded shared library C:\Users\nimes\.gradle\native\0.2.7\x86_64-windows-gnu\gradle-fileevents.dll
Event: 17.714 Attempting to load shared library C:\Users\nimes\.vscode\extensions\redhat.java-1.56.0-win32-x64\jre\21.0.12.1-win32-x86_64\bin\management.dll
Event: 17.724 Loaded shared library C:\Users\nimes\.vscode\extensions\redhat.java-1.56.0-win32-x64\jre\21.0.12.1-win32-x86_64\bin\management.dll
Event: 17.735 Attempting to load shared library C:\Users\nimes\.vscode\extensions\redhat.java-1.56.0-win32-x64\jre\21.0.12.1-win32-x86_64\bin\management_ext.dll
Event: 17.747 Loaded shared library C:\Users\nimes\.vscode\extensions\redhat.java-1.56.0-win32-x64\jre\21.0.12.1-win32-x86_64\bin\management_ext.dll
Event: 21.225 Attempting to load shared library C:\Users\nimes\.vscode\extensions\redhat.java-1.56.0-win32-x64\jre\21.0.12.1-win32-x86_64\bin\extnet.dll
Event: 21.227 Loaded shared library C:\Users\nimes\.vscode\extensions\redhat.java-1.56.0-win32-x64\jre\21.0.12.1-win32-x86_64\bin\extnet.dll
Event: 25.160 Attempting to load shared library C:\Users\nimes\.vscode\extensions\redhat.java-1.56.0-win32-x64\jre\21.0.12.1-win32-x86_64\bin\sunmscapi.dll
Event: 25.217 Loaded shared library C:\Users\nimes\.vscode\extensions\redhat.java-1.56.0-win32-x64\jre\21.0.12.1-win32-x86_64\bin\sunmscapi.dll

Deoptimization events (20 events):
Event: 45.054 Thread 0x00000151fdb52e80 DEOPT PACKING pc=0x00000151e990f2a7 sp=0x00000006124fe790
Event: 45.055 Thread 0x00000151fdb52e80 DEOPT UNPACKING pc=0x00000151f0a24bc2 sp=0x00000006124fdc68 mode 0
Event: 51.477 Thread 0x00000151fd3ae8e0 DEOPT PACKING pc=0x00000151e996bff6 sp=0x0000000612cfc610
Event: 51.477 Thread 0x00000151fd3ae8e0 DEOPT UNPACKING pc=0x00000151f0a24bc2 sp=0x0000000612cfbb20 mode 0
Event: 53.027 Thread 0x00000151fd3ae8e0 Uncommon trap: trap_request=0xffffff45 fr.pc=0x00000151f10f0a94 relative=0x00000000000000f4
Event: 53.027 Thread 0x00000151fd3ae8e0 Uncommon trap: reason=unstable_if action=reinterpret pc=0x00000151f10f0a94 method=java.util.Arrays.equals([Ljava/lang/Object;[Ljava/lang/Object;)Z @ 44 c2
Event: 53.027 Thread 0x00000151fd3ae8e0 DEOPT PACKING pc=0x00000151f10f0a94 sp=0x0000000612cfb600
Event: 53.027 Thread 0x00000151fd3ae8e0 DEOPT UNPACKING pc=0x00000151f0a24422 sp=0x0000000612cfb5a0 mode 2
Event: 53.027 Thread 0x00000151fd3ae8e0 Uncommon trap: trap_request=0xffffff45 fr.pc=0x00000151f1119cd8 relative=0x00000000000001f8
Event: 53.027 Thread 0x00000151fd3ae8e0 Uncommon trap: reason=unstable_if action=reinterpret pc=0x00000151f1119cd8 method=java.util.HashMap.getNode(Ljava/lang/Object;)Ljava/util/HashMap$Node; @ 131 c2
Event: 53.027 Thread 0x00000151fd3ae8e0 DEOPT PACKING pc=0x00000151f1119cd8 sp=0x0000000612cfb6c0
Event: 53.027 Thread 0x00000151fd3ae8e0 DEOPT UNPACKING pc=0x00000151f0a24422 sp=0x0000000612cfb5e0 mode 2
Event: 53.028 Thread 0x00000151fd3ae8e0 Uncommon trap: trap_request=0xffffff45 fr.pc=0x00000151f110da2c relative=0x000000000000078c
Event: 53.028 Thread 0x00000151fd3ae8e0 Uncommon trap: reason=unstable_if action=reinterpret pc=0x00000151f110da2c method=java.util.HashMap.putVal(ILjava/lang/Object;Ljava/lang/Object;ZZ)Ljava/lang/Object; @ 206 c2
Event: 53.028 Thread 0x00000151fd3ae8e0 DEOPT PACKING pc=0x00000151f110da2c sp=0x0000000612cfb600
Event: 53.028 Thread 0x00000151fd3ae8e0 DEOPT UNPACKING pc=0x00000151f0a24422 sp=0x0000000612cfb588 mode 2
Event: 53.028 Thread 0x00000151fd3ae8e0 Uncommon trap: trap_request=0xffffff45 fr.pc=0x00000151f1118334 relative=0x00000000000002d4
Event: 53.028 Thread 0x00000151fd3ae8e0 Uncommon trap: reason=unstable_if action=reinterpret pc=0x00000151f1118334 method=java.util.HashMap.getNode(Ljava/lang/Object;)Ljava/util/HashMap$Node; @ 131 c2
Event: 53.028 Thread 0x00000151fd3ae8e0 DEOPT PACKING pc=0x00000151f1118334 sp=0x0000000612cfb660
Event: 53.028 Thread 0x00000151fd3ae8e0 DEOPT UNPACKING pc=0x00000151f0a24422 sp=0x0000000612cfb5e0 mode 2

Classes loaded (20 events):
Event: 45.245 Loading class java/io/ObjectStreamConstants done
Event: 45.245 Loading class java/io/ObjectOutputStream done
Event: 45.248 Loading class java/io/ObjectInputStream
Event: 45.249 Loading class java/io/ObjectInput
Event: 45.249 Loading class java/io/ObjectInput done
Event: 45.249 Loading class java/io/ObjectInputStream done
Event: 51.909 Loading class javax/xml/parsers/ParserConfigurationException
Event: 51.910 Loading class javax/xml/parsers/ParserConfigurationException done
Event: 51.910 Loading class org/xml/sax/SAXException
Event: 51.910 Loading class org/xml/sax/SAXException done
Event: 51.910 Loading class javax/xml/xpath/XPathExpressionException
Event: 51.911 Loading class javax/xml/xpath/XPathException
Event: 51.911 Loading class javax/xml/xpath/XPathException done
Event: 51.911 Loading class javax/xml/xpath/XPathExpressionException done
Event: 51.912 Loading class org/xml/sax/ErrorHandler
Event: 51.912 Loading class org/xml/sax/ErrorHandler done
Event: 52.001 Loading class java/nio/file/AtomicMoveNotSupportedException
Event: 52.002 Loading class java/nio/file/AtomicMoveNotSupportedException done
Event: 53.495 Loading class java/lang/ThreadLocal$SuppliedThreadLocal
Event: 53.496 Loading class java/lang/ThreadLocal$SuppliedThreadLocal done

Classes unloaded (0 events):
No events

Classes redefined (0 events):
No events

Internal exceptions (20 events):
Event: 38.977 Thread 0x00000151fd3ae8e0 Exception <a 'java/lang/NoSuchMethodError'{0x000000068cd99e58}: 'java.lang.Object java.lang.invoke.DelegatingMethodHandle$Holder.reinvoke_L(java.lang.Object, java.lang.Object, java.lang.Object, java.lang.Object, java.lang.Object, java.lang.Object, java.lang.Object, java.lang.Object, java.lang.Object, java.lang.Object, java.lang.Object, java.lang.Object, java.lang.Object, java.lang.Object, java.lang.Object, java.lang.Object, java.lang.Object, java.lang.Object, java.lang.Object, java.lang.Object, java.lang.O
Event: 39.053 Thread 0x00000151fd3ae8e0 Exception <a 'java/lang/NoSuchMethodError'{0x000000068ce09110}: 'java.lang.Object java.lang.invoke.DirectMethodHandle$Holder.invokeStatic(java.lang.Object, java.lang.Object, java.lang.Object, java.lang.Object, java.lang.Object, java.lang.Object, java.lang.Object, java.lang.Object, java.lang.Object, java.lang.Object, java.lang.Object, java.lang.Object, java.lang.Object, java.lang.Object, java.lang.Object, java.lang.Object, java.lang.Object)'> (0x000000068ce09110) 
thrown [s\src\hotspot\share\interpreter\lin
Event: 39.086 Thread 0x00000151fd3ae8e0 Exception <a 'java/lang/NoSuchMethodError'{0x000000068ce31ea0}: 'java.lang.Object java.lang.invoke.DirectMethodHandle$Holder.invokeStatic(java.lang.Object, java.lang.Object, java.lang.Object, java.lang.Object, java.lang.Object, java.lang.Object, java.lang.Object, java.lang.Object, java.lang.Object, java.lang.Object, java.lang.Object, java.lang.Object, java.lang.Object, java.lang.Object, java.lang.Object, java.lang.Object, java.lang.Object, java.lang.Object)'> (0x000000068ce31ea0) 
thrown [s\src\hotspot\sha
Event: 39.117 Thread 0x00000151fd3ae8e0 Exception <a 'java/lang/NoSuchMethodError'{0x000000068ce5c0e0}: 'java.lang.Object java.lang.invoke.DirectMethodHandle$Holder.invokeStatic(java.lang.Object, java.lang.Object, java.lang.Object, java.lang.Object, java.lang.Object, java.lang.Object, java.lang.Object, java.lang.Object, java.lang.Object, java.lang.Object, java.lang.Object, java.lang.Object, java.lang.Object, java.lang.Object, java.lang.Object, java.lang.Object, java.lang.Object, java.lang.Object, java.lang.Object)'> (0x000000068ce5c0e0) 
thrown 
Event: 39.136 Thread 0x00000151fd3ae8e0 Exception <a 'java/lang/NoSuchMethodError'{0x000000068ce87768}: 'java.lang.Object java.lang.invoke.DirectMethodHandle$Holder.invokeStatic(java.lang.Object, java.lang.Object, java.lang.Object, java.lang.Object, java.lang.Object, java.lang.Object, java.lang.Object, java.lang.Object, java.lang.Object, java.lang.Object, java.lang.Object, java.lang.Object, java.lang.Object, java.lang.Object, java.lang.Object, java.lang.Object, java.lang.Object, java.lang.Object, java.lang.Object, java.lang.Object)'> (0x00000006
Event: 39.166 Thread 0x00000151fd3ae8e0 Exception <a 'java/lang/NoSuchMethodError'{0x000000068ceb4018}: 'java.lang.Object java.lang.invoke.DirectMethodHandle$Holder.invokeStatic(java.lang.Object, java.lang.Object, java.lang.Object, java.lang.Object, java.lang.Object, java.lang.Object, java.lang.Object, java.lang.Object, java.lang.Object, java.lang.Object, java.lang.Object, java.lang.Object, java.lang.Object, java.lang.Object, java.lang.Object, java.lang.Object, java.lang.Object, java.lang.Object, java.lang.Object, java.lang.Object, java.lang.Obj
Event: 39.215 Thread 0x00000151fd3ae8e0 Exception <a 'java/lang/NoSuchMethodError'{0x000000068cee7c98}: 'java.lang.Object java.lang.invoke.DirectMethodHandle$Holder.invokeStatic(java.lang.Object, java.lang.Object, java.lang.Object, java.lang.Object, java.lang.Object, java.lang.Object, java.lang.Object, java.lang.Object, java.lang.Object, java.lang.Object, java.lang.Object, java.lang.Object, java.lang.Object, java.lang.Object, java.lang.Object, java.lang.Object, java.lang.Object, java.lang.Object, java.lang.Object, java.lang.Object, java.lang.Obj
Event: 39.229 Thread 0x00000151fd3ae8e0 Exception <a 'java/lang/NoSuchMethodError'{0x000000068cf167d0}: 'java.lang.Object java.lang.invoke.DirectMethodHandle$Holder.invokeStatic(java.lang.Object, java.lang.Object, java.lang.Object, java.lang.Object, java.lang.Object, java.lang.Object, java.lang.Object, java.lang.Object, java.lang.Object, java.lang.Object, java.lang.Object, java.lang.Object, java.lang.Object, java.lang.Object, java.lang.Object, java.lang.Object, java.lang.Object, java.lang.Object, java.lang.Object, java.lang.Object, java.lang.Obj
Event: 39.252 Thread 0x00000151fd3ae8e0 Exception <a 'java/lang/NoSuchMethodError'{0x000000068cf45e88}: 'java.lang.Object java.lang.invoke.DirectMethodHandle$Holder.invokeStatic(java.lang.Object, java.lang.Object, java.lang.Object, java.lang.Object, java.lang.Object, java.lang.Object, java.lang.Object, java.lang.Object, java.lang.Object, java.lang.Object, java.lang.Object, java.lang.Object, java.lang.Object, java.lang.Object, java.lang.Object, java.lang.Object, java.lang.Object, java.lang.Object, java.lang.Object, java.lang.Object, java.lang.Obj
Event: 39.379 Thread 0x00000151fd3ae8e0 Exception <a 'java/lang/NoSuchMethodError'{0x000000068cf76608}: 'java.lang.Object java.lang.invoke.DirectMethodHandle$Holder.invokeStatic(java.lang.Object, java.lang.Object, java.lang.Object, java.lang.Object, java.lang.Object, java.lang.Object, java.lang.Object, java.lang.Object, java.lang.Object, java.lang.Object, java.lang.Object, java.lang.Object, java.lang.Object, java.lang.Object, java.lang.Object, java.lang.Object, java.lang.Object, java.lang.Object, java.lang.Object, java.lang.Object, java.lang.Obj
Event: 39.397 Thread 0x00000151fd3ae8e0 Exception <a 'java/lang/NoSuchMethodError'{0x000000068cfa7528}: 'java.lang.Object java.lang.invoke.DirectMethodHandle$Holder.invokeStatic(java.lang.Object, java.lang.Object, java.lang.Object, java.lang.Object, java.lang.Object, java.lang.Object, java.lang.Object, java.lang.Object, java.lang.Object, java.lang.Object, java.lang.Object, java.lang.Object, java.lang.Object, java.lang.Object, java.lang.Object, java.lang.Object, java.lang.Object, java.lang.Object, java.lang.Object, java.lang.Object, java.lang.Obj
Event: 39.411 Thread 0x00000151fd3ae8e0 Exception <a 'java/lang/NoSuchMethodError'{0x000000068cfda230}: 'java.lang.Object java.lang.invoke.DirectMethodHandle$Holder.invokeStatic(java.lang.Object, java.lang.Object, java.lang.Object, java.lang.Object, java.lang.Object, java.lang.Object, java.lang.Object, java.lang.Object, java.lang.Object, java.lang.Object, java.lang.Object, java.lang.Object, java.lang.Object, java.lang.Object, java.lang.Object, java.lang.Object, java.lang.Object, java.lang.Object, java.lang.Object, java.lang.Object, java.lang.Obj
Event: 39.689 Thread 0x00000151fd3ae8e0 Implicit null exception at 0x00000151f0ffbb3d to 0x00000151f0ffbfec
Event: 44.215 Thread 0x00000151fd3ae8e0 Exception <a 'java/lang/IncompatibleClassChangeError'{0x000000068c141c30}: Found class java.lang.Object, but interface was expected> (0x000000068c141c30) 
thrown [s\src\hotspot\share\interpreter\linkResolver.cpp, line 840]
Event: 44.951 Thread 0x00000151fd3ae8e0 Exception <a 'java/lang/NoSuchMethodError'{0x000000068c16fab0}: 'java.lang.Object java.lang.invoke.DirectMethodHandle$Holder.newInvokeSpecial(java.lang.Object, java.lang.Object, java.lang.Object, java.lang.Object, java.lang.Object, java.lang.Object, java.lang.Object, java.lang.Object, java.lang.Object, java.lang.Object)'> (0x000000068c16fab0) 
thrown [s\src\hotspot\share\interpreter\linkResolver.cpp, line 773]
Event: 46.234 Thread 0x00000151fd3ae8e0 Exception <a 'java/lang/NoSuchMethodError'{0x000000068bc70bb0}: 'int java.lang.invoke.DirectMethodHandle$Holder.invokeStaticInit(java.lang.Object, java.lang.Object, java.lang.Object)'> (0x000000068bc70bb0) 
thrown [s\src\hotspot\share\interpreter\linkResolver.cpp, line 773]
Event: 47.043 Thread 0x00000151fd3ae8e0 Exception <a 'java/lang/NoSuchMethodError'{0x000000068bdfa2a8}: 'java.lang.Object java.lang.invoke.DirectMethodHandle$Holder.invokeVirtual(java.lang.Object, java.lang.Object, java.lang.Object, java.lang.Object, java.lang.Object, java.lang.Object, java.lang.Object, java.lang.Object, java.lang.Object, java.lang.Object, java.lang.Object)'> (0x000000068bdfa2a8) 
thrown [s\src\hotspot\share\interpreter\linkResolver.cpp, line 773]
Event: 49.004 Thread 0x00000151fd3ae8e0 Exception <a 'java/lang/NoSuchMethodError'{0x000000068b9e3ee8}: 'void java.lang.invoke.DirectMethodHandle$Holder.invokeVirtual(java.lang.Object, java.lang.Object, java.lang.Object, java.lang.Object, java.lang.Object)'> (0x000000068b9e3ee8) 
thrown [s\src\hotspot\share\interpreter\linkResolver.cpp, line 773]
Event: 51.697 Thread 0x00000151fd3ae8e0 Exception <a 'java/lang/NoSuchMethodError'{0x000000068a8bd0f8}: 'java.lang.Object java.lang.invoke.DirectMethodHandle$Holder.invokeVirtual(java.lang.Object, java.lang.Object, java.lang.Object, java.lang.Object, java.lang.Object, java.lang.Object, java.lang.Object, java.lang.Object, java.lang.Object, java.lang.Object, java.lang.Object, java.lang.Object, java.lang.Object, java.lang.Object, java.lang.Object, java.lang.Object, java.lang.Object, java.lang.Object, java.lang.Object, java.lang.Object, java.lang.Ob
Event: 53.199 Thread 0x00000151fd3ae8e0 Exception <a 'java/lang/NoSuchMethodError'{0x000000068a4a2670}: 'java.lang.Object java.lang.invoke.DirectMethodHandle$Holder.newInvokeSpecial(java.lang.Object, java.lang.Object, java.lang.Object, java.lang.Object, java.lang.Object, java.lang.Object, java.lang.Object)'> (0x000000068a4a2670) 
thrown [s\src\hotspot\share\interpreter\linkResolver.cpp, line 773]

ZGC Phase Switch (0 events):
No events

VM Operations (20 events):
Event: 41.541 Executing safepoint VM operation: Cleanup
Event: 41.541 Executing safepoint VM operation: Cleanup done
Event: 42.546 Executing safepoint VM operation: Cleanup
Event: 42.546 Executing safepoint VM operation: Cleanup done
Event: 44.555 Executing safepoint VM operation: Cleanup
Event: 44.555 Executing safepoint VM operation: Cleanup done
Event: 45.565 Executing safepoint VM operation: Cleanup
Event: 45.565 Executing safepoint VM operation: Cleanup done
Event: 46.580 Executing safepoint VM operation: Cleanup
Event: 46.596 Executing safepoint VM operation: Cleanup done
Event: 47.598 Executing safepoint VM operation: Cleanup
Event: 47.598 Executing safepoint VM operation: Cleanup done
Event: 49.616 Executing safepoint VM operation: Cleanup
Event: 49.725 Executing safepoint VM operation: Cleanup done
Event: 50.727 Executing safepoint VM operation: Cleanup
Event: 50.728 Executing safepoint VM operation: Cleanup done
Event: 51.738 Executing safepoint VM operation: Cleanup
Event: 51.769 Executing safepoint VM operation: Cleanup done
Event: 52.784 Executing safepoint VM operation: Cleanup
Event: 52.800 Executing safepoint VM operation: Cleanup done

Memory protections (0 events):
No events

Nmethod flushes (0 events):
No events

Events (20 events):
Event: 0.988 Thread 0x00000151e62a4900 Thread added: 0x00000151fcd47640
Event: 0.989 Thread 0x00000151e62a4900 Thread added: 0x00000151fcd480a0
Event: 0.990 Thread 0x00000151e62a4900 Thread added: 0x00000151fcd49240
Event: 0.994 Thread 0x00000151e62a4900 Thread added: 0x00000151fcd55440
Event: 1.368 Thread 0x00000151e62a4900 Thread added: 0x00000151fd0908b0
Event: 1.533 Thread 0x00000151e62a4900 Thread added: 0x00000151fd0e7820
Event: 18.164 Thread 0x00000151e62a4900 Thread added: 0x00000151fd0362a0
Event: 23.898 Thread 0x00000151e62a4900 Thread added: 0x00000151fdc1f5f0
Event: 24.972 Thread 0x00000151e62a4900 Thread added: 0x00000151fdb52e80
Event: 25.567 Thread 0x00000151fdc1f5f0 Thread added: 0x00000151fd06e380
Event: 25.686 Thread 0x00000151fd06e380 Thread added: 0x00000151fdb6d970
Event: 26.510 Thread 0x00000151fd06e380 Thread added: 0x00000151fcec6010
Event: 26.608 Thread 0x00000151fd06e380 Thread added: 0x00000151fd3ae8e0
Event: 26.824 Thread 0x00000151fd3ae8e0 Thread added: 0x00000151fd3adbc0
Event: 26.848 Thread 0x00000151fd3ae8e0 Thread added: 0x00000151fd3ac810
Event: 26.919 Thread 0x00000151fd3ae8e0 Thread added: 0x00000151fd3ae250
Event: 32.923 Thread 0x00000151fd3ae8e0 Thread added: 0x00000151fd3ab460
Event: 32.952 Thread 0x00000151fd3ae8e0 Thread added: 0x00000151fd3abaf0
Event: 33.780 Thread 0x00000151fd3abaf0 Thread added: 0x00000151fd3ac180
Event: 34.497 Thread 0x00000151fd3ae8e0 Thread added: 0x00000151fd3ad530


Dynamic libraries:
0x00007ff7f4d70000 - 0x00007ff7f4d7e000 	C:\Users\nimes\.vscode\extensions\redhat.java-1.56.0-win32-x64\jre\21.0.12.1-win32-x86_64\bin\java.exe
0x00007ffd49220000 - 0x00007ffd49486000 	C:\WINDOWS\SYSTEM32\ntdll.dll
0x00007ffd47590000 - 0x00007ffd47659000 	C:\WINDOWS\System32\KERNEL32.DLL
0x00007ffd465f0000 - 0x00007ffd469f0000 	C:\WINDOWS\System32\KERNELBASE.dll
0x00007ffd46a00000 - 0x00007ffd46b4c000 	C:\WINDOWS\System32\ucrtbase.dll
0x00007ffcd2ce0000 - 0x00007ffcd2cfe000 	C:\Users\nimes\.vscode\extensions\redhat.java-1.56.0-win32-x64\jre\21.0.12.1-win32-x86_64\bin\VCRUNTIME140.dll
0x00007ffcda5b0000 - 0x00007ffcda5c8000 	C:\Users\nimes\.vscode\extensions\redhat.java-1.56.0-win32-x64\jre\21.0.12.1-win32-x86_64\bin\jli.dll
0x00007ffd48bf0000 - 0x00007ffd48db7000 	C:\WINDOWS\System32\USER32.dll
0x00007ffd21130000 - 0x00007ffd213c2000 	C:\WINDOWS\WinSxS\amd64_microsoft.windows.common-controls_6595b64144ccf1df_6.0.26100.8737_none_3e092eaee333b772\COMCTL32.dll
0x00007ffd465c0000 - 0x00007ffd465e7000 	C:\WINDOWS\System32\win32u.dll
0x00007ffd48030000 - 0x00007ffd4805b000 	C:\WINDOWS\System32\GDI32.dll
0x00007ffd46bf0000 - 0x00007ffd46d19000 	C:\WINDOWS\System32\gdi32full.dll
0x00007ffd46d20000 - 0x00007ffd46dc3000 	C:\WINDOWS\System32\msvcp_win.dll
0x00007ffd474e0000 - 0x00007ffd47589000 	C:\WINDOWS\System32\msvcrt.dll
0x00007ffd47f20000 - 0x00007ffd47f52000 	C:\WINDOWS\System32\IMM32.DLL
0x00007ffd30260000 - 0x00007ffd3026c000 	C:\Users\nimes\.vscode\extensions\redhat.java-1.56.0-win32-x64\jre\21.0.12.1-win32-x86_64\bin\vcruntime140_1.dll
0x00007ffccb2b0000 - 0x00007ffccb33d000 	C:\Users\nimes\.vscode\extensions\redhat.java-1.56.0-win32-x64\jre\21.0.12.1-win32-x86_64\bin\msvcp140.dll
0x00007ffc37910000 - 0x00007ffc386b2000 	C:\Users\nimes\.vscode\extensions\redhat.java-1.56.0-win32-x64\jre\21.0.12.1-win32-x86_64\bin\server\jvm.dll
0x00007ffd489c0000 - 0x00007ffd48a77000 	C:\WINDOWS\System32\ADVAPI32.dll
0x00007ffd48e50000 - 0x00007ffd48efa000 	C:\WINDOWS\System32\sechost.dll
0x00007ffd47660000 - 0x00007ffd47778000 	C:\WINDOWS\System32\RPCRT4.dll
0x00007ffd48f00000 - 0x00007ffd48f80000 	C:\WINDOWS\System32\WS2_32.dll
0x00007ffd462a0000 - 0x00007ffd462fe000 	C:\WINDOWS\SYSTEM32\POWRPROF.dll
0x00007ffd3bec0000 - 0x00007ffd3bef6000 	C:\WINDOWS\SYSTEM32\WINMM.dll
0x00007ffd32810000 - 0x00007ffd3281b000 	C:\WINDOWS\SYSTEM32\VERSION.dll
0x00007ffd46280000 - 0x00007ffd46294000 	C:\WINDOWS\SYSTEM32\UMPDC.dll
0x00007ffd45100000 - 0x00007ffd4511b000 	C:\WINDOWS\SYSTEM32\kernel.appcore.dll
0x00007ffd2e3b0000 - 0x00007ffd2e3ba000 	C:\Users\nimes\.vscode\extensions\redhat.java-1.56.0-win32-x64\jre\21.0.12.1-win32-x86_64\bin\jimage.dll
0x00007ffd43900000 - 0x00007ffd43b42000 	C:\WINDOWS\SYSTEM32\DBGHELP.DLL
0x00007ffd48140000 - 0x00007ffd484c3000 	C:\WINDOWS\System32\combase.dll
0x00007ffd48060000 - 0x00007ffd48139000 	C:\WINDOWS\System32\OLEAUT32.dll
0x00007ffd22930000 - 0x00007ffd2296b000 	C:\WINDOWS\SYSTEM32\dbgcore.DLL
0x00007ffd46440000 - 0x00007ffd464ec000 	C:\WINDOWS\System32\bcryptPrimitives.dll
0x00007ffd121c0000 - 0x00007ffd121cf000 	C:\Users\nimes\.vscode\extensions\redhat.java-1.56.0-win32-x64\jre\21.0.12.1-win32-x86_64\bin\instrument.dll
0x00007ffcd1070000 - 0x00007ffcd1090000 	C:\Users\nimes\.vscode\extensions\redhat.java-1.56.0-win32-x64\jre\21.0.12.1-win32-x86_64\bin\java.dll
0x00007ffd47780000 - 0x00007ffd47f12000 	C:\WINDOWS\System32\SHELL32.dll
0x00007ffd43eb0000 - 0x00007ffd44742000 	C:\WINDOWS\SYSTEM32\windows.storage.dll
0x00007ffd490b0000 - 0x00007ffd491a7000 	C:\WINDOWS\System32\SHCORE.dll
0x00007ffd47f60000 - 0x00007ffd47fc7000 	C:\WINDOWS\System32\shlwapi.dll
0x00007ffd46360000 - 0x00007ffd46389000 	C:\WINDOWS\SYSTEM32\profapi.dll
0x00007ffccf750000 - 0x00007ffccf768000 	C:\Users\nimes\.vscode\extensions\redhat.java-1.56.0-win32-x64\jre\21.0.12.1-win32-x86_64\bin\zip.dll
0x00007ffd122b0000 - 0x00007ffd122c0000 	C:\Users\nimes\.vscode\extensions\redhat.java-1.56.0-win32-x64\jre\21.0.12.1-win32-x86_64\bin\net.dll
0x00007ffd3bd90000 - 0x00007ffd3beb9000 	C:\WINDOWS\SYSTEM32\WINHTTP.dll
0x00007ffd456d0000 - 0x00007ffd4573c000 	C:\WINDOWS\system32\mswsock.dll
0x00007ffccf640000 - 0x00007ffccf656000 	C:\Users\nimes\.vscode\extensions\redhat.java-1.56.0-win32-x64\jre\21.0.12.1-win32-x86_64\bin\nio.dll
0x00007ffd12200000 - 0x00007ffd12210000 	C:\Users\nimes\.vscode\extensions\redhat.java-1.56.0-win32-x64\jre\21.0.12.1-win32-x86_64\bin\verify.dll
0x00007ffccb280000 - 0x00007ffccb2a7000 	C:\Users\nimes\.gradle\native\1def1411415f61bf3af743bc5b6707747c0891f09f0c88961ee8f79bc544acac\windows-amd64\native-platform.dll
0x00007ffcc8dc0000 - 0x00007ffcc8e38000 	C:\Users\nimes\.gradle\native\0.2.7\x86_64-windows-gnu\gradle-fileevents.dll
0x00007ffd12090000 - 0x00007ffd1209a000 	C:\Users\nimes\.vscode\extensions\redhat.java-1.56.0-win32-x64\jre\21.0.12.1-win32-x86_64\bin\management.dll
0x00007ffd11fb0000 - 0x00007ffd11fbc000 	C:\Users\nimes\.vscode\extensions\redhat.java-1.56.0-win32-x64\jre\21.0.12.1-win32-x86_64\bin\management_ext.dll
0x00007ffd46fa0000 - 0x00007ffd46fa8000 	C:\WINDOWS\System32\PSAPI.DLL
0x00007ffd44bf0000 - 0x00007ffd44c23000 	C:\WINDOWS\SYSTEM32\IPHLPAPI.DLL
0x00007ffd491d0000 - 0x00007ffd491da000 	C:\WINDOWS\System32\NSI.dll
0x00007ffd101c0000 - 0x00007ffd101c9000 	C:\Users\nimes\.vscode\extensions\redhat.java-1.56.0-win32-x64\jre\21.0.12.1-win32-x86_64\bin\extnet.dll
0x00007ffd459d0000 - 0x00007ffd459eb000 	C:\WINDOWS\SYSTEM32\CRYPTSP.dll
0x00007ffd45060000 - 0x00007ffd45099000 	C:\WINDOWS\system32\rsaenh.dll
0x00007ffd45790000 - 0x00007ffd457c2000 	C:\WINDOWS\SYSTEM32\USERENV.dll
0x00007ffd46330000 - 0x00007ffd4635a000 	C:\WINDOWS\SYSTEM32\bcrypt.dll
0x00007ffd459f0000 - 0x00007ffd459fc000 	C:\WINDOWS\SYSTEM32\CRYPTBASE.dll
0x00007ffcff730000 - 0x00007ffcff73e000 	C:\Users\nimes\.vscode\extensions\redhat.java-1.56.0-win32-x64\jre\21.0.12.1-win32-x86_64\bin\sunmscapi.dll
0x00007ffd46dd0000 - 0x00007ffd46f48000 	C:\WINDOWS\System32\CRYPT32.dll
0x00007ffd45c10000 - 0x00007ffd45c40000 	C:\WINDOWS\SYSTEM32\ncrypt.dll
0x00007ffd45bc0000 - 0x00007ffd45bff000 	C:\WINDOWS\SYSTEM32\NTASN1.dll
0x00007ffd173c0000 - 0x00007ffd173c8000 	C:\WINDOWS\system32\wshunix.dll

JVMTI agents:
C:\Users\nimes\.gradle\wrapper\dists\gradle-8.14-all\c2qonpi39x1mddn7hk5gh9iqj\gradle-8.14\lib\agents\gradle-instrumentation-agent-8.14.jar path:C:\Users\nimes\.vscode\extensions\redhat.java-1.56.0-win32-x64\jre\21.0.12.1-win32-x86_64\bin\instrument.dll, loaded, initialized, instrumentlib options:none

dbghelp: loaded successfully - version: 4.0.5 - missing functions: none
symbol engine: initialized successfully - sym options: 0x614 - pdb path: .;C:\Users\nimes\.vscode\extensions\redhat.java-1.56.0-win32-x64\jre\21.0.12.1-win32-x86_64\bin;C:\WINDOWS\SYSTEM32;C:\WINDOWS\WinSxS\amd64_microsoft.windows.common-controls_6595b64144ccf1df_6.0.26100.8737_none_3e092eaee333b772;C:\Users\nimes\.vscode\extensions\redhat.java-1.56.0-win32-x64\jre\21.0.12.1-win32-x86_64\bin\server;C:\Users\nimes\.gradle\native\1def1411415f61bf3af743bc5b6707747c0891f09f0c88961ee8f79bc544acac\windows-amd64;C:\Users\nimes\.gradle\native\0.2.7\x86_64-windows-gnu

VM Arguments:
jvm_args: --add-opens=java.base/java.lang=ALL-UNNAMED --add-opens=java.base/java.lang.invoke=ALL-UNNAMED --add-opens=java.base/java.util=ALL-UNNAMED --add-opens=java.prefs/java.util.prefs=ALL-UNNAMED --add-exports=jdk.compiler/com.sun.tools.javac.api=ALL-UNNAMED --add-exports=jdk.compiler/com.sun.tools.javac.util=ALL-UNNAMED --add-opens=java.base/java.util=ALL-UNNAMED --add-opens=java.prefs/java.util.prefs=ALL-UNNAMED --add-opens=java.base/java.nio.charset=ALL-UNNAMED --add-opens=java.base/java.net=ALL-UNNAMED --add-opens=java.base/java.util.concurrent.atomic=ALL-UNNAMED --add-opens=java.xml/javax.xml.namespace=ALL-UNNAMED -XX:MaxMetaspaceSize=1G -Xmx6G -Dfile.encoding=UTF-8 -Duser.country=US -Duser.language=en -Duser.variant -javaagent:C:\Users\nimes\.gradle\wrapper\dists\gradle-8.14-all\c2qonpi39x1mddn7hk5gh9iqj\gradle-8.14\lib\agents\gradle-instrumentation-agent-8.14.jar 
java_command: org.gradle.launcher.daemon.bootstrap.GradleDaemon 8.14
java_class_path (initial): C:\Users\nimes\.gradle\wrapper\dists\gradle-8.14-all\c2qonpi39x1mddn7hk5gh9iqj\gradle-8.14\lib\gradle-daemon-main-8.14.jar
Launcher Type: SUN_STANDARD

[Global flags]
     intx CICompilerCount                          = 4                                         {product} {ergonomic}
   size_t CompressedClassSpaceSize                 = 872415232                                 {product} {ergonomic}
     uint ConcGCThreads                            = 3                                         {product} {ergonomic}
     uint G1ConcRefinementThreads                  = 10                                        {product} {ergonomic}
   size_t G1HeapRegionSize                         = 4194304                                   {product} {ergonomic}
    uintx GCDrainStackTargetSize                   = 64                                        {product} {ergonomic}
   size_t InitialHeapSize                          = 264241152                                 {product} {ergonomic}
   size_t MarkStackSize                            = 4194304                                   {product} {ergonomic}
   size_t MaxHeapSize                              = 6442450944                                {product} {command line}
   size_t MaxMetaspaceSize                         = 1073741824                                {product} {command line}
   size_t MaxNewSize                               = 3862953984                                {product} {ergonomic}
   size_t MinHeapDeltaBytes                        = 4194304                                   {product} {ergonomic}
   size_t MinHeapSize                              = 8388608                                   {product} {ergonomic}
    uintx NonNMethodCodeHeapSize                   = 5839372                                {pd product} {ergonomic}
    uintx NonProfiledCodeHeapSize                  = 122909434                              {pd product} {ergonomic}
    uintx ProfiledCodeHeapSize                     = 122909434                              {pd product} {ergonomic}
    uintx ReservedCodeCacheSize                    = 251658240                              {pd product} {ergonomic}
     bool SegmentedCodeCache                       = true                                      {product} {ergonomic}
   size_t SoftMaxHeapSize                          = 6442450944                             {manageable} {ergonomic}
     bool UseCompressedOops                        = true                           {product lp64_product} {ergonomic}
     bool UseG1GC                                  = true                                      {product} {ergonomic}
     bool UseLargePagesIndividualAllocation        = false                                  {pd product} {ergonomic}

Logging:
Log output configuration:
 #0: stdout all=warning uptime,level,tags foldmultilines=false
 #1: stderr all=off uptime,level,tags foldmultilines=false

Release file:
JAVA_VERSION="21.0.12.1" 
MODULES="java.base java.compiler java.datatransfer java.xml java.prefs java.desktop java.instrument java.logging java.management java.security.sasl java.naming java.rmi java.management.rmi java.net.http java.scripting java.security.jgss java.transaction.xa java.sql java.sql.rowset java.xml.crypto java.se java.smartcardio jdk.accessibility jdk.internal.jvmstat jdk.attach jdk.charsets jdk.internal.opt jdk.zipfs jdk.compiler jdk.crypto.ec jdk.crypto.cryptoki jdk.crypto.mscapi jdk.dynalink jdk.internal.ed jdk.editpad jdk.hotspot.agent jdk.httpserver jdk.internal.le jdk.internal.vm.ci jdk.internal.vm.compiler jdk.internal.vm.compiler.management jdk.jartool jdk.javadoc jdk.jcmd jdk.management jdk.management.agent jdk.jconsole jdk.jdeps jdk.jdwp.agent jdk.jdi jdk.jfr jdk.jshell jdk.jsobject jdk.jstatd jdk.localedata jdk.management.jfr jdk.naming.dns jdk.naming.rmi jdk.net jdk.nio.mapmode jdk.random jdk.sctp jdk.security.auth jdk.security.jgss jdk.unsupported jdk.unsupported.desktop jdk.xml.dom" 

Environment Variables:
JAVA_HOME=C:\Program Files\Eclipse Adoptium\jdk-21.0.11.10-hotspot
PATH=C:\Program Files\Eclipse Adoptium\jdk-21.0.11.10-hotspot\bin;C:\Program Files\Common Files\Oracle\Java\javapath;C:\Python313\Scripts\;C:\Python313\;C:\Windows\system32;C:\Windows;C:\Windows\System32\Wbem;C:\Windows\System32\WindowsPowerShell\v1.0\;C:\Windows\System32\OpenSSH\;C:\Program Files (x86)\NVIDIA Corporation\PhysX\Common;C:\Program Files\Microsoft SQL Server\Client SDK\ODBC\110\Tools\Binn\;C:\Program Files (x86)\Microsoft SQL Server\120\Tools\Binn\;C:\Program Files\Microsoft SQL Server\120\Tools\Binn\;C:\Program Files\Microsoft SQL Server\120\DTS\Binn\;C:\Program Files (x86)\Windows Kits\8.1\Windows Performance Toolkit\;C:\Program Files\dotnet\;C:\Program Files\nodejs\;C:\Program Files\Git\cmd;C:\Users\nimes\AppData\Local\Pub\Cache\bin;C:\WINDOWS\system32;C:\WINDOWS;C:\WINDOWS\System32\Wbem;C:\WINDOWS\System32\WindowsPowerShell\v1.0\;C:\WINDOWS\System32\OpenSSH\;C:\Program Files\Apache\Maven\apache-maven-3.9.11\bin;C:\Program Files\MySQL\MySQL Server 8.0\bin;C:\Program Files\MySQL\MySQL Server 8.0\bin;D:\Sonar\sonar-scanner-7.2.0.5079-linux-x64;C:\Users\nimes\sonar-scanner-7.2.0.5079-linux-x64;C:\Program Files\PuTTY\;C:\Program Files\Microchip\xc8\v2.36\bin;C:\Program Files\Go\bin;C:\Program Files\Eclipse Adoptium\jdk-21\bin;c:\Users\nimes\AppData\Roaming\Code\User\globalStorage\github.copilot-chat\debugCommand;c:\Users\nimes\AppData\Roaming\Code\User\globalStorage\github.copilot-chat\copilotCli;C:\flutter\bin\;C:\Program Files\Eclipse Adoptium\jdk-21.0.11.10-hotspot\bin;C:\Program Files\Common Files\Oracle\Java\javapath;C:\Python313\Scripts\;C:\Python313\;C:\Windows\system32;C:\Windows;C:\Windows\System32\Wbem;C:\Windows\System32\WindowsPowerShell\v1.0\;C:\Windows\System32\OpenSSH\;C:\Program Files (x86)\NVIDIA Corporation\PhysX\Common;C:\Program Files\Microsoft SQL Server\Client SDK\ODBC\110\Tools\Binn\;C:\Program Files (x86)\Microsoft SQL Server\120\Tools\Binn\;C:\Program Files\Microsoft SQL Server\120\Tools\Binn\;C:\Program Files\Microsoft SQL Server\120\DTS\Binn\;C:\Program Files (x86)\Windows Kits\8.1\Windows Performance Toolkit\;C:\Program Files\dotnet\;C:\Program Files\nodejs\;C:\Program Files\Git\cmd;C:\Users\nimes\AppData\Local\Pub\Cache\bin;C:\WINDOWS\system32;C:\WINDOWS;C:\WINDOWS\System32\Wbem;C:\WINDOWS\System32\WindowsPowerShell\v1.0\;C:\WINDOWS\System32\OpenSSH\;C:\Program Files\Apache\Maven\apache-maven-3.9.11\bin;C:\Program Files\MySQL\MySQL Server 8.0\bin;C:\Program Files\MySQL\MySQL Server 8.0\bin;D:\Sonar\sonar-scanner-7.2.0.5079-linux-x64;C:\Users\nimes\sonar-scanner-7.2.0.5079-linux-x64;C:\Program Files\PuTTY\;C:\Program Files\Microchip\xc8\v2.36\bin;C:\Program Files\Go\bin;C:\Program Files\Eclipse Adoptium\jdk-21\bin;C:\Program Files\MySQL\MySQL Shell 8.0\bin\;C:\Users\nimes\AppData\Local\Programs\Python\Launcher\;C:\Users\nimes\Desktop\Semester 3\Data Structures\Project;C:\Users\nimes\AppData\Local\Microsoft\WindowsApps;C:\Users\nimes\AppData\Local\Programs\Microsoft VS Code\bin;C:\Users\nimes\.dotnet\tools;C:\Users\nimes\AppData\Roaming\npm;C:\Users\nimes\AppData\Local\GitHubDesktop\bin;C:\flutter\bin;C:\Users\YourUsername\AppData\Local\Programs\Python\C:\Users\YourUsername\AppData\Local\Programs\Python\Python 3.12\\;C:\Users\nimes\AppData\Local\Pub\Cache\binv;C:\MinGW\bin;C:\Users\nimes\go\bin;C:\Users\nimes\AppData\Local\Programs\Antigravity IDE\bin;C:\Program Files\Eclipse Adoptium\jdk-21.0.11.10-hotspot\bin;c:\Users\nimes\.vscode\extensions\vscjava.vscode-java-debug-0.59.0\bundled\scripts\noConfigScripts;C:\Program Files\PostgreSQL\18\\bin
USERNAME=nimes
OS=Windows_NT
PROCESSOR_IDENTIFIER=Intel64 Family 6 Model 154 Stepping 4, GenuineIntel
TMP=C:\Users\nimes\AppData\Local\Temp
TEMP=C:\Users\nimes\AppData\Local\Temp




Periodic native trim disabled

---------------  S Y S T E M  ---------------

OS:
 Windows 11 , 64 bit Build 26100 (10.0.26100.8737)
OS uptime: 0 days 6:04 hours
Hyper-V role detected

CPU: total 12 (initial active 12) (6 cores per cpu, 2 threads per core) family 6 model 154 stepping 4 microcode 0x423, cx8, cmov, fxsr, ht, mmx, 3dnowpref, sse, sse2, sse3, ssse3, sse4.1, sse4.2, popcnt, lzcnt, tsc, tscinvbit, avx, avx2, aes, erms, clmul, bmi1, bmi2, adx, sha, fma, vzeroupper, clflush, clflushopt, clwb, hv, serialize, rdtscp, rdpid, fsrm, f16c, cet_ibt, cet_ss
Processor Information for processor 0
  Max Mhz: 1300, Current Mhz: 1300, Mhz Limit: 1300
Processor Information for processor 1
  Max Mhz: 1300, Current Mhz: 1300, Mhz Limit: 1300
Processor Information for processor 2
  Max Mhz: 1300, Current Mhz: 1300, Mhz Limit: 1300
Processor Information for processor 3
  Max Mhz: 1300, Current Mhz: 1300, Mhz Limit: 1300
Processor Information for processor 4
  Max Mhz: 1300, Current Mhz: 900, Mhz Limit: 897
Processor Information for processor 5
  Max Mhz: 1300, Current Mhz: 900, Mhz Limit: 897
Processor Information for processor 6
  Max Mhz: 1300, Current Mhz: 900, Mhz Limit: 897
Processor Information for processor 7
  Max Mhz: 1300, Current Mhz: 900, Mhz Limit: 897
Processor Information for processor 8
  Max Mhz: 1300, Current Mhz: 900, Mhz Limit: 897
Processor Information for processor 9
  Max Mhz: 1300, Current Mhz: 900, Mhz Limit: 897
Processor Information for processor 10
  Max Mhz: 1300, Current Mhz: 900, Mhz Limit: 897
Processor Information for processor 11
  Max Mhz: 1300, Current Mhz: 900, Mhz Limit: 897

Memory: 4k page, system-wide physical 16088M (677M free)
TotalPageFile size 36854M (AvailPageFile size 814M)
current process WorkingSet (physical memory assigned to process): 193M, peak: 204M
current process commit charge ("private bytes"): 396M, peak: 414M

vm_info: OpenJDK 64-Bit Server VM (21.0.12.1+1-LTS) for windows-amd64 JRE (21.0.12.1+1-LTS), built on 2026-08-18T00:00:00Z by "admin" with MS VC++ 17.12 (VS2022)

END.
