#
# There is insufficient memory for the Java Runtime Environment to continue.
# Native memory allocation (mmap) failed to map 65536 bytes. Error detail: Failed to commit metaspace.
# Possible reasons:
#   The system is out of physical RAM or swap space
#   This process is running with CompressedOops enabled, and the Java Heap may be blocking the growth of the native heap
# Possible solutions:
#   Reduce memory load on the system
#   Increase physical memory or swap space
#   Check if swap backing store is full
#   Decrease Java heap size (-Xmx/-Xms)
#   Decrease number of Java threads
#   Decrease Java thread stack sizes (-Xss)
#   Set larger code cache with -XX:ReservedCodeCacheSize=
#   JVM is running with Zero Based Compressed Oops mode in which the Java heap is
#     placed in the first 32GB address space. The Java Heap base address is the
#     maximum limit for the native heap growth. Please use -XX:HeapBaseMinAddress
#     to set the Java Heap base and to place the Java Heap above 32GB virtual address.
# This output file may be truncated or incomplete.
#
#  Out of Memory Error (virtualSpaceNode.cpp:113), pid=19572, tid=16176
#
# JRE version: OpenJDK Runtime Environment Temurin-21.0.12.1+1 (21.0.12.1+1) (build 21.0.12.1+1-LTS)
# Java VM: OpenJDK 64-Bit Server VM Temurin-21.0.12.1+1 (21.0.12.1+1-LTS, mixed mode, sharing, tiered, compressed oops, compressed class ptrs, g1 gc, windows-amd64)
# No core dump will be written. Minidumps are not enabled by default on client versions of Windows
#

---------------  S U M M A R Y ------------

Command Line: --add-opens=java.base/java.lang=ALL-UNNAMED --add-opens=java.base/java.lang.invoke=ALL-UNNAMED --add-opens=java.base/java.util=ALL-UNNAMED --add-opens=java.prefs/java.util.prefs=ALL-UNNAMED --add-exports=jdk.compiler/com.sun.tools.javac.api=ALL-UNNAMED --add-exports=jdk.compiler/com.sun.tools.javac.util=ALL-UNNAMED --add-opens=java.base/java.util=ALL-UNNAMED --add-opens=java.prefs/java.util.prefs=ALL-UNNAMED --add-opens=java.base/java.nio.charset=ALL-UNNAMED --add-opens=java.base/java.net=ALL-UNNAMED --add-opens=java.base/java.util.concurrent.atomic=ALL-UNNAMED --add-opens=java.xml/javax.xml.namespace=ALL-UNNAMED -XX:MaxMetaspaceSize=1G -Xmx6G -Dfile.encoding=UTF-8 -Duser.country=US -Duser.language=en -Duser.variant -javaagent:C:\Users\nimes\.gradle\wrapper\dists\gradle-8.14-all\c2qonpi39x1mddn7hk5gh9iqj\gradle-8.14\lib\agents\gradle-instrumentation-agent-8.14.jar org.gradle.launcher.daemon.bootstrap.GradleDaemon 8.14

Host: 12th Gen Intel(R) Core(TM) i5-1235U, 12 cores, 15G,  Windows 11 , 64 bit Build 26100 (10.0.26100.8737)
Time: Mon Sep  7 16:03:27 2026 Sri Lanka Standard Time elapsed time: 179.712527 seconds (0d 0h 2m 59s)

---------------  T H R E A D  ---------------

Current thread (0x000002410a607000):  JavaThread "Daemon worker"        [_thread_in_vm, id=16176, stack(0x000000b2e0800000,0x000000b2e0900000) (1024K)]

Stack: [0x000000b2e0800000,0x000000b2e0900000]
Native frames: (J=compiled Java code, j=interpreted, Vv=VM code, C=native code)
V  [jvm.dll+0x6d83e9]
V  [jvm.dll+0x8b5736]
V  [jvm.dll+0x8b7cee]
V  [jvm.dll+0x8b83d3]
V  [jvm.dll+0x284596]
V  [jvm.dll+0x8b147e]
V  [jvm.dll+0x679ad4]
V  [jvm.dll+0x1e849b]
V  [jvm.dll+0x1e825e]
V  [jvm.dll+0x67c3d2]
V  [jvm.dll+0x67c202]
V  [jvm.dll+0x67a4ae]
V  [jvm.dll+0x684758]
V  [jvm.dll+0x21973e]
V  [jvm.dll+0x219be5]
V  [jvm.dll+0x21a5d8]
V  [jvm.dll+0x20f80e]
V  [jvm.dll+0x5b6a7f]
V  [jvm.dll+0x82f606]
V  [jvm.dll+0x4792f8]
V  [jvm.dll+0x47f128]
C  [java.dll+0x17ec]

Java frames: (J=compiled Java code, j=interpreted, Vv=VM code)
J 838  java.lang.ClassLoader.defineClass1(Ljava/lang/ClassLoader;Ljava/lang/String;[BIILjava/security/ProtectionDomain;Ljava/lang/String;)Ljava/lang/Class; java.base@21.0.12.1 (0 bytes) @ 0x00000240bdafc191 [0x00000240bdafc0c0+0x00000000000000d1]
J 11569 c2 java.security.SecureClassLoader.defineClass(Ljava/lang/String;[BIILjava/security/CodeSource;)Ljava/lang/Class; java.base@21.0.12.1 (16 bytes) @ 0x00000240be092440 [0x00000240be091dc0+0x0000000000000680]
J 3756 c1 java.net.URLClassLoader.defineClass(Ljava/lang/String;Ljdk/internal/loader/Resource;)Ljava/lang/Class; java.base@21.0.12.1 (224 bytes) @ 0x00000240b672f2b4 [0x00000240b672dfc0+0x00000000000012f4]
J 11564 c1 java.net.URLClassLoader$1.run()Ljava/lang/Class; java.base@21.0.12.1 (81 bytes) @ 0x00000240b6b0b72c [0x00000240b6b0aae0+0x0000000000000c4c]
J 5749 c2 java.net.URLClassLoader$1.run()Ljava/lang/Object; java.base@21.0.12.1 (5 bytes) @ 0x00000240bdddf060 [0x00000240bdddf020+0x0000000000000040]
J 3221 c2 java.net.URLClassLoader.findClass(Ljava/lang/String;)Ljava/lang/Class; java.base@21.0.12.1 (47 bytes) @ 0x00000240bdc53ca8 [0x00000240bdc53be0+0x00000000000000c8]
J 7722 c1 org.gradle.internal.classloader.VisitableURLClassLoader$InstrumentingVisitableURLClassLoader.findClass(Ljava/lang/String;)Ljava/lang/Class; (36 bytes) @ 0x00000240b6c99b04 [0x00000240b6c99a20+0x00000000000000e4]
J 4509 c2 java.lang.ClassLoader.loadClass(Ljava/lang/String;Z)Ljava/lang/Class; java.base@21.0.12.1 (121 bytes) @ 0x00000240bdd36db8 [0x00000240bdd33f80+0x0000000000002e38]
J 3582 c2 java.lang.ClassLoader.loadClass(Ljava/lang/String;)Ljava/lang/Class; java.base@21.0.12.1 (7 bytes) @ 0x00000240bdc95b6c [0x00000240bdc95b20+0x000000000000004c]
v  ~StubRoutines::call_stub 0x00000240bd50100d
j  org.jetbrains.kotlin.gradle.plugin.KotlinAndroidPlugin$apply$1.invoke()Lorg/jetbrains/kotlin/gradle/plugin/mpp/KotlinAndroidTarget;+96
j  org.jetbrains.kotlin.gradle.plugin.KotlinAndroidPlugin$apply$1.invoke()Ljava/lang/Object;+1
j  org.jetbrains.kotlin.gradle.plugin.KotlinAndroidPlugin$Companion$dynamicallyApplyWhenAndroidPluginIsApplied$2$1.execute(Lorg/gradle/api/Plugin;)V+12
j  org.jetbrains.kotlin.gradle.plugin.KotlinAndroidPlugin$Companion$dynamicallyApplyWhenAndroidPluginIsApplied$2$1.execute(Ljava/lang/Object;)V+5
J 8567 c1 org.gradle.internal.code.DefaultUserCodeApplicationContext$CurrentApplication$1.execute(Ljava/lang/Object;)V (79 bytes) @ 0x00000240b6e44614 [0x00000240b6e44240+0x00000000000003d4]
J 11657 c1 org.gradle.api.internal.DefaultCollectionCallbackActionDecorator$BuildOperationEmittingAction$1.run(Lorg/gradle/internal/operations/BuildOperationContext;)V (26 bytes) @ 0x00000240b7169d1c [0x00000240b7169be0+0x000000000000013c]
J 8474 c1 org.gradle.internal.operations.DefaultBuildOperationRunner$1.execute(Lorg/gradle/internal/operations/BuildOperation;Lorg/gradle/internal/operations/BuildOperationContext;)V (10 bytes) @ 0x00000240b6e108c4 [0x00000240b6e10660+0x0000000000000264]
J 7760 c1 org.gradle.internal.operations.DefaultBuildOperationRunner$2.execute(Lorg/gradle/internal/operations/BuildOperationDescriptor;Lorg/gradle/internal/operations/BuildOperationState;Lorg/gradle/internal/operations/BuildOperationState;Lorg/gradle/internal/operations/DefaultBuildOperationRunner$ReadableBuildOperationContext;Lorg/gradle/internal/operations/DefaultBuildOperationRunner$BuildOperationExecutionListener;)Lorg/gradle/internal/operations/BuildOperation; (110 bytes) @ 0x00000240b6cadf4c [0x00000240b6cadd40+0x000000000000020c]
J 7765 c1 org.gradle.internal.operations.DefaultBuildOperationRunner$2.execute(Lorg/gradle/internal/operations/BuildOperationDescriptor;Lorg/gradle/internal/operations/BuildOperationState;Lorg/gradle/internal/operations/BuildOperationState;Lorg/gradle/internal/operations/DefaultBuildOperationRunner$ReadableBuildOperationContext;Lorg/gradle/internal/operations/DefaultBuildOperationRunner$BuildOperationExecutionListener;)Ljava/lang/Object; (12 bytes) @ 0x00000240b680193c [0x00000240b68018c0+0x000000000000007c]
J 9427 c1 org.gradle.internal.operations.DefaultBuildOperationRunner.execute(Lorg/gradle/internal/operations/BuildOperationDescriptor$Builder;Lorg/gradle/internal/operations/BuildOperationState;Lorg/gradle/internal/operations/DefaultBuildOperationRunner$BuildOperationExecution;)Ljava/lang/Object; (147 bytes) @ 0x00000240b68e3514 [0x00000240b68e2980+0x0000000000000b94]
J 7017 c1 org.gradle.internal.operations.DefaultBuildOperationRunner.execute(Lorg/gradle/internal/operations/BuildOperation;Lorg/gradle/internal/operations/BuildOperationWorker;Lorg/gradle/internal/operations/BuildOperationState;)V (23 bytes) @ 0x00000240b6bef524 [0x00000240b6bef260+0x00000000000002c4]
J 8568 c1 org.gradle.api.internal.DefaultCollectionCallbackActionDecorator$BuildOperationEmittingAction.execute(Ljava/lang/Object;)V (26 bytes) @ 0x00000240b6e454dc [0x00000240b6e44ec0+0x000000000000061c]
J 8794 c1 org.gradle.api.internal.collections.CollectionFilter$1.execute(Ljava/lang/Object;)V (24 bytes) @ 0x00000240b6eba974 [0x00000240b6eba7e0+0x0000000000000194]
j  org.gradle.api.internal.DefaultDomainObjectCollection.all(Lorg/gradle/api/Action;)V+114
j  org.gradle.api.internal.plugins.DefaultPluginContainer$2.execute(Lorg/gradle/api/internal/plugins/PluginManagerInternal$PluginWithId;)V+20
j  org.gradle.api.internal.plugins.DefaultPluginContainer$2.execute(Ljava/lang/Object;)V+5
J 8567 c1 org.gradle.internal.code.DefaultUserCodeApplicationContext$CurrentApplication$1.execute(Ljava/lang/Object;)V (79 bytes) @ 0x00000240b6e44614 [0x00000240b6e44240+0x00000000000003d4]
J 11657 c1 org.gradle.api.internal.DefaultCollectionCallbackActionDecorator$BuildOperationEmittingAction$1.run(Lorg/gradle/internal/operations/BuildOperationContext;)V (26 bytes) @ 0x00000240b7169d1c [0x00000240b7169be0+0x000000000000013c]
J 8474 c1 org.gradle.internal.operations.DefaultBuildOperationRunner$1.execute(Lorg/gradle/internal/operations/BuildOperation;Lorg/gradle/internal/operations/BuildOperationContext;)V (10 bytes) @ 0x00000240b6e108c4 [0x00000240b6e10660+0x0000000000000264]
J 7760 c1 org.gradle.internal.operations.DefaultBuildOperationRunner$2.execute(Lorg/gradle/internal/operations/BuildOperationDescriptor;Lorg/gradle/internal/operations/BuildOperationState;Lorg/gradle/internal/operations/BuildOperationState;Lorg/gradle/internal/operations/DefaultBuildOperationRunner$ReadableBuildOperationContext;Lorg/gradle/internal/operations/DefaultBuildOperationRunner$BuildOperationExecutionListener;)Lorg/gradle/internal/operations/BuildOperation; (110 bytes) @ 0x00000240b6cadf4c [0x00000240b6cadd40+0x000000000000020c]
J 7765 c1 org.gradle.internal.operations.DefaultBuildOperationRunner$2.execute(Lorg/gradle/internal/operations/BuildOperationDescriptor;Lorg/gradle/internal/operations/BuildOperationState;Lorg/gradle/internal/operations/BuildOperationState;Lorg/gradle/internal/operations/DefaultBuildOperationRunner$ReadableBuildOperationContext;Lorg/gradle/internal/operations/DefaultBuildOperationRunner$BuildOperationExecutionListener;)Ljava/lang/Object; (12 bytes) @ 0x00000240b680193c [0x00000240b68018c0+0x000000000000007c]
J 9427 c1 org.gradle.internal.operations.DefaultBuildOperationRunner.execute(Lorg/gradle/internal/operations/BuildOperationDescriptor$Builder;Lorg/gradle/internal/operations/BuildOperationState;Lorg/gradle/internal/operations/DefaultBuildOperationRunner$BuildOperationExecution;)Ljava/lang/Object; (147 bytes) @ 0x00000240b68e3514 [0x00000240b68e2980+0x0000000000000b94]
J 7017 c1 org.gradle.internal.operations.DefaultBuildOperationRunner.execute(Lorg/gradle/internal/operations/BuildOperation;Lorg/gradle/internal/operations/BuildOperationWorker;Lorg/gradle/internal/operations/BuildOperationState;)V (23 bytes) @ 0x00000240b6bef524 [0x00000240b6bef260+0x00000000000002c4]
J 8568 c1 org.gradle.api.internal.DefaultCollectionCallbackActionDecorator$BuildOperationEmittingAction.execute(Ljava/lang/Object;)V (26 bytes) @ 0x00000240b6e454dc [0x00000240b6e44ec0+0x000000000000061c]
j  org.gradle.api.internal.DefaultDomainObjectCollection.all(Lorg/gradle/api/Action;)V+114
j  org.gradle.api.internal.plugins.DefaultPluginContainer.withId(Ljava/lang/String;Lorg/gradle/api/Action;)V+21
j  org.jetbrains.kotlin.gradle.plugin.KotlinAndroidPlugin$Companion.dynamicallyApplyWhenAndroidPluginIsApplied$kotlin_gradle_plugin_common(Lorg/gradle/api/Project;Lkotlin/jvm/functions/Function0;Lkotlin/jvm/functions/Function1;)V+98
j  org.jetbrains.kotlin.gradle.plugin.KotlinAndroidPlugin.apply(Lorg/gradle/api/Project;)V+33
j  org.jetbrains.kotlin.gradle.plugin.KotlinAndroidPlugin.apply(Ljava/lang/Object;)V+5
j  org.jetbrains.kotlin.gradle.plugin.KotlinBasePluginWrapper.apply(Lorg/gradle/api/Project;)V+209
j  org.jetbrains.kotlin.gradle.plugin.KotlinAndroidPluginWrapper.apply(Lorg/gradle/api/Project;)V+12
j  org.jetbrains.kotlin.gradle.plugin.KotlinAndroidPluginWrapper.apply(Ljava/lang/Object;)V+5
j  org.gradle.api.internal.plugins.ImperativeOnlyPluginTarget.applyImperative(Ljava/lang/String;Lorg/gradle/api/Plugin;)V+13
j  org.gradle.api.internal.plugins.RuleBasedPluginTarget.applyImperative(Ljava/lang/String;Lorg/gradle/api/Plugin;)V+6
j  org.gradle.api.internal.plugins.DefaultPluginManager.addPlugin(Ljava/lang/Runnable;Lorg/gradle/api/internal/plugins/PluginImplementation;Ljava/lang/String;Ljava/lang/Class;)V+54
j  org.gradle.api.internal.plugins.DefaultPluginManager.access$100(Lorg/gradle/api/internal/plugins/DefaultPluginManager;Ljava/lang/Runnable;Lorg/gradle/api/internal/plugins/PluginImplementation;Ljava/lang/String;Ljava/lang/Class;)V+6
j  org.gradle.api.internal.plugins.DefaultPluginManager$AddPluginBuildOperation.run(Lorg/gradle/internal/operations/BuildOperationContext;)V+20
J 8474 c1 org.gradle.internal.operations.DefaultBuildOperationRunner$1.execute(Lorg/gradle/internal/operations/BuildOperation;Lorg/gradle/internal/operations/BuildOperationContext;)V (10 bytes) @ 0x00000240b6e108c4 [0x00000240b6e10660+0x0000000000000264]
J 7760 c1 org.gradle.internal.operations.DefaultBuildOperationRunner$2.execute(Lorg/gradle/internal/operations/BuildOperationDescriptor;Lorg/gradle/internal/operations/BuildOperationState;Lorg/gradle/internal/operations/BuildOperationState;Lorg/gradle/internal/operations/DefaultBuildOperationRunner$ReadableBuildOperationContext;Lorg/gradle/internal/operations/DefaultBuildOperationRunner$BuildOperationExecutionListener;)Lorg/gradle/internal/operations/BuildOperation; (110 bytes) @ 0x00000240b6cadf4c [0x00000240b6cadd40+0x000000000000020c]
J 7765 c1 org.gradle.internal.operations.DefaultBuildOperationRunner$2.execute(Lorg/gradle/internal/operations/BuildOperationDescriptor;Lorg/gradle/internal/operations/BuildOperationState;Lorg/gradle/internal/operations/BuildOperationState;Lorg/gradle/internal/operations/DefaultBuildOperationRunner$ReadableBuildOperationContext;Lorg/gradle/internal/operations/DefaultBuildOperationRunner$BuildOperationExecutionListener;)Ljava/lang/Object; (12 bytes) @ 0x00000240b680193c [0x00000240b68018c0+0x000000000000007c]
J 9427 c1 org.gradle.internal.operations.DefaultBuildOperationRunner.execute(Lorg/gradle/internal/operations/BuildOperationDescriptor$Builder;Lorg/gradle/internal/operations/BuildOperationState;Lorg/gradle/internal/operations/DefaultBuildOperationRunner$BuildOperationExecution;)Ljava/lang/Object; (147 bytes) @ 0x00000240b68e3514 [0x00000240b68e2980+0x0000000000000b94]
J 7017 c1 org.gradle.internal.operations.DefaultBuildOperationRunner.execute(Lorg/gradle/internal/operations/BuildOperation;Lorg/gradle/internal/operations/BuildOperationWorker;Lorg/gradle/internal/operations/BuildOperationState;)V (23 bytes) @ 0x00000240b6bef524 [0x00000240b6bef260+0x00000000000002c4]
J 8473 c1 org.gradle.internal.operations.DefaultBuildOperationRunner.run(Lorg/gradle/internal/operations/RunnableBuildOperation;)V (13 bytes) @ 0x00000240b6e10164 [0x00000240b6e0fd80+0x00000000000003e4]
j  org.gradle.api.internal.plugins.DefaultPluginManager.lambda$doApply$0(Ljava/lang/Runnable;Lorg/gradle/api/internal/plugins/PluginImplementation;Ljava/lang/String;Ljava/lang/Class;Lorg/gradle/internal/code/UserCodeApplicationId;)V+20
j  org.gradle.api.internal.plugins.DefaultPluginManager$$Lambda+0x00000240d1727670.execute(Ljava/lang/Object;)V+24
j  org.gradle.internal.code.DefaultUserCodeApplicationContext.apply(Lorg/gradle/internal/code/UserCodeSource;Lorg/gradle/api/Action;)V+37
j  org.gradle.api.internal.plugins.DefaultPluginManager.doApply(Lorg/gradle/api/internal/plugins/PluginImplementation;)V+144
j  org.gradle.api.internal.plugins.DefaultPluginManager.apply(Lorg/gradle/api/internal/plugins/PluginImplementation;)V+2
j  org.gradle.plugin.use.resolve.internal.ClassPathPluginResolution.applyTo(Lorg/gradle/api/internal/plugins/PluginManagerInternal;)V+5
j  org.gradle.plugin.use.internal.DefaultPluginRequestApplicator$ApplyAction.apply(Lorg/gradle/api/internal/plugins/PluginManagerInternal;)V+21
j  org.gradle.plugin.use.internal.DefaultPluginRequestApplicator.lambda$applyPlugins$1(Lorg/gradle/api/internal/plugins/PluginManagerInternal;Lorg/gradle/plugin/use/internal/DefaultPluginRequestApplicator$ApplyAction;)V+2
j  org.gradle.plugin.use.internal.DefaultPluginRequestApplicator$$Lambda+0x00000240d182daf0.accept(Ljava/lang/Object;)V+8
J 11182 c1 java.util.ArrayList.forEach(Ljava/util/function/Consumer;)V java.base@21.0.12.1 (74 bytes) @ 0x00000240b6bfb754 [0x00000240b6bfb520+0x0000000000000234]
j  org.gradle.plugin.use.internal.DefaultPluginRequestApplicator.applyPlugins(Lorg/gradle/plugin/management/internal/PluginRequests;Lorg/gradle/api/internal/initialization/ScriptHandlerInternal;Lorg/gradle/api/internal/plugins/PluginManagerInternal;Lorg/gradle/api/internal/initialization/ClassLoaderScope;)V+375
j  org.gradle.kotlin.dsl.provider.PluginRequestsHandler.handle(Lorg/gradle/plugin/management/internal/PluginRequests;Lorg/gradle/api/internal/initialization/ScriptHandlerInternal;Lorg/gradle/api/internal/plugins/PluginAwareInternal;Lorg/gradle/api/internal/initialization/ClassLoaderScope;)V+65
j  org.gradle.kotlin.dsl.provider.StandardKotlinScriptEvaluator$InterpreterHost.applyPluginsTo(Lorg/gradle/kotlin/dsl/support/KotlinScriptHost;Lorg/gradle/plugin/management/internal/PluginRequests;)V+53
j  org.gradle.kotlin.dsl.execution.Interpreter$ProgramHost.applyPluginsTo(Lorg/gradle/kotlin/dsl/support/KotlinScriptHost;Lorg/gradle/plugin/management/internal/PluginRequests;)V+21
j  Program.execute(Lorg/gradle/kotlin/dsl/execution/ExecutableProgram$Host;Lorg/gradle/kotlin/dsl/support/KotlinScriptHost;)V+59
j  org.gradle.kotlin.dsl.execution.Interpreter$ProgramHost.eval(Lorg/gradle/kotlin/dsl/execution/CompiledScript;Lorg/gradle/kotlin/dsl/support/KotlinScriptHost;)V+88
j  org.gradle.kotlin.dsl.execution.Interpreter.eval(Ljava/lang/Object;Lorg/gradle/groovy/scripts/ScriptSource;Lorg/gradle/internal/hash/HashCode;Lorg/gradle/api/initialization/dsl/ScriptHandler;Lorg/gradle/api/internal/initialization/ClassLoaderScope;Lorg/gradle/api/internal/initialization/ClassLoaderScope;ZLjava/util/EnumSet;)V+213
j  org.gradle.kotlin.dsl.provider.StandardKotlinScriptEvaluator.evaluate(Ljava/lang/Object;Lorg/gradle/groovy/scripts/ScriptSource;Lorg/gradle/api/initialization/dsl/ScriptHandler;Lorg/gradle/api/internal/initialization/ClassLoaderScope;Lorg/gradle/api/internal/initialization/ClassLoaderScope;ZLjava/util/EnumSet;)V+163
j  org.gradle.kotlin.dsl.provider.KotlinScriptPluginFactory$create$1.invoke(Ljava/lang/Object;)V+72
j  org.gradle.kotlin.dsl.provider.KotlinScriptPluginFactory$create$1.invoke(Ljava/lang/Object;)Ljava/lang/Object;+2
j  org.gradle.kotlin.dsl.provider.KotlinScriptPlugin.apply(Ljava/lang/Object;)V+22
j  org.gradle.configuration.BuildOperationScriptPlugin$1.run(Lorg/gradle/internal/operations/BuildOperationContext;)V+11
J 8474 c1 org.gradle.internal.operations.DefaultBuildOperationRunner$1.execute(Lorg/gradle/internal/operations/BuildOperation;Lorg/gradle/internal/operations/BuildOperationContext;)V (10 bytes) @ 0x00000240b6e108c4 [0x00000240b6e10660+0x0000000000000264]
J 7760 c1 org.gradle.internal.operations.DefaultBuildOperationRunner$2.execute(Lorg/gradle/internal/operations/BuildOperationDescriptor;Lorg/gradle/internal/operations/BuildOperationState;Lorg/gradle/internal/operations/BuildOperationState;Lorg/gradle/internal/operations/DefaultBuildOperationRunner$ReadableBuildOperationContext;Lorg/gradle/internal/operations/DefaultBuildOperationRunner$BuildOperationExecutionListener;)Lorg/gradle/internal/operations/BuildOperation; (110 bytes) @ 0x00000240b6cadf4c [0x00000240b6cadd40+0x000000000000020c]
J 7765 c1 org.gradle.internal.operations.DefaultBuildOperationRunner$2.execute(Lorg/gradle/internal/operations/BuildOperationDescriptor;Lorg/gradle/internal/operations/BuildOperationState;Lorg/gradle/internal/operations/BuildOperationState;Lorg/gradle/internal/operations/DefaultBuildOperationRunner$ReadableBuildOperationContext;Lorg/gradle/internal/operations/DefaultBuildOperationRunner$BuildOperationExecutionListener;)Ljava/lang/Object; (12 bytes) @ 0x00000240b680193c [0x00000240b68018c0+0x000000000000007c]
J 9427 c1 org.gradle.internal.operations.DefaultBuildOperationRunner.execute(Lorg/gradle/internal/operations/BuildOperationDescriptor$Builder;Lorg/gradle/internal/operations/BuildOperationState;Lorg/gradle/internal/operations/DefaultBuildOperationRunner$BuildOperationExecution;)Ljava/lang/Object; (147 bytes) @ 0x00000240b68e3514 [0x00000240b68e2980+0x0000000000000b94]
J 7017 c1 org.gradle.internal.operations.DefaultBuildOperationRunner.execute(Lorg/gradle/internal/operations/BuildOperation;Lorg/gradle/internal/operations/BuildOperationWorker;Lorg/gradle/internal/operations/BuildOperationState;)V (23 bytes) @ 0x00000240b6bef524 [0x00000240b6bef260+0x00000000000002c4]
J 8473 c1 org.gradle.internal.operations.DefaultBuildOperationRunner.run(Lorg/gradle/internal/operations/RunnableBuildOperation;)V (13 bytes) @ 0x00000240b6e10164 [0x00000240b6e0fd80+0x00000000000003e4]
j  org.gradle.configuration.BuildOperationScriptPlugin.lambda$apply$0(Ljava/lang/Object;Lorg/gradle/internal/code/UserCodeApplicationId;)V+14
j  org.gradle.configuration.BuildOperationScriptPlugin$$Lambda+0x00000240d141aef8.execute(Ljava/lang/Object;)V+12
j  org.gradle.internal.code.DefaultUserCodeApplicationContext.apply(Lorg/gradle/internal/code/UserCodeSource;Lorg/gradle/api/Action;)V+37
j  org.gradle.configuration.BuildOperationScriptPlugin.apply(Ljava/lang/Object;)V+71
j  org.gradle.configuration.project.BuildScriptProcessor$$Lambda+0x00000240d175f708.accept(Ljava/lang/Object;)V+8
j  org.gradle.api.internal.project.DefaultProjectStateRegistry$ProjectStateImpl.lambda$applyToMutableState$1(Ljava/util/function/Consumer;Lorg/gradle/api/internal/project/ProjectInternal;)Ljava/lang/Object;+2
j  org.gradle.api.internal.project.DefaultProjectStateRegistry$ProjectStateImpl$$Lambda+0x00000240d1707488.apply(Ljava/lang/Object;)Ljava/lang/Object;+8
j  org.gradle.api.internal.project.DefaultProjectStateRegistry$ProjectStateImpl.fromMutableState(Ljava/util/function/Function;)Ljava/lang/Object;+97
j  org.gradle.api.internal.project.DefaultProjectStateRegistry$ProjectStateImpl.applyToMutableState(Ljava/util/function/Consumer;)V+7
j  org.gradle.configuration.project.BuildScriptProcessor.execute(Lorg/gradle/api/internal/project/ProjectInternal;)V+88
j  org.gradle.configuration.project.BuildScriptProcessor.execute(Ljava/lang/Object;)V+5
j  org.gradle.configuration.project.ConfigureActionsProjectEvaluator.evaluate(Lorg/gradle/api/internal/project/ProjectInternal;Lorg/gradle/api/internal/project/ProjectStateInternal;)V+33
j  org.gradle.configuration.project.LifecycleProjectEvaluator$EvaluateProject.lambda$run$0(Lorg/gradle/internal/operations/BuildOperationContext;Lorg/gradle/api/internal/project/ProjectInternal;)V+67
j  org.gradle.configuration.project.LifecycleProjectEvaluator$EvaluateProject$$Lambda+0x00000240d17146d0.accept(Ljava/lang/Object;)V+12
j  org.gradle.api.internal.project.DefaultProjectStateRegistry$ProjectStateImpl.lambda$applyToMutableState$1(Ljava/util/function/Consumer;Lorg/gradle/api/internal/project/ProjectInternal;)Ljava/lang/Object;+2
j  org.gradle.api.internal.project.DefaultProjectStateRegistry$ProjectStateImpl$$Lambda+0x00000240d1707488.apply(Ljava/lang/Object;)Ljava/lang/Object;+8
j  org.gradle.api.internal.project.DefaultProjectStateRegistry$ProjectStateImpl.fromMutableState(Ljava/util/function/Function;)Ljava/lang/Object;+97
j  org.gradle.api.internal.project.DefaultProjectStateRegistry$ProjectStateImpl.applyToMutableState(Ljava/util/function/Consumer;)V+7
j  org.gradle.configuration.project.LifecycleProjectEvaluator$EvaluateProject.run(Lorg/gradle/internal/operations/BuildOperationContext;)V+16
J 8474 c1 org.gradle.internal.operations.DefaultBuildOperationRunner$1.execute(Lorg/gradle/internal/operations/BuildOperation;Lorg/gradle/internal/operations/BuildOperationContext;)V (10 bytes) @ 0x00000240b6e108c4 [0x00000240b6e10660+0x0000000000000264]
J 7760 c1 org.gradle.internal.operations.DefaultBuildOperationRunner$2.execute(Lorg/gradle/internal/operations/BuildOperationDescriptor;Lorg/gradle/internal/operations/BuildOperationState;Lorg/gradle/internal/operations/BuildOperationState;Lorg/gradle/internal/operations/DefaultBuildOperationRunner$ReadableBuildOperationContext;Lorg/gradle/internal/operations/DefaultBuildOperationRunner$BuildOperationExecutionListener;)Lorg/gradle/internal/operations/BuildOperation; (110 bytes) @ 0x00000240b6cadf4c [0x00000240b6cadd40+0x000000000000020c]
J 7765 c1 org.gradle.internal.operations.DefaultBuildOperationRunner$2.execute(Lorg/gradle/internal/operations/BuildOperationDescriptor;Lorg/gradle/internal/operations/BuildOperationState;Lorg/gradle/internal/operations/BuildOperationState;Lorg/gradle/internal/operations/DefaultBuildOperationRunner$ReadableBuildOperationContext;Lorg/gradle/internal/operations/DefaultBuildOperationRunner$BuildOperationExecutionListener;)Ljava/lang/Object; (12 bytes) @ 0x00000240b680193c [0x00000240b68018c0+0x000000000000007c]
J 9427 c1 org.gradle.internal.operations.DefaultBuildOperationRunner.execute(Lorg/gradle/internal/operations/BuildOperationDescriptor$Builder;Lorg/gradle/internal/operations/BuildOperationState;Lorg/gradle/internal/operations/DefaultBuildOperationRunner$BuildOperationExecution;)Ljava/lang/Object; (147 bytes) @ 0x00000240b68e3514 [0x00000240b68e2980+0x0000000000000b94]
J 7017 c1 org.gradle.internal.operations.DefaultBuildOperationRunner.execute(Lorg/gradle/internal/operations/BuildOperation;Lorg/gradle/internal/operations/BuildOperationWorker;Lorg/gradle/internal/operations/BuildOperationState;)V (23 bytes) @ 0x00000240b6bef524 [0x00000240b6bef260+0x00000000000002c4]
J 8473 c1 org.gradle.internal.operations.DefaultBuildOperationRunner.run(Lorg/gradle/internal/operations/RunnableBuildOperation;)V (13 bytes) @ 0x00000240b6e10164 [0x00000240b6e0fd80+0x00000000000003e4]
j  org.gradle.configuration.project.LifecycleProjectEvaluator.evaluate(Lorg/gradle/api/internal/project/ProjectInternal;Lorg/gradle/api/internal/project/ProjectStateInternal;)V+42
j  org.gradle.api.internal.project.DefaultProject.evaluateUnchecked()Lorg/gradle/api/internal/project/ProjectInternal;+20
j  org.gradle.api.internal.project.ProjectLifecycleController.lambda$ensureSelfConfigured$2()V+4
j  org.gradle.api.internal.project.ProjectLifecycleController$$Lambda+0x00000240d170ec40.run()V+4
j  org.gradle.internal.model.StateTransitionController.lambda$doTransition$14(Ljava/lang/Runnable;)Lorg/gradle/internal/build/ExecutionResult;+1
j  org.gradle.internal.model.StateTransitionController$$Lambda+0x00000240d13eaec8.get()Ljava/lang/Object;+4
j  org.gradle.internal.model.StateTransitionController.doTransition(Lorg/gradle/internal/model/StateTransitionController$State;Lorg/gradle/internal/model/StateTransitionController$State;Ljava/util/function/Supplier;)Lorg/gradle/internal/build/ExecutionResult;+24
j  org.gradle.internal.model.StateTransitionController.doTransition(Lorg/gradle/internal/model/StateTransitionController$State;Lorg/gradle/internal/model/StateTransitionController$State;Ljava/lang/Runnable;)V+9
j  org.gradle.internal.model.StateTransitionController.lambda$maybeTransitionIfNotCurrentlyTransitioning$10(Lorg/gradle/internal/model/StateTransitionController$State;Lorg/gradle/internal/model/StateTransitionController$State;Ljava/lang/Runnable;)V+16
j  org.gradle.internal.model.StateTransitionController$$Lambda+0x00000240d170ee68.run()V+16
j  org.gradle.internal.work.DefaultSynchronizer.withLock(Ljava/lang/Runnable;)V+6
j  org.gradle.internal.model.StateTransitionController.maybeTransitionIfNotCurrentlyTransitioning(Lorg/gradle/internal/model/StateTransitionController$State;Lorg/gradle/internal/model/StateTransitionController$State;Ljava/lang/Runnable;)V+13
j  org.gradle.api.internal.project.ProjectLifecycleController.ensureSelfConfigured()V+16
j  org.gradle.api.internal.project.DefaultProjectStateRegistry$ProjectStateImpl.ensureConfigured()V+19
j  org.gradle.api.internal.project.DefaultProject.evaluationDependsOn(Lorg/gradle/api/internal/project/ProjectInternal;)Lorg/gradle/api/Project;+44
j  org.gradle.api.internal.project.DefaultProject.evaluationDependsOn(Ljava/lang/String;)Lorg/gradle/api/Project;+26
j  Build_gradle$3.execute(Lorg/gradle/api/Project;)V+8
j  Build_gradle$3.execute(Ljava/lang/Object;)V+5
J 8564 c1 org.gradle.api.internal.DefaultMutationGuard$1.execute(Ljava/lang/Object;)V (67 bytes) @ 0x00000240b6e42244 [0x00000240b6e41dc0+0x0000000000000484]
j  org.gradle.internal.Actions.with(Ljava/lang/Object;Lorg/gradle/api/Action;)Ljava/lang/Object;+2
j  org.gradle.api.internal.project.BuildOperationCrossProjectConfigurator$1.run(Lorg/gradle/internal/operations/BuildOperationContext;)V+20
J 8474 c1 org.gradle.internal.operations.DefaultBuildOperationRunner$1.execute(Lorg/gradle/internal/operations/BuildOperation;Lorg/gradle/internal/operations/BuildOperationContext;)V (10 bytes) @ 0x00000240b6e108c4 [0x00000240b6e10660+0x0000000000000264]
J 7760 c1 org.gradle.internal.operations.DefaultBuildOperationRunner$2.execute(Lorg/gradle/internal/operations/BuildOperationDescriptor;Lorg/gradle/internal/operations/BuildOperationState;Lorg/gradle/internal/operations/BuildOperationState;Lorg/gradle/internal/operations/DefaultBuildOperationRunner$ReadableBuildOperationContext;Lorg/gradle/internal/operations/DefaultBuildOperationRunner$BuildOperationExecutionListener;)Lorg/gradle/internal/operations/BuildOperation; (110 bytes) @ 0x00000240b6cadf4c [0x00000240b6cadd40+0x000000000000020c]
J 7765 c1 org.gradle.internal.operations.DefaultBuildOperationRunner$2.execute(Lorg/gradle/internal/operations/BuildOperationDescriptor;Lorg/gradle/internal/operations/BuildOperationState;Lorg/gradle/internal/operations/BuildOperationState;Lorg/gradle/internal/operations/DefaultBuildOperationRunner$ReadableBuildOperationContext;Lorg/gradle/internal/operations/DefaultBuildOperationRunner$BuildOperationExecutionListener;)Ljava/lang/Object; (12 bytes) @ 0x00000240b680193c [0x00000240b68018c0+0x000000000000007c]
J 9427 c1 org.gradle.internal.operations.DefaultBuildOperationRunner.execute(Lorg/gradle/internal/operations/BuildOperationDescriptor$Builder;Lorg/gradle/internal/operations/BuildOperationState;Lorg/gradle/internal/operations/DefaultBuildOperationRunner$BuildOperationExecution;)Ljava/lang/Object; (147 bytes) @ 0x00000240b68e3514 [0x00000240b68e2980+0x0000000000000b94]
J 7017 c1 org.gradle.internal.operations.DefaultBuildOperationRunner.execute(Lorg/gradle/internal/operations/BuildOperation;Lorg/gradle/internal/operations/BuildOperationWorker;Lorg/gradle/internal/operations/BuildOperationState;)V (23 bytes) @ 0x00000240b6bef524 [0x00000240b6bef260+0x00000000000002c4]
J 8473 c1 org.gradle.internal.operations.DefaultBuildOperationRunner.run(Lorg/gradle/internal/operations/RunnableBuildOperation;)V (13 bytes) @ 0x00000240b6e10164 [0x00000240b6e0fd80+0x00000000000003e4]
j  org.gradle.api.internal.project.BuildOperationCrossProjectConfigurator.lambda$runProjectConfigureAction$0(Lorg/gradle/api/internal/project/ProjectInternal;Lorg/gradle/api/Action;Lorg/gradle/api/internal/project/ProjectInternal;)V+15
j  org.gradle.api.internal.project.BuildOperationCrossProjectConfigurator$$Lambda+0x00000240d1707250.accept(Ljava/lang/Object;)V+16
j  org.gradle.api.internal.project.DefaultProjectStateRegistry$ProjectStateImpl.lambda$applyToMutableState$1(Ljava/util/function/Consumer;Lorg/gradle/api/internal/project/ProjectInternal;)Ljava/lang/Object;+2
j  org.gradle.api.internal.project.DefaultProjectStateRegistry$ProjectStateImpl$$Lambda+0x00000240d1707488.apply(Ljava/lang/Object;)Ljava/lang/Object;+8
j  org.gradle.api.internal.project.DefaultProjectStateRegistry$ProjectStateImpl.fromMutableState(Ljava/util/function/Function;)Ljava/lang/Object;+97
j  org.gradle.api.internal.project.DefaultProjectStateRegistry$ProjectStateImpl.applyToMutableState(Ljava/util/function/Consumer;)V+7
j  org.gradle.api.internal.project.BuildOperationCrossProjectConfigurator.runProjectConfigureAction(Lorg/gradle/api/internal/project/ProjectInternal;Lorg/gradle/api/Action;)V+14
j  org.gradle.api.internal.project.BuildOperationCrossProjectConfigurator.access$100(Lorg/gradle/api/internal/project/BuildOperationCrossProjectConfigurator;Lorg/gradle/api/internal/project/ProjectInternal;Lorg/gradle/api/Action;)V+3
j  org.gradle.api.internal.project.BuildOperationCrossProjectConfigurator$BlockConfigureBuildOperation.run(Lorg/gradle/internal/operations/BuildOperationContext;)V+38
J 8474 c1 org.gradle.internal.operations.DefaultBuildOperationRunner$1.execute(Lorg/gradle/internal/operations/BuildOperation;Lorg/gradle/internal/operations/BuildOperationContext;)V (10 bytes) @ 0x00000240b6e108c4 [0x00000240b6e10660+0x0000000000000264]
J 7760 c1 org.gradle.internal.operations.DefaultBuildOperationRunner$2.execute(Lorg/gradle/internal/operations/BuildOperationDescriptor;Lorg/gradle/internal/operations/BuildOperationState;Lorg/gradle/internal/operations/BuildOperationState;Lorg/gradle/internal/operations/DefaultBuildOperationRunner$ReadableBuildOperationContext;Lorg/gradle/internal/operations/DefaultBuildOperationRunner$BuildOperationExecutionListener;)Lorg/gradle/internal/operations/BuildOperation; (110 bytes) @ 0x00000240b6cadf4c [0x00000240b6cadd40+0x000000000000020c]
J 7765 c1 org.gradle.internal.operations.DefaultBuildOperationRunner$2.execute(Lorg/gradle/internal/operations/BuildOperationDescriptor;Lorg/gradle/internal/operations/BuildOperationState;Lorg/gradle/internal/operations/BuildOperationState;Lorg/gradle/internal/operations/DefaultBuildOperationRunner$ReadableBuildOperationContext;Lorg/gradle/internal/operations/DefaultBuildOperationRunner$BuildOperationExecutionListener;)Ljava/lang/Object; (12 bytes) @ 0x00000240b680193c [0x00000240b68018c0+0x000000000000007c]
J 9427 c1 org.gradle.internal.operations.DefaultBuildOperationRunner.execute(Lorg/gradle/internal/operations/BuildOperationDescriptor$Builder;Lorg/gradle/internal/operations/BuildOperationState;Lorg/gradle/internal/operations/DefaultBuildOperationRunner$BuildOperationExecution;)Ljava/lang/Object; (147 bytes) @ 0x00000240b68e3514 [0x00000240b68e2980+0x0000000000000b94]
J 7017 c1 org.gradle.internal.operations.DefaultBuildOperationRunner.execute(Lorg/gradle/internal/operations/BuildOperation;Lorg/gradle/internal/operations/BuildOperationWorker;Lorg/gradle/internal/operations/BuildOperationState;)V (23 bytes) @ 0x00000240b6bef524 [0x00000240b6bef260+0x00000000000002c4]
J 8473 c1 org.gradle.internal.operations.DefaultBuildOperationRunner.run(Lorg/gradle/internal/operations/RunnableBuildOperation;)V (13 bytes) @ 0x00000240b6e10164 [0x00000240b6e0fd80+0x00000000000003e4]
j  org.gradle.api.internal.project.BuildOperationCrossProjectConfigurator.runBlockConfigureAction(Lorg/gradle/internal/operations/BuildOperationDescriptor$Builder;Ljava/lang/Iterable;Lorg/gradle/api/Action;)V+16
j  org.gradle.api.internal.project.BuildOperationCrossProjectConfigurator.subprojects(Ljava/lang/Iterable;Lorg/gradle/api/Action;)V+6
j  org.gradle.api.internal.project.DefaultProject.subprojects(Lorg/gradle/api/internal/project/ProjectInternal;Lorg/gradle/api/Action;)V+10
j  org.gradle.api.internal.project.DefaultProject.subprojects(Lorg/gradle/api/Action;)V+3
j  Build_gradle.<init>(Lorg/gradle/kotlin/dsl/support/KotlinScriptHost;Lorg/gradle/api/Project;)V+133
j  Program.execute(Lorg/gradle/kotlin/dsl/execution/ExecutableProgram$Host;Lorg/gradle/kotlin/dsl/support/KotlinScriptHost;)V+11
j  org.gradle.kotlin.dsl.execution.Interpreter$ProgramHost.eval(Lorg/gradle/kotlin/dsl/execution/CompiledScript;Lorg/gradle/kotlin/dsl/support/KotlinScriptHost;)V+88
j  org.gradle.kotlin.dsl.execution.Interpreter$ProgramHost.evaluateSecondStageOf(Lorg/gradle/kotlin/dsl/execution/ExecutableProgram$StagedProgram;Lorg/gradle/kotlin/dsl/support/KotlinScriptHost;Ljava/lang/String;Lorg/gradle/internal/hash/HashCode;Lorg/gradle/internal/classpath/ClassPath;)V+198
j  Program.execute(Lorg/gradle/kotlin/dsl/execution/ExecutableProgram$Host;Lorg/gradle/kotlin/dsl/support/KotlinScriptHost;)V+145
j  org.gradle.kotlin.dsl.execution.Interpreter$ProgramHost.eval(Lorg/gradle/kotlin/dsl/execution/CompiledScript;Lorg/gradle/kotlin/dsl/support/KotlinScriptHost;)V+88
j  org.gradle.kotlin.dsl.execution.Interpreter.eval(Ljava/lang/Object;Lorg/gradle/groovy/scripts/ScriptSource;Lorg/gradle/internal/hash/HashCode;Lorg/gradle/api/initialization/dsl/ScriptHandler;Lorg/gradle/api/internal/initialization/ClassLoaderScope;Lorg/gradle/api/internal/initialization/ClassLoaderScope;ZLjava/util/EnumSet;)V+213
j  org.gradle.kotlin.dsl.provider.StandardKotlinScriptEvaluator.evaluate(Ljava/lang/Object;Lorg/gradle/groovy/scripts/ScriptSource;Lorg/gradle/api/initialization/dsl/ScriptHandler;Lorg/gradle/api/internal/initialization/ClassLoaderScope;Lorg/gradle/api/internal/initialization/ClassLoaderScope;ZLjava/util/EnumSet;)V+163
j  org.gradle.kotlin.dsl.provider.KotlinScriptPluginFactory$create$1.invoke(Ljava/lang/Object;)V+72
j  org.gradle.kotlin.dsl.provider.KotlinScriptPluginFactory$create$1.invoke(Ljava/lang/Object;)Ljava/lang/Object;+2
j  org.gradle.kotlin.dsl.provider.KotlinScriptPlugin.apply(Ljava/lang/Object;)V+22
j  org.gradle.configuration.BuildOperationScriptPlugin$1.run(Lorg/gradle/internal/operations/BuildOperationContext;)V+11
J 8474 c1 org.gradle.internal.operations.DefaultBuildOperationRunner$1.execute(Lorg/gradle/internal/operations/BuildOperation;Lorg/gradle/internal/operations/BuildOperationContext;)V (10 bytes) @ 0x00000240b6e108c4 [0x00000240b6e10660+0x0000000000000264]
J 7760 c1 org.gradle.internal.operations.DefaultBuildOperationRunner$2.execute(Lorg/gradle/internal/operations/BuildOperationDescriptor;Lorg/gradle/internal/operations/BuildOperationState;Lorg/gradle/internal/operations/BuildOperationState;Lorg/gradle/internal/operations/DefaultBuildOperationRunner$ReadableBuildOperationContext;Lorg/gradle/internal/operations/DefaultBuildOperationRunner$BuildOperationExecutionListener;)Lorg/gradle/internal/operations/BuildOperation; (110 bytes) @ 0x00000240b6cadf4c [0x00000240b6cadd40+0x000000000000020c]
J 7765 c1 org.gradle.internal.operations.DefaultBuildOperationRunner$2.execute(Lorg/gradle/internal/operations/BuildOperationDescriptor;Lorg/gradle/internal/operations/BuildOperationState;Lorg/gradle/internal/operations/BuildOperationState;Lorg/gradle/internal/operations/DefaultBuildOperationRunner$ReadableBuildOperationContext;Lorg/gradle/internal/operations/DefaultBuildOperationRunner$BuildOperationExecutionListener;)Ljava/lang/Object; (12 bytes) @ 0x00000240b680193c [0x00000240b68018c0+0x000000000000007c]
J 9427 c1 org.gradle.internal.operations.DefaultBuildOperationRunner.execute(Lorg/gradle/internal/operations/BuildOperationDescriptor$Builder;Lorg/gradle/internal/operations/BuildOperationState;Lorg/gradle/internal/operations/DefaultBuildOperationRunner$BuildOperationExecution;)Ljava/lang/Object; (147 bytes) @ 0x00000240b68e3514 [0x00000240b68e2980+0x0000000000000b94]
J 7017 c1 org.gradle.internal.operations.DefaultBuildOperationRunner.execute(Lorg/gradle/internal/operations/BuildOperation;Lorg/gradle/internal/operations/BuildOperationWorker;Lorg/gradle/internal/operations/BuildOperationState;)V (23 bytes) @ 0x00000240b6bef524 [0x00000240b6bef260+0x00000000000002c4]
J 8473 c1 org.gradle.internal.operations.DefaultBuildOperationRunner.run(Lorg/gradle/internal/operations/RunnableBuildOperation;)V (13 bytes) @ 0x00000240b6e10164 [0x00000240b6e0fd80+0x00000000000003e4]
j  org.gradle.configuration.BuildOperationScriptPlugin.lambda$apply$0(Ljava/lang/Object;Lorg/gradle/internal/code/UserCodeApplicationId;)V+14
j  org.gradle.configuration.BuildOperationScriptPlugin$$Lambda+0x00000240d141aef8.execute(Ljava/lang/Object;)V+12
j  org.gradle.internal.code.DefaultUserCodeApplicationContext.apply(Lorg/gradle/internal/code/UserCodeSource;Lorg/gradle/api/Action;)V+37
j  org.gradle.configuration.BuildOperationScriptPlugin.apply(Ljava/lang/Object;)V+71
j  org.gradle.configuration.project.BuildScriptProcessor$$Lambda+0x00000240d175f708.accept(Ljava/lang/Object;)V+8
j  org.gradle.api.internal.project.DefaultProjectStateRegistry$ProjectStateImpl.lambda$applyToMutableState$1(Ljava/util/function/Consumer;Lorg/gradle/api/internal/project/ProjectInternal;)Ljava/lang/Object;+2
j  org.gradle.api.internal.project.DefaultProjectStateRegistry$ProjectStateImpl$$Lambda+0x00000240d1707488.apply(Ljava/lang/Object;)Ljava/lang/Object;+8
j  org.gradle.api.internal.project.DefaultProjectStateRegistry$ProjectStateImpl.fromMutableState(Ljava/util/function/Function;)Ljava/lang/Object;+97
j  org.gradle.api.internal.project.DefaultProjectStateRegistry$ProjectStateImpl.applyToMutableState(Ljava/util/function/Consumer;)V+7
j  org.gradle.configuration.project.BuildScriptProcessor.execute(Lorg/gradle/api/internal/project/ProjectInternal;)V+88
j  org.gradle.configuration.project.BuildScriptProcessor.execute(Ljava/lang/Object;)V+5
j  org.gradle.configuration.project.ConfigureActionsProjectEvaluator.evaluate(Lorg/gradle/api/internal/project/ProjectInternal;Lorg/gradle/api/internal/project/ProjectStateInternal;)V+33
j  org.gradle.configuration.project.LifecycleProjectEvaluator$EvaluateProject.lambda$run$0(Lorg/gradle/internal/operations/BuildOperationContext;Lorg/gradle/api/internal/project/ProjectInternal;)V+67
j  org.gradle.configuration.project.LifecycleProjectEvaluator$EvaluateProject$$Lambda+0x00000240d17146d0.accept(Ljava/lang/Object;)V+12
j  org.gradle.api.internal.project.DefaultProjectStateRegistry$ProjectStateImpl.lambda$applyToMutableState$1(Ljava/util/function/Consumer;Lorg/gradle/api/internal/project/ProjectInternal;)Ljava/lang/Object;+2
j  org.gradle.api.internal.project.DefaultProjectStateRegistry$ProjectStateImpl$$Lambda+0x00000240d1707488.apply(Ljava/lang/Object;)Ljava/lang/Object;+8
j  org.gradle.api.internal.project.DefaultProjectStateRegistry$ProjectStateImpl.lambda$fromMutableState$2(Ljava/util/function/Function;)Ljava/lang/Object;+5
j  org.gradle.api.internal.project.DefaultProjectStateRegistry$ProjectStateImpl$$Lambda+0x00000240d17076d0.create()Ljava/lang/Object;+8
j  org.gradle.internal.work.DefaultWorkerLeaseService.withReplacedLocks(Ljava/util/Collection;Lorg/gradle/internal/resources/ResourceLock;Lorg/gradle/internal/Factory;)Ljava/lang/Object;+40
j  org.gradle.api.internal.project.DefaultProjectStateRegistry$ProjectStateImpl.fromMutableState(Ljava/util/function/Function;)Ljava/lang/Object;+133
j  org.gradle.api.internal.project.DefaultProjectStateRegistry$ProjectStateImpl.applyToMutableState(Ljava/util/function/Consumer;)V+7
j  org.gradle.configuration.project.LifecycleProjectEvaluator$EvaluateProject.run(Lorg/gradle/internal/operations/BuildOperationContext;)V+16
J 8474 c1 org.gradle.internal.operations.DefaultBuildOperationRunner$1.execute(Lorg/gradle/internal/operations/BuildOperation;Lorg/gradle/internal/operations/BuildOperationContext;)V (10 bytes) @ 0x00000240b6e108c4 [0x00000240b6e10660+0x0000000000000264]
J 7760 c1 org.gradle.internal.operations.DefaultBuildOperationRunner$2.execute(Lorg/gradle/internal/operations/BuildOperationDescriptor;Lorg/gradle/internal/operations/BuildOperationState;Lorg/gradle/internal/operations/BuildOperationState;Lorg/gradle/internal/operations/DefaultBuildOperationRunner$ReadableBuildOperationContext;Lorg/gradle/internal/operations/DefaultBuildOperationRunner$BuildOperationExecutionListener;)Lorg/gradle/internal/operations/BuildOperation; (110 bytes) @ 0x00000240b6cadf4c [0x00000240b6cadd40+0x000000000000020c]
J 7765 c1 org.gradle.internal.operations.DefaultBuildOperationRunner$2.execute(Lorg/gradle/internal/operations/BuildOperationDescriptor;Lorg/gradle/internal/operations/BuildOperationState;Lorg/gradle/internal/operations/BuildOperationState;Lorg/gradle/internal/operations/DefaultBuildOperationRunner$ReadableBuildOperationContext;Lorg/gradle/internal/operations/DefaultBuildOperationRunner$BuildOperationExecutionListener;)Ljava/lang/Object; (12 bytes) @ 0x00000240b680193c [0x00000240b68018c0+0x000000000000007c]
J 9427 c1 org.gradle.internal.operations.DefaultBuildOperationRunner.execute(Lorg/gradle/internal/operations/BuildOperationDescriptor$Builder;Lorg/gradle/internal/operations/BuildOperationState;Lorg/gradle/internal/operations/DefaultBuildOperationRunner$BuildOperationExecution;)Ljava/lang/Object; (147 bytes) @ 0x00000240b68e3514 [0x00000240b68e2980+0x0000000000000b94]
J 7017 c1 org.gradle.internal.operations.DefaultBuildOperationRunner.execute(Lorg/gradle/internal/operations/BuildOperation;Lorg/gradle/internal/operations/BuildOperationWorker;Lorg/gradle/internal/operations/BuildOperationState;)V (23 bytes) @ 0x00000240b6bef524 [0x00000240b6bef260+0x00000000000002c4]
J 8473 c1 org.gradle.internal.operations.DefaultBuildOperationRunner.run(Lorg/gradle/internal/operations/RunnableBuildOperation;)V (13 bytes) @ 0x00000240b6e10164 [0x00000240b6e0fd80+0x00000000000003e4]
j  org.gradle.configuration.project.LifecycleProjectEvaluator.evaluate(Lorg/gradle/api/internal/project/ProjectInternal;Lorg/gradle/api/internal/project/ProjectStateInternal;)V+42
j  org.gradle.api.internal.project.DefaultProject.evaluateUnchecked()Lorg/gradle/api/internal/project/ProjectInternal;+20
j  org.gradle.api.internal.project.ProjectLifecycleController.lambda$ensureSelfConfigured$2()V+4
j  org.gradle.api.internal.project.ProjectLifecycleController$$Lambda+0x00000240d170ec40.run()V+4
j  org.gradle.internal.model.StateTransitionController.lambda$doTransition$14(Ljava/lang/Runnable;)Lorg/gradle/internal/build/ExecutionResult;+1
j  org.gradle.internal.model.StateTransitionController$$Lambda+0x00000240d13eaec8.get()Ljava/lang/Object;+4
j  org.gradle.internal.model.StateTransitionController.doTransition(Lorg/gradle/internal/model/StateTransitionController$State;Lorg/gradle/internal/model/StateTransitionController$State;Ljava/util/function/Supplier;)Lorg/gradle/internal/build/ExecutionResult;+24
j  org.gradle.internal.model.StateTransitionController.doTransition(Lorg/gradle/internal/model/StateTransitionController$State;Lorg/gradle/internal/model/StateTransitionController$State;Ljava/lang/Runnable;)V+9
j  org.gradle.internal.model.StateTransitionController.lambda$maybeTransitionIfNotCurrentlyTransitioning$10(Lorg/gradle/internal/model/StateTransitionController$State;Lorg/gradle/internal/model/StateTransitionController$State;Ljava/lang/Runnable;)V+16
j  org.gradle.internal.model.StateTransitionController$$Lambda+0x00000240d170ee68.run()V+16
j  org.gradle.internal.work.DefaultSynchronizer.withLock(Ljava/lang/Runnable;)V+6
j  org.gradle.internal.model.StateTransitionController.maybeTransitionIfNotCurrentlyTransitioning(Lorg/gradle/internal/model/StateTransitionController$State;Lorg/gradle/internal/model/StateTransitionController$State;Ljava/lang/Runnable;)V+13
j  org.gradle.api.internal.project.ProjectLifecycleController.ensureSelfConfigured()V+16
j  org.gradle.api.internal.project.DefaultProjectStateRegistry$ProjectStateImpl.ensureConfigured()V+19
j  org.gradle.execution.TaskPathProjectEvaluator.configure(Lorg/gradle/api/internal/project/ProjectInternal;)V+6
j  org.gradle.execution.TaskPathProjectEvaluator.configureHierarchy(Lorg/gradle/api/internal/project/ProjectInternal;)V+2
j  org.gradle.configuration.DefaultProjectsPreparer.prepareProjects(Lorg/gradle/api/internal/GradleInternal;)V+52
j  org.gradle.configuration.BuildTreePreparingProjectsPreparer.prepareProjects(Lorg/gradle/api/internal/GradleInternal;)V+114
j  org.gradle.configuration.BuildOperationFiringProjectsPreparer$ConfigureBuild.run(Lorg/gradle/internal/operations/BuildOperationContext;)V+11
J 8474 c1 org.gradle.internal.operations.DefaultBuildOperationRunner$1.execute(Lorg/gradle/internal/operations/BuildOperation;Lorg/gradle/internal/operations/BuildOperationContext;)V (10 bytes) @ 0x00000240b6e108c4 [0x00000240b6e10660+0x0000000000000264]
J 7760 c1 org.gradle.internal.operations.DefaultBuildOperationRunner$2.execute(Lorg/gradle/internal/operations/BuildOperationDescriptor;Lorg/gradle/internal/operations/BuildOperationState;Lorg/gradle/internal/operations/BuildOperationState;Lorg/gradle/internal/operations/DefaultBuildOperationRunner$ReadableBuildOperationContext;Lorg/gradle/internal/operations/DefaultBuildOperationRunner$BuildOperationExecutionListener;)Lorg/gradle/internal/operations/BuildOperation; (110 bytes) @ 0x00000240b6cadf4c [0x00000240b6cadd40+0x000000000000020c]
J 7765 c1 org.gradle.internal.operations.DefaultBuildOperationRunner$2.execute(Lorg/gradle/internal/operations/BuildOperationDescriptor;Lorg/gradle/internal/operations/BuildOperationState;Lorg/gradle/internal/operations/BuildOperationState;Lorg/gradle/internal/operations/DefaultBuildOperationRunner$ReadableBuildOperationContext;Lorg/gradle/internal/operations/DefaultBuildOperationRunner$BuildOperationExecutionListener;)Ljava/lang/Object; (12 bytes) @ 0x00000240b680193c [0x00000240b68018c0+0x000000000000007c]
J 9427 c1 org.gradle.internal.operations.DefaultBuildOperationRunner.execute(Lorg/gradle/internal/operations/BuildOperationDescriptor$Builder;Lorg/gradle/internal/operations/BuildOperationState;Lorg/gradle/internal/operations/DefaultBuildOperationRunner$BuildOperationExecution;)Ljava/lang/Object; (147 bytes) @ 0x00000240b68e3514 [0x00000240b68e2980+0x0000000000000b94]
J 7017 c1 org.gradle.internal.operations.DefaultBuildOperationRunner.execute(Lorg/gradle/internal/operations/BuildOperation;Lorg/gradle/internal/operations/BuildOperationWorker;Lorg/gradle/internal/operations/BuildOperationState;)V (23 bytes) @ 0x00000240b6bef524 [0x00000240b6bef260+0x00000000000002c4]
J 8473 c1 org.gradle.internal.operations.DefaultBuildOperationRunner.run(Lorg/gradle/internal/operations/RunnableBuildOperation;)V (13 bytes) @ 0x00000240b6e10164 [0x00000240b6e0fd80+0x00000000000003e4]
j  org.gradle.configuration.BuildOperationFiringProjectsPreparer.prepareProjects(Lorg/gradle/api/internal/GradleInternal;)V+13
j  org.gradle.initialization.VintageBuildModelController.lambda$prepareProjects$2()V+8
j  org.gradle.initialization.VintageBuildModelController$$Lambda+0x00000240d16dc780.run()V+4
j  org.gradle.internal.model.StateTransitionController.lambda$doTransition$14(Ljava/lang/Runnable;)Lorg/gradle/internal/build/ExecutionResult;+1
j  org.gradle.internal.model.StateTransitionController$$Lambda+0x00000240d13eaec8.get()Ljava/lang/Object;+4
j  org.gradle.internal.model.StateTransitionController.doTransition(Lorg/gradle/internal/model/StateTransitionController$State;Lorg/gradle/internal/model/StateTransitionController$State;Ljava/util/function/Supplier;)Lorg/gradle/internal/build/ExecutionResult;+24
j  org.gradle.internal.model.StateTransitionController.doTransition(Lorg/gradle/internal/model/StateTransitionController$State;Lorg/gradle/internal/model/StateTransitionController$State;Ljava/lang/Runnable;)V+9
j  org.gradle.internal.model.StateTransitionController.lambda$transitionIfNotPreviously$11(Lorg/gradle/internal/model/StateTransitionController$State;Lorg/gradle/internal/model/StateTransitionController$State;Ljava/lang/Runnable;)V+16
j  org.gradle.internal.model.StateTransitionController$$Lambda+0x00000240d13eb318.run()V+16
j  org.gradle.internal.work.DefaultSynchronizer.withLock(Ljava/lang/Runnable;)V+6
j  org.gradle.internal.model.StateTransitionController.transitionIfNotPreviously(Lorg/gradle/internal/model/StateTransitionController$State;Lorg/gradle/internal/model/StateTransitionController$State;Ljava/lang/Runnable;)V+13
j  org.gradle.initialization.VintageBuildModelController.prepareProjects()V+16
j  org.gradle.initialization.VintageBuildModelController.prepareToScheduleTasks()V+5
j  org.gradle.internal.build.DefaultBuildLifecycleController.lambda$prepareToScheduleTasks$6()V+9
j  org.gradle.internal.build.DefaultBuildLifecycleController$$Lambda+0x00000240d13eaa78.run()V+4
j  org.gradle.internal.model.StateTransitionController.lambda$doTransition$14(Ljava/lang/Runnable;)Lorg/gradle/internal/build/ExecutionResult;+1
j  org.gradle.internal.model.StateTransitionController$$Lambda+0x00000240d13eaec8.get()Ljava/lang/Object;+4
j  org.gradle.internal.model.StateTransitionController.doTransition(Lorg/gradle/internal/model/StateTransitionController$State;Lorg/gradle/internal/model/StateTransitionController$State;Ljava/util/function/Supplier;)Lorg/gradle/internal/build/ExecutionResult;+24
j  org.gradle.internal.model.StateTransitionController.doTransition(Lorg/gradle/internal/model/StateTransitionController$State;Lorg/gradle/internal/model/StateTransitionController$State;Ljava/lang/Runnable;)V+9
j  org.gradle.internal.model.StateTransitionController.lambda$maybeTransition$9(Lorg/gradle/internal/model/StateTransitionController$State;Lorg/gradle/internal/model/StateTransitionController$State;Ljava/lang/Runnable;)V+16
j  org.gradle.internal.model.StateTransitionController$$Lambda+0x00000240d13eaca0.run()V+16
j  org.gradle.internal.work.DefaultSynchronizer.withLock(Ljava/lang/Runnable;)V+6
j  org.gradle.internal.model.StateTransitionController.maybeTransition(Lorg/gradle/internal/model/StateTransitionController$State;Lorg/gradle/internal/model/StateTransitionController$State;Ljava/lang/Runnable;)V+13
j  org.gradle.internal.build.DefaultBuildLifecycleController.prepareToScheduleTasks()V+16
j  org.gradle.internal.buildtree.DefaultBuildTreeWorkPreparer.scheduleRequestedTasks(Lorg/gradle/internal/buildtree/BuildTreeWorkGraph;Lorg/gradle/execution/EntryTaskSelector;)Lorg/gradle/internal/buildtree/BuildTreeWorkGraph$FinalizedGraph;+4
j  org.gradle.internal.cc.impl.VintageBuildTreeWorkController$scheduleAndRunRequestedTasks$1.apply(Lorg/gradle/internal/buildtree/BuildTreeWorkGraph;)Lorg/gradle/internal/build/ExecutionResult;+18
j  org.gradle.internal.cc.impl.VintageBuildTreeWorkController$scheduleAndRunRequestedTasks$1.apply(Ljava/lang/Object;)Ljava/lang/Object;+5
j  org.gradle.composite.internal.DefaultIncludedBuildTaskGraph.withNewWorkGraph(Ljava/util/function/Function;)Ljava/lang/Object;+30
j  org.gradle.internal.cc.impl.VintageBuildTreeWorkController.scheduleAndRunRequestedTasks(Lorg/gradle/execution/EntryTaskSelector;)Lorg/gradle/internal/build/ExecutionResult;+16
j  org.gradle.internal.buildtree.DefaultBuildTreeLifecycleController.lambda$scheduleAndRunTasks$1(Lorg/gradle/execution/EntryTaskSelector;)Lorg/gradle/internal/build/ExecutionResult;+5
j  org.gradle.internal.buildtree.DefaultBuildTreeLifecycleController$$Lambda+0x00000240d13efbc8.get()Ljava/lang/Object;+8
j  org.gradle.internal.buildtree.DefaultBuildTreeLifecycleController.lambda$runBuild$4(Ljava/util/function/Supplier;)Ljava/lang/Object;+1
j  org.gradle.internal.buildtree.DefaultBuildTreeLifecycleController$$Lambda+0x00000240d13ea000.get()Ljava/lang/Object;+8
j  org.gradle.internal.model.StateTransitionController.lambda$transition$6(Ljava/util/function/Supplier;)Lorg/gradle/internal/build/ExecutionResult;+1
j  org.gradle.internal.model.StateTransitionController$$Lambda+0x00000240d13ea450.get()Ljava/lang/Object;+4
j  org.gradle.internal.model.StateTransitionController.doTransition(Lorg/gradle/internal/model/StateTransitionController$State;Lorg/gradle/internal/model/StateTransitionController$State;Ljava/util/function/Supplier;)Lorg/gradle/internal/build/ExecutionResult;+24
j  org.gradle.internal.model.StateTransitionController.lambda$transition$7(Lorg/gradle/internal/model/StateTransitionController$State;Lorg/gradle/internal/model/StateTransitionController$State;Ljava/util/function/Supplier;)Ljava/lang/Object;+9
j  org.gradle.internal.model.StateTransitionController$$Lambda+0x00000240d13ea228.create()Ljava/lang/Object;+16
j  org.gradle.internal.work.DefaultSynchronizer.withLock(Lorg/gradle/internal/Factory;)Ljava/lang/Object;+6
j  org.gradle.internal.model.StateTransitionController.transition(Lorg/gradle/internal/model/StateTransitionController$State;Lorg/gradle/internal/model/StateTransitionController$State;Ljava/util/function/Supplier;)Ljava/lang/Object;+13
j  org.gradle.internal.buildtree.DefaultBuildTreeLifecycleController.runBuild(Ljava/util/function/Supplier;)Ljava/lang/Object;+17
j  org.gradle.internal.buildtree.DefaultBuildTreeLifecycleController.scheduleAndRunTasks(Lorg/gradle/execution/EntryTaskSelector;)V+8
j  org.gradle.internal.buildtree.DefaultBuildTreeLifecycleController.scheduleAndRunTasks()V+2
j  org.gradle.tooling.internal.provider.runner.BuildModelActionRunner.run(Lorg/gradle/internal/invocation/BuildAction;Lorg/gradle/internal/buildtree/BuildTreeLifecycleController;)Lorg/gradle/internal/buildtree/BuildActionRunner$Result;+65
j  org.gradle.launcher.exec.ChainingBuildActionRunner.run(Lorg/gradle/internal/invocation/BuildAction;Lorg/gradle/internal/buildtree/BuildTreeLifecycleController;)Lorg/gradle/internal/buildtree/BuildActionRunner$Result;+34
j  org.gradle.internal.buildtree.ProblemReportingBuildActionRunner.run(Lorg/gradle/internal/invocation/BuildAction;Lorg/gradle/internal/buildtree/BuildTreeLifecycleController;)Lorg/gradle/internal/buildtree/BuildActionRunner$Result;+12
j  org.gradle.launcher.exec.BuildOutcomeReportingBuildActionRunner.run(Lorg/gradle/internal/invocation/BuildAction;Lorg/gradle/internal/buildtree/BuildTreeLifecycleController;)Lorg/gradle/internal/buildtree/BuildActionRunner$Result;+69
j  org.gradle.tooling.internal.provider.FileSystemWatchingBuildActionRunner.run(Lorg/gradle/internal/invocation/BuildAction;Lorg/gradle/internal/buildtree/BuildTreeLifecycleController;)Lorg/gradle/internal/buildtree/BuildActionRunner$Result;+317
j  org.gradle.launcher.exec.BuildCompletionNotifyingBuildActionRunner.run(Lorg/gradle/internal/invocation/BuildAction;Lorg/gradle/internal/buildtree/BuildTreeLifecycleController;)Lorg/gradle/internal/buildtree/BuildActionRunner$Result;+6
j  org.gradle.launcher.exec.RootBuildLifecycleBuildActionExecutor.lambda$execute$0(Lorg/gradle/internal/invocation/BuildAction;Lorg/gradle/internal/buildtree/BuildTreeLifecycleController;)Lorg/gradle/internal/buildtree/BuildActionRunner$Result;+6
j  org.gradle.launcher.exec.RootBuildLifecycleBuildActionExecutor$$Lambda+0x00000240d13d6830.apply(Ljava/lang/Object;)Ljava/lang/Object;+12
j  org.gradle.composite.internal.DefaultRootBuildState.run(Ljava/util/function/Function;)Ljava/lang/Object;+87
j  org.gradle.launcher.exec.RootBuildLifecycleBuildActionExecutor.execute(Lorg/gradle/internal/invocation/BuildAction;Lorg/gradle/internal/buildtree/BuildTreeContext;)Lorg/gradle/internal/buildtree/BuildActionRunner$Result;+75
j  org.gradle.internal.buildtree.InitDeprecationLoggingActionExecutor.execute(Lorg/gradle/internal/invocation/BuildAction;Lorg/gradle/internal/buildtree/BuildTreeContext;)Lorg/gradle/internal/buildtree/BuildActionRunner$Result;+83
j  org.gradle.internal.buildtree.InitProblems.execute(Lorg/gradle/internal/invocation/BuildAction;Lorg/gradle/internal/buildtree/BuildTreeContext;)Lorg/gradle/internal/buildtree/BuildActionRunner$Result;+13
j  org.gradle.internal.buildtree.DefaultBuildTreeContext.execute(Lorg/gradle/internal/invocation/BuildAction;)Lorg/gradle/internal/buildtree/BuildActionRunner$Result;+64
j  org.gradle.launcher.exec.BuildTreeLifecycleBuildActionExecutor.lambda$execute$0(Lorg/gradle/internal/invocation/BuildAction;Lorg/gradle/internal/buildtree/BuildTreeContext;)Lorg/gradle/internal/buildtree/BuildActionRunner$Result;+2
j  org.gradle.launcher.exec.BuildTreeLifecycleBuildActionExecutor$$Lambda+0x00000240d12b2780.apply(Ljava/lang/Object;)Ljava/lang/Object;+8
j  org.gradle.internal.buildtree.BuildTreeState.run(Ljava/util/function/Function;)Ljava/lang/Object;+47
j  org.gradle.launcher.exec.BuildTreeLifecycleBuildActionExecutor.execute(Lorg/gradle/internal/invocation/BuildAction;Lorg/gradle/internal/session/BuildSessionContext;)Lorg/gradle/internal/buildtree/BuildActionRunner$Result;+74
j  org.gradle.launcher.exec.RunAsBuildOperationBuildActionExecutor$2.call(Lorg/gradle/internal/operations/BuildOperationContext;)Lorg/gradle/internal/buildtree/BuildActionRunner$Result;+25
j  org.gradle.launcher.exec.RunAsBuildOperationBuildActionExecutor$2.call(Lorg/gradle/internal/operations/BuildOperationContext;)Ljava/lang/Object;+2
j  org.gradle.internal.operations.DefaultBuildOperationRunner$CallableBuildOperationWorker.execute(Lorg/gradle/internal/operations/CallableBuildOperation;Lorg/gradle/internal/operations/BuildOperationContext;)V+3
j  org.gradle.internal.operations.DefaultBuildOperationRunner$CallableBuildOperationWorker.execute(Lorg/gradle/internal/operations/BuildOperation;Lorg/gradle/internal/operations/BuildOperationContext;)V+6
j  org.gradle.internal.operations.DefaultBuildOperationRunner$2.execute(Lorg/gradle/internal/operations/BuildOperationDescriptor;Lorg/gradle/internal/operations/BuildOperationState;Lorg/gradle/internal/operations/BuildOperationState;Lorg/gradle/internal/operations/DefaultBuildOperationRunner$ReadableBuildOperationContext;Lorg/gradle/internal/operations/DefaultBuildOperationRunner$BuildOperationExecutionListener;)Lorg/gradle/internal/operations/BuildOperation;+22
j  org.gradle.internal.operations.DefaultBuildOperationRunner$2.execute(Lorg/gradle/internal/operations/BuildOperationDescriptor;Lorg/gradle/internal/operations/BuildOperationState;Lorg/gradle/internal/operations/BuildOperationState;Lorg/gradle/internal/operations/DefaultBuildOperationRunner$ReadableBuildOperationContext;Lorg/gradle/internal/operations/DefaultBuildOperationRunner$BuildOperationExecutionListener;)Ljava/lang/Object;+8
j  org.gradle.internal.operations.DefaultBuildOperationRunner.execute(Lorg/gradle/internal/operations/BuildOperationDescriptor$Builder;Lorg/gradle/internal/operations/BuildOperationState;Lorg/gradle/internal/operations/DefaultBuildOperationRunner$BuildOperationExecution;)Ljava/lang/Object;+141
j  org.gradle.internal.operations.DefaultBuildOperationRunner.execute(Lorg/gradle/internal/operations/BuildOperation;Lorg/gradle/internal/operations/BuildOperationWorker;Lorg/gradle/internal/operations/BuildOperationState;)V+18
j  org.gradle.internal.operations.DefaultBuildOperationRunner.call(Lorg/gradle/internal/operations/CallableBuildOperation;)Ljava/lang/Object;+16
j  org.gradle.launcher.exec.RunAsBuildOperationBuildActionExecutor.execute(Lorg/gradle/internal/invocation/BuildAction;Lorg/gradle/internal/session/BuildSessionContext;)Lorg/gradle/internal/buildtree/BuildActionRunner$Result;+23
j  org.gradle.launcher.exec.RunAsWorkerThreadBuildActionExecutor.lambda$execute$0(Lorg/gradle/internal/invocation/BuildAction;Lorg/gradle/internal/session/BuildSessionContext;)Lorg/gradle/internal/buildtree/BuildActionRunner$Result;+6
j  org.gradle.launcher.exec.RunAsWorkerThreadBuildActionExecutor$$Lambda+0x00000240d1285bc0.create()Ljava/lang/Object;+12
j  org.gradle.internal.work.DefaultWorkerLeaseService.withLocks(Ljava/util/Collection;Lorg/gradle/internal/Factory;)Ljava/lang/Object;+28
j  org.gradle.internal.work.DefaultWorkerLeaseService.runAsWorkerThread(Lorg/gradle/internal/Factory;)Ljava/lang/Object;+33
j  org.gradle.launcher.exec.RunAsWorkerThreadBuildActionExecutor.execute(Lorg/gradle/internal/invocation/BuildAction;Lorg/gradle/internal/session/BuildSessionContext;)Lorg/gradle/internal/buildtree/BuildActionRunner$Result;+12
j  org.gradle.tooling.internal.provider.continuous.ContinuousBuildActionExecutor.execute(Lorg/gradle/internal/invocation/BuildAction;Lorg/gradle/internal/session/BuildSessionContext;)Lorg/gradle/internal/buildtree/BuildActionRunner$Result;+58
j  org.gradle.tooling.internal.provider.SubscribableBuildActionExecutor.execute(Lorg/gradle/internal/invocation/BuildAction;Lorg/gradle/internal/session/BuildSessionContext;)Lorg/gradle/internal/buildtree/BuildActionRunner$Result;+30
j  org.gradle.internal.session.DefaultBuildSessionContext.execute(Lorg/gradle/internal/invocation/BuildAction;)Lorg/gradle/internal/buildtree/BuildActionRunner$Result;+64
j  org.gradle.internal.buildprocess.execution.BuildSessionLifecycleBuildActionExecutor$ActionImpl.apply(Lorg/gradle/internal/session/BuildSessionContext;)Lorg/gradle/launcher/exec/BuildActionResult;+6
j  org.gradle.internal.buildprocess.execution.BuildSessionLifecycleBuildActionExecutor$ActionImpl.apply(Ljava/lang/Object;)Ljava/lang/Object;+5
j  org.gradle.internal.session.BuildSessionState.run(Ljava/util/function/Function;)Ljava/lang/Object;+5
j  org.gradle.internal.buildprocess.execution.BuildSessionLifecycleBuildActionExecutor.execute(Lorg/gradle/internal/invocation/BuildAction;Lorg/gradle/launcher/exec/BuildActionParameters;Lorg/gradle/initialization/BuildRequestContext;)Lorg/gradle/launcher/exec/BuildActionResult;+95
j  org.gradle.internal.buildprocess.execution.BuildSessionLifecycleBuildActionExecutor.execute(Lorg/gradle/internal/invocation/BuildAction;Ljava/lang/Object;Ljava/lang/Object;)Lorg/gradle/launcher/exec/BuildActionResult;+10
j  org.gradle.internal.buildprocess.execution.StartParamsValidatingActionExecutor.execute(Lorg/gradle/internal/invocation/BuildAction;Lorg/gradle/launcher/exec/BuildActionParameters;Lorg/gradle/initialization/BuildRequestContext;)Lorg/gradle/launcher/exec/BuildActionResult;+203
j  org.gradle.internal.buildprocess.execution.StartParamsValidatingActionExecutor.execute(Lorg/gradle/internal/invocation/BuildAction;Ljava/lang/Object;Ljava/lang/Object;)Lorg/gradle/launcher/exec/BuildActionResult;+10
j  org.gradle.internal.buildprocess.execution.SessionFailureReportingActionExecutor.execute(Lorg/gradle/internal/invocation/BuildAction;Lorg/gradle/launcher/exec/BuildActionParameters;Lorg/gradle/initialization/BuildRequestContext;)Lorg/gradle/launcher/exec/BuildActionResult;+7
j  org.gradle.internal.buildprocess.execution.SessionFailureReportingActionExecutor.execute(Lorg/gradle/internal/invocation/BuildAction;Ljava/lang/Object;Ljava/lang/Object;)Lorg/gradle/launcher/exec/BuildActionResult;+10
j  org.gradle.internal.buildprocess.execution.SetupLoggingActionExecutor.execute(Lorg/gradle/internal/invocation/BuildAction;Lorg/gradle/launcher/exec/BuildActionParameters;Lorg/gradle/initialization/BuildRequestContext;)Lorg/gradle/launcher/exec/BuildActionResult;+50
j  org.gradle.internal.buildprocess.execution.SetupLoggingActionExecutor.execute(Lorg/gradle/internal/invocation/BuildAction;Ljava/lang/Object;Ljava/lang/Object;)Lorg/gradle/launcher/exec/BuildActionResult;+10
j  org.gradle.launcher.daemon.server.exec.ExecuteBuild.doBuild(Lorg/gradle/launcher/daemon/server/api/DaemonCommandExecution;Lorg/gradle/launcher/daemon/protocol/Build;)V+147
j  org.gradle.launcher.daemon.server.exec.BuildCommandOnly.execute(Lorg/gradle/launcher/daemon/server/api/DaemonCommandExecution;)V+49
j  org.gradle.launcher.daemon.server.api.DaemonCommandExecution.proceed()Z+23
j  org.gradle.launcher.daemon.server.exec.WatchForDisconnection.execute(Lorg/gradle/launcher/daemon/server/api/DaemonCommandExecution;)V+19
j  org.gradle.launcher.daemon.server.api.DaemonCommandExecution.proceed()Z+23
j  org.gradle.launcher.daemon.server.exec.ResetDeprecationLogger.execute(Lorg/gradle/launcher/daemon/server/api/DaemonCommandExecution;)V+7
j  org.gradle.launcher.daemon.server.api.DaemonCommandExecution.proceed()Z+23
j  org.gradle.launcher.daemon.server.exec.RequestStopIfSingleUsedDaemon.execute(Lorg/gradle/launcher/daemon/server/api/DaemonCommandExecution;)V+33
j  org.gradle.launcher.daemon.server.api.DaemonCommandExecution.proceed()Z+23
j  org.gradle.launcher.daemon.server.exec.ForwardClientInput.lambda$execute$0(Lorg/gradle/launcher/daemon/server/api/DaemonCommandExecution;Lorg/gradle/internal/daemon/clientinput/StdinHandler;)Ljava/lang/Object;+11
j  org.gradle.launcher.daemon.server.exec.ForwardClientInput$$Lambda+0x00000240d118efe8.apply(Ljava/lang/Object;)Ljava/lang/Object;+8
j  org.gradle.internal.daemon.clientinput.ClientInputForwarder.forwardInput(Ljava/util/function/Function;)Ljava/lang/Object;+46
j  org.gradle.launcher.daemon.server.exec.ForwardClientInput.execute(Lorg/gradle/launcher/daemon/server/api/DaemonCommandExecution;)V+10
j  org.gradle.launcher.daemon.server.api.DaemonCommandExecution.proceed()Z+23
j  org.gradle.launcher.daemon.server.exec.LogAndCheckHealth.execute(Lorg/gradle/launcher/daemon/server/api/DaemonCommandExecution;)V+51
j  org.gradle.launcher.daemon.server.api.DaemonCommandExecution.proceed()Z+23
j  org.gradle.launcher.daemon.server.exec.LogToClient.doBuild(Lorg/gradle/launcher/daemon/server/api/DaemonCommandExecution;Lorg/gradle/launcher/daemon/protocol/Build;)V+87
j  org.gradle.launcher.daemon.server.exec.BuildCommandOnly.execute(Lorg/gradle/launcher/daemon/server/api/DaemonCommandExecution;)V+49
j  org.gradle.launcher.daemon.server.api.DaemonCommandExecution.proceed()Z+23
j  org.gradle.launcher.daemon.server.exec.EstablishBuildEnvironment.doBuild(Lorg/gradle/launcher/daemon/server/api/DaemonCommandExecution;Lorg/gradle/launcher/daemon/protocol/Build;)V+356
j  org.gradle.launcher.daemon.server.exec.BuildCommandOnly.execute(Lorg/gradle/launcher/daemon/server/api/DaemonCommandExecution;)V+49
j  org.gradle.launcher.daemon.server.api.DaemonCommandExecution.proceed()Z+23
j  org.gradle.launcher.daemon.server.exec.StartBuildOrRespondWithBusy$1.run()V+44
j  org.gradle.launcher.daemon.server.DaemonStateCoordinator.lambda$runCommand$0(Ljava/lang/Runnable;)V+1
j  org.gradle.launcher.daemon.server.DaemonStateCoordinator$$Lambda+0x00000240d118bb48.run()V+8
j  org.gradle.internal.concurrent.ExecutorPolicy$CatchAndRecordFailures.onExecute(Ljava/lang/Runnable;)V+1
j  org.gradle.internal.concurrent.AbstractManagedExecutor$1.run()V+25
j  java.util.concurrent.ThreadPoolExecutor.runWorker(Ljava/util/concurrent/ThreadPoolExecutor$Worker;)V+92 java.base@21.0.12.1
j  java.util.concurrent.ThreadPoolExecutor$Worker.run()V+5 java.base@21.0.12.1
j  java.lang.Thread.runWith(Ljava/lang/Object;Ljava/lang/Runnable;)V+5 java.base@21.0.12.1
j  java.lang.Thread.run()V+19 java.base@21.0.12.1
v  ~StubRoutines::call_stub 0x00000240bd50100d

Compiled method (n/a) 180723  838     n 0       java.lang.ClassLoader::defineClass1 (native)
 total in heap  [0x00000240bdafbf10,0x00000240bdafc4a8] = 1432
 relocation     [0x00000240bdafc070,0x00000240bdafc0a8] = 56
 main code      [0x00000240bdafc0c0,0x00000240bdafc4a1] = 993
 stub code      [0x00000240bdafc4a1,0x00000240bdafc4a8] = 7

[Constant Pool (empty)]

[MachCode]
[Entry Point]
  # {method} {0x00000240d0434c38} 'defineClass1' '(Ljava/lang/ClassLoader;Ljava/lang/String;[BIILjava/security/ProtectionDomain;Ljava/lang/String;)Ljava/lang/Class;' in 'java/lang/ClassLoader'
  # parm0:    rdx:rdx   = 'java/lang/ClassLoader'
  # parm1:    r8:r8     = 'java/lang/String'
  # parm2:    r9:r9     = '[B'
  # parm3:    rdi       = int
  # parm4:    rsi       = int
  # parm5:    rcx:rcx   = 'java/security/ProtectionDomain'
  # parm6:    [sp+0xa0]   = 'java/lang/String'  (sp of caller)
  0x00000240bdafc0c0: 448b 5208 | 49bb 0000 | 00d0 4002 | 0000 4d03 | d349 3bc2 | 0f84 0600 

  0x00000240bdafc0d8: ;   {runtime_call ic_miss_stub}
  0x00000240bdafc0d8: 0000 e9a1 | 26a5 ff90 
[Verified Entry Point]
  0x00000240bdafc0e0: 8984 2400 | 80ff ff55 | 488b ec48 | 81ec 9000 | 0000 6690 | 4181 7f20 | 0f00 0000 

  0x00000240bdafc0fc: ;   {runtime_call StubRoutines (final stubs)}
  0x00000240bdafc0fc: 7405 e8dd | a3a3 ff48 | 837d 1000 | 488d 4510 | 480f 4445 | 1048 8944 | 2440 4889 | 4c24 7048 
  0x00000240bdafc11c: 83f9 0048 | 8d44 2470 | 480f 4444 | 2470 4889 | 4424 3848 | 8974 2430 | 4889 7c24 | 284c 894c 
  0x00000240bdafc13c: 2458 4983 | f900 488d | 4424 5848 | 0f44 4424 | 5848 8944 | 2420 4c89 | 4424 5049 | 83f8 004c 
  0x00000240bdafc15c: 8d4c 2450 | 4c0f 444c | 2450 4889 | 5424 4848 | 83fa 004c | 8d44 2448 | 4c0f 4444 

  0x00000240bdafc178: ;   {oop(a 'java/lang/Class'{0x000000068042a578} = 'java/lang/ClassLoader')}
  0x00000240bdafc178: 2448 49be | 78a5 4280 | 0600 0000 | 4c89 7424 | 784c 8d74 | 2478 498b | d6c5 f877 

  0x00000240bdafc194: ;   {internal_word}
  0x00000240bdafc194: 49ba 91c1 | afbd 4002 | 0000 4d89 | 97a8 0300 | 0049 89a7 | a003 0000 

  0x00000240bdafc1ac: ;   {external_word}
  0x00000240bdafc1ac: 49ba 066d | 58bf ff7f | 0000 4180 | 3a00 0f84 | 4e00 0000 | 5241 5041 

  0x00000240bdafc1c4: ;   {metadata({method} {0x00000240d0434c38} 'defineClass1' '(Ljava/lang/ClassLoader;Ljava/lang/String;[BIILjava/security/ProtectionDomain;Ljava/lang/String;)Ljava/lang/Class;' in 'java/lang/ClassLoader')}
  0x00000240bdafc1c4: 5148 ba30 | 4c43 d040 | 0200 0049 | 8bcf 4883 | ec20 40f6 | c40f 0f84 | 1900 0000 | 4883 ec08 
  0x00000240bdafc1e4: ;   {runtime_call}
  0x00000240bdafc1e4: 48b8 e0ea | 01bf ff7f | 0000 ffd0 | 4883 c408 | e90c 0000 

  0x00000240bdafc1f8: ;   {runtime_call}
  0x00000240bdafc1f8: 0048 b8e0 | ea01 bfff | 7f00 00ff | d048 83c4 | 2041 5941 | 585a 498d | 8fc0 0300 | 0041 c787 
  0x00000240bdafc218: 4c04 0000 | 0400 0000 

  0x00000240bdafc220: ;   {runtime_call}
  0x00000240bdafc220: 48b8 ac16 | ce27 f87f | 0000 ffd0 | c5f8 7741 | c787 4c04 | 0000 0500 | 0000 f083 | 4424 c000 
  0x00000240bdafc240: 493b af50 | 0400 000f | 870e 0000 | 0041 83bf | 4804 0000 | 000f 842b | 0000 00c5 | f877 4889 
  0x00000240bdafc260: 45f8 498b | cf4c 8be4 | 4883 ec20 | 4883 e4f0 

  0x00000240bdafc270: ;   {runtime_call}
  0x00000240bdafc270: 48b8 0058 | cdbe ff7f | 0000 ffd0 | 498b e44d | 33e4 488b | 45f8 41c7 | 874c 0400 | 0008 0000 
  0x00000240bdafc290: 0041 83bf | c804 0000 | 020f 84d5 

  0x00000240bdafc29c: ;   {external_word}
  0x00000240bdafc29c: 0100 0049 | ba06 6d58 | bfff 7f00 | 0041 803a | 000f 844c | 0000 0048 

  0x00000240bdafc2b4: ;   {metadata({method} {0x00000240d0434c38} 'defineClass1' '(Ljava/lang/ClassLoader;Ljava/lang/String;[BIILjava/security/ProtectionDomain;Ljava/lang/String;)Ljava/lang/Class;' in 'java/lang/ClassLoader')}
  0x00000240bdafc2b4: 8945 f848 | ba30 4c43 | d040 0200 | 0049 8bcf | 4883 ec20 | 40f6 c40f | 0f84 1900 | 0000 4883 
  0x00000240bdafc2d4: ;   {runtime_call}
  0x00000240bdafc2d4: ec08 48b8 | e0ea 01bf | ff7f 0000 | ffd0 4883 | c408 e90c 

  0x00000240bdafc2e8: ;   {runtime_call}
  0x00000240bdafc2e8: 0000 0048 | b8e0 ea01 | bfff 7f00 | 00ff d048 | 83c4 2048 | 8b45 f849 | c787 a003 | 0000 0000 
  0x00000240bdafc308: 0000 49c7 | 87a8 0300 | 0000 0000 | 00c5 f877 | 4885 c00f | 8430 0100 | 00a8 030f | 8508 0000 
  0x00000240bdafc328: 0048 8b00 | e920 0100 | 00a8 010f | 8509 0000 | 0048 8b40 | fee9 0f01 | 0000 488b | 40ff 4180 
  0x00000240bdafc348: 7f40 000f | 8400 0100 | 0048 83f8 | 000f 84f6 | 0000 0049 | 8b4f 2848 | 83f9 000f | 8414 0000 
  0x00000240bdafc368: 0048 83e9 | 0849 894f | 2849 034f | 3848 8901 | e9d4 0000 | 0048 83ec | 7048 8904 | 2448 894c 
  0x00000240bdafc388: 2408 4889 | 5424 104c | 8944 2418 | 4c89 4c24 | 204c 8954 | 2428 4c89 | 5c24 30c5 | fb11 4424 
  0x00000240bdafc3a8: 40c5 fb11 | 4c24 48c5 | fb11 5424 | 50c5 fb11 | 5c24 58c5 | fb11 6424 | 60c5 fb11 | 6c24 6849 
  0x00000240bdafc3c8: 8bd7 488b | c848 83ec | 2040 f6c4 | 0f0f 8419 | 0000 0048 

  0x00000240bdafc3dc: ;   {runtime_call}
  0x00000240bdafc3dc: 83ec 0848 | b820 a4c0 | beff 7f00 | 00ff d048 | 83c4 08e9 | 0c00 0000 

  0x00000240bdafc3f4: ;   {runtime_call}
  0x00000240bdafc3f4: 48b8 20a4 | c0be ff7f | 0000 ffd0 | 4883 c420 | c5fb 106c | 2468 c5fb | 1064 2460 | c5fb 105c 
  0x00000240bdafc414: 2458 c5fb | 1054 2450 | c5fb 104c | 2448 c5fb | 1044 2440 | 4c8b 5c24 | 304c 8b54 | 2428 4c8b 
  0x00000240bdafc434: 4c24 204c | 8b44 2418 | 488b 5424 | 1048 8b4c | 2408 488b | 0424 4883 | c470 c5f8 | 7749 8b8f 
  0x00000240bdafc454: 3004 0000 | c781 0001 | 0000 0000 | 0000 c949 | 837f 0800 | 0f85 0100 

  0x00000240bdafc46c: ;   {runtime_call StubRoutines (initial stubs)}
  0x00000240bdafc46c: 0000 c3e9 | 8c4a a0ff | c5f8 7748 | 8945 f84c | 8be4 4883 | ec20 4883 

  0x00000240bdafc484: ;   {runtime_call}
  0x00000240bdafc484: e4f0 48b8 | 3022 02bf | ff7f 0000 | ffd0 498b | e44d 33e4 | 488b 45f8 | e9fe fdff | fff4 f4f4 
  0x00000240bdafc4a4: f4f4 f4f4 
[/MachCode]


Compiled method (c2) 180799 11569       4       java.security.SecureClassLoader::defineClass (16 bytes)
 total in heap  [0x00000240be091890,0x00000240be097498] = 23560
 relocation     [0x00000240be0919f0,0x00000240be091dc0] = 976
 main code      [0x00000240be091dc0,0x00000240be095268] = 13480
 stub code      [0x00000240be095268,0x00000240be0953e8] = 384
 oops           [0x00000240be0953e8,0x00000240be095400] = 24
 metadata       [0x00000240be095400,0x00000240be0955c8] = 456
 scopes data    [0x00000240be0955c8,0x00000240be096780] = 4536
 scopes pcs     [0x00000240be096780,0x00000240be096f80] = 2048
 dependencies   [0x00000240be096f80,0x00000240be096fa8] = 40
 handler table  [0x00000240be096fa8,0x00000240be0973e0] = 1080
 nul chk table  [0x00000240be0973e0,0x00000240be097498] = 184

[Constant Pool (empty)]

[MachCode]
[Entry Point]
  # {method} {0x00000240d004e0e8} 'defineClass' '(Ljava/lang/String;[BIILjava/security/CodeSource;)Ljava/lang/Class;' in 'java/security/SecureClassLoader'
  # this:     rdx:rdx   = 'java/security/SecureClassLoader'
  # parm0:    r8:r8     = 'java/lang/String'
  # parm1:    r9:r9     = '[B'
  # parm2:    rdi       = int
  # parm3:    rsi       = int
  # parm4:    rcx:rcx   = 'java/security/CodeSource'
  #           [sp+0xd0]  (sp of caller)
  0x00000240be091dc0: 448b 5208 | 49bb 0000 | 00d0 4002 | 0000 4d03 | d349 3bc2 

  0x00000240be091dd4: ;   {runtime_call ic_miss_stub}
  0x00000240be091dd4: 0f85 a6c9 | 4bff 6690 | 0f1f 4000 
[Verified Entry Point]
  0x00000240be091de0: 8984 2400 | 80ff ff55 | 4881 ecc0 | 0000 0090 | 4181 7f20 | 0f00 0000 | 0f85 5c34 | 0000 8974 
  0x00000240be091e00: 243c 897c | 2438 4c89 | 4c24 304c | 8944 2420 | 4889 5424 | 2848 8be9 | 4885 c90f | 8497 2400 
  0x00000240be091e20: 004d 8b87 | b801 0000 | 4d8b d049 | 83c2 104d | 3b97 c801 | 0000 0f83 | 3d1d 0000 | 4d89 97b8 
  0x00000240be091e40: 0100 0041 | 0f0d 8ac0 | 0000 0049 | c700 0100 

  0x00000240be091e50: ;   {metadata('java/security/SecureClassLoader$CodeSourceKey')}
  0x00000240be091e50: 0000 41c7 | 4008 b8b4 | 1100 4c8b | d549 c1ea | 0345 8950 | 0c4d 8b8f | b801 0000 | 4c8b 5424 
  0x00000240be091e70: 2841 8b6a | 504d 8bd1 | 4983 c210 | 4d3b 97c8 | 0100 000f | 83c3 1c00 | 004d 8997 | b801 0000 
  0x00000240be091e90: 410f 0d8a | c000 0000 | 49c7 0101 

  0x00000240be091e9c: ;   {metadata('java/security/SecureClassLoader$1')}
  0x00000240be091e9c: 0000 0041 | c741 0850 | ba11 004c | 8b54 2428 | 49c1 ea03 | 4589 510c 

  0x00000240be091eb4: ; implicit exception: dispatches to 0x00000240be094dfc
  0x00000240be091eb4: 458b 54ec 

  0x00000240be091eb8: ;   {metadata('java/util/concurrent/ConcurrentHashMap')}
  0x00000240be091eb8: 0841 81fa | 8027 0600 | 0f85 de21 | 0000 498d | 14ec 6690 

  0x00000240be091ecc: ;   {optimized virtual_call}
  0x00000240be091ecc: c5f8 77e8 

  0x00000240be091ed0: ; ImmutableOopMap {[32]=Oop [40]=Oop [48]=Oop }
                      ;*invokeinterface computeIfAbsent {reexecute=0 rethrow=0 return_oop=1}
                      ; - java.security.SecureClassLoader::getProtectionDomain@28
                      ; - java.security.SecureClassLoader::defineClass@9
  0x00000240be091ed0: 2c07 0600 

  0x00000240be091ed4: ;   {other}
  0x00000240be091ed4: 0f1f 8400 | 4406 0000 

  0x00000240be091edc: ; implicit exception: dispatches to 0x00000240be094e1c
  0x00000240be091edc: 448b 5808 

  0x00000240be091ee0: ;   {metadata('java/security/ProtectionDomain')}
  0x00000240be091ee0: 4181 fbe8 | 5800 000f | 8513 2e00 | 0048 8944 | 2448 4c8b | 7424 2045 | 8b5e 14c4 | c179 6ecb 
  0x00000240be091f00: ; implicit exception: dispatches to 0x00000240be094e40
  0x00000240be091f00: 478b 44dc | 0c45 85c0 | 0f86 b621 | 0000 450f | be5e 1045 | 85db 0f85 | ec22 0000 | c442 22f7 
  0x00000240be091f20: c845 3bc8 | 458b d145 | 0f4f d0c4 | c179 7ecb | 49c1 e303 | c5f9 7ecb | 4d8d 6cdc | 1045 85d2 
  0x00000240be091f40: 0f8e d000 | 0000 453b | c20f 8291 | 2100 00b8 | 2f00 0000 | 498b fd41 | 8bd2 488b | df83 fa10 
  0x00000240be091f60: 0f8c 7900 | 0000 83fa | 200f 8c36 | 0000 00c5 | f96e c0c4 | e27d 78c0 | c5ed efd2 | 8bca 83e1 
  0x00000240be091f80: e083 e21f | c5fe 6f1b | c5e5 74d8 | c4e2 7d17 | d30f 8369 | 0000 0048 | 83c3 2083 | e920 75e4 
  0x00000240be091fa0: e90d 0000 | 00c5 f96e | c0c5 e9ef | d2c4 e279 | 00c2 83fa | 100f 8c24 | 0000 008b | ca83 e1f0 
  0x00000240be091fc0: 83e2 0fc5 | fa6f 1bc5 | e174 d8c4 | e279 17d3 | 0f83 2a00 | 0000 4883 | c310 83e9 

  0x00000240be091fdc: ;   {no_reloc}
  0x00000240be091fdc: 1075 e485 | d20f 8412 | 0000 000f | b60b 3bc1 | 741c 4883 | c301 83ea | 0174 02eb | eebb ffff 
  0x00000240be091ffc: ffff eb0d | c5fd d7cb | 0fbc c148 | 03d8 482b | df83 fbff | 0f85 5222 | 0000 410f | b66d 0083 
  0x00000240be09201c: fd5b 0f84 | ac22 0000 | 418d 49fb | 85c9 7c5d | 450f be55 | 0041 83fa | 6a75 5241 | 83f8 040f 
  0x00000240be09203c: 8613 2600 | 00c5 f97e | c941 807c | cc11 6175 | 3c41 807c | cc12 7675 | 3441 807c | cc13 6175 
  0x00000240be09205c: 2c41 807c | cc14 2e75 

  0x00000240be092064: ;   {oop(a 'jdk/internal/loader/ClassLoaders$PlatformClassLoader'{0x000000068040f820})}
  0x00000240be092064: 2449 ba20 | f840 8006 | 0000 0048 | 8b4c 2428 | 493b ca0f | 855b 2b00 

  0x00000240be09207c: ;   {oop(a 'jdk/internal/loader/ClassLoaders$PlatformClassLoader'{0x000000068040f820})}
  0x00000240be09207c: 0048 bb20 | f840 8006 | 0000 00eb | 0548 8b5c | 2428 4c8b | 5424 4845 | 8b52 1044 | 8954 2440 
  0x00000240be09209c: 458d 51ff | 418d 78ff | 443b d744 | 0f4f d745 | 85d2 0f8c | 4e0c 0000 | 33c9 894c | 2444 660f 
  0x00000240be0920bc: 1f44 0000 | 453b d00f | 832c 1e00 | 0043 807c | 1310 2e74 | 1a49 8bbf | 5804 0000 | 41ff ca49 
  0x00000240be0920dc: ; ImmutableOopMap {r11=Oop r13=Derived_oop_r11 rcx=Oop rbx=Oop r14=Oop xmm1=NarrowOop [40]=Oop [48]=Oop [64]=NarrowOop [72]=Oop }
                      ;*goto {reexecute=1 rethrow=0 return_oop=0}
                      ; - (reexecute) java.lang.StringLatin1::lastIndexOf@35
                      ; - java.lang.String::lastIndexOf@13
                      ; - java.lang.String::lastIndexOf@8
                      ; - java.lang.ClassLoader::checkCerts@3
                      ; - java.lang.ClassLoader::preDefineClass@113
                      ; - java.lang.ClassLoader::defineClass@4
                      ; - java.security.SecureClassLoader::defineClass@12
                      ;   {poll}
  0x00000240be0920dc: 8bce 8507 | 4585 d27d | db41 baff | ffff ff41 | 83fa ff0f | 846d 1600 | 0045 85d2 | 0f8c 3621 
  0x00000240be0920fc: 0000 453b | d10f 8ffd | 2100 0045 | 3bd1 0f84 | 8c0b 0000 | 4585 d20f | 84cb 0b00 | 0049 8bb7 
  0x00000240be09211c: b801 0000 | 4c8b ce49 | 83c1 184d | 3b8f c801 | 0000 0f83 | 681a 0000 | 4d89 8fb8 | 0100 0041 
  0x00000240be09213c: 0f0d 89c0 | 0000 0048 | c706 0100 

  0x00000240be092148: ;   {metadata('java/lang/String')}
  0x00000240be092148: 0000 c746 | 0878 e800 | 0044 8966 | 0c4c 8966 | 1045 3bd0 | 0f85 9c00 | 0000 4d63 | d041 81f8 
  0x00000240be092168: 0000 1000 | 0f87 cc1c | 0000 498b | bfb8 0100 | 004d 8d4a | 1749 83e1 | f848 8bcf | 4903 c949 
  0x00000240be092188: 3b8f c801 | 0000 0f83 | aa1c 0000 | 4989 8fb8 | 0100 000f | 0d89 c000 | 0000 48c7 | 0701 0000 
  0x00000240be0921a8: 000f 0d89 | 0001 0000 

  0x00000240be0921b0: ;   {metadata({type array byte})}
  0x00000240be0921b0: c747 0818 | 2300 0044 | 8947 0c0f | 0d89 4001 | 0000 0f0d | 8980 0100 | 0048 8bd7 | 4883 c210 
  0x00000240be0921d0: 4983 c207 | 49c1 ea03 | 498b cd4d | 8bc2 c5f8 | 7749 ba60 | 4b53 bd40 | 0200 0041 

  0x00000240be0921ec: ;   {other}
  0x00000240be0921ec: ffd2 0f1f | 8400 0000 | 0000 4c8b | efe9 da00 | 0000 4181 | fa00 0010 | 000f 8739 | 1f00 004d 
  0x00000240be09220c: 63ca 498b | d545 3bc2 | 418b e841 | 0f4f ea44 | 3bc5 0f82 | 941f 0000 | 443b d50f | 828b 1f00 
  0x00000240be09222c: 0049 83c1 | 174d 8bc1 | 4983 e0f8 | 4181 fa00 | 0010 000f | 8773 1a00 | 004d 8baf | b801 0000 
  0x00000240be09224c: 498b cd49 | 03c8 493b | 8fc8 0100 | 000f 8359 | 1a00 0049 | 898f b801 | 0000 0f0d | 89c0 0000 
  0x00000240be09226c: 0049 c745 | 0001 0000 | 000f 0d89 | 0001 0000 

  0x00000240be09227c: ;   {metadata({type array byte})}
  0x00000240be09227c: 41c7 4508 | 1823 0000 | 4589 550c | 0f0d 8940 | 0100 000f | 0d89 8001 | 0000 4d8b | dd49 83c3 
  0x00000240be09229c: 1049 c1e9 | 0385 ed0f | 84a3 1e00 | 0041 3bea | 0f8c 2f12 | 0000 4983 | c0f0 49c1 | e803 488b 
  0x00000240be0922bc: ca49 8bd3 | c5f8 7749 | ba60 4b53 | bd40 0200 | 0041 ffd2 

  0x00000240be0922d0: ;   {other}
  0x00000240be0922d0: 0f1f 8400 | 0000 0000 | 4180 7f40 | 000f 8521 | 0e00 004d | 8bd5 49c1 | ea03 4489 | 5614 4c8b 
  0x00000240be0922f0: d64d 8bdd | 4d33 da49 | c1eb 164d | 85db 741a | 49c1 ea09 | 48b9 0000 | d3c2 4002 | 0000 4903 
  0x00000240be092310: ca80 3902 | 0f85 210e | 0000 4488 | 6610 488b | fe44 8b5c | 2440 478b | 5cdc 1445 | 85db 0f85 
  0x00000240be092330: db09 0000 | 448b 5424 | 4043 8b4c | d410 85c9 | 0f85 870a 

  0x00000240be092344: ;   {oop(""{0x000000068042eba0})}
  0x00000240be092344: 0000 49b9 | a0eb 4280 | 0600 0000 | 49b8 0000 | d3c2 4002 

  0x00000240be092358: ;   {oop(a 'java/security/cert/Certificate'[0] {0x000000068042a5f8})}
  0x00000240be092358: 0000 49bb | f8a5 4280 | 0600 0000 | 448b 532c | 4585 d20f | 84fb 1c00 | 004c 895c | 2468 4c8b 
  0x00000240be092378: df4c 8944 | 2460 4c89 | 4c24 5848 | 895c 2450 | 4c89 7424 | 204b 8d14 | d4bf 0100 | 0000 4d8b 
  0x00000240be092398: c34c 8b4c | 2468 498b | ee66 6690 

  0x00000240be0923a4: ;   {optimized virtual_call}
  0x00000240be0923a4: c5f8 77e8 

  0x00000240be0923a8: ; ImmutableOopMap {rbp=Oop [32]=Oop [40]=Oop [48]=Oop [72]=Oop [80]=Oop [88]=Oop [104]=Oop }
                      ;*invokevirtual putVal {reexecute=0 rethrow=0 return_oop=1}
                      ; - java.util.concurrent.ConcurrentHashMap::putIfAbsent@4
                      ; - java.lang.ClassLoader::checkCerts@62
                      ; - java.lang.ClassLoader::preDefineClass@113
                      ; - java.lang.ClassLoader::defineClass@4
                      ; - java.security.SecureClassLoader::defineClass@12
  0x00000240be0923a8: b4cc eeff 

  0x00000240be0923ac: ;   {other}
  0x00000240be0923ac: 0f1f 8400 | 1c0b 0002 | 4885 c074 | 3344 8b50 

  0x00000240be0923bc: ;   {metadata('java/security/cert/Certificate'[])}
  0x00000240be0923bc: 0841 81fa | 2029 1000 | 0f85 7629 | 0000 4c8b | c848 8b4c | 2468 448b | 410c 458b | 590c 4585 
  0x00000240be0923dc: c00f 87b1 | 1500 0045 | 85db 0f87 | 501f 0000 | 4c8b 5424 | 4845 8b5a | 1043 8b6c | dc0c 85ed 
  0x00000240be0923fc: 0f84 ea1e | 0000 498d | 14ec 6690 

  0x00000240be092408: ;   {optimized virtual_call}
  0x00000240be092408: c5f8 77e8 

  0x00000240be09240c: ; ImmutableOopMap {[32]=Oop [40]=Oop [48]=Oop [72]=Oop [88]=Oop }
                      ;*invokevirtual toString {reexecute=0 rethrow=0 return_oop=1}
                      ; - java.lang.ClassLoader::defineClassSourceLocation@22
                      ; - java.lang.ClassLoader::defineClass@12
                      ; - java.security.SecureClassLoader::defineClass@12
  0x00000240be09240c: d074 a8ff 

  0x00000240be092410: ;   {other}
  0x00000240be092410: 0f1f 8400 | 800b 0003 | 488b 5424 | 284c 8b44 | 2420 4c8b | 4c24 308b | 7c24 388b | 7424 3c48 
  0x00000240be092430: 8b4c 2448 | 4889 0424 

  0x00000240be092438: ;   {static_call}
  0x00000240be092438: c5f8 77e8 

  0x00000240be09243c: ; ImmutableOopMap {[40]=Oop [72]=Oop [88]=Oop }
                      ;*invokestatic defineClass1 {reexecute=0 rethrow=0 return_oop=1}
                      ; - java.lang.ClassLoader::defineClass@27
                      ; - java.security.SecureClassLoader::defineClass@12
  0x00000240be09243c: a09c a6ff 

  0x00000240be092440: ;   {other}
  0x00000240be092440: 0f1f 8400 | b00b 0004 | 4889 4424 | 2044 8b50 | 3c45 85d2 | 0f85 7103 | 0000 4c8b | 5010 458b 
  0x00000240be092460: 5a08 4585 | db0f 8cfd | 1e00 0044 | 8b50 2c45 | 85d2 0f84 | 3408 0000 | 4f8d 04d4 | 458b 4814 
  0x00000240be092480: ; implicit exception: dispatches to 0x00000240be094f70
  0x00000240be092480: 438b 54cc | 0c45 0fbe | 5810 c4e2 | 22f7 ca44 | 8d51 ff45 | 85db 0f85 | 8420 0000 | 4b8d 2ccc 
  0x00000240be0924a0: 448d 5aff | 453b da45 | 0f4f da45 | 85db 7c22 | 443b da0f | 837e 1b00 | 0042 807c | 1d10 2e74 
  0x00000240be0924c0: 1749 8b9f | 5804 0000 

  0x00000240be0924c8: ; ImmutableOopMap {r8=Oop r9=NarrowOop rbp=Oop [32]=Oop [40]=Oop [72]=Oop [88]=Oop }
                      ;*goto {reexecute=1 rethrow=0 return_oop=0}
                      ; - (reexecute) java.lang.StringLatin1::lastIndexOf@35
                      ; - java.lang.String::lastIndexOf@13
                      ; - java.lang.String::lastIndexOf@8
                      ; - java.lang.Class::getPackageName@47
                      ; - java.lang.ClassLoader::postDefineClass@2
                      ; - java.lang.ClassLoader::defineClass@37
                      ; - java.security.SecureClassLoader::defineClass@12
                      ;   {poll}
  0x00000240be0924c8: 41ff cb85 | 0345 85db | 7dde 41bb | ffff ffff | 4183 fbff | 0f84 5302 | 0000 4585 | db0f 8c95 
  0x00000240be0924e8: 2000 0044 | 3bd9 0f8f | c420 0000 | 443b d90f | 84a7 0700 | 0045 85db | 0f84 ed07 | 0000 498b 
  0x00000240be092508: 9fb8 0100 | 004c 8bd3 | 4983 c218 | 4d3b 97c8 | 0100 000f | 83b5 1800 | 004d 8997 | b801 0000 
  0x00000240be092528: 410f 0d8a | c000 0000 | 48c7 0301 

  0x00000240be092534: ;   {metadata('java/lang/String')}
  0x00000240be092534: 0000 00c7 | 4308 78e8 | 0000 4489 | 630c 4c89 | 6310 4f8d | 54cc 1044 | 3bda 0f85 | 9e00 0000 
  0x00000240be092554: 4863 f281 | fa00 0010 | 000f 875e | 1a00 0049 | 8bbf b801 | 0000 4c8d | 5e17 4983 | e3f8 4c8b 
  0x00000240be092574: c74d 03c3 | 4d3b 87c8 | 0100 000f | 833c 1a00 | 004d 8987 | b801 0000 | 410f 0d88 | c000 0000 
  0x00000240be092594: 48c7 0701 | 0000 0041 | 0f0d 8800 

  0x00000240be0925a0: ;   {metadata({type array byte})}
  0x00000240be0925a0: 0100 00c7 | 4708 1823 | 0000 8957 | 0c41 0f0d | 8840 0100 | 0041 0f0d | 8880 0100 | 0048 8bd7 
  0x00000240be0925c0: 4883 c210 | 4883 c607 | 48c1 ee03 | 498b ca4c | 8bc6 c5f8 | 7749 ba60 | 4b53 bd40 | 0200 0041 
  0x00000240be0925e0: ;   {other}
  0x00000240be0925e0: ffd2 0f1f | 8400 0000 | 0000 488b | f7e9 e200 | 0000 4181 | fb00 0010 | 000f 8780 | 1e00 0049 
  0x00000240be092600: 63cb 413b | d344 8bc2 | 450f 4fc3 | 4489 4424 | 3c41 3bd0 | 0f82 d61e | 0000 453b | d80f 82cd 
  0x00000240be092620: 1e00 0048 | 83c1 174c | 8bc9 4983 | e1f8 4181 | fb00 0010 | 000f 8705 | 1900 0049 | 8bb7 b801 
  0x00000240be092640: 0000 4c8b | c64d 03c1 | 4d3b 87c8 | 0100 000f | 83eb 1800 | 004d 8987 | b801 0000 | 410f 0d88 
  0x00000240be092660: c000 0000 | 48c7 0601 | 0000 0041 | 0f0d 8800 

  0x00000240be092670: ;   {metadata({type array byte})}
  0x00000240be092670: 0100 00c7 | 4608 1823 | 0000 4489 | 5e0c 410f | 0d88 4001 | 0000 410f | 0d88 8001 | 0000 488b 
  0x00000240be092690: d648 83c2 | 1048 c1e9 | 038b 6c24 | 3c85 ed0f | 84e2 1d00 | 0041 3beb | 0f8c 4e12 | 0000 4983 
  0x00000240be0926b0: c1f0 49c1 | e903 498b | ca4d 8bc1 | c5f8 7749 | ba60 4b53 | bd40 0200 | 0041 ffd2 

  0x00000240be0926cc: ;   {other}
  0x00000240be0926cc: 0f1f 8400 | 0000 0000 | 4180 7f40 | 000f 85fb | 0f00 004c | 8bd3 4c8b | c649 c1e8 | 0344 8943 
  0x00000240be0926ec: 144c 8bde | 4d33 da49 | c1eb 164d | 85db 741a | 49c1 ea09 | 48b9 0000 | d3c2 4002 | 0000 4903 
  0x00000240be09270c: ca80 3902 | 0f85 fb0f | 0000 4488 | 6310 488b | d366 6690 

  0x00000240be092720: ;   {optimized virtual_call}
  0x00000240be092720: c5f8 77e8 

  0x00000240be092724: ; ImmutableOopMap {[32]=Oop [40]=Oop [72]=Oop }
                      ;*invokevirtual intern {reexecute=0 rethrow=0 return_oop=1}
                      ; - java.lang.Class::getPackageName@65
                      ; - java.lang.ClassLoader::postDefineClass@2
                      ; - java.lang.ClassLoader::defineClass@37
                      ; - java.security.SecureClassLoader::defineClass@12
  0x00000240be092724: 3853 a2ff 

  0x00000240be092728: ;   {other}
  0x00000240be092728: 0f1f 8400 | 980e 0006 | 4889 4424 | 5841 807f | 4000 0f85 | 3f0e 0000 | 4c8b 5424 | 2048 8b7c 
  0x00000240be092748: 2458 4c8b | c749 c1e8 | 034c 8b5c | 2420 4589 | 433c 4c8b | df4d 33da | 49c1 eb16 | 4d85 db74 
  0x00000240be092768: 6648 85ff | 7461 49c1 | ea09 48b9 | 0000 d3c2 | 4002 0000 | 4903 ca80 | 3902 744b | 4d8b 5748 
  0x00000240be092788: 4d8b 5f58 | f083 4424 | c000 8039 | 0074 3844 | 8821 4d85 | d275 1d49 | 8bd7 c5f8 | 7749 ba00 
  0x00000240be0927a8: a4c0 beff | 7f00 0041 

  0x00000240be0927b0: ;   {other}
  0x00000240be0927b0: ffd2 0f1f | 8400 0000 | 0000 eb13 | 4b89 4c13 | f849 83c2 | f84d 8957 | 48eb 044b | 8d3c d448 
  0x00000240be0927d0: 8b5c 2428 | 448b 5b38 | 4585 db0f | 84ab 1800 | 0048 8bcf 

  0x00000240be0927e4: ; implicit exception: dispatches to 0x00000240be094e70
  0x00000240be0927e4: 8b47 0c4c | 8b54 2420 | 458b 4a30 | 85c0 0f84 | 3804 0000 | 478b 44dc | 2845 85c0 | 0f84 9802 
  0x00000240be092804: 0000 438b | 6cc4 0c85 | ed0f 8675 | 1a00 0044 | 8bd0 41c1 | ea10 4433 | d04f 8d1c | c441 81e2 
  0x00000240be092824: ffff ff7f | ffcd 4123 | ea4c 63c5 | 478b 4483 | 1045 85c0 | 0f84 6002 | 0000 438b | 7cc4 0c4b 
  0x00000240be092844: 8d34 c441 | 3bfa 0f84 | d800 0000 | 85ff 0f8c | ae01 0000 | 478b 5cc4 | 1845 85db | 0f84 3802 
  0x00000240be092864: 0000 4b8d | 34dc 8b7e | 0c49 8b87 

  0x00000240be092870: ; ImmutableOopMap {r9=NarrowOop rcx=Oop rbx=Oop rsi=Oop [32]=Oop [72]=Oop }
                      ;*if_icmpne {reexecute=1 rethrow=0 return_oop=0}
                      ; - (reexecute) java.util.concurrent.ConcurrentHashMap::get@127
                      ; - java.lang.ClassLoader::getNamedPackage@5
                      ; - java.lang.ClassLoader::postDefineClass@9
                      ; - java.lang.ClassLoader::defineClass@37
                      ; - java.security.SecureClassLoader::defineClass@12
  0x00000240be092870: 5804 0000 

  0x00000240be092874: ;   {poll}
  0x00000240be092874: 8500 413b | fa74 1344 | 8b46 1845 | 85c0 0f84 | 1602 0000 | 4b8d 34c4 | ebdc 8b6e | 104c 8bdd 
  0x00000240be092894: 49c1 e303 | 4c3b d974 | 7e85 ed0f | 849d 2000 | 0048 8974 | 2458 4489 | 5424 5044 | 894c 2440 
  0x00000240be0928b4: 4889 4c24 | 384c 8b54 | 2420 4c89 | 5424 304c | 8b54 2448 | 4c89 5424 | 2848 895c | 2420 4d8d 
  0x00000240be0928d4: 04ec 488b | d148 8b6c | 2430 6690 

  0x00000240be0928e0: ;   {optimized virtual_call}
  0x00000240be0928e0: c5f8 77e8 

  0x00000240be0928e4: ; ImmutableOopMap {rbp=Oop [32]=Oop [40]=Oop [56]=Oop [64]=NarrowOop [88]=Oop }
                      ;*invokevirtual equals {reexecute=0 rethrow=0 return_oop=0}
                      ; - java.util.concurrent.ConcurrentHashMap::get@149
                      ; - java.lang.ClassLoader::getNamedPackage@5
                      ; - java.lang.ClassLoader::postDefineClass@9
                      ; - java.lang.ClassLoader::defineClass@37
                      ; - java.security.SecureClassLoader::defineClass@12
  0x00000240be0928e4: 589f c1ff 

  0x00000240be0928e8: ;   {other}
  0x00000240be0928e8: 0f1f 8400 | 5810 0008 | 85c0 0f84 | 8420 0000 | 488b 5c24 | 204c 8b54 | 2428 4c89 | 5424 4848 
  0x00000240be092908: 896c 2420 | 488b 4c24 | 3844 8b4c | 2440 488b | 7424 588b | 6e14 85ed | 0f84 7801 | 0000 eb73 
  0x00000240be092928: 438b 6cc4 | 104c 8bdd | 49c1 e303 | 4c3b d974 | 5585 ed0f | 84d5 1d00 | 0044 8944 | 2440 4489 
  0x00000240be092948: 5424 3c44 | 894c 2438 | 4889 5c24 | 284d 8d04 | ec48 8bd1 | 488b e948 | 8974 2458 

  0x00000240be092964: ;   {optimized virtual_call}
  0x00000240be092964: c5f8 77e8 

  0x00000240be092968: ; ImmutableOopMap {rbp=Oop [32]=Oop [40]=Oop [56]=NarrowOop [64]=NarrowOop [72]=Oop [88]=Oop }
                      ;*invokevirtual equals {reexecute=0 rethrow=0 return_oop=0}
                      ; - java.util.concurrent.ConcurrentHashMap::get@73
                      ; - java.lang.ClassLoader::getNamedPackage@5
                      ; - java.lang.ClassLoader::postDefineClass@9
                      ; - java.lang.ClassLoader::defineClass@37
                      ; - java.security.SecureClassLoader::defineClass@12
  0x00000240be092968: d49e c1ff 

  0x00000240be09296c: ;   {other}
  0x00000240be09296c: 0f1f 8400 | dc10 0009 | 85c0 0f84 | b411 0000 | 488b 5c24 | 2848 8bcd | 448b 4c24 | 3844 8b44 
  0x00000240be09298c: 2440 438b | 6cc4 1485 | ed0f 8403 | 0100 0045 | 8b54 ec08 | 49bb 0000 | 00d0 4002 | 0000 4d03 
  0x00000240be0929ac: da4d 8b53 

  0x00000240be0929b0: ;   {metadata('java/lang/NamedPackage')}
  0x00000240be0929b0: 3849 bbe8 | c001 d040 | 0200 004d | 3bd3 0f85 | 6817 0000 | 4c8b 5424 | 4845 8b4a | 1043 8b4c 
  0x00000240be0929d0: cc14 85c9 | 0f85 b207 | 0000 478b | 5ccc 1045 | 85db 0f85 | 5008 0000 | 488b 4424 | 20c5 f877 
  0x00000240be0929f0: 4881 c4c0 | 0000 005d 

  0x00000240be0929f8: ;   {poll_return}
  0x00000240be0929f8: 493b a750 | 0400 000f | 873f 2800 | 00c3 478b 

  0x00000240be092a08: ;   {metadata('java/util/concurrent/ConcurrentHashMap$ReservationNode')}
  0x00000240be092a08: 5cc4 0841 | 81fb d06a | 1700 0f84 | 8600 0000 

  0x00000240be092a18: ;   {metadata('java/util/concurrent/ConcurrentHashMap$ForwardingNode')}
  0x00000240be092a18: 4181 fbe8 | 0418 000f | 857b 2100 | 0045 8bda | 4489 4c24 | 4048 894c | 2438 4c8b | 5424 204c 
  0x00000240be092a38: 8954 2430 | 4c8b 5424 | 484c 8954 | 2428 4889 | 5c24 2048 | 8bd6 458b | c34c 8bc9 | 488b 6c24 
  0x00000240be092a58: 3066 6690 

  0x00000240be092a5c: ;   {optimized virtual_call}
  0x00000240be092a5c: c5f8 77e8 

  0x00000240be092a60: ; ImmutableOopMap {rbp=Oop [32]=Oop [40]=Oop [48]=Oop [56]=Oop [64]=NarrowOop }
                      ;*invokevirtual find {reexecute=0 rethrow=0 return_oop=1}
                      ; - java.util.concurrent.ConcurrentHashMap::get@93
                      ; - java.lang.ClassLoader::getNamedPackage@5
                      ; - java.lang.ClassLoader::postDefineClass@9
                      ; - java.lang.ClassLoader::defineClass@37
                      ; - java.security.SecureClassLoader::defineClass@12
  0x00000240be092a60: 1cc0 4bff 

  0x00000240be092a64: ;   {other}
  0x00000240be092a64: 0f1f 8400 | d411 000a | 4885 c00f | 8420 1200 | 008b 6814 | 85ed 0f84 | 8416 0000 | 488b 5c24 
  0x00000240be092a84: 204c 8b54 | 2428 4c89 | 5424 484c | 8b54 2430 | 4c89 5424 | 20e9 fdfe | ffff 498b | 87b8 0100 
  0x00000240be092aa4: 004c 8bd0 | 4983 c218 | 4d3b 97c8 | 0100 000f | 83ba 1200 | 004d 8997 | b801 0000 | 410f 0d8a 
  0x00000240be092ac4: c000 0000 | 48c7 0001 

  0x00000240be092acc: ;   {metadata('java/lang/NamedPackage')}
  0x00000240be092acc: 0000 00c7 | 4008 e8c0 | 0100 4489 | 600c 4c89 | 6010 448b | 5114 478b | 5cd4 0c45 | 85db 0f86 
  0x00000240be092aec: 810c 0000 | 4889 5c24 | 2848 894c | 2430 4889 | 4424 5049 | 8be9 48c1 | e503 4489 | 4c24 3848 
  0x00000240be092b0c: 8b54 2430 

  0x00000240be092b10: ;   {optimized virtual_call}
  0x00000240be092b10: c5f8 77e8 

  0x00000240be092b14: ; ImmutableOopMap {rbp=Oop [32]=Oop [40]=Oop [48]=Oop [56]=NarrowOop [72]=Oop [80]=Oop }
                      ;*invokevirtual intern {reexecute=0 rethrow=0 return_oop=1}
                      ; - java.lang.NamedPackage::<init>@47
                      ; - java.lang.ClassLoader::getNamedPackage@22
                      ; - java.lang.ClassLoader::postDefineClass@9
                      ; - java.lang.ClassLoader::defineClass@37
                      ; - java.security.SecureClassLoader::defineClass@12
  0x00000240be092b14: 68bf 4bff 

  0x00000240be092b18: ;   {other}
  0x00000240be092b18: 0f1f 8400 | 8812 000b | 488b d841 | 807f 4000 | 0f85 c40a | 0000 488b | 7424 504c | 8bd3 49c1 
  0x00000240be092b38: ea03 4489 | 560c 4c8b | d64c 8bdb | 4d33 da49 | c1eb 164d | 85db 741f | 4885 db74 | 1a49 c1ea 
  0x00000240be092b58: 0948 b900 | 00d3 c240 | 0200 0049 | 03ca 8039 | 020f 85c9 | 0a00 0041 | 807f 4000 | 0f85 410a 
  0x00000240be092b78: 0000 8b7c | 2438 897e | 104c 8bd5 | 4c8b de4d | 33d3 49c1 | ea16 4d85 | d274 1e85 | ff74 1a49 
  0x00000240be092b98: c1eb 0948 | b900 00d3 | c240 0200 | 0049 03cb | 8039 020f | 85d8 0a00 | 004c 8b5c | 2428 458b 
  0x00000240be092bb8: 5338 4585 | d20f 84e1 | 1700 0048 | 8974 2450 | 4b8d 14d4 | 4c8b 4424 | 304c 8bce 

  0x00000240be092bd4: ;   {optimized virtual_call}
  0x00000240be092bd4: c5f8 77e8 

  0x00000240be092bd8: ; ImmutableOopMap {[32]=Oop [40]=Oop [56]=NarrowOop [72]=Oop [80]=Oop }
                      ;*invokevirtual putIfAbsent {reexecute=0 rethrow=0 return_oop=1}
                      ; - java.lang.ClassLoader::getNamedPackage@32
                      ; - java.lang.ClassLoader::postDefineClass@9
                      ; - java.lang.ClassLoader::defineClass@37
                      ; - java.security.SecureClassLoader::defineClass@12
  0x00000240be092bd8: a4be 4bff 

  0x00000240be092bdc: ;   {other}
  0x00000240be092bdc: 0f1f 8400 | 4c13 000c | 4885 c00f | 8441 0a00 | 0044 8b50 | 0849 bb00 | 0000 d040 | 0200 004d 
  0x00000240be092bfc: 03da 4d8b 

  0x00000240be092c00: ;   {metadata('java/lang/NamedPackage')}
  0x00000240be092c00: 5338 49bb | e8c0 01d0 | 4002 0000 | 4d3b d30f | 84ab 1700 | 00ba deff | ffff 488b | e866 6690 
  0x00000240be092c20: ;   {runtime_call UncommonTrapBlob}
  0x00000240be092c20: c5f8 77e8 

  0x00000240be092c24: ; ImmutableOopMap {rbp=Oop }
                      ;*checkcast {reexecute=0 rethrow=0 return_oop=0}
                      ; - java.lang.ClassLoader::getNamedPackage@35
                      ; - java.lang.ClassLoader::postDefineClass@9
                      ; - java.lang.ClassLoader::defineClass@37
                      ; - java.security.SecureClassLoader::defineClass@12
  0x00000240be092c24: 5817 4cff 

  0x00000240be092c28: ;   {other}
  0x00000240be092c28: 0f1f 8400 | 9813 000d | 440f b657 | 1145 85d2 | 0f85 b70c | 0000 448b | 5714 4b8d | 2cdc 498b 
  0x00000240be092c48: d248 c1e2 | 0380 7f10 | 000f 851a | 1000 0044 | 894c 243c | 4489 5c24 | 3848 897c | 2430 6690 
  0x00000240be092c68: ;   {static_call}
  0x00000240be092c68: c5f8 77e8 

  0x00000240be092c6c: ; ImmutableOopMap {rbp=Oop [32]=Oop [40]=Oop [48]=Oop [56]=NarrowOop [60]=NarrowOop [72]=Oop }
                      ;*invokestatic hashCode {reexecute=0 rethrow=0 return_oop=0}
                      ; - java.lang.String::hashCode@27
                      ; - java.util.concurrent.ConcurrentHashMap::get@1
                      ; - java.lang.ClassLoader::getNamedPackage@5
                      ; - java.lang.ClassLoader::postDefineClass@9
                      ; - java.lang.ClassLoader::defineClass@37
                      ; - java.security.SecureClassLoader::defineClass@12
  0x00000240be092c6c: 10c4 4bff 

  0x00000240be092c70: ;   {other}
  0x00000240be092c70: 0f1f 8400 | e013 000e | 85c0 0f84 | d20f 0000 | 488b 4c24 | 3089 410c | 488b 5c24 | 2844 8b5c 
  0x00000240be092c90: 2438 448b | 4c24 3ce9 | 5cfb ffff | 498b f6e9 | 7af6 ffff | 498b d8e9 | 6efa ffff | 488b d090 
  0x00000240be092cb0: ;   {optimized virtual_call}
  0x00000240be092cb0: c5f8 77e8 

  0x00000240be092cb4: ; ImmutableOopMap {[32]=Oop [40]=Oop [72]=Oop [88]=Oop }
                      ;*invokevirtual initClassName {reexecute=0 rethrow=0 return_oop=1}
                      ; - java.lang.Class::getName@14
                      ; - java.lang.Class::getPackageName@40
                      ; - java.lang.ClassLoader::postDefineClass@2
                      ; - java.lang.ClassLoader::defineClass@37
                      ; - java.security.SecureClassLoader::defineClass@12
  0x00000240be092cb4: a873 a4ff 

  0x00000240be092cb8: ;   {other}
  0x00000240be092cb8: 0f1f 8400 | 2814 000f | 4c8b c048 | 85c0 0f85 | b0f7 ffff | baf6 ffff | ff66 6690 

  0x00000240be092cd4: ;   {runtime_call UncommonTrapBlob}
  0x00000240be092cd4: c5f8 77e8 

  0x00000240be092cd8: ; ImmutableOopMap {}
                      ;*invokevirtual lastIndexOf {reexecute=0 rethrow=0 return_oop=0}
                      ; - java.lang.Class::getPackageName@47
                      ; - java.lang.ClassLoader::postDefineClass@2
                      ; - java.lang.ClassLoader::defineClass@37
                      ; - java.security.SecureClassLoader::defineClass@12
  0x00000240be092cd8: a416 4cff 

  0x00000240be092cdc: ;   {other}
  0x00000240be092cdc: 0f1f 8400 | 4c14 0010 

  0x00000240be092ce4: ;   {oop(""{0x000000068042eba0})}
  0x00000240be092ce4: 48be a0eb | 4280 0600 | 0000 e92b 

  0x00000240be092cf0: ;   {oop(""{0x000000068042eba0})}
  0x00000240be092cf0: f6ff ff48 | bba0 eb42 | 8006 0000 | 00e9 18fa | ffff 4533 | d244 8954 | 2444 e9d6 | f3ff ff47 
  0x00000240be092d10: 8b44 dc0c | 478b 54dc | 084d 63e8 | 4b8d 2cdc | 49c1 e502 | 4181 f800 | 0004 000f | 871f 1a00 
  0x00000240be092d30: 0049 8bb7 | b801 0000 | 4d8d 4d17 | 4983 e1f8 | 488b ce49 | 03c9 493b | 8fc8 0100 | 000f 83fd 
  0x00000240be092d50: 1900 0049 | 898f b801 | 0000 0f0d | 89c0 0000 | 0048 c706 | 0100 0000 | 4489 5608 | 4489 460c 
  0x00000240be092d70: 0f0d 8900 | 0100 000f | 0d89 4001 | 0000 0f0d | 8980 0100 | 004b 8d4c | dc10 488b | d648 83c2 
  0x00000240be092d90: 1049 83c5 | 0749 c1ed | 034d 8bc5 | c5f8 7749 | ba60 4b53 | bd40 0200 | 0041 ffd2 

  0x00000240be092dac: ;   {other}
  0x00000240be092dac: 0f1f 8400 | 0000 0000 

  0x00000240be092db4: ;   {oop(""{0x000000068042eba0})}
  0x00000240be092db4: 49b9 a0eb | 4280 0600 | 0000 49b8 | 0000 d3c2 | 4002 0000 | e92f 0300 | 0049 8b87 | b801 0000 
  0x00000240be092dd4: 4c8b d049 | 83c2 1844 | 8b44 2440 | 4f8d 0cc4 | 4d3b 97c8 | 0100 000f | 8337 1a00 | 004d 8997 
  0x00000240be092df4: b801 0000 | 410f 0d8a | c000 0000 | 48c7 0001 

  0x00000240be092e04: ;   {metadata('java/util/ArrayList')}
  0x00000240be092e04: 0000 00c7 | 4008 d089 | 0b00 4489 | 600c 4489 | 6010 458b 

  0x00000240be092e18: ;   {oop(a 'java/lang/Object'[0] {0x00000006804024f8})}
  0x00000240be092e18: 54cc 0cc7 | 4014 9f04 | 08d0 4c8b | c045 85d2 

  0x00000240be092e28: ;   {oop(""{0x000000068042eba0})}
  0x00000240be092e28: 7619 48ba | a0eb 4280 | 0600 0000 | 48be 0000 | d3c2 4002 | 0000 4533 

  0x00000240be092e40: ;   {oop(""{0x000000068042eba0})}
  0x00000240be092e40: dbeb 4549 | baa0 eb42 | 8006 0000 | 0049 bb00 | 00d3 c240 | 0200 00e9 | f100 0000 | 0f1f 4000 
  0x00000240be092e60: 4889 6c24 | 284c 8b74 | 2420 488b | 5c24 5048 | 8b54 2458 | 488b 7424 | 6048 8b7c | 2468 4c8b 
  0x00000240be092e80: 4c24 704c | 8b44 2478 

  0x00000240be092e88: ; implicit exception: dispatches to 0x00000240be094fc0
  0x00000240be092e88: 458b 54cc | 0c45 3bda | 0f83 7a1c | 0000 4d8d | 14cc 478b | 549a 1047 | 8b54 d410 

  0x00000240be092ea4: ; implicit exception: dispatches to 0x00000240be094ff0
  0x00000240be092ea4: 478b 54d4 | 1044 899c | 2480 0000 | 004c 8944 | 2478 4c89 | 4c24 7048 | 897c 2468 | 4889 7424 
  0x00000240be092ec4: 6048 8954 | 2458 4889 | 5c24 504c | 8974 2420 | 488b 6c24 | 284d 8bc2 | 49c1 e003 | 488b 5424 
  0x00000240be092ee4: 7866 6690 

  0x00000240be092ee8: ;   {optimized virtual_call}
  0x00000240be092ee8: c5f8 77e8 

  0x00000240be092eec: ; ImmutableOopMap {rbp=Oop [32]=Oop [48]=Oop [64]=NarrowOop [72]=Oop [80]=Oop [88]=Oop [104]=Oop [112]=Oop [120]=Oop }
                      ;*invokevirtual addAll {reexecute=0 rethrow=0 return_oop=0}
                      ; - java.security.CodeSource::getCertificates@57
                      ; - java.lang.ClassLoader::checkCerts@34
                      ; - java.lang.ClassLoader::preDefineClass@113
                      ; - java.lang.ClassLoader::defineClass@4
                      ; - java.security.SecureClassLoader::defineClass@12
  0x00000240be092eec: 90bb 4bff 

  0x00000240be092ef0: ;   {other}
  0x00000240be092ef0: 0f1f 8400 | 6016 0011 | 4d8b 8758 | 0400 0044 | 8b54 2440 | 438b 4cd4 | 1044 8b9c | 2480 0000 
  0x00000240be092f10: ; ImmutableOopMap {rcx=NarrowOop rbp=Oop [32]=Oop [48]=Oop [64]=NarrowOop [72]=Oop [80]=Oop [88]=Oop [104]=Oop [112]=Oop [120]=Oop }
                      ;*goto {reexecute=1 rethrow=0 return_oop=0}
                      ; - (reexecute) java.security.CodeSource::getCertificates@64
                      ; - java.lang.ClassLoader::checkCerts@34
                      ; - java.lang.ClassLoader::preDefineClass@113
                      ; - java.lang.ClassLoader::defineClass@4
                      ; - java.security.SecureClassLoader::defineClass@12
  0x00000240be092f10: 0041 ffc3 

  0x00000240be092f14: ;   {poll}
  0x00000240be092f14: 4185 0045 | 8b44 cc0c | 453b d80f | 8c3b ffff | ff48 896c | 2428 4c8b | 7424 2048 | 8b5c 2450 
  0x00000240be092f34: 4c8b 5424 | 584c 8b5c | 2460 488b | 7c24 684c | 8b4c 2470 | 4c8b 4424 | 7849 8b87 | b801 0000 
  0x00000240be092f54: 488b c848 | 83c1 1049 | 3b8f c801 | 0000 0f83 | 5019 0000 | 4989 8fb8 | 0100 000f | 0d89 c000 
  0x00000240be092f74: 0000 48c7 | 0001 0000 | 000f 0d89 | 0001 0000 

  0x00000240be092f84: ;   {metadata('java/security/cert/Certificate'[])}
  0x00000240be092f84: c740 0820 | 2910 000f | 0d89 4001 | 0000 4489 | 600c 0f0d | 8980 0100 | 0048 8b6c | 2428 4c89 
  0x00000240be092fa4: 7424 2048 | 895c 2450 | 4c89 5424 | 584c 895c | 2460 4889 | 7c24 684c | 894c 2470 | 4c89 4424 
  0x00000240be092fc4: 784c 8bc0 | 488b 5424 | 7866 6690 

  0x00000240be092fd0: ;   {optimized virtual_call}
  0x00000240be092fd0: c5f8 77e8 

  0x00000240be092fd4: ; ImmutableOopMap {rbp=Oop [32]=Oop [48]=Oop [64]=NarrowOop [72]=Oop [80]=Oop [88]=Oop [104]=Oop [112]=Oop }
                      ;*invokevirtual toArray {reexecute=0 rethrow=0 return_oop=1}
                      ; - java.security.CodeSource::getCertificates@73
                      ; - java.lang.ClassLoader::checkCerts@34
                      ; - java.lang.ClassLoader::preDefineClass@113
                      ; - java.lang.ClassLoader::defineClass@4
                      ; - java.security.SecureClassLoader::defineClass@12
  0x00000240be092fd4: a8ba 4bff 

  0x00000240be092fd8: ;   {other}
  0x00000240be092fd8: 0f1f 8400 | 4817 0013 | 488b d844 

  0x00000240be092fe4: ;   {metadata('java/security/cert/Certificate'[])}
  0x00000240be092fe4: 8b50 0841 | 81fa 2029 | 1000 0f85 | bc1d 0000 | 4180 7f40 | 000f 85e5 | 1300 008b | 7c24 404c 
  0x00000240be093004: 8b54 2470 | 4d8b da4c | 8bd3 49c1 | ea03 4589 | 54fc 144c | 8bd3 4d33 | d349 c1ea | 164d 85d2 
  0x00000240be093024: 741a 49c1 | eb09 48b9 | 0000 d3c2 | 4002 0000 | 4903 cb80 | 3902 0f85 | e013 0000 | 448b 5b0c 
  0x00000240be093044: 448b 5308 | 4d63 c349 | c1e0 0241 | 81fb 0000 | 0400 0f87 | a918 0000 | 498b b7b8 | 0100 004d 
  0x00000240be093064: 8d48 1749 | 83e1 f848 | 8bce 4903 | c949 3b8f | c801 0000 | 0f83 8718 | 0000 4989 | 8fb8 0100 
  0x00000240be093084: 000f 0d89 | c000 0000 | 48c7 0601 | 0000 0044 | 8956 0844 | 895e 0c0f | 0d89 0001 | 0000 0f0d 
  0x00000240be0930a4: 8940 0100 | 000f 0d89 | 8001 0000 | 488b cb48 | 83c1 1048 | 8bd6 4883 | c210 4983 | c007 49c1 
  0x00000240be0930c4: e803 c5f8 | 7749 ba60 | 4b53 bd40 | 0200 0041 

  0x00000240be0930d4: ;   {other}
  0x00000240be0930d4: ffd2 0f1f | 8400 0000 | 0000 4889 | 6c24 284c | 8b74 2420 | 488b 5c24 | 504c 8b4c | 2458 4c8b 
  0x00000240be0930f4: 4424 6048 | 8b7c 2468 | 4c8b dee9 | 60f2 ffff | 448b 5e14 | 4585 db0f | 84d2 f1ff | ff4d 8b57 
  0x00000240be093114: 2849 8bcb | 48c1 e103 | 4d85 d20f | 845f 1200 | 004d 8b5f | 384b 894c | 13f8 4983 | c2f8 4d89 
  0x00000240be093134: 5728 e9a8 | f1ff ff4d | 8b57 584d | 8b5f 48f0 | 8344 24c0 | 0080 3900 | 0f84 c8f1 | ffff 4488 
  0x00000240be093154: 214d 85db | 7520 498b | d7c5 f877 | 49ba 00a4 | c0be ff7f | 0000 41ff 

  0x00000240be09316c: ;   {other}
  0x00000240be09316c: d20f 1f84 | 0000 0000 | 00e9 a0f1 | ffff 4b89 | 4c1a f849 | 83c3 f84d | 895f 48e9 | 8ef1 ffff 
  0x00000240be09318c: 418b 54cc | 0c45 8b5c | cc08 498d | 2ccc 4c63 | c249 c1e0 | 0281 fa00 | 0004 000f | 8728 1600 
  0x00000240be0931ac: 0049 8b87 | b801 0000 | 4d8d 5017 | 4983 e2f8 | 4c8b c84d | 03ca 4d3b | 8fc8 0100 | 000f 8306 
  0x00000240be0931cc: 1600 004d | 898f b801 | 0000 410f | 0d89 c000 | 0000 48c7 | 0001 0000 | 0044 8958 | 0889 500c 
  0x00000240be0931ec: 410f 0d89 | 0001 0000 | 410f 0d89 | 4001 0000 | 410f 0d89 | 8001 0000 | 488b d849 | 8d4c cc10 
  0x00000240be09320c: 488b d348 | 83c2 1049 | 83c0 0749 | c1e8 03c5 | f877 49ba | 604b 53bd | 4002 0000 

  0x00000240be093228: ;   {other}
  0x00000240be093228: 41ff d20f | 1f84 0000 | 0000 00e9 | 8c02 0000 | 498b 87b8 | 0100 004c | 8bd0 4983 | c218 4b8d 
  0x00000240be093248: 3ccc 4d3b | 97c8 0100 | 000f 838a | 1700 004d | 8997 b801 | 0000 410f | 0d8a c000 | 0000 48c7 
  0x00000240be093268: 0001 0000 

  0x00000240be09326c: ;   {metadata('java/util/ArrayList')}
  0x00000240be09326c: 00c7 4008 | d089 0b00 | 4489 600c | 4489 6010 

  0x00000240be09327c: ;   {oop(a 'java/lang/Object'[0] {0x00000006804024f8})}
  0x00000240be09327c: c740 149f | 0408 d048 | 8bc8 478b | 54dc 0c45 | 85d2 0f86 | a200 0000 | 4533 c0eb | 140f 1f80 
  0x00000240be09329c: 0000 0000 | 488b dd48 | 8b7c 2430 | 488b 4c24 | 3847 8b54 | dc0c 453b | c20f 83b5 | 1800 004f 
  0x00000240be0932bc: 8d14 dc47 | 8b5c 8210 

  0x00000240be0932c4: ; implicit exception: dispatches to 0x00000240be095038
  0x00000240be0932c4: 478b 54dc | 1047 8b54 | d410 4489 | 4424 2c48 | 894c 2438 | 4889 7c24 | 3044 894c | 2428 488b 
  0x00000240be0932e4: eb4d 8bc2 | 49c1 e003 | 488b d190 

  0x00000240be0932f0: ;   {optimized virtual_call}
  0x00000240be0932f0: c5f8 77e8 

  0x00000240be0932f4: ; ImmutableOopMap {rbp=Oop [32]=Oop [40]=NarrowOop [48]=Oop [56]=Oop }
                      ;*invokevirtual addAll {reexecute=0 rethrow=0 return_oop=0}
                      ; - java.security.CodeSource::getCertificates@57
                      ; - java.lang.ClassLoader::postDefineClass@24
                      ; - java.lang.ClassLoader::defineClass@37
                      ; - java.security.SecureClassLoader::defineClass@12
  0x00000240be0932f4: 88b7 4bff 

  0x00000240be0932f8: ;   {other}
  0x00000240be0932f8: 0f1f 8400 | 681a 0014 | 498b 8f58 | 0400 0044 | 8b4c 2428 | 478b 5ccc | 1044 8b44 | 242c 41ff 
  0x00000240be093318: ; ImmutableOopMap {r11=NarrowOop r9=NarrowOop rbp=Oop [32]=Oop [48]=Oop [56]=Oop }
                      ;*goto {reexecute=1 rethrow=0 return_oop=0}
                      ; - (reexecute) java.security.CodeSource::getCertificates@64
                      ; - java.lang.ClassLoader::postDefineClass@24
                      ; - java.lang.ClassLoader::defineClass@37
                      ; - java.security.SecureClassLoader::defineClass@12
                      ;   {poll}
  0x00000240be093318: c085 0147 | 8b54 dc0c | 453b c20f | 8c77 ffff | ff48 8bdd | 488b 7c24 | 3048 8b4c | 2438 498b 
  0x00000240be093338: 87b8 0100 | 004c 8bd0 | 4983 c210 | 4d3b 97c8 | 0100 000f | 83d6 1600 | 004d 8997 | b801 0000 
  0x00000240be093358: 410f 0d8a | c000 0000 | 48c7 0001 | 0000 0041 | 0f0d 8a00 

  0x00000240be09336c: ;   {metadata('java/security/cert/Certificate'[])}
  0x00000240be09336c: 0100 00c7 | 4008 2029 | 1000 410f | 0d8a 4001 | 0000 4489 | 600c 410f | 0d8a 8001 | 0000 4889 
  0x00000240be09338c: 5c24 2841 | 8be9 4889 | 7c24 3048 | 894c 2438 | 4c8b c048 | 8b54 2438 

  0x00000240be0933a4: ;   {optimized virtual_call}
  0x00000240be0933a4: c5f8 77e8 

  0x00000240be0933a8: ; ImmutableOopMap {rbp=NarrowOop [32]=Oop [40]=Oop [48]=Oop }
                      ;*invokevirtual toArray {reexecute=0 rethrow=0 return_oop=1}
                      ; - java.security.CodeSource::getCertificates@73
                      ; - java.lang.ClassLoader::postDefineClass@24
                      ; - java.lang.ClassLoader::defineClass@37
                      ; - java.security.SecureClassLoader::defineClass@12
  0x00000240be0933a8: d4b6 4bff 

  0x00000240be0933ac: ;   {other}
  0x00000240be0933ac: 0f1f 8400 | 1c1b 0016 | 488b f844 

  0x00000240be0933b8: ;   {metadata('java/security/cert/Certificate'[])}
  0x00000240be0933b8: 8b58 0841 | 81fb 2029 | 1000 0f85 | cc19 0000 | 4180 7f40 | 000f 85a1 | 1200 008b | dd4c 8bd7 
  0x00000240be0933d8: 4c89 5424 | 384c 8b54 | 2430 4c8b | 5c24 384d | 8bc3 49c1 | e803 4589 | 44dc 144d | 33da 49c1 
  0x00000240be0933f8: eb16 4d85 | db74 1649 | c1ea 094c | 8b44 2460 | 4d03 c241 | 8038 020f | 8599 1200 | 004c 8b54 
  0x00000240be093418: 2438 458b | 5a0c 458b | 5208 4963 | eb48 c1e5 | 0241 81fb | 0000 0400 | 0f87 2716 | 0000 498b 
  0x00000240be093438: 87b8 0100 | 004c 8d45 | 1749 83e0 | f84c 8bc8 | 4d03 c84d | 3b8f c801 | 0000 0f83 | 0516 0000 
  0x00000240be093458: 4d89 8fb8 | 0100 0041 | 0f0d 89c0 | 0000 0048 | c700 0100 | 0000 4489 | 5008 4489 | 580c 410f 
  0x00000240be093478: 0d89 0001 | 0000 410f | 0d89 4001 | 0000 410f | 0d89 8001 | 0000 488b | d848 8b4c | 2438 4883 
  0x00000240be093498: c110 488b | d348 83c2 | 1048 83c5 | 0748 c1ed | 034c 8bc5 | c5f8 7749 | ba60 4b53 | bd40 0200 
  0x00000240be0934b8: ;   {no_reloc}
  0x00000240be0934b8: 0041 ffd2 

  0x00000240be0934bc: ;   {other}
  0x00000240be0934bc: 0f1f 8400 | 0000 0000 | 488b 5424 | 204c 8bc3 

  0x00000240be0934cc: ;   {optimized virtual_call}
  0x00000240be0934cc: c5f8 77e8 

  0x00000240be0934d0: ; ImmutableOopMap {[32]=Oop }
                      ;*invokevirtual setSigners {reexecute=0 rethrow=0 return_oop=0}
                      ; - java.lang.ClassLoader::setSigners@2
                      ; - java.lang.ClassLoader::postDefineClass@35
                      ; - java.lang.ClassLoader::defineClass@37
                      ; - java.security.SecureClassLoader::defineClass@12
  0x00000240be0934d0: acb5 4bff 

  0x00000240be0934d4: ;   {other}
  0x00000240be0934d4: 0f1f 8400 | 441c 0017 | e907 f5ff | ff4c 63c5 | 4d8d 5010 | 498b ca48 | 83e1 f849 | 8bfd 4803 
  0x00000240be0934f4: f949 c1ea | 034d 2bca | 498b c948 | 33c0 4883 | f908 7f10 | 48ff c978 | 4f48 8904 | cf48 ffc9 
  0x00000240be093514: 7df7 eb44 | c5fd efc0 | e90d 0000 | 00c5 fe7f | 07c5 fe7f | 4720 4883 | c740 4883 | e908 7ded 
  0x00000240be093534: 4883 c104 | 7c0c c5fe | 7f07 4883 | c720 4883 | e904 4883 | c104 7e10 | 48ff c9c5 | f9d6 0748 
  0x00000240be093554: 83c7 0848 | ffc9 7df3 | 488b ca49 | 8bd3 c5f8 | 7749 bac0 | 4453 bd40 | 0200 0041 

  0x00000240be093570: ;   {other}
  0x00000240be093570: ffd2 0f1f | 8400 0000 | 0000 e959 | edff ff4c | 8b54 2420 | 458b 523c | 4585 d20f | 84af f1ff 
  0x00000240be093590: ff4d 8b5f | 2849 8bca | 48c1 e103 | 4d85 db0f | 84bb 0f00 | 004d 8b57 | 384b 894c | 1af8 4983 
  0x00000240be0935b0: c3f8 4d89 | 5f28 e985 | f1ff ff44 | 8b56 1045 | 85d2 0f84 | b2f5 ffff | 4d8b 5f28 | 498b ca48 
  0x00000240be0935d0: c1e1 034d | 85db 0f84 | 1810 0000 | 4d8b 5738 | 4b89 4c1a | f849 83c3 | f84d 895f | 28e9 88f5 
  0x00000240be0935f0: ffff 488b | 7424 5044 | 8b5e 0c45 | 85db 0f84 | 2ff5 ffff | 4d8b 5728 | 498b cb48 | c1e1 034d 
  0x00000240be093610: 85d2 0f84 | fc0f 0000 | 4d8b 5f38 | 4b89 4c13 | f849 83c2 | f84d 8957 | 28e9 05f5 | ffff 488b 
  0x00000240be093630: 5c24 28e9 | 8cf3 ffff | 4d8b 5758 | 4d8b 5f48 | f083 4424 | c000 8039 | 000f 8420 | f5ff ff44 
  0x00000240be093650: 8821 4d85 | db75 2049 | 8bd7 c5f8 | 7749 ba00 | a4c0 beff | 7f00 0041 

  0x00000240be093668: ;   {other}
  0x00000240be093668: ffd2 0f1f | 8400 0000 | 0000 e9f8 | f4ff ff4b | 894c 1af8 | 4983 c3f8 | 4d89 5f48 | e9e6 f4ff 
  0x00000240be093688: ff4d 8b57 | 484d 8b5f | 58f0 8344 | 24c0 0080 | 3900 0f84 | 11f5 ffff | 4488 214d | 85d2 7520 
  0x00000240be0936a8: 498b d7c5 | f877 49ba | 00a4 c0be | ff7f 0000 

  0x00000240be0936b8: ;   {other}
  0x00000240be0936b8: 41ff d20f | 1f84 0000 | 0000 00e9 | e9f4 ffff | 4b89 4c13 | f849 83c2 | f84d 8957 | 48e9 d7f4 
  0x00000240be0936d8: ffff 448b | 5314 4585 | d20f 84f8 | efff ff4d | 8b5f 2849 | 8bca 48c1 | e103 4d85 | db0f 8439 
  0x00000240be0936f8: 0f00 004d | 8b57 384b | 894c 1af8 | 4983 c3f8 | 4d89 5f28 | e9ce efff | ff4d 8b57 | 484d 8b5f 
  0x00000240be093718: 58f0 8344 | 24c0 0080 | 3900 0f84 | eeef ffff | 4488 214d | 85d2 7520 | 498b d7c5 | f877 49ba 
  0x00000240be093738: 00a4 c0be | ff7f 0000 

  0x00000240be093740: ;   {other}
  0x00000240be093740: 41ff d20f | 1f84 0000 | 0000 00e9 | c6ef ffff | 4b89 4c13 | f849 83c2 | f84d 8957 | 48e9 b4ef 
  0x00000240be093760: ;   {oop(""{0x000000068042eba0})}
  0x00000240be093760: ffff 48bf | a0eb 4280 | 0600 0000 | e9b0 ebff | ff45 85c9 | 0f84 9614 | 0000 4889 | 4424 5048 
  0x00000240be093780: 894c 2430 | 4889 5c24 | 284f 8d14 | cc4c 8954 | 2458 4489 | 4c24 3849 | 8bd2 6690 

  0x00000240be09379c: ;   {optimized virtual_call}
  0x00000240be09379c: c5f8 77e8 

  0x00000240be0937a0: ; ImmutableOopMap {[32]=Oop [40]=Oop [48]=Oop [56]=NarrowOop [72]=Oop [80]=Oop [88]=Oop }
                      ;*invokevirtual isNamed {reexecute=0 rethrow=0 return_oop=0}
                      ; - java.lang.NamedPackage::<init>@12
                      ; - java.lang.ClassLoader::getNamedPackage@22
                      ; - java.lang.ClassLoader::postDefineClass@9
                      ; - java.lang.ClassLoader::defineClass@37
                      ; - java.security.SecureClassLoader::defineClass@12
  0x00000240be0937a0: dcb2 4bff 

  0x00000240be0937a4: ;   {other}
  0x00000240be0937a4: 0f1f 8400 | 141f 0018 | 85c0 0f84 | 3707 0000 | 498b 87b8 | 0100 004c | 8bd0 4983 | c228 4d3b 
  0x00000240be0937c4: 97c8 0100 | 000f 83f2 | 1100 004d | 8997 b801 | 0000 410f | 0d8a c000 | 0000 48c7 | 0001 0000 
  0x00000240be0937e4: ;   {metadata('java/lang/InternalError')}
  0x00000240be0937e4: 00c7 4008 | 3807 0100 | 4489 600c | 4c89 6010 | 4c89 6018 | 4c89 6020 | 4c8b d04c | 8954 2468 
  0x00000240be093804: 498b 87b8 | 0100 004c | 8bd0 4983 | c218 4d3b | 97c8 0100 | 000f 8381 | 1100 004d | 8997 b801 
  0x00000240be093824: 0000 410f | 0d8a c000 | 0000 48c7 | 0001 0000 

  0x00000240be093834: ;   {metadata('java/lang/StringBuilder')}
  0x00000240be093834: 00c7 4008 | 4080 0000 | 4489 600c | 4c89 6010 | 488b e848 | 8bd5 6690 

  0x00000240be09384c: ;   {optimized virtual_call}
  0x00000240be09384c: c5f8 77e8 

  0x00000240be093850: ; ImmutableOopMap {rbp=Oop [32]=Oop [40]=Oop [48]=Oop [56]=NarrowOop [72]=Oop [80]=Oop [88]=Oop [104]=Oop }
                      ;*invokespecial <init> {reexecute=0 rethrow=0 return_oop=0}
                      ; - java.lang.NamedPackage::<init>@26
                      ; - java.lang.ClassLoader::getNamedPackage@22
                      ; - java.lang.ClassLoader::postDefineClass@9
                      ; - java.lang.ClassLoader::defineClass@37
                      ; - java.security.SecureClassLoader::defineClass@12
  0x00000240be093850: 2cb2 4bff 

  0x00000240be093854: ;   {other}
  0x00000240be093854: 0f1f 8400 | c41f 0019 

  0x00000240be09385c: ;   {oop("unnamed package in  "{0x0000000680402618})}
  0x00000240be09385c: 49b8 1826 | 4080 0600 | 0000 488b | d566 6690 

  0x00000240be09386c: ;   {optimized virtual_call}
  0x00000240be09386c: c5f8 77e8 

  0x00000240be093870: ; ImmutableOopMap {[32]=Oop [40]=Oop [48]=Oop [56]=NarrowOop [72]=Oop [80]=Oop [88]=Oop [104]=Oop }
                      ;*invokevirtual append {reexecute=0 rethrow=0 return_oop=1}
                      ; - java.lang.NamedPackage::<init>@31
                      ; - java.lang.ClassLoader::getNamedPackage@22
                      ; - java.lang.ClassLoader::postDefineClass@9
                      ; - java.lang.ClassLoader::defineClass@37
                      ; - java.security.SecureClassLoader::defineClass@12
  0x00000240be093870: 0cb2 4bff 

  0x00000240be093874: ;   {other}
  0x00000240be093874: 0f1f 8400 | e41f 001a | 4885 c00f | 84a3 1300 | 0048 8bd0 | 4c8b 4424 | 5866 6690 

  0x00000240be093890: ;   {optimized virtual_call}
  0x00000240be093890: c5f8 77e8 

  0x00000240be093894: ; ImmutableOopMap {[32]=Oop [40]=Oop [48]=Oop [56]=NarrowOop [72]=Oop [80]=Oop [104]=Oop }
                      ;*invokevirtual append {reexecute=0 rethrow=0 return_oop=1}
                      ; - java.lang.NamedPackage::<init>@35
                      ; - java.lang.ClassLoader::getNamedPackage@22
                      ; - java.lang.ClassLoader::postDefineClass@9
                      ; - java.lang.ClassLoader::defineClass@37
                      ; - java.security.SecureClassLoader::defineClass@12
  0x00000240be093894: e8b1 4bff 

  0x00000240be093898: ;   {other}
  0x00000240be093898: 0f1f 8400 | 0820 001b | 4885 c00f | 849b 1300 | 0048 8bd0 

  0x00000240be0938ac: ;   {optimized virtual_call}
  0x00000240be0938ac: c5f8 77e8 

  0x00000240be0938b0: ; ImmutableOopMap {[32]=Oop [40]=Oop [48]=Oop [56]=NarrowOop [72]=Oop [80]=Oop [104]=Oop }
                      ;*invokevirtual toString {reexecute=0 rethrow=0 return_oop=1}
                      ; - java.lang.NamedPackage::<init>@38
                      ; - java.lang.ClassLoader::getNamedPackage@22
                      ; - java.lang.ClassLoader::postDefineClass@9
                      ; - java.lang.ClassLoader::defineClass@37
                      ; - java.security.SecureClassLoader::defineClass@12
  0x00000240be0938b0: ccb1 4bff 

  0x00000240be0938b4: ;   {other}
  0x00000240be0938b4: 0f1f 8400 | 2420 001c | 488b 5424 | 684c 8bc0 | 4c8b 5424 | 484c 8954 | 2440 6690 

  0x00000240be0938d0: ;   {optimized virtual_call}
  0x00000240be0938d0: c5f8 77e8 

  0x00000240be0938d4: ; ImmutableOopMap {[32]=Oop [40]=Oop [48]=Oop [56]=NarrowOop [64]=Oop [80]=Oop [104]=Oop }
                      ;*invokespecial <init> {reexecute=0 rethrow=0 return_oop=0}
                      ; - java.lang.NamedPackage::<init>@41
                      ; - java.lang.ClassLoader::getNamedPackage@22
                      ; - java.lang.ClassLoader::postDefineClass@9
                      ; - java.lang.ClassLoader::defineClass@37
                      ; - java.security.SecureClassLoader::defineClass@12
  0x00000240be0938d4: a8b1 4bff 

  0x00000240be0938d8: ;   {other}
  0x00000240be0938d8: 0f1f 8400 | 4820 001d | 488b 5424 | 68c5 f877 | 4881 c4c0 | 0000 005d 

  0x00000240be0938f0: ;   {runtime_call _rethrow_Java}
  0x00000240be0938f0: e90b 1b58 | ff33 c0e9 | fcee ffff | 4c63 c54d | 8d58 104d | 8bcb 4983 | e1f8 488b | fe49 03f9 
  0x00000240be093910: 49c1 eb03 | 492b cb48 | 33c0 4883 | f908 7f10 | 48ff c978 | 4f48 8904 | cf48 ffc9 | 7df7 eb44 
  0x00000240be093930: c5fd efc0 | e90d 0000 | 00c5 fe7f | 07c5 fe7f | 4720 4883 | c740 4883 | e908 7ded | 4883 c104 
  0x00000240be093950: 7c0c c5fe | 7f07 4883 | c720 4883 | e904 4883 | c104 7e10 | 48ff c9c5 | f9d6 0748 | 83c7 0848 
  0x00000240be093970: ffc9 7df3 | 498b cac5 | f877 49ba | c044 53bd | 4002 0000 

  0x00000240be093984: ;   {other}
  0x00000240be093984: 41ff d20f | 1f84 0000 | 0000 00e9 | 40ed ffff | 453b c30f | 85e6 0000 | 0041 8d58 | ff41 3bd8 
  0x00000240be0939a4: 0f83 b212 | 0000 4585 | db0f 86a9 | 1200 0041 | 8d53 ff33 | ffeb 378b | bc24 8000 | 0000 ffc7 
  0x00000240be0939c4: 3bbc 2494 | 0000 000f | 8dcf 0000 | 0048 8b4c | 2470 4c8b | 4c24 5044 | 8b84 2494 | 0000 0044 
  0x00000240be0939e4: 8b9c 2490 | 0000 008b | 9424 9800 | 0000 8b5c | b910 413b | d30f 8386 | 1000 0085 | db0f 847e 
  0x00000240be093a04: 1000 004d | 8d14 dc33 | ed48 894c | 2470 4489 | 8424 9400 | 0000 4489 | 9c24 9000 | 0000 8994 
  0x00000240be093a24: 2498 0000 | 0089 bc24 | 8000 0000 | 899c 2484 | 0000 004c | 8994 24a0 | 0000 00eb | 054c 8b4c 
  0x00000240be093a44: 2450 458b | 54a9 104c | 894c 2450 | 4d8b c249 | c1e0 0348 | 8b94 24a0 | 0000 0090 

  0x00000240be093a60: ;   {optimized virtual_call}
  0x00000240be093a60: c5f8 77e8 

  0x00000240be093a64: ; ImmutableOopMap {[32]=Oop [40]=Oop [48]=Oop [72]=Oop [80]=Oop [88]=Oop [112]=Oop [132]=NarrowOop [160]=Oop }
                      ;*invokevirtual equals {reexecute=0 rethrow=0 return_oop=0}
                      ; - java.lang.ClassLoader::compareCerts@81
                      ; - java.lang.ClassLoader::checkCerts@80
                      ; - java.lang.ClassLoader::preDefineClass@113
                      ; - java.lang.ClassLoader::defineClass@4
                      ; - java.security.SecureClassLoader::defineClass@12
  0x00000240be093a64: 18b0 4bff 

  0x00000240be093a68: ;   {other}
  0x00000240be093a68: 0f1f 8400 | d821 001e | 85c0 0f85 | 43ff ffff | ffc5 3bac | 2490 0000 | 007c beba | 45ff ffff 
  0x00000240be093a88: 488b 6c24 | 2866 6690 

  0x00000240be093a90: ;   {runtime_call UncommonTrapBlob}
  0x00000240be093a90: c5f8 77e8 

  0x00000240be093a94: ; ImmutableOopMap {rbp=Oop [32]=Oop [48]=Oop [72]=Oop }
                      ;*ifne {reexecute=1 rethrow=0 return_oop=0}
                      ; - (reexecute) java.lang.ClassLoader::checkCerts@83
                      ; - java.lang.ClassLoader::preDefineClass@113
                      ; - java.lang.ClassLoader::defineClass@4
                      ; - java.security.SecureClassLoader::defineClass@12
  0x00000240be093a94: e808 4cff 

  0x00000240be093a98: ;   {other}
  0x00000240be093a98: 0f1f 8400 | 0822 001f | 4533 dbeb | 1644 8b5c | 2478 41ff | c344 3b9c | 2490 0000 | 000f 8d31 
  0x00000240be093ab8: e9ff ff4c | 8b54 2450 | 478b 4c9a | 1045 85c9 | 0f84 fa0f | 0000 4f8d | 04cc 33ed | 4489 5c24 
  0x00000240be093ad8: 7844 894c | 247c 4c89 | 8424 9800 | 0000 6666 | 0f1f 8400 | 0000 0000 | 4c8b 5424 | 7045 8b54 
  0x00000240be093af8: aa10 4d8b | c249 c1e0 | 0348 8b94 | 2498 0000 | 0066 6690 

  0x00000240be093b0c: ;   {optimized virtual_call}
  0x00000240be093b0c: c5f8 77e8 

  0x00000240be093b10: ; ImmutableOopMap {[32]=Oop [40]=Oop [48]=Oop [72]=Oop [80]=Oop [88]=Oop [112]=Oop [124]=NarrowOop [152]=Oop }
                      ;*invokevirtual equals {reexecute=0 rethrow=0 return_oop=0}
                      ; - java.lang.ClassLoader::compareCerts@166
                      ; - java.lang.ClassLoader::checkCerts@80
                      ; - java.lang.ClassLoader::preDefineClass@113
                      ; - java.lang.ClassLoader::defineClass@4
                      ; - java.security.SecureClassLoader::defineClass@12
  0x00000240be093b10: 6caf 4bff 

  0x00000240be093b14: ;   {other}
  0x00000240be093b14: 0f1f 8400 | 8422 0020 | 85c0 7585 | ffc5 3bac | 2494 0000 | 007c c5e9 | 53ff ffff | 488b 5c24 
  0x00000240be093b34: 2848 8bcd | 448b 4c24 | 3844 8b54 | 243c 448b | 4424 40e9 | 0ced ffff 

  0x00000240be093b4c: ;   {metadata('java/security/SecureClassLoader$1')}
  0x00000240be093b4c: 48ba 50ba | 11d0 4002 | 0000 4c89 | 4424 5090 

  0x00000240be093b5c: ;   {runtime_call _new_instance_Java}
  0x00000240be093b5c: c5f8 77e8 

  0x00000240be093b60: ; ImmutableOopMap {rbp=NarrowOop [32]=Oop [40]=Oop [48]=Oop [80]=Oop }
                      ;*new {reexecute=0 rethrow=0 return_oop=1}
                      ; - java.security.SecureClassLoader::getProtectionDomain@20
                      ; - java.security.SecureClassLoader::defineClass@9
  0x00000240be093b60: 9ce0 4eff 

  0x00000240be093b64: ;   {other}
  0x00000240be093b64: 0f1f 8400 | d422 0021 | 4c8b c84c | 8b44 2450 | e92e e3ff 

  0x00000240be093b78: ;   {metadata('java/security/SecureClassLoader$CodeSourceKey')}
  0x00000240be093b78: ff48 bab8 | b411 d040 | 0200 0090 

  0x00000240be093b84: ;   {runtime_call _new_instance_Java}
  0x00000240be093b84: c5f8 77e8 

  0x00000240be093b88: ; ImmutableOopMap {rbp=Oop [32]=Oop [40]=Oop [48]=Oop }
                      ;*new {reexecute=0 rethrow=0 return_oop=1}
                      ; - java.security.SecureClassLoader::getProtectionDomain@6
                      ; - java.security.SecureClassLoader::defineClass@9
  0x00000240be093b88: 74e0 4eff 

  0x00000240be093b8c: ;   {other}
  0x00000240be093b8c: 0f1f 8400 | fc22 0022 | 4c8b c0e9 | bee2 ffff | 4489 5424 | 7844 8b54 | 2440 4489 | 5424 5c48 
  0x00000240be093bac: 895c 2470 | 4c89 6c24 | 684c 895c | 2460 448b | 5c24 4444 | 895c 2458 | 4489 4424 | 54c5 fa11 
  0x00000240be093bcc: 4c24 504c | 8b54 2448 | 4c89 5424 | 404c 8974 | 2420 488b 

  0x00000240be093be0: ;   {metadata('java/lang/String')}
  0x00000240be093be0: 6c24 2848 | ba78 e800 | d040 0200 | 0066 6690 

  0x00000240be093bf0: ;   {runtime_call _new_instance_Java}
  0x00000240be093bf0: c5f8 77e8 

  0x00000240be093bf4: ; ImmutableOopMap {rbp=Oop [32]=Oop [48]=Oop [64]=Oop [80]=NarrowOop [92]=NarrowOop [96]=Oop [104]=Derived_oop_[96] [112]=Oop }
                      ;*new {reexecute=0 rethrow=0 return_oop=1}
                      ; - java.lang.StringLatin1::newString@7
                      ; - java.lang.String::substring@41
                      ; - java.lang.ClassLoader::checkCerts@21
                      ; - java.lang.ClassLoader::preDefineClass@113
                      ; - java.lang.ClassLoader::defineClass@4
                      ; - java.security.SecureClassLoader::defineClass@12
  0x00000240be093bf4: 08e0 4eff 

  0x00000240be093bf8: ;   {other}
  0x00000240be093bf8: 0f1f 8400 | 6823 0023 | 4889 6c24 | 284c 8b74 | 2420 4c8b | 5424 404c | 8954 2448 | c5fa 104c 
  0x00000240be093c18: 2450 448b | 4424 5444 | 8b54 2458 | 4489 5424 | 444c 8b5c | 2460 488b | 4c24 6848 | 8b5c 2470 
  0x00000240be093c38: 448b 5424 | 5c44 8954 | 2440 448b | 5424 7848 | 8bf0 4c8b | e9e9 07e5 | ffff 488b | 4c24 30c6 
  0x00000240be093c58: 4111 0133 | c048 8b5c | 2428 448b | 5c24 3844 | 8b4c 243c | e987 ebff | ff44 894c | 243c 4489 
  0x00000240be093c78: 5c24 3848 | 897c 2430 

  0x00000240be093c80: ;   {static_call}
  0x00000240be093c80: c5f8 77e8 

  0x00000240be093c84: ; ImmutableOopMap {rbp=Oop [32]=Oop [40]=Oop [48]=Oop [56]=NarrowOop [60]=NarrowOop [72]=Oop }
                      ;*invokestatic hashCode {reexecute=0 rethrow=0 return_oop=0}
                      ; - java.lang.String::hashCode@37
                      ; - java.util.concurrent.ConcurrentHashMap::get@1
                      ; - java.lang.ClassLoader::getNamedPackage@5
                      ; - java.lang.ClassLoader::postDefineClass@9
                      ; - java.lang.ClassLoader::defineClass@37
                      ; - java.security.SecureClassLoader::defineClass@12
  0x00000240be093c84: f8b3 4bff 

  0x00000240be093c88: ;   {other}
  0x00000240be093c88: 0f1f 8400 | f823 0024 | e9e3 efff | ff48 8b5c | 2420 4c8b | 5424 284c | 8954 2448 | 4889 6c24 
  0x00000240be093ca8: 2048 8b4c | 2438 448b | 4c24 40e9 | e6ed ffff | 4c89 8424 | 8800 0000 | 4c89 8c24 | 8000 0000 
  0x00000240be093cc8: 4889 7424 | 7844 8954 | 2470 448b | 5424 4044 | 8954 2454 | 4889 5c24 | 6848 8954 | 2460 4c89 
  0x00000240be093ce8: 5c24 5844 | 8b5c 2444 | 4489 5c24 | 504c 8974 | 2440 4c8b | 5424 284c | 8954 2420 

  0x00000240be093d04: ;   {metadata({type array byte})}
  0x00000240be093d04: 48ba 1823 | 00d0 4002 | 0000 448b | 4424 7090 

  0x00000240be093d14: ;   {runtime_call _new_array_nozero_Java}
  0x00000240be093d14: c5f8 77e8 

  0x00000240be093d18: ; ImmutableOopMap {[32]=Oop [48]=Oop [64]=Oop [72]=Oop [84]=NarrowOop [88]=Oop [96]=Derived_oop_[88] [104]=Oop [120]=Oop }
                      ;*newarray {reexecute=0 rethrow=0 return_oop=1}
                      ; - java.util.Arrays::copyOfRangeByte@10
                      ; - java.util.Arrays::copyOfRange@13
                      ; - java.lang.StringLatin1::newString@16
                      ; - java.lang.String::substring@41
                      ; - java.lang.ClassLoader::checkCerts@21
                      ; - java.lang.ClassLoader::preDefineClass@113
                      ; - java.lang.ClassLoader::defineClass@4
                      ; - java.security.SecureClassLoader::defineClass@12
  0x00000240be093d18: 64b1 4eff 

  0x00000240be093d1c: ;   {other}
  0x00000240be093d1c: 0f1f 8400 | 8c24 0025 | 4c8b 5424 | 204c 8954 | 2428 4c8b | 7424 4044 | 8b54 2450 | 4489 5424 
  0x00000240be093d3c: 4448 8b54 | 2460 488b | 5c24 6844 | 8b5c 2454 | 4489 5c24 | 4044 8b54 | 2470 488b | 7424 784c 
  0x00000240be093d5c: 8b8c 2480 | 0000 004c | 8b84 2488 | 0000 004c | 8be8 e923 | e5ff ff44 | 894c 2438 | 4889 4c24 
  0x00000240be093d7c: 304c 8b54 | 2420 4c89 | 5424 284c | 8b54 2448 | 4c89 5424 | 2048 8beb 

  0x00000240be093d94: ;   {metadata('java/lang/NamedPackage')}
  0x00000240be093d94: 48ba e8c0 | 01d0 4002 | 0000 6690 

  0x00000240be093da0: ;   {runtime_call _new_instance_Java}
  0x00000240be093da0: c5f8 77e8 

  0x00000240be093da4: ; ImmutableOopMap {rbp=Oop [32]=Oop [40]=Oop [48]=Oop [56]=NarrowOop }
                      ;*new {reexecute=0 rethrow=0 return_oop=1}
                      ; - java.lang.ClassLoader::getNamedPackage@16
                      ; - java.lang.ClassLoader::postDefineClass@9
                      ; - java.lang.ClassLoader::defineClass@37
                      ; - java.security.SecureClassLoader::defineClass@12
  0x00000240be093da4: 58de 4eff 

  0x00000240be093da8: ;   {other}
  0x00000240be093da8: 0f1f 8400 | 1825 0026 | 488b dd4c | 8b54 2420 | 4c89 5424 | 484c 8b54 | 2428 4c89 | 5424 2048 
  0x00000240be093dc8: 8b4c 2430 | 448b 4c24 | 38e9 08ed | ffff 4489 | 5c24 4089 | 5424 3c44 | 894c 2438 | 4c8b 5424 
  0x00000240be093de8: 204c 8954 | 2430 4c8b | 5424 484c | 8954 2420 

  0x00000240be093df8: ;   {metadata('java/lang/String')}
  0x00000240be093df8: 48ba 78e8 | 00d0 4002 | 0000 6690 

  0x00000240be093e04: ;   {runtime_call _new_instance_Java}
  0x00000240be093e04: c5f8 77e8 

  0x00000240be093e08: ; ImmutableOopMap {rbp=Oop [32]=Oop [40]=Oop [48]=Oop [56]=NarrowOop }
                      ;*new {reexecute=0 rethrow=0 return_oop=1}
                      ; - java.lang.StringLatin1::newString@7
                      ; - java.lang.String::substring@41
                      ; - java.lang.Class::getPackageName@62
                      ; - java.lang.ClassLoader::postDefineClass@2
                      ; - java.lang.ClassLoader::defineClass@37
                      ; - java.security.SecureClassLoader::defineClass@12
  0x00000240be093e08: f4dd 4eff 

  0x00000240be093e0c: ;   {other}
  0x00000240be093e0c: 0f1f 8400 | 7c25 0027 | 4c8b 5c24 | 204c 895c | 2448 4c8b | 5c24 304c | 895c 2420 | 448b 4c24 
  0x00000240be093e2c: 388b 5424 | 3c44 8b5c | 2440 488b | d8e9 08e7 | ffff 4c89 | 9424 8000 | 0000 4889 | 7424 7844 
  0x00000240be093e4c: 8b4c 2440 | 4489 4c24 | 7048 895c | 2468 4c89 | 6c24 604c | 895c 2458 | 448b 5c24 | 4444 895c 
  0x00000240be093e6c: 2454 c5fa | 114c 2450 | 4c8b 5c24 | 484c 895c | 2440 4c89 | 7424 2048 | 8b6c 2428 

  0x00000240be093e88: ;   {metadata({type array byte})}
  0x00000240be093e88: 48ba 1823 | 00d0 4002 | 0000 6690 

  0x00000240be093e94: ;   {runtime_call _new_array_nozero_Java}
  0x00000240be093e94: c5f8 77e8 

  0x00000240be093e98: ; ImmutableOopMap {rbp=Oop [32]=Oop [48]=Oop [64]=Oop [80]=NarrowOop [88]=Oop [96]=Derived_oop_[88] [104]=Oop [112]=NarrowOop [120]=Oop }
                      ;*invokevirtual clone {reexecute=1 rethrow=0 return_oop=1}
                      ; - (reexecute) java.util.Arrays::copyOfRange@18
                      ; - java.lang.StringLatin1::newString@16
                      ; - java.lang.String::substring@41
                      ; - java.lang.ClassLoader::checkCerts@21
                      ; - java.lang.ClassLoader::preDefineClass@113
                      ; - java.lang.ClassLoader::defineClass@4
                      ; - java.security.SecureClassLoader::defineClass@12
  0x00000240be093e98: e4af 4eff 

  0x00000240be093e9c: ;   {other}
  0x00000240be093e9c: 0f1f 8400 | 0c26 0028 | 4889 6c24 | 284c 8b74 | 2420 4c8b | 5424 404c | 8954 2448 | 448b 5424 
  0x00000240be093ebc: 5444 8954 | 2444 4c8b | 6c24 6048 | 8b5c 2468 | 448b 5c24 | 7044 895c | 2440 488b | 7424 784c 
  0x00000240be093edc: 8b94 2480 | 0000 0048 | 8bf8 e9de | e2ff ff44 | 8b4c 2438 | e90a ecff | ffba e4ff | ffff 4489 
  0x00000240be093efc: 5424 2044 | 8b54 2438 | 4489 5424 | 2444 8b5c | 243c 4489 | 5c24 3848 | 895c 2458 | 4c89 7424 
  0x00000240be093f1c: 6044 8b5c | 2440 4489 | 5c24 3cc5 | fa11 4c24 | 4466 6690 

  0x00000240be093f30: ;   {runtime_call UncommonTrapBlob}
  0x00000240be093f30: c5f8 77e8 

  0x00000240be093f34: ; ImmutableOopMap {[40]=Oop [48]=Oop [60]=NarrowOop [68]=NarrowOop [72]=Oop [88]=Oop [96]=Oop }
                      ;*baload {reexecute=0 rethrow=0 return_oop=0}
                      ; - java.lang.StringLatin1::lastIndexOf@24
                      ; - java.lang.String::lastIndexOf@13
                      ; - java.lang.String::lastIndexOf@8
                      ; - java.lang.ClassLoader::checkCerts@3
                      ; - java.lang.ClassLoader::preDefineClass@113
                      ; - java.lang.ClassLoader::defineClass@4
                      ; - java.security.SecureClassLoader::defineClass@12
  0x00000240be093f34: 4804 4cff 

  0x00000240be093f38: ;   {other}
  0x00000240be093f38: 0f1f 8400 | a826 0029 | 4c89 4c24 | 7048 894c | 2468 4c89 | 5424 5848 | 895c 2450 | 4489 5c24 
  0x00000240be093f58: 384c 8b54 | 2420 4c89 | 5424 304c | 8b54 2448 | 4c89 5424 

  0x00000240be093f6c: ;   {metadata({type array byte})}
  0x00000240be093f6c: 2048 ba18 | 2300 d040 | 0200 0045 | 8bc3 6690 

  0x00000240be093f7c: ;   {runtime_call _new_array_nozero_Java}
  0x00000240be093f7c: c5f8 77e8 

  0x00000240be093f80: ; ImmutableOopMap {rbp=Oop [88]=Derived_oop_rbp [32]=Oop [40]=Oop [48]=Oop [80]=Oop }
                      ;*newarray {reexecute=0 rethrow=0 return_oop=1}
                      ; - java.util.Arrays::copyOfRangeByte@10
                      ; - java.util.Arrays::copyOfRange@13
                      ; - java.lang.StringLatin1::newString@16
                      ; - java.lang.String::substring@41
                      ; - java.lang.Class::getPackageName@62
                      ; - java.lang.ClassLoader::postDefineClass@2
                      ; - java.lang.ClassLoader::defineClass@37
                      ; - java.security.SecureClassLoader::defineClass@12
  0x00000240be093f80: fcae 4eff 

  0x00000240be093f84: ;   {other}
  0x00000240be093f84: 0f1f 8400 | f426 002a | 4c8b 5424 | 204c 8954 | 2448 4c8b | 5424 304c | 8954 2420 | 448b 5c24 
  0x00000240be093fa4: 3848 8b5c | 2450 4c8b | 5424 5848 | 8b4c 2468 | 4c8b 4c24 | 7048 8bf0 | e9cd e6ff | ff48 8974 
  0x00000240be093fc4: 2468 4c89 | 5424 5848 | 895c 2450 | 448b da44 | 894c 2438 | 4c8b 5424 | 204c 8954 | 2430 4c8b 
  0x00000240be093fe4: 5424 484c | 8954 2420 

  0x00000240be093fec: ;   {metadata({type array byte})}
  0x00000240be093fec: 48ba 1823 | 00d0 4002 | 0000 458b | c366 6690 

  0x00000240be093ffc: ;   {runtime_call _new_array_nozero_Java}
  0x00000240be093ffc: c5f8 77e8 

  0x00000240be094000: ; ImmutableOopMap {rbp=Oop [88]=Derived_oop_rbp [32]=Oop [40]=Oop [48]=Oop [56]=NarrowOop [80]=Oop }
                      ;*invokevirtual clone {reexecute=1 rethrow=0 return_oop=1}
                      ; - (reexecute) java.util.Arrays::copyOfRange@18
                      ; - java.lang.StringLatin1::newString@16
                      ; - java.lang.String::substring@41
                      ; - java.lang.Class::getPackageName@62
                      ; - java.lang.ClassLoader::postDefineClass@2
                      ; - java.lang.ClassLoader::defineClass@37
                      ; - java.security.SecureClassLoader::defineClass@12
  0x00000240be094000: 7cae 4eff 

  0x00000240be094004: ;   {other}
  0x00000240be094004: 0f1f 8400 | 7427 002b | 4c8b 5424 | 204c 8954 | 2448 4c8b | 5424 304c | 8954 2420 | 488b 5c24 
  0x00000240be094024: 504c 8b54 | 2458 488b | 7424 6848 | 8bf8 e986 | e5ff ffba | e4ff ffff | 488b 6c24 | 204c 8b54 
  0x00000240be094044: 2448 4c89 | 5424 304c | 8944 2448 | 4489 4c24 | 5844 895c | 245c 6690 

  0x00000240be09405c: ;   {runtime_call UncommonTrapBlob}
  0x00000240be09405c: c5f8 77e8 

  0x00000240be094060: ; ImmutableOopMap {rbp=Oop [40]=Oop [48]=Oop [72]=Oop [88]=NarrowOop }
                      ;*baload {reexecute=0 rethrow=0 return_oop=0}
                      ; - java.lang.StringLatin1::lastIndexOf@24
                      ; - java.lang.String::lastIndexOf@13
                      ; - java.lang.String::lastIndexOf@8
                      ; - java.lang.Class::getPackageName@47
                      ; - java.lang.ClassLoader::postDefineClass@2
                      ; - java.lang.ClassLoader::defineClass@37
                      ; - java.security.SecureClassLoader::defineClass@12
  0x00000240be094060: 1c03 4cff 

  0x00000240be094064: ;   {other}
  0x00000240be094064: 0f1f 8400 | d427 002c | baf6 ffff | ff48 8bef | 4c89 5c24 | 2066 6690 

  0x00000240be09407c: ;   {runtime_call UncommonTrapBlob}
  0x00000240be09407c: c5f8 77e8 

  0x00000240be094080: ; ImmutableOopMap {rbp=Oop [32]=Oop }
                      ;*invokevirtual putIfAbsent {reexecute=0 rethrow=0 return_oop=0}
                      ; - java.lang.ClassLoader::checkCerts@62
                      ; - java.lang.ClassLoader::preDefineClass@113
                      ; - java.lang.ClassLoader::defineClass@4
                      ; - java.security.SecureClassLoader::defineClass@12
  0x00000240be094080: fc02 4cff 

  0x00000240be094084: ;   {other}
  0x00000240be094084: 0f1f 8400 | f427 002d | baf6 ffff | ff48 8bef 

  0x00000240be094094: ;   {runtime_call UncommonTrapBlob}
  0x00000240be094094: c5f8 77e8 

  0x00000240be094098: ; ImmutableOopMap {rbp=Oop }
                      ;*invokevirtual get {reexecute=0 rethrow=0 return_oop=0}
                      ; - java.lang.ClassLoader::getNamedPackage@5
                      ; - java.lang.ClassLoader::postDefineClass@9
                      ; - java.lang.ClassLoader::defineClass@37
                      ; - java.security.SecureClassLoader::defineClass@12
  0x00000240be094098: e402 4cff 

  0x00000240be09409c: ;   {other}
  0x00000240be09409c: 0f1f 8400 | 0c28 002e | bade ffff | ff4c 8944 | 2440 4c89 | 4c24 4890 

  0x00000240be0940b4: ;   {runtime_call UncommonTrapBlob}
  0x00000240be0940b4: c5f8 77e8 

  0x00000240be0940b8: ; ImmutableOopMap {rbp=NarrowOop [32]=Oop [40]=Oop [48]=Oop [64]=Oop [72]=Oop }
                      ;*invokeinterface computeIfAbsent {reexecute=0 rethrow=0 return_oop=0}
                      ; - java.security.SecureClassLoader::getProtectionDomain@28
                      ; - java.security.SecureClassLoader::defineClass@9
  0x00000240be0940b8: c402 4cff 

  0x00000240be0940bc: ;   {other}
  0x00000240be0940bc: 0f1f 8400 | 2c28 002f | ba45 ffff | ff48 8b6c | 2428 6690 

  0x00000240be0940d0: ;   {runtime_call UncommonTrapBlob}
  0x00000240be0940d0: c5f8 77e8 

  0x00000240be0940d4: ; ImmutableOopMap {rbp=Oop [32]=Oop [48]=Oop [72]=Oop }
                      ;*ifeq {reexecute=1 rethrow=0 return_oop=0}
                      ; - (reexecute) java.lang.ClassLoader::checkName@8
                      ; - java.lang.ClassLoader::preDefineClass@1
                      ; - java.lang.ClassLoader::defineClass@4
                      ; - java.security.SecureClassLoader::defineClass@12
  0x00000240be0940d4: a802 4cff 

  0x00000240be0940d8: ;   {other}
  0x00000240be0940d8: 0f1f 8400 | 4828 0030 | bace ffff | ff48 8b6c | 2428 895c | 2458 4489 | 5424 5c90 

  0x00000240be0940f4: ;   {runtime_call UncommonTrapBlob}
  0x00000240be0940f4: c5f8 77e8 

  0x00000240be0940f8: ; ImmutableOopMap {rbp=Oop [32]=Oop [48]=Oop [72]=Oop [88]=NarrowOop }
                      ;*invokestatic indexOfChar {reexecute=0 rethrow=0 return_oop=0}
                      ; - java.lang.StringLatin1::indexOf@33
                      ; - java.lang.String::indexOf@17
                      ; - java.lang.String::indexOf@3
                      ; - java.lang.ClassLoader::checkName@16
                      ; - java.lang.ClassLoader::preDefineClass@1
                      ; - java.lang.ClassLoader::defineClass@4
                      ; - java.security.SecureClassLoader::defineClass@12
  0x00000240be0940f8: 8402 4cff 

  0x00000240be0940fc: ;   {other}
  0x00000240be0940fc: 0f1f 8400 | 6c28 0031 | 488b 5c24 | 204c 8b54 | 2428 4c89 | 5424 484c | 8b54 2430 | 4c89 5424 
  0x00000240be09411c: 2048 8b4c | 2438 448b | 4c24 40e9 | 72e9 ffff | bade ffff | ff66 6690 

  0x00000240be094134: ;   {runtime_call UncommonTrapBlob}
  0x00000240be094134: c5f8 77e8 

  0x00000240be094138: ; ImmutableOopMap {rbp=NarrowOop }
                      ;*checkcast {reexecute=0 rethrow=0 return_oop=0}
                      ; - java.lang.ClassLoader::getNamedPackage@8
                      ; - java.lang.ClassLoader::postDefineClass@9
                      ; - java.lang.ClassLoader::defineClass@37
                      ; - java.security.SecureClassLoader::defineClass@12
  0x00000240be094138: 4402 4cff 

  0x00000240be09413c: ;   {other}
  0x00000240be09413c: 0f1f 8400 | ac28 0032 | 4d63 cae9 | c2e0 ffff | 4983 c1fe | 498b c949 | 8bfb 4833 | c048 83f9 
  0x00000240be09415c: 087f 1048 | ffc9 784f | 4889 04cf | 48ff c97d | f7eb 44c5 | fdef c0e9 | 0d00 0000 | c5fe 7f07 
  0x00000240be09417c: c5fe 7f47 | 2048 83c7 | 4048 83e9 | 087d ed48 | 83c1 047c | 0cc5 fe7f | 0748 83c7 | 2048 83e9 
  0x00000240be09419c: 0448 83c1 | 047e 1048 | ffc9 c5f9 | d607 4883 | c708 48ff | c97d f3e9 | 20e1 ffff | bacc ffff 
  0x00000240be0941bc: ff44 8954 | 2420 448b | 5424 3844 | 8954 2424 | 448b 5c24 | 3c44 895c | 2438 4889 | 5c24 584c 
  0x00000240be0941dc: 8974 2460 | 448b 5c24 | 4044 895c | 243c 4889 | 7424 68c5 | fa11 4c24 | 7066 6690 

  0x00000240be0941f8: ;   {runtime_call UncommonTrapBlob}
  0x00000240be0941f8: c5f8 77e8 

  0x00000240be0941fc: ; ImmutableOopMap {[40]=Oop [48]=Oop [60]=NarrowOop [72]=Oop [88]=Oop [96]=Oop [104]=Oop [112]=NarrowOop }
                      ;*newarray {reexecute=1 rethrow=0 return_oop=0}
                      ; - (reexecute) java.util.Arrays::copyOfRangeByte@10
                      ; - java.util.Arrays::copyOfRange@13
                      ; - java.lang.StringLatin1::newString@16
                      ; - java.lang.String::substring@41
                      ; - java.lang.ClassLoader::checkCerts@21
                      ; - java.lang.ClassLoader::preDefineClass@113
                      ; - java.lang.ClassLoader::defineClass@4
                      ; - java.security.SecureClassLoader::defineClass@12
  0x00000240be0941fc: 8001 4cff 

  0x00000240be094200: ;   {other}
  0x00000240be094200: 0f1f 8400 | 7029 0033 | 4533 d245 | 85db 410f | 94c2 ba45 | ffff ff48 | 8b6c 2428 | 4489 5424 
  0x00000240be094220: 6066 6690 

  0x00000240be094224: ;   {runtime_call UncommonTrapBlob}
  0x00000240be094224: c5f8 77e8 

  0x00000240be094228: ; ImmutableOopMap {rbp=Oop [32]=Oop [48]=Oop [72]=Oop }
                      ;*ifeq {reexecute=1 rethrow=0 return_oop=0}
                      ; - (reexecute) java.lang.String::indexOf@4
                      ; - java.lang.String::indexOf@3
                      ; - java.lang.ClassLoader::checkName@16
                      ; - java.lang.ClassLoader::preDefineClass@1
                      ; - java.lang.ClassLoader::defineClass@4
                      ; - java.security.SecureClassLoader::defineClass@12
  0x00000240be094228: 5401 4cff 

  0x00000240be09422c: ;   {other}
  0x00000240be09422c: 0f1f 8400 | 9c29 0034 | ba45 ffff | ff44 8954 | 2420 4489 | 5424 2448 | 895c 2458 | 4c89 7424 
  0x00000240be09424c: 604c 8974 | 2468 4489 | 4c24 7090 

  0x00000240be094258: ;   {runtime_call UncommonTrapBlob}
  0x00000240be094258: c5f8 77e8 

  0x00000240be09425c: ; ImmutableOopMap {[40]=Oop [48]=Oop [64]=NarrowOop [72]=Oop [88]=Oop [96]=Oop [104]=Oop }
                      ;*if_icmpgt {reexecute=1 rethrow=0 return_oop=0}
                      ; - (reexecute) jdk.internal.util.Preconditions::checkFromToIndex@6
                      ; - java.lang.String::checkBoundsBeginEnd@6
                      ; - java.lang.String::substring@8
                      ; - java.lang.ClassLoader::checkCerts@21
                      ; - java.lang.ClassLoader::preDefineClass@113
                      ; - java.lang.ClassLoader::defineClass@4
                      ; - java.security.SecureClassLoader::defineClass@12
  0x00000240be09425c: 2001 4cff 

  0x00000240be094260: ;   {other}
  0x00000240be094260: 0f1f 8400 | d029 0035 | ba45 ffff | ff48 8b6c | 2428 895c | 2450 6690 

  0x00000240be094278: ;   {runtime_call UncommonTrapBlob}
  0x00000240be094278: c5f8 77e8 

  0x00000240be09427c: ; ImmutableOopMap {rbp=Oop [32]=Oop [48]=Oop [72]=Oop }
                      ;*if_icmpne {reexecute=1 rethrow=0 return_oop=0}
                      ; - (reexecute) java.lang.ClassLoader::checkName@20
                      ; - java.lang.ClassLoader::preDefineClass@1
                      ; - java.lang.ClassLoader::defineClass@4
                      ; - java.security.SecureClassLoader::defineClass@12
  0x00000240be09427c: 0001 4cff 

  0x00000240be094280: ;   {other}
  0x00000240be094280: 0f1f 8400 | f029 0036 | ba45 ffff | ff4c 8b54 | 2448 4c89 | 5424 3848 | 895c 2440 | 4889 4c24 
  0x00000240be0942a0: 4844 894c | 2450 6690 

  0x00000240be0942a8: ;   {runtime_call UncommonTrapBlob}
  0x00000240be0942a8: c5f8 77e8 

  0x00000240be0942ac: ; ImmutableOopMap {[32]=Oop [56]=Oop [64]=Oop [72]=Oop [80]=NarrowOop }
                      ;*ifle {reexecute=1 rethrow=0 return_oop=0}
                      ; - (reexecute) java.util.concurrent.ConcurrentHashMap::get@23
                      ; - java.lang.ClassLoader::getNamedPackage@5
                      ; - java.lang.ClassLoader::postDefineClass@9
                      ; - java.lang.ClassLoader::defineClass@37
                      ; - java.security.SecureClassLoader::defineClass@12
  0x00000240be0942ac: d000 4cff 

  0x00000240be0942b0: ;   {other}
  0x00000240be0942b0: 0f1f 8400 | 202a 0037 | ba45 ffff | ff66 6690 

  0x00000240be0942c0: ;   {runtime_call UncommonTrapBlob}
  0x00000240be0942c0: c5f8 77e8 

  0x00000240be0942c4: ; ImmutableOopMap {rbp=Oop [32]=Oop [40]=Oop [48]=Oop }
                      ;*ifnonnull {reexecute=1 rethrow=0 return_oop=0}
                      ; - (reexecute) java.security.SecureClassLoader::getProtectionDomain@1
                      ; - java.security.SecureClassLoader::defineClass@9
  0x00000240be0942c4: b800 4cff 

  0x00000240be0942c8: ;   {other}
  0x00000240be0942c8: 0f1f 8400 | 382a 0038 | ba45 ffff | ff4c 8974 | 2450 6690 

  0x00000240be0942dc: ;   {runtime_call UncommonTrapBlob}
  0x00000240be0942dc: c5f8 77e8 

  0x00000240be0942e0: ; ImmutableOopMap {[40]=Oop [48]=Oop [72]=Oop [80]=Oop }
                      ;*if_icmpne {reexecute=1 rethrow=0 return_oop=0}
                      ; - (reexecute) java.lang.ClassLoader::checkName@30
                      ; - java.lang.ClassLoader::preDefineClass@1
                      ; - java.lang.ClassLoader::defineClass@4
                      ; - java.security.SecureClassLoader::defineClass@12
  0x00000240be0942e0: 9c00 4cff 

  0x00000240be0942e4: ;   {other}
  0x00000240be0942e4: 0f1f 8400 | 542a 0039 | ba45 ffff | ff66 6690 

  0x00000240be0942f4: ;   {runtime_call UncommonTrapBlob}
  0x00000240be0942f4: c5f8 77e8 

  0x00000240be0942f8: ; ImmutableOopMap {rbp=NarrowOop [32]=Oop [40]=Oop [48]=Oop [72]=Oop }
                      ;*ifnull {reexecute=1 rethrow=0 return_oop=0}
                      ; - (reexecute) java.lang.ClassLoader::defineClassSourceLocation@15
                      ; - java.lang.ClassLoader::defineClass@12
                      ; - java.security.SecureClassLoader::defineClass@12
  0x00000240be0942f8: 8400 4cff 

  0x00000240be0942fc: ;   {other}
  0x00000240be0942fc: 0f1f 8400 | 6c2a 003a | ba45 ffff | ff44 8954 | 2420 4489 | 5424 2448 | 895c 2458 | 4c89 7424 
  0x00000240be09431c: 604c 8974 | 2468 4489 | 4c24 7044 | 894c 2474 

  0x00000240be09432c: ;   {runtime_call UncommonTrapBlob}
  0x00000240be09432c: c5f8 77e8 

  0x00000240be094330: ; ImmutableOopMap {[40]=Oop [48]=Oop [64]=NarrowOop [72]=Oop [88]=Oop [96]=Oop [104]=Oop }
                      ;*if_icmple {reexecute=1 rethrow=0 return_oop=0}
                      ; - (reexecute) jdk.internal.util.Preconditions::checkFromToIndex@11
                      ; - java.lang.String::checkBoundsBeginEnd@6
                      ; - java.lang.String::substring@8
                      ; - java.lang.ClassLoader::checkCerts@21
                      ; - java.lang.ClassLoader::preDefineClass@113
                      ; - java.lang.ClassLoader::defineClass@4
                      ; - java.security.SecureClassLoader::defineClass@12
  0x00000240be094330: 4c00 4cff 

  0x00000240be094334: ;   {other}
  0x00000240be094334: 0f1f 8400 | a42a 003b | ba45 ffff | ff48 8b6c | 2428 4c8b | 5424 484c | 8954 2440 | 4489 5c24 
  0x00000240be094354: 4866 6690 

  0x00000240be094358: ;   {runtime_call UncommonTrapBlob}
  0x00000240be094358: c5f8 77e8 

  0x00000240be09435c: ; ImmutableOopMap {rbp=Oop [32]=Oop [48]=Oop [64]=Oop }
                      ;*ifne {reexecute=1 rethrow=0 return_oop=0}
                      ; - (reexecute) java.lang.ClassLoader::compareCerts@7
                      ; - java.lang.ClassLoader::checkCerts@80
                      ; - java.lang.ClassLoader::preDefineClass@113
                      ; - java.lang.ClassLoader::defineClass@4
                      ; - java.security.SecureClassLoader::defineClass@12
  0x00000240be09435c: 2000 4cff 

  0x00000240be094360: ;   {other}
  0x00000240be094360: 0f1f 8400 | d02a 003c | ba45 ffff | ff48 8944 | 2440 6690 

  0x00000240be094374: ;   {runtime_call UncommonTrapBlob}
  0x00000240be094374: c5f8 77e8 

  0x00000240be094378: ; ImmutableOopMap {[32]=Oop [40]=Oop [64]=Oop [72]=Oop }
                      ;*ifeq {reexecute=1 rethrow=0 return_oop=0}
                      ; - (reexecute) java.lang.Class::getPackageName@13
                      ; - java.lang.ClassLoader::postDefineClass@2
                      ; - java.lang.ClassLoader::defineClass@37
                      ; - java.security.SecureClassLoader::defineClass@12
  0x00000240be094378: 0400 4cff 

  0x00000240be09437c: ;   {other}
  0x00000240be09437c: 0f1f 8400 | ec2a 003d | 498b d7c5 | f877 49ba | 20a4 c0be | ff7f 0000 

  0x00000240be094394: ;   {other}
  0x00000240be094394: 41ff d20f | 1f84 0000 | 0000 00e9 | 3fdf ffff | baf6 ffff | ff48 8974 | 2420 6690 

  0x00000240be0943b0: ;   {runtime_call UncommonTrapBlob}
  0x00000240be0943b0: c5f8 77e8 

  0x00000240be0943b4: ; ImmutableOopMap {[32]=Oop [48]=Oop }
                      ;*invokevirtual putIfAbsent {reexecute=0 rethrow=0 return_oop=0}
                      ; - java.lang.ClassLoader::getNamedPackage@32
                      ; - java.lang.ClassLoader::postDefineClass@9
                      ; - java.lang.ClassLoader::defineClass@37
                      ; - java.security.SecureClassLoader::defineClass@12
  0x00000240be0943b4: c8ff 4bff 

  0x00000240be0943b8: ;   {other}
  0x00000240be0943b8: 0f1f 8400 | 282b 003e | 488b e8ba | 54ff ffff | 4c8b 5424 | 484c 8954 | 2440 6690 

  0x00000240be0943d4: ;   {runtime_call UncommonTrapBlob}
  0x00000240be0943d4: c5f8 77e8 

  0x00000240be0943d8: ; ImmutableOopMap {rbp=Oop [32]=Oop [40]=Oop [56]=NarrowOop [64]=Oop [80]=Oop }
                      ;*ifnull {reexecute=1 rethrow=0 return_oop=0}
                      ; - (reexecute) java.lang.ClassLoader::getNamedPackage@42
                      ; - java.lang.ClassLoader::postDefineClass@9
                      ; - java.lang.ClassLoader::defineClass@37
                      ; - java.security.SecureClassLoader::defineClass@12
  0x00000240be0943d8: a4ff 4bff 

  0x00000240be0943dc: ;   {other}
  0x00000240be0943dc: 0f1f 8400 | 4c2b 003f | 8b7c 2440 | 458b 5cfc | 1445 85db | 0f84 0dec | ffff 4d8b | 5728 498b 
  0x00000240be0943fc: cb48 c1e1 | 034d 85d2 | 0f84 8608 | 0000 4d8b | 5f38 4b89 | 4c13 f849 | 83c2 f84d | 8957 28e9 
  0x00000240be09441c: e3eb ffff | 4d8b 5748 | 4d8b 5f58 | f083 4424 | c000 8039 | 0074 3244 | 8821 4d85 | d274 0f4b 
  0x00000240be09443c: 894c 13f8 | 4983 c2f8 | 4d89 5748 | eb1b 498b | d7c5 f877 | 49ba 00a4 | c0be ff7f | 0000 41ff 
  0x00000240be09445c: ;   {other}
  0x00000240be09445c: d20f 1f84 | 0000 0000 | 0045 8b5c | fc14 4585 | db0f 845d | 0800 0049 | 8bdb 48c1 | e303 e9c1 
  0x00000240be09447c: ebff ff49 | 63cb e97b | e1ff ff48 | 83c1 fe48 | 8bfa 4833 | c048 83f9 | 087f 1048 | ffc9 784f 
  0x00000240be09449c: 4889 04cf | 48ff c97d | f7eb 44c5 | fdef c0e9 | 0d00 0000 | c5fe 7f07 | c5fe 7f47 | 2048 83c7 
  0x00000240be0944bc: 4048 83e9 | 087d ed48 | 83c1 047c | 0cc5 fe7f | 0748 83c7 | 2048 83e9 | 0448 83c1 | 047e 1048 
  0x00000240be0944dc: ffc9 c5f9 | d607 4883 | c708 48ff | c97d f3e9 | e4e1 ffff | bacc ffff | ff4c 8b54 | 2448 4c89 
  0x00000240be0944fc: 5424 3048 | 895c 2450 | 4489 4c24 | 5844 895c | 2460 6690 

  0x00000240be094510: ;   {runtime_call UncommonTrapBlob}
  0x00000240be094510: c5f8 77e8 

  0x00000240be094514: ; ImmutableOopMap {[32]=Oop [40]=Oop [48]=Oop [80]=Oop [88]=NarrowOop }
                      ;*newarray {reexecute=1 rethrow=0 return_oop=0}
                      ; - (reexecute) java.util.Arrays::copyOfRangeByte@10
                      ; - java.util.Arrays::copyOfRange@13
                      ; - java.lang.StringLatin1::newString@16
                      ; - java.lang.String::substring@41
                      ; - java.lang.Class::getPackageName@62
                      ; - java.lang.ClassLoader::postDefineClass@2
                      ; - java.lang.ClassLoader::defineClass@37
                      ; - java.security.SecureClassLoader::defineClass@12
  0x00000240be094514: 68fe 4bff 

  0x00000240be094518: ;   {other}
  0x00000240be094518: 0f1f 8400 | 882c 0040 | 4585 db44 | 8b4c 2444 | 410f 94c1 | ba45 ffff | ff48 8b6c | 2420 4c8b 
  0x00000240be094538: 5c24 484c | 895c 2430 | 4c89 4424 | 5044 8954 | 2458 4489 | 4c24 5c90 

  0x00000240be094550: ;   {runtime_call UncommonTrapBlob}
  0x00000240be094550: c5f8 77e8 

  0x00000240be094554: ; ImmutableOopMap {rbp=Oop [40]=Oop [48]=Oop [80]=Oop }
                      ;*ifeq {reexecute=1 rethrow=0 return_oop=0}
                      ; - (reexecute) java.lang.String::lastIndexOf@4
                      ; - java.lang.String::lastIndexOf@8
                      ; - java.lang.Class::getPackageName@47
                      ; - java.lang.ClassLoader::postDefineClass@2
                      ; - java.lang.ClassLoader::defineClass@37
                      ; - java.security.SecureClassLoader::defineClass@12
  0x00000240be094554: 28fe 4bff 

  0x00000240be094558: ;   {other}
  0x00000240be094558: 0f1f 8400 | c82c 0041 | 498b d7c5 | f877 49ba | 20a4 c0be | ff7f 0000 

  0x00000240be094570: ;   {other}
  0x00000240be094570: 41ff d20f | 1f84 0000 | 0000 00e9 | c0e1 ffff | ba45 ffff | ff48 8b6c | 2420 4c8b | 5424 484c 
  0x00000240be094590: 8954 2430 | 4c89 4424 | 4844 895c | 2458 894c | 245c 4489 | 5c24 6090 

  0x00000240be0945a8: ;   {runtime_call UncommonTrapBlob}
  0x00000240be0945a8: c5f8 77e8 

  0x00000240be0945ac: ; ImmutableOopMap {rbp=Oop [40]=Oop [48]=Oop [72]=Oop }
                      ;*if_icmpgt {reexecute=1 rethrow=0 return_oop=0}
                      ; - (reexecute) jdk.internal.util.Preconditions::checkFromToIndex@6
                      ; - java.lang.String::checkBoundsBeginEnd@6
                      ; - java.lang.String::substring@8
                      ; - java.lang.Class::getPackageName@62
                      ; - java.lang.ClassLoader::postDefineClass@2
                      ; - java.lang.ClassLoader::defineClass@37
                      ; - java.security.SecureClassLoader::defineClass@12
  0x00000240be0945ac: d0fd 4bff 

  0x00000240be0945b0: ;   {other}
  0x00000240be0945b0: 0f1f 8400 | 202d 0042 | ba45 ffff | ff48 8b6c | 2420 4c8b | 5424 484c | 8954 2430 | 4c89 4424 
  0x00000240be0945d0: 4844 895c | 2458 894c | 245c 4489 | 5c24 6089 | 4c24 6490 

  0x00000240be0945e4: ;   {runtime_call UncommonTrapBlob}
  0x00000240be0945e4: c5f8 77e8 

  0x00000240be0945e8: ; ImmutableOopMap {rbp=Oop [40]=Oop [48]=Oop [72]=Oop }
                      ;*if_icmple {reexecute=1 rethrow=0 return_oop=0}
                      ; - (reexecute) jdk.internal.util.Preconditions::checkFromToIndex@11
                      ; - java.lang.String::checkBoundsBeginEnd@6
                      ; - java.lang.String::substring@8
                      ; - java.lang.Class::getPackageName@62
                      ; - java.lang.ClassLoader::postDefineClass@2
                      ; - java.lang.ClassLoader::defineClass@37
                      ; - java.security.SecureClassLoader::defineClass@12
  0x00000240be0945e8: 94fd 4bff 

  0x00000240be0945ec: ;   {other}
  0x00000240be0945ec: 0f1f 8400 | 5c2d 0043 | 498b d7c5 | f877 49ba | 20a4 c0be | ff7f 0000 

  0x00000240be094604: ;   {other}
  0x00000240be094604: 41ff d20f | 1f84 0000 | 0000 00e9 | 66e5 ffff | 498b d7c5 | f877 49ba | 20a4 c0be | ff7f 0000 
  0x00000240be094624: ;   {other}
  0x00000240be094624: 41ff d20f | 1f84 0000 | 0000 00e9 | ffe4 ffff | 498b d7c5 | f877 49ba | 20a4 c0be | ff7f 0000 
  0x00000240be094644: ;   {other}
  0x00000240be094644: 41ff d20f | 1f84 0000 | 0000 00e9 | 8be0 ffff | bae4 ffff | ff48 8b6c | 2428 c5fa | 114c 2454 
  0x00000240be094664: ;   {runtime_call UncommonTrapBlob}
  0x00000240be094664: c5f8 77e8 

  0x00000240be094668: ; ImmutableOopMap {rbp=Oop [32]=Oop [48]=Oop [72]=Oop [84]=NarrowOop }
                      ;*baload {reexecute=0 rethrow=0 return_oop=0}
                      ; - jdk.internal.util.ArraysSupport::mismatch@82
                      ; - java.lang.String::startsWith@70
                      ; - java.lang.String::startsWith@3
                      ; - java.lang.ClassLoader::preDefineClass@43
                      ; - java.lang.ClassLoader::defineClass@4
                      ; - java.security.SecureClassLoader::defineClass@12
  0x00000240be094668: 14fd 4bff 

  0x00000240be09466c: ;   {other}
  0x00000240be09466c: 0f1f 8400 | dc2d 0044 | 8bdd 458b | 54ec 1445 | 85d2 0f84 | 51ed ffff | 4d8b 5f28 | 498b ca48 
  0x00000240be09468c: c1e1 034d | 85db 0f84 | 1806 0000 | 4d8b 5738 | 4b89 4c1a | f849 83c3 | f84d 895f | 28e9 27ed 
  0x00000240be0946ac: ffff 4d8b | 5748 4d8b | 5f58 f083 | 4424 c000 | 4180 3800 | 7435 4588 | 204d 85d2 | 740f 4f89 
  0x00000240be0946cc: 4413 f849 | 83c2 f84d | 8957 48eb | 1e49 8bc8 | 498b d7c5 | f877 49ba | 00a4 c0be | ff7f 0000 
  0x00000240be0946ec: ;   {other}
  0x00000240be0946ec: 41ff d20f | 1f84 0000 | 0000 0045 | 8b5c dc14 | 4585 db0f | 84e3 0500 | 004d 8bd3 | 49c1 e203 
  0x00000240be09470c: 4c89 5424 | 38e9 ffec | ffff ba45 | ffff ff4c | 8b5c 2448 | 4c89 5c24 | 3848 895c | 2440 4489 
  0x00000240be09472c: 4c24 5048 | 894c 2458 | 4489 4424 | 5444 8954 | 2460 6690 

  0x00000240be094740: ;   {runtime_call UncommonTrapBlob}
  0x00000240be094740: c5f8 77e8 

  0x00000240be094744: ; ImmutableOopMap {rbp=NarrowOop [32]=Oop [56]=Oop [64]=Oop [80]=NarrowOop [84]=NarrowOop [88]=Oop }
                      ;*ifnull {reexecute=1 rethrow=0 return_oop=0}
                      ; - (reexecute) java.util.concurrent.ConcurrentHashMap::get@67
                      ; - java.lang.ClassLoader::getNamedPackage@5
                      ; - java.lang.ClassLoader::postDefineClass@9
                      ; - java.lang.ClassLoader::defineClass@37
                      ; - java.security.SecureClassLoader::defineClass@12
  0x00000240be094744: 38fc 4bff 

  0x00000240be094748: ;   {other}
  0x00000240be094748: 0f1f 8400 | b82e 0045 | 4c89 6c24 | 6845 8bc8 | 4489 5c24 | 5448 897c | 2460 4889 | 5c24 5844 
  0x00000240be094768: 8b44 2444 | 4489 4424 | 504c 8974 | 2440 4c8b | 5c24 284c | 895c 2420 | 48ba 0000 | 00d0 4002 
  0x00000240be094788: 0000 4903 | d245 8bc1 

  0x00000240be094790: ;   {runtime_call _new_array_Java}
  0x00000240be094790: c5f8 77e8 

  0x00000240be094794: ; ImmutableOopMap {rbp=Oop [32]=Oop [48]=Oop [64]=Oop [72]=Oop [84]=NarrowOop [88]=Oop [96]=Oop }
                      ;*invokevirtual clone {reexecute=1 rethrow=0 return_oop=1}
                      ; - (reexecute) java.security.CodeSource::getCertificates@11
                      ; - java.lang.ClassLoader::checkCerts@34
                      ; - java.lang.ClassLoader::preDefineClass@113
                      ; - java.lang.ClassLoader::defineClass@4
                      ; - java.security.SecureClassLoader::defineClass@12
  0x00000240be094794: e8a9 4eff 

  0x00000240be094798: ;   {other}
  0x00000240be094798: 0f1f 8400 | 082f 0046 | 4c8b 5424 | 204c 8954 | 2428 4c8b | 7424 4044 | 8b54 2450 | 4489 5424 
  0x00000240be0947b8: 4448 8b5c | 2458 488b | 7c24 6044 | 8b5c 2454 | 4c8b 6c24 | 6848 8bf0 | e9b0 e5ff | ff4c 8944 
  0x00000240be0947d8: 2438 448b | d289 4c24 | 304c 8b44 | 2420 4c89 | 4424 2848 | 895c 2420 | 48ba 0000 | 00d0 4002 
  0x00000240be0947f8: 0000 4903 | d345 8bc2 

  0x00000240be094800: ;   {runtime_call _new_array_Java}
  0x00000240be094800: c5f8 77e8 

  0x00000240be094804: ; ImmutableOopMap {rbp=Oop [32]=Oop [40]=Oop [48]=NarrowOop }
                      ;*invokevirtual clone {reexecute=1 rethrow=0 return_oop=1}
                      ; - (reexecute) java.security.CodeSource::getCertificates@11
                      ; - java.lang.ClassLoader::postDefineClass@24
                      ; - java.lang.ClassLoader::defineClass@37
                      ; - java.security.SecureClassLoader::defineClass@12
  0x00000240be094804: 78a9 4eff 

  0x00000240be094808: ;   {other}
  0x00000240be094808: 0f1f 8400 | 782f 0047 | 4c8b 5424 | 284c 8954 | 2420 8b4c | 2430 4c8b | 4424 38e9 | dce9 ffff 
  0x00000240be094828: 4c89 4c24 | 7089 4c24 | 6848 897c | 2460 4489 | 4424 5448 | 895c 2458 | 448b 5c24 | 4444 895c 
  0x00000240be094848: 2450 4c8b | 5424 484c | 8954 2440 | 4c89 7424 | 2048 8b6c 

  0x00000240be09485c: ;   {metadata('java/util/ArrayList')}
  0x00000240be09485c: 2428 48ba | d089 0bd0 | 4002 0000 

  0x00000240be094868: ;   {runtime_call _new_instance_Java}
  0x00000240be094868: c5f8 77e8 

  0x00000240be09486c: ; ImmutableOopMap {rbp=Oop [32]=Oop [48]=Oop [64]=Oop [84]=NarrowOop [88]=Oop [96]=Oop [104]=NarrowOop [112]=Oop }
                      ;*new {reexecute=0 rethrow=0 return_oop=1}
                      ; - java.security.CodeSource::getCertificates@25
                      ; - java.lang.ClassLoader::checkCerts@34
                      ; - java.lang.ClassLoader::preDefineClass@113
                      ; - java.lang.ClassLoader::defineClass@4
                      ; - java.security.SecureClassLoader::defineClass@12
  0x00000240be09486c: 90d3 4eff 

  0x00000240be094870: ;   {other}
  0x00000240be094870: 0f1f 8400 | e02f 0048 | 4889 6c24 | 284c 8b74 | 2420 4c8b | 5424 404c | 8954 2448 | 448b 5424 
  0x00000240be094890: 5044 8954 | 2444 488b | 5c24 5844 | 8b5c 2454 | 4489 5c24 | 4048 8b7c | 2460 8b4c | 2468 4c8b 
  0x00000240be0948b0: 4c24 70e9 | 5ee5 ffff | 4c89 4424 | 784c 894c | 2470 4889 | 7c24 684c | 895c 2460 | 4c89 5424 
  0x00000240be0948d0: 5848 895c | 2450 4c89 | 7424 2048 | 8b6c 2428 

  0x00000240be0948e0: ;   {metadata('java/security/cert/Certificate'[])}
  0x00000240be0948e0: 48ba 2029 | 10d0 4002 | 0000 448b | 4424 4490 

  0x00000240be0948f0: ;   {runtime_call _new_array_Java}
  0x00000240be0948f0: c5f8 77e8 

  0x00000240be0948f4: ; ImmutableOopMap {rbp=Oop [32]=Oop [48]=Oop [64]=NarrowOop [72]=Oop [80]=Oop [88]=Oop [104]=Oop [112]=Oop [120]=Oop }
                      ;*anewarray {reexecute=0 rethrow=0 return_oop=1}
                      ; - java.security.CodeSource::getCertificates@70
                      ; - java.lang.ClassLoader::checkCerts@34
                      ; - java.lang.ClassLoader::preDefineClass@113
                      ; - java.lang.ClassLoader::defineClass@4
                      ; - java.security.SecureClassLoader::defineClass@12
  0x00000240be0948f4: 88a8 4eff 

  0x00000240be0948f8: ;   {other}
  0x00000240be0948f8: 0f1f 8400 | 6830 0049 | e9c0 e6ff | ff4c 8944 | 2470 4889 | 5c24 2848 | ba00 0000 | d040 0200 
  0x00000240be094918: 0049 03d2 | 458b c390 

  0x00000240be094920: ;   {runtime_call _new_array_Java}
  0x00000240be094920: c5f8 77e8 

  0x00000240be094924: ; ImmutableOopMap {rbp=Oop [32]=Oop [40]=Oop [48]=Oop [72]=Oop [80]=Oop [88]=Oop [104]=Oop }
                      ;*invokevirtual clone {reexecute=1 rethrow=0 return_oop=1}
                      ; - (reexecute) java.security.CodeSource::getCertificates@86
                      ; - java.lang.ClassLoader::checkCerts@34
                      ; - java.lang.ClassLoader::preDefineClass@113
                      ; - java.lang.ClassLoader::defineClass@4
                      ; - java.security.SecureClassLoader::defineClass@12
  0x00000240be094924: 58a8 4eff 

  0x00000240be094928: ;   {other}
  0x00000240be094928: 0f1f 8400 | 9830 004a | 488b 5c24 | 284c 8b44 | 2470 488b | f0e9 6ee7 | ffff ba45 | ffff ff4c 
  0x00000240be094948: 8b5c 2448 | 4c89 5c24 | 3848 895c | 2440 4489 | 4c24 5048 | 894c 2458 | 4889 7424 | 6044 8954 
  0x00000240be094968: 2454 6690 

  0x00000240be09496c: ;   {runtime_call UncommonTrapBlob}
  0x00000240be09496c: c5f8 77e8 

  0x00000240be094970: ; ImmutableOopMap {rbp=NarrowOop [32]=Oop [56]=Oop [64]=Oop [80]=NarrowOop [88]=Oop [96]=Oop }
                      ;*ifnull {reexecute=1 rethrow=0 return_oop=0}
                      ; - (reexecute) java.util.concurrent.ConcurrentHashMap::get@143
                      ; - java.lang.ClassLoader::getNamedPackage@5
                      ; - java.lang.ClassLoader::postDefineClass@9
                      ; - java.lang.ClassLoader::defineClass@37
                      ; - java.security.SecureClassLoader::defineClass@12
  0x00000240be094970: 0cfa 4bff 

  0x00000240be094974: ;   {other}
  0x00000240be094974: 0f1f 8400 | e430 004b | ba45 ffff | ff44 8b5c | 2450 4489 | 5c24 4489 | 4424 5090 

  0x00000240be094990: ;   {runtime_call UncommonTrapBlob}
  0x00000240be094990: c5f8 77e8 

  0x00000240be094994: ; ImmutableOopMap {rbp=Oop [32]=Oop [40]=Oop [56]=Oop [64]=NarrowOop [88]=Oop }
                      ;*ifeq {reexecute=1 rethrow=0 return_oop=0}
                      ; - (reexecute) java.util.concurrent.ConcurrentHashMap::get@152
                      ; - java.lang.ClassLoader::getNamedPackage@5
                      ; - java.lang.ClassLoader::postDefineClass@9
                      ; - java.lang.ClassLoader::defineClass@37
                      ; - java.security.SecureClassLoader::defineClass@12
  0x00000240be094994: e8f9 4bff 

  0x00000240be094998: ;   {other}
  0x00000240be094998: 0f1f 8400 | 0831 004c 

  0x00000240be0949a0: ;   {metadata('java/lang/StringBuilder')}
  0x00000240be0949a0: 48ba 4080 | 00d0 4002 | 0000 6690 

  0x00000240be0949ac: ;   {runtime_call _new_instance_Java}
  0x00000240be0949ac: c5f8 77e8 

  0x00000240be0949b0: ; ImmutableOopMap {[32]=Oop [40]=Oop [48]=Oop [56]=NarrowOop [72]=Oop [80]=Oop [88]=Oop [104]=Oop }
                      ;*new {reexecute=0 rethrow=0 return_oop=1}
                      ; - java.lang.NamedPackage::<init>@22
                      ; - java.lang.ClassLoader::getNamedPackage@22
                      ; - java.lang.ClassLoader::postDefineClass@9
                      ; - java.lang.ClassLoader::defineClass@37
                      ; - java.security.SecureClassLoader::defineClass@12
  0x00000240be0949b0: 4cd2 4eff 

  0x00000240be0949b4: ;   {other}
  0x00000240be0949b4: 0f1f 8400 | 2431 004d | e983 eeff 

  0x00000240be0949c0: ;   {metadata('java/lang/InternalError')}
  0x00000240be0949c0: ff48 ba38 | 0701 d040 | 0200 0090 

  0x00000240be0949cc: ;   {runtime_call _new_instance_Java}
  0x00000240be0949cc: c5f8 77e8 

  0x00000240be0949d0: ; ImmutableOopMap {[32]=Oop [40]=Oop [48]=Oop [56]=NarrowOop [72]=Oop [80]=Oop [88]=Oop }
                      ;*new {reexecute=0 rethrow=0 return_oop=1}
                      ; - java.lang.NamedPackage::<init>@18
                      ; - java.lang.ClassLoader::getNamedPackage@22
                      ; - java.lang.ClassLoader::postDefineClass@9
                      ; - java.lang.ClassLoader::defineClass@37
                      ; - java.security.SecureClassLoader::defineClass@12
  0x00000240be0949d0: 2cd2 4eff 

  0x00000240be0949d4: ;   {other}
  0x00000240be0949d4: 0f1f 8400 | 4431 004e | e91b eeff | ff48 897c | 2430 4489 | 5c24 2c44 | 894c 2428 

  0x00000240be0949f0: ;   {metadata('java/util/ArrayList')}
  0x00000240be0949f0: 488b eb48 | bad0 890b | d040 0200 | 0066 6690 

  0x00000240be094a00: ;   {runtime_call _new_instance_Java}
  0x00000240be094a00: c5f8 77e8 

  0x00000240be094a04: ; ImmutableOopMap {rbp=Oop [32]=Oop [40]=NarrowOop [44]=NarrowOop [48]=Oop }
                      ;*new {reexecute=0 rethrow=0 return_oop=1}
                      ; - java.security.CodeSource::getCertificates@25
                      ; - java.lang.ClassLoader::postDefineClass@24
                      ; - java.lang.ClassLoader::defineClass@37
                      ; - java.security.SecureClassLoader::defineClass@12
  0x00000240be094a04: f8d1 4eff 

  0x00000240be094a08: ;   {other}
  0x00000240be094a08: 0f1f 8400 | 7831 004f | 488b dd44 | 8b4c 2428 | 448b 5c24 | 2c48 8b7c | 2430 e955 | e8ff ff48 
  0x00000240be094a28: 894c 2438 | 4889 7c24 | 3041 8be9 | 4889 5c24 

  0x00000240be094a38: ;   {metadata('java/security/cert/Certificate'[])}
  0x00000240be094a38: 2848 ba20 | 2910 d040 | 0200 0044 | 8b44 2444 

  0x00000240be094a48: ;   {runtime_call _new_array_Java}
  0x00000240be094a48: c5f8 77e8 

  0x00000240be094a4c: ; ImmutableOopMap {rbp=NarrowOop [32]=Oop [40]=Oop [48]=Oop [56]=Oop }
                      ;*anewarray {reexecute=0 rethrow=0 return_oop=1}
                      ; - java.security.CodeSource::getCertificates@70
                      ; - java.lang.ClassLoader::postDefineClass@24
                      ; - java.lang.ClassLoader::defineClass@37
                      ; - java.security.SecureClassLoader::defineClass@12
  0x00000240be094a4c: 30a7 4eff 

  0x00000240be094a50: ;   {other}
  0x00000240be094a50: 0f1f 8400 | c031 0050 | e93f e9ff | ff48 ba00 | 0000 d040 | 0200 0049 | 03d2 458b | c366 6690 
  0x00000240be094a70: ;   {runtime_call _new_array_Java}
  0x00000240be094a70: c5f8 77e8 

  0x00000240be094a74: ; ImmutableOopMap {[32]=Oop [40]=Oop [56]=Oop }
                      ;*invokevirtual clone {reexecute=1 rethrow=0 return_oop=1}
                      ; - (reexecute) java.security.CodeSource::getCertificates@86
                      ; - java.lang.ClassLoader::postDefineClass@24
                      ; - java.lang.ClassLoader::defineClass@37
                      ; - java.security.SecureClassLoader::defineClass@12
  0x00000240be094a74: 08a7 4eff 

  0x00000240be094a78: ;   {other}
  0x00000240be094a78: 0f1f 8400 | e831 0051 | e909 eaff | ffba 76ff | ffff 488b | 6c24 284c | 8b54 2448 | 4c89 5424 
  0x00000240be094a98: 4048 894c | 2458 4489 | 4424 6089 | 7c24 6489 | 5c24 684c | 894c 2470 | 4489 5c24 | 7866 6690 
  0x00000240be094ab8: ;   {runtime_call UncommonTrapBlob}
  0x00000240be094ab8: c5f8 77e8 

  0x00000240be094abc: ; ImmutableOopMap {rbp=Oop [32]=Oop [48]=Oop [64]=Oop [88]=Oop [104]=NarrowOop [112]=Oop }
                      ;*if_icmpge {reexecute=1 rethrow=0 return_oop=0}
                      ; - (reexecute) java.lang.ClassLoader::compareCerts@67
                      ; - java.lang.ClassLoader::checkCerts@80
                      ; - java.lang.ClassLoader::preDefineClass@113
                      ; - java.lang.ClassLoader::defineClass@4
                      ; - java.security.SecureClassLoader::defineClass@12
  0x00000240be094abc: c0f8 4bff 

  0x00000240be094ac0: ;   {other}
  0x00000240be094ac0: 0f1f 8400 | 3032 0052 | ba76 ffff | ff48 8b6c | 2428 4c8b | 4424 484c | 8944 2440 | 4c8b 4424 
  0x00000240be094ae0: 7044 895c | 245c 4489 | 4c24 604c | 8944 2468 | 448b 9c24 | 9400 0000 | 4489 5c24 | 7066 6690 
  0x00000240be094b00: ;   {runtime_call UncommonTrapBlob}
  0x00000240be094b00: c5f8 77e8 

  0x00000240be094b04: ; ImmutableOopMap {rbp=Oop [32]=Oop [48]=Oop [64]=Oop [80]=Oop [96]=NarrowOop [104]=Oop }
                      ;*if_icmpge {reexecute=1 rethrow=0 return_oop=0}
                      ; - (reexecute) java.lang.ClassLoader::compareCerts@152
                      ; - java.lang.ClassLoader::checkCerts@80
                      ; - java.lang.ClassLoader::preDefineClass@113
                      ; - java.lang.ClassLoader::defineClass@4
                      ; - java.security.SecureClassLoader::defineClass@12
  0x00000240be094b04: 78f8 4bff 

  0x00000240be094b08: ;   {other}
  0x00000240be094b08: 0f1f 8400 | 7832 0053 | bae4 ffff | ff48 8b6c | 2428 4c8b | 5424 304c | 8954 2428 | 448b 4c24 
  0x00000240be094b28: 3844 894c | 2430 448b | 5424 3c44 | 8954 2434 | 4c8b 5424 | 484c 8954 | 2438 4889 | 5c24 484c 
  0x00000240be094b48: 8974 2450 | 4889 7c24 | 584c 8944 | 2468 894c | 2470 4489 | 5c24 7490 

  0x00000240be094b60: ;   {runtime_call UncommonTrapBlob}
  0x00000240be094b60: c5f8 77e8 

  0x00000240be094b64: ; ImmutableOopMap {rbp=Oop [40]=Oop [56]=Oop [64]=NarrowOop [72]=Oop [80]=Oop [88]=Oop [104]=Oop [112]=NarrowOop }
                      ;*aaload {reexecute=0 rethrow=0 return_oop=0}
                      ; - java.security.CodeSource::getCertificates@50
                      ; - java.lang.ClassLoader::checkCerts@34
                      ; - java.lang.ClassLoader::preDefineClass@113
                      ; - java.lang.ClassLoader::defineClass@4
                      ; - java.security.SecureClassLoader::defineClass@12
  0x00000240be094b64: 18f8 4bff 

  0x00000240be094b68: ;   {other}
  0x00000240be094b68: 0f1f 8400 | d832 0054 | bae4 ffff | ff48 895c | 2428 4489 | 4c24 3048 | 894c 2440 | 4489 5c24 
  0x00000240be094b88: 4844 8944 | 244c 6690 

  0x00000240be094b90: ;   {runtime_call UncommonTrapBlob}
  0x00000240be094b90: c5f8 77e8 

  0x00000240be094b94: ; ImmutableOopMap {[32]=Oop [40]=Oop [48]=NarrowOop [64]=Oop [72]=NarrowOop }
                      ;*aaload {reexecute=0 rethrow=0 return_oop=0}
                      ; - java.security.CodeSource::getCertificates@50
                      ; - java.lang.ClassLoader::postDefineClass@24
                      ; - java.lang.ClassLoader::defineClass@37
                      ; - java.security.SecureClassLoader::defineClass@12
  0x00000240be094b94: e8f7 4bff 

  0x00000240be094b98: ;   {other}
  0x00000240be094b98: 0f1f 8400 | 0833 0055 | bac6 ffff | ff4c 8b5c | 2448 4c89 | 5c24 3048 | 895c 2438 | 4489 4c24 
  0x00000240be094bb8: 4844 8944 | 244c 4489 | 5424 5048 | 894c 2458 

  0x00000240be094bc8: ;   {runtime_call UncommonTrapBlob}
  0x00000240be094bc8: c5f8 77e8 

  0x00000240be094bcc: ; ImmutableOopMap {[32]=Oop [48]=Oop [56]=Oop [72]=NarrowOop [76]=NarrowOop [88]=Oop }
                      ;*invokevirtual find {reexecute=0 rethrow=0 return_oop=0}
                      ; - java.util.concurrent.ConcurrentHashMap::get@93
                      ; - java.lang.ClassLoader::getNamedPackage@5
                      ; - java.lang.ClassLoader::postDefineClass@9
                      ; - java.lang.ClassLoader::defineClass@37
                      ; - java.security.SecureClassLoader::defineClass@12
  0x00000240be094bcc: b0f7 4bff 

  0x00000240be094bd0: ;   {other}
  0x00000240be094bd0: 0f1f 8400 | 4033 0056 | ba37 0100 | 0048 8be9 | 4c8b 5424 | 304c 8954 | 2428 448b | 5424 3844 
  0x00000240be094bf0: 8954 2430 | 448b 5c24 | 3c44 895c | 2434 6690 

  0x00000240be094c00: ;   {runtime_call UncommonTrapBlob}
  0x00000240be094c00: c5f8 77e8 

  0x00000240be094c04: ; ImmutableOopMap {rbp=Oop [32]=Oop [40]=Oop }
                      ;*new {reexecute=0 rethrow=0 return_oop=0}
                      ; - java.lang.ClassLoader::preDefineClass@56
                      ; - java.lang.ClassLoader::defineClass@4
                      ; - java.security.SecureClassLoader::defineClass@12
  0x00000240be094c04: 78f7 4bff 

  0x00000240be094c08: ;   {other}
  0x00000240be094c08: 0f1f 8400 | 7833 0057 | baf6 ffff | ff66 6690 

  0x00000240be094c18: ;   {runtime_call UncommonTrapBlob}
  0x00000240be094c18: c5f8 77e8 

  0x00000240be094c1c: ; ImmutableOopMap {}
                      ;*invokevirtual isNamed {reexecute=0 rethrow=0 return_oop=0}
                      ; - java.lang.NamedPackage::<init>@12
                      ; - java.lang.ClassLoader::getNamedPackage@22
                      ; - java.lang.ClassLoader::postDefineClass@9
                      ; - java.lang.ClassLoader::defineClass@37
                      ; - java.security.SecureClassLoader::defineClass@12
  0x00000240be094c1c: 60f7 4bff 

  0x00000240be094c20: ;   {other}
  0x00000240be094c20: 0f1f 8400 | 9033 0058 | baf6 ffff | ff8b 6c24 | 3866 6690 

  0x00000240be094c34: ;   {runtime_call UncommonTrapBlob}
  0x00000240be094c34: c5f8 77e8 

  0x00000240be094c38: ; ImmutableOopMap {rbp=NarrowOop }
                      ;*invokevirtual append {reexecute=0 rethrow=0 return_oop=0}
                      ; - java.lang.NamedPackage::<init>@35
                      ; - java.lang.ClassLoader::getNamedPackage@22
                      ; - java.lang.ClassLoader::postDefineClass@9
                      ; - java.lang.ClassLoader::defineClass@37
                      ; - java.security.SecureClassLoader::defineClass@12
  0x00000240be094c38: 44f7 4bff 

  0x00000240be094c3c: ;   {other}
  0x00000240be094c3c: 0f1f 8400 | ac33 0059 | baf6 ffff | ff66 6690 

  0x00000240be094c4c: ;   {runtime_call UncommonTrapBlob}
  0x00000240be094c4c: c5f8 77e8 

  0x00000240be094c50: ; ImmutableOopMap {}
                      ;*invokevirtual toString {reexecute=0 rethrow=0 return_oop=0}
                      ; - java.lang.NamedPackage::<init>@38
                      ; - java.lang.ClassLoader::getNamedPackage@22
                      ; - java.lang.ClassLoader::postDefineClass@9
                      ; - java.lang.ClassLoader::defineClass@37
                      ; - java.security.SecureClassLoader::defineClass@12
  0x00000240be094c50: 2cf7 4bff 

  0x00000240be094c54: ;   {other}
  0x00000240be094c54: 0f1f 8400 | c433 005a | ba76 ffff | ff48 8b6c | 2428 4c8b | 5424 484c | 8954 2440 | 4c89 4c24 
  0x00000240be094c74: 4848 894c | 2458 4489 | 4424 6490 

  0x00000240be094c80: ;   {runtime_call UncommonTrapBlob}
  0x00000240be094c80: c5f8 77e8 

  0x00000240be094c84: ; ImmutableOopMap {rbp=Oop [32]=Oop [48]=Oop [64]=Oop [72]=Oop [88]=Oop [104]=Oop }
                      ;*if_icmpge {reexecute=1 rethrow=0 return_oop=0}
                      ; - (reexecute) java.lang.ClassLoader::compareCerts@40
                      ; - java.lang.ClassLoader::checkCerts@80
                      ; - java.lang.ClassLoader::preDefineClass@113
                      ; - java.lang.ClassLoader::defineClass@4
                      ; - java.security.SecureClassLoader::defineClass@12
  0x00000240be094c84: f8f6 4bff 

  0x00000240be094c88: ;   {other}
  0x00000240be094c88: 0f1f 8400 | f833 005b | 498b d7c5 | f877 49ba | 20a4 c0be | ff7f 0000 

  0x00000240be094ca0: ;   {other}
  0x00000240be094ca0: 41ff d20f | 1f84 0000 | 0000 00e9 | 53e3 ffff | 498b d7c5 | f877 49ba | 20a4 c0be | ff7f 0000 
  0x00000240be094cc0: ;   {other}
  0x00000240be094cc0: 41ff d20f | 1f84 0000 | 0000 00e9 | 05e7 ffff | baf6 ffff | ff66 6690 

  0x00000240be094cd8: ;   {runtime_call UncommonTrapBlob}
  0x00000240be094cd8: c5f8 77e8 

  0x00000240be094cdc: ; ImmutableOopMap {}
                      ;*invokevirtual clone {reexecute=1 rethrow=0 return_oop=0}
                      ; - (reexecute) java.security.CodeSource::getCertificates@86
                      ; - java.lang.ClassLoader::checkCerts@34
                      ; - java.lang.ClassLoader::preDefineClass@113
                      ; - java.lang.ClassLoader::defineClass@4
                      ; - java.security.SecureClassLoader::defineClass@12
  0x00000240be094cdc: a0f6 4bff 

  0x00000240be094ce0: ;   {other}
  0x00000240be094ce0: 0f1f 8400 | 5034 005c | baf6 ffff | ff66 6690 

  0x00000240be094cf0: ;   {runtime_call UncommonTrapBlob}
  0x00000240be094cf0: c5f8 77e8 

  0x00000240be094cf4: ; ImmutableOopMap {}
                      ;*invokevirtual clone {reexecute=1 rethrow=0 return_oop=0}
                      ; - (reexecute) java.security.CodeSource::getCertificates@86
                      ; - java.lang.ClassLoader::postDefineClass@24
                      ; - java.lang.ClassLoader::defineClass@37
                      ; - java.security.SecureClassLoader::defineClass@12
  0x00000240be094cf4: 88f6 4bff 

  0x00000240be094cf8: ;   {other}
  0x00000240be094cf8: 0f1f 8400 | 6834 005d | bade ffff | ff48 8b6c | 2428 4c8b | 5424 304c | 8954 2428 | 448b 5424 
  0x00000240be094d18: 3844 8954 | 2430 448b | 5c24 3c44 | 895c 2434 | 4889 4424 | 3866 6690 

  0x00000240be094d30: ;   {runtime_call UncommonTrapBlob}
  0x00000240be094d30: c5f8 77e8 

  0x00000240be094d34: ; ImmutableOopMap {rbp=Oop [32]=Oop [40]=Oop [56]=Oop }
                      ;*checkcast {reexecute=0 rethrow=0 return_oop=0}
                      ; - java.security.SecureClassLoader::getProtectionDomain@33
                      ; - java.security.SecureClassLoader::defineClass@9
  0x00000240be094d34: 48f6 4bff 

  0x00000240be094d38: ;   {other}
  0x00000240be094d38: 0f1f 8400 | a834 005e | bade ffff | ff48 8b6c | 2428 4c8b | 5424 304c | 8954 2428 | 448b 5424 
  0x00000240be094d58: 3844 8954 | 2430 448b | 5c24 3c44 | 895c 2434 | 4c8b 5424 | 484c 8954 | 2438 4c8b | 5424 504c 
  0x00000240be094d78: 8954 2440 | 4889 4424 | 5866 6690 

  0x00000240be094d84: ;   {runtime_call UncommonTrapBlob}
  0x00000240be094d84: c5f8 77e8 

  0x00000240be094d88: ; ImmutableOopMap {rbp=Oop [32]=Oop [40]=Oop [56]=Oop [64]=Oop [88]=Oop [104]=Oop }
                      ;*checkcast {reexecute=0 rethrow=0 return_oop=0}
                      ; - java.lang.ClassLoader::checkCerts@65
                      ; - java.lang.ClassLoader::preDefineClass@113
                      ; - java.lang.ClassLoader::defineClass@4
                      ; - java.security.SecureClassLoader::defineClass@12
  0x00000240be094d88: f4f5 4bff 

  0x00000240be094d8c: ;   {other}
  0x00000240be094d8c: 0f1f 8400 | fc34 005f | bade ffff | ff48 8944 | 2440 6690 

  0x00000240be094da0: ;   {runtime_call UncommonTrapBlob}
  0x00000240be094da0: c5f8 77e8 

  0x00000240be094da4: ; ImmutableOopMap {rbp=NarrowOop [32]=Oop [40]=Oop [64]=Oop }
                      ;*checkcast {reexecute=0 rethrow=0 return_oop=0}
                      ; - java.security.CodeSource::getCertificates@76
                      ; - java.lang.ClassLoader::postDefineClass@24
                      ; - java.lang.ClassLoader::defineClass@37
                      ; - java.security.SecureClassLoader::defineClass@12
  0x00000240be094da4: d8f5 4bff 

  0x00000240be094da8: ;   {other}
  0x00000240be094da8: 0f1f 8400 | 1835 0060 | bade ffff | ff4c 8b54 | 2430 4c89 | 5424 2844 | 8b5c 2438 | 4489 5c24 
  0x00000240be094dc8: 3044 8b54 | 243c 4489 | 5424 344c | 8b54 2448 | 4c89 5424 | 384c 8b54 | 2450 4c89 | 5424 4848 
  0x00000240be094de8: 8944 2460 

  0x00000240be094dec: ;   {runtime_call UncommonTrapBlob}
  0x00000240be094dec: c5f8 77e8 

  0x00000240be094df0: ; ImmutableOopMap {rbp=Oop [32]=Oop [40]=Oop [56]=Oop [64]=NarrowOop [72]=Oop [96]=Oop [104]=Oop }
                      ;*checkcast {reexecute=0 rethrow=0 return_oop=0}
                      ; - java.security.CodeSource::getCertificates@76
                      ; - java.lang.ClassLoader::checkCerts@34
                      ; - java.lang.ClassLoader::preDefineClass@113
                      ; - java.lang.ClassLoader::defineClass@4
                      ; - java.security.SecureClassLoader::defineClass@12
  0x00000240be094df0: 8cf5 4bff 

  0x00000240be094df4: ;   {other}
  0x00000240be094df4: 0f1f 8400 | 6435 0061 | baf6 ffff | ff49 8be8 | 4c89 4c24 | 2066 6690 

  0x00000240be094e0c: ;   {runtime_call UncommonTrapBlob}
  0x00000240be094e0c: c5f8 77e8 

  0x00000240be094e10: ; ImmutableOopMap {rbp=Oop [32]=Oop }
                      ;*invokeinterface computeIfAbsent {reexecute=0 rethrow=0 return_oop=0}
                      ; - java.security.SecureClassLoader::getProtectionDomain@28
                      ; - java.security.SecureClassLoader::defineClass@9
  0x00000240be094e10: 6cf5 4bff 

  0x00000240be094e14: ;   {other}
  0x00000240be094e14: 0f1f 8400 | 8435 0062 | baf4 ffff | ff48 8b6c | 2428 4c8b | 5424 304c | 8954 2428 

  0x00000240be094e30: ;   {runtime_call UncommonTrapBlob}
  0x00000240be094e30: c5f8 77e8 

  0x00000240be094e34: ; ImmutableOopMap {rbp=Oop [32]=Oop [40]=Oop }
                      ;*checkcast {reexecute=0 rethrow=0 return_oop=0}
                      ; - java.security.SecureClassLoader::getProtectionDomain@33
                      ; - java.security.SecureClassLoader::defineClass@9
  0x00000240be094e34: 48f5 4bff 

  0x00000240be094e38: ;   {other}
  0x00000240be094e38: 0f1f 8400 | a835 0063 | baf6 ffff | ff66 6690 

  0x00000240be094e48: ;   {runtime_call UncommonTrapBlob}
  0x00000240be094e48: c5f8 77e8 

  0x00000240be094e4c: ; ImmutableOopMap {}
                      ;*arraylength {reexecute=0 rethrow=0 return_oop=0}
                      ; - java.lang.String::isEmpty@4
                      ; - java.lang.ClassLoader::checkName@5
                      ; - java.lang.ClassLoader::preDefineClass@1
                      ; - java.lang.ClassLoader::defineClass@4
                      ; - java.security.SecureClassLoader::defineClass@12
  0x00000240be094e4c: 30f5 4bff 

  0x00000240be094e50: ;   {other}
  0x00000240be094e50: 0f1f 8400 | c035 0064 | baf6 ffff | ff66 6690 

  0x00000240be094e60: ;   {runtime_call UncommonTrapBlob}
  0x00000240be094e60: c5f8 77e8 

  0x00000240be094e64: ; ImmutableOopMap {}
                      ;*invokevirtual getPackageName {reexecute=0 rethrow=0 return_oop=0}
                      ; - java.lang.ClassLoader::postDefineClass@2
                      ; - java.lang.ClassLoader::defineClass@37
                      ; - java.security.SecureClassLoader::defineClass@12
  0x00000240be094e64: 18f5 4bff 

  0x00000240be094e68: ;   {other}
  0x00000240be094e68: 0f1f 8400 | d835 0065 | baf6 ffff | ff66 6690 

  0x00000240be094e78: ;   {runtime_call UncommonTrapBlob}
  0x00000240be094e78: c5f8 77e8 

  0x00000240be094e7c: ; ImmutableOopMap {}
                      ;*invokevirtual hashCode {reexecute=0 rethrow=0 return_oop=0}
                      ; - java.util.concurrent.ConcurrentHashMap::get@1
                      ; - java.lang.ClassLoader::getNamedPackage@5
                      ; - java.lang.ClassLoader::postDefineClass@9
                      ; - java.lang.ClassLoader::defineClass@37
                      ; - java.security.SecureClassLoader::defineClass@12
  0x00000240be094e7c: 00f5 4bff 

  0x00000240be094e80: ;   {other}
  0x00000240be094e80: 0f1f 8400 | f035 0066 | ba45 ffff | ff48 8b6c | 2428 6690 

  0x00000240be094e94: ;   {runtime_call UncommonTrapBlob}
  0x00000240be094e94: c5f8 77e8 

  0x00000240be094e98: ; ImmutableOopMap {rbp=Oop [32]=Oop [48]=Oop [72]=Oop }
                      ;*ifnull {reexecute=1 rethrow=0 return_oop=0}
                      ; - (reexecute) java.lang.ClassLoader::checkName@1
                      ; - java.lang.ClassLoader::preDefineClass@1
                      ; - java.lang.ClassLoader::defineClass@4
                      ; - java.security.SecureClassLoader::defineClass@12
  0x00000240be094e98: e4f4 4bff 

  0x00000240be094e9c: ;   {other}
  0x00000240be094e9c: 0f1f 8400 | 0c36 0067 | ba45 ffff | ff48 8b6c | 2428 4c8b | 5424 304c | 8954 2428 | 448b 5c24 
  0x00000240be094ebc: 3844 895c | 2430 448b | 5424 3c44 | 8954 2434 | 4c8b 5424 | 484c 8954 | 2438 4889 | 5c24 484c 
  0x00000240be094edc: 8974 2450 | 4889 7c24 | 5866 6690 

  0x00000240be094ee8: ;   {runtime_call UncommonTrapBlob}
  0x00000240be094ee8: c5f8 77e8 

  0x00000240be094eec: ; ImmutableOopMap {rbp=Oop [40]=Oop [56]=Oop [64]=NarrowOop [72]=Oop [80]=Oop [88]=Oop }
                      ;*ifnull {reexecute=1 rethrow=0 return_oop=0}
                      ; - (reexecute) java.lang.ClassLoader::checkCerts@30
                      ; - java.lang.ClassLoader::preDefineClass@113
                      ; - java.lang.ClassLoader::defineClass@4
                      ; - java.security.SecureClassLoader::defineClass@12
  0x00000240be094eec: 90f4 4bff 

  0x00000240be094ef0: ;   {other}
  0x00000240be094ef0: 0f1f 8400 | 6036 0068 | ba45 ffff | ff48 8b6c | 2428 4c8b | 5424 304c | 8954 2428 | 448b 4424 
  0x00000240be094f10: 3844 8944 | 2430 448b | 5424 3c44 | 8954 2434 | 4489 5c24 | 4466 6690 

  0x00000240be094f28: ;   {runtime_call UncommonTrapBlob}
  0x00000240be094f28: c5f8 77e8 

  0x00000240be094f2c: ; ImmutableOopMap {rbp=Oop [32]=Oop [40]=Oop [68]=NarrowOop [72]=Oop }
                      ;*ifnull {reexecute=1 rethrow=0 return_oop=0}
                      ; - (reexecute) java.lang.ClassLoader::defineClassSourceLocation@8
                      ; - java.lang.ClassLoader::defineClass@12
                      ; - java.security.SecureClassLoader::defineClass@12
  0x00000240be094f2c: 50f4 4bff 

  0x00000240be094f30: ;   {other}
  0x00000240be094f30: 0f1f 8400 | a036 0069 | 4d85 d244 | 8b54 2444 | 410f 94c2 | ba45 ffff | ff4c 8b5c | 2448 4c89 
  0x00000240be094f50: 5c24 3048 | 8944 2440 | 4489 5424 | 4866 6690 

  0x00000240be094f60: ;   {runtime_call UncommonTrapBlob}
  0x00000240be094f60: c5f8 77e8 

  0x00000240be094f64: ; ImmutableOopMap {[32]=Oop [40]=Oop [48]=Oop [64]=Oop }
                      ;*ifeq {reexecute=1 rethrow=0 return_oop=0}
                      ; - (reexecute) java.lang.Class::getPackageName@29
                      ; - java.lang.ClassLoader::postDefineClass@2
                      ; - java.lang.ClassLoader::defineClass@37
                      ; - java.security.SecureClassLoader::defineClass@12
  0x00000240be094f64: 18f4 4bff 

  0x00000240be094f68: ;   {other}
  0x00000240be094f68: 0f1f 8400 | d836 006a | baf6 ffff | ff66 6690 

  0x00000240be094f78: ;   {runtime_call UncommonTrapBlob}
  0x00000240be094f78: c5f8 77e8 

  0x00000240be094f7c: ; ImmutableOopMap {}
                      ;*arraylength {reexecute=0 rethrow=0 return_oop=0}
                      ; - java.lang.String::length@4
                      ; - java.lang.String::lastIndexOf@3
                      ; - java.lang.Class::getPackageName@47
                      ; - java.lang.ClassLoader::postDefineClass@2
                      ; - java.lang.ClassLoader::defineClass@37
                      ; - java.security.SecureClassLoader::defineClass@12
  0x00000240be094f7c: 00f4 4bff 

  0x00000240be094f80: ;   {other}
  0x00000240be094f80: 0f1f 8400 | f036 006b | baf6 ffff | ff66 6690 

  0x00000240be094f90: ;   {runtime_call UncommonTrapBlob}
  0x00000240be094f90: c5f8 77e8 

  0x00000240be094f94: ; ImmutableOopMap {}
                      ;*arraylength {reexecute=0 rethrow=0 return_oop=0}
                      ; - java.lang.String::isEmpty@4
                      ; - java.lang.NamedPackage::<init>@5
                      ; - java.lang.ClassLoader::getNamedPackage@22
                      ; - java.lang.ClassLoader::postDefineClass@9
                      ; - java.lang.ClassLoader::defineClass@37
                      ; - java.security.SecureClassLoader::defineClass@12
  0x00000240be094f94: e8f3 4bff 

  0x00000240be094f98: ;   {other}
  0x00000240be094f98: 0f1f 8400 | 0837 006c | ba45 ffff | ff48 8b6c | 2420 4489 | 4c24 2090 

  0x00000240be094fb0: ;   {runtime_call UncommonTrapBlob}
  0x00000240be094fb0: c5f8 77e8 

  0x00000240be094fb4: ; ImmutableOopMap {rbp=Oop [32]=NarrowOop }
                      ;*ifnull {reexecute=1 rethrow=0 return_oop=0}
                      ; - (reexecute) java.lang.ClassLoader::postDefineClass@17
                      ; - java.lang.ClassLoader::defineClass@37
                      ; - java.security.SecureClassLoader::defineClass@12
  0x00000240be094fb4: c8f3 4bff 

  0x00000240be094fb8: ;   {other}
  0x00000240be094fb8: 0f1f 8400 | 2837 006d | baf6 ffff | ff41 8beb 

  0x00000240be094fc8: ;   {runtime_call UncommonTrapBlob}
  0x00000240be094fc8: c5f8 77e8 

  0x00000240be094fcc: ; ImmutableOopMap {}
                      ;*aaload {reexecute=0 rethrow=0 return_oop=0}
                      ; - java.security.CodeSource::getCertificates@50
                      ; - java.lang.ClassLoader::checkCerts@34
                      ; - java.lang.ClassLoader::preDefineClass@113
                      ; - java.lang.ClassLoader::defineClass@4
                      ; - java.security.SecureClassLoader::defineClass@12
  0x00000240be094fcc: b0f3 4bff 

  0x00000240be094fd0: ;   {other}
  0x00000240be094fd0: 0f1f 8400 | 4037 006e | baf6 ffff | ff66 6690 

  0x00000240be094fe0: ;   {runtime_call UncommonTrapBlob}
  0x00000240be094fe0: c5f8 77e8 

  0x00000240be094fe4: ; ImmutableOopMap {}
                      ;*invokevirtual getSignerCertPath {reexecute=0 rethrow=0 return_oop=0}
                      ; - java.security.CodeSource::getCertificates@51
                      ; - java.lang.ClassLoader::checkCerts@34
                      ; - java.lang.ClassLoader::preDefineClass@113
                      ; - java.lang.ClassLoader::defineClass@4
                      ; - java.security.SecureClassLoader::defineClass@12
  0x00000240be094fe4: 98f3 4bff 

  0x00000240be094fe8: ;   {other}
  0x00000240be094fe8: 0f1f 8400 | 5837 006f | baf6 ffff | ff66 6690 

  0x00000240be094ff8: ;   {runtime_call UncommonTrapBlob}
  0x00000240be094ff8: c5f8 77e8 

  0x00000240be094ffc: ; ImmutableOopMap {}
                      ;*invokevirtual getCertificates {reexecute=0 rethrow=0 return_oop=0}
                      ; - java.security.CodeSource::getCertificates@54
                      ; - java.lang.ClassLoader::checkCerts@34
                      ; - java.lang.ClassLoader::preDefineClass@113
                      ; - java.lang.ClassLoader::defineClass@4
                      ; - java.security.SecureClassLoader::defineClass@12
  0x00000240be094ffc: 80f3 4bff 

  0x00000240be095000: ;   {other}
  0x00000240be095000: 0f1f 8400 | 7037 0070 | baf6 ffff | ff66 6690 

  0x00000240be095010: ;   {runtime_call UncommonTrapBlob}
  0x00000240be095010: c5f8 77e8 

  0x00000240be095014: ; ImmutableOopMap {}
                      ;*arraylength {reexecute=0 rethrow=0 return_oop=0}
                      ; - java.security.CodeSource::getCertificates@40
                      ; - java.lang.ClassLoader::checkCerts@34
                      ; - java.lang.ClassLoader::preDefineClass@113
                      ; - java.lang.ClassLoader::defineClass@4
                      ; - java.security.SecureClassLoader::defineClass@12
  0x00000240be095014: 68f3 4bff 

  0x00000240be095018: ;   {other}
  0x00000240be095018: 0f1f 8400 | 8837 0071 | baf6 ffff | ff41 8be8 

  0x00000240be095028: ;   {runtime_call UncommonTrapBlob}
  0x00000240be095028: c5f8 77e8 

  0x00000240be09502c: ; ImmutableOopMap {}
                      ;*aaload {reexecute=0 rethrow=0 return_oop=0}
                      ; - java.security.CodeSource::getCertificates@50
                      ; - java.lang.ClassLoader::postDefineClass@24
                      ; - java.lang.ClassLoader::defineClass@37
                      ; - java.security.SecureClassLoader::defineClass@12
  0x00000240be09502c: 50f3 4bff 

  0x00000240be095030: ;   {other}
  0x00000240be095030: 0f1f 8400 | a037 0072 | baf6 ffff | ff66 6690 

  0x00000240be095040: ;   {runtime_call UncommonTrapBlob}
  0x00000240be095040: c5f8 77e8 

  0x00000240be095044: ; ImmutableOopMap {}
                      ;*invokevirtual getSignerCertPath {reexecute=0 rethrow=0 return_oop=0}
                      ; - java.security.CodeSource::getCertificates@51
                      ; - java.lang.ClassLoader::postDefineClass@24
                      ; - java.lang.ClassLoader::defineClass@37
                      ; - java.security.SecureClassLoader::defineClass@12
  0x00000240be095044: 38f3 4bff 

  0x00000240be095048: ;   {other}
  0x00000240be095048: 0f1f 8400 | b837 0073 | baf6 ffff | ff66 6690 

  0x00000240be095058: ;   {runtime_call UncommonTrapBlob}
  0x00000240be095058: c5f8 77e8 

  0x00000240be09505c: ; ImmutableOopMap {}
                      ;*invokevirtual getCertificates {reexecute=0 rethrow=0 return_oop=0}
                      ; - java.security.CodeSource::getCertificates@54
                      ; - java.lang.ClassLoader::postDefineClass@24
                      ; - java.lang.ClassLoader::defineClass@37
                      ; - java.security.SecureClassLoader::defineClass@12
  0x00000240be09505c: 20f3 4bff 

  0x00000240be095060: ;   {other}
  0x00000240be095060: 0f1f 8400 | d037 0074 | baf6 ffff | ff66 6690 

  0x00000240be095070: ;   {runtime_call UncommonTrapBlob}
  0x00000240be095070: c5f8 77e8 

  0x00000240be095074: ; ImmutableOopMap {}
                      ;*arraylength {reexecute=0 rethrow=0 return_oop=0}
                      ; - java.security.CodeSource::getCertificates@40
                      ; - java.lang.ClassLoader::postDefineClass@24
                      ; - java.lang.ClassLoader::defineClass@37
                      ; - java.security.SecureClassLoader::defineClass@12
  0x00000240be095074: 08f3 4bff 

  0x00000240be095078: ;   {other}
  0x00000240be095078: 0f1f 8400 | e837 0075 | ba97 ffff | ff4c 8b54 | 2430 4c89 | 5424 2844 | 8b5c 2438 | 4489 5c24 
  0x00000240be095098: 3044 8b54 | 243c 4489 | 5424 344c | 8b54 2440 | 4c89 5424 | 384c 8b54 | 2478 4c89 | 5424 6090 
  0x00000240be0950b8: ;   {runtime_call UncommonTrapBlob}
  0x00000240be0950b8: c5f8 77e8 

  0x00000240be0950bc: ; ImmutableOopMap {rbp=Oop [32]=Oop [40]=Oop [56]=Oop [80]=NarrowOop [96]=Oop [104]=Oop [112]=NarrowOop [120]=Oop }
                      ;*invokevirtual clone {reexecute=1 rethrow=0 return_oop=0}
                      ; - (reexecute) java.util.Arrays::copyOfRange@18
                      ; - java.lang.StringLatin1::newString@16
                      ; - java.lang.String::substring@41
                      ; - java.lang.ClassLoader::checkCerts@21
                      ; - java.lang.ClassLoader::preDefineClass@113
                      ; - java.lang.ClassLoader::defineClass@4
                      ; - java.security.SecureClassLoader::defineClass@12
  0x00000240be0950bc: c0f2 4bff 

  0x00000240be0950c0: ;   {other}
  0x00000240be0950c0: 0f1f 8400 | 3038 0076 | baf4 ffff | ff4c 8b54 | 2430 4c89 | 5424 2844 | 8b5c 2438 | 4489 5c24 
  0x00000240be0950e0: 3044 8b54 | 243c 4489 | 5424 344c | 8b54 2448 | 4c89 5424 | 384c 8b54 | 2450 4c89 | 5424 4890 
  0x00000240be095100: ;   {runtime_call UncommonTrapBlob}
  0x00000240be095100: c5f8 77e8 

  0x00000240be095104: ; ImmutableOopMap {rbp=Oop [32]=Oop [40]=Oop [56]=Oop [64]=NarrowOop [72]=Oop [104]=Oop }
                      ;*checkcast {reexecute=0 rethrow=0 return_oop=0}
                      ; - java.security.CodeSource::getCertificates@76
                      ; - java.lang.ClassLoader::checkCerts@34
                      ; - java.lang.ClassLoader::preDefineClass@113
                      ; - java.lang.ClassLoader::defineClass@4
                      ; - java.security.SecureClassLoader::defineClass@12
  0x00000240be095104: 78f2 4bff 

  0x00000240be095108: ;   {other}
  0x00000240be095108: 0f1f 8400 | 7838 0077 | baf4 ffff | ff66 6690 

  0x00000240be095118: ;   {runtime_call UncommonTrapBlob}
  0x00000240be095118: c5f8 77e8 

  0x00000240be09511c: ; ImmutableOopMap {rbp=NarrowOop [32]=Oop [40]=Oop }
                      ;*checkcast {reexecute=0 rethrow=0 return_oop=0}
                      ; - java.security.CodeSource::getCertificates@76
                      ; - java.lang.ClassLoader::postDefineClass@24
                      ; - java.lang.ClassLoader::defineClass@37
                      ; - java.security.SecureClassLoader::defineClass@12
  0x00000240be09511c: 60f2 4bff 

  0x00000240be095120: ;   {other}
  0x00000240be095120: 0f1f 8400 | 9038 0078 | ba97 ffff | ff48 8b6c | 2430 6690 

  0x00000240be095134: ;   {runtime_call UncommonTrapBlob}
  0x00000240be095134: c5f8 77e8 

  0x00000240be095138: ; ImmutableOopMap {rbp=Oop [32]=Oop [40]=Oop [56]=NarrowOop [80]=Oop }
                      ;*invokevirtual clone {reexecute=1 rethrow=0 return_oop=0}
                      ; - (reexecute) java.util.Arrays::copyOfRange@18
                      ; - java.lang.StringLatin1::newString@16
                      ; - java.lang.String::substring@41
                      ; - java.lang.Class::getPackageName@62
                      ; - java.lang.ClassLoader::postDefineClass@2
                      ; - java.lang.ClassLoader::defineClass@37
                      ; - java.security.SecureClassLoader::defineClass@12
  0x00000240be095138: 44f2 4bff 

  0x00000240be09513c: ;   {other}
  0x00000240be09513c: 0f1f 8400 | ac38 0079 | ba97 ffff | ff48 8b6c | 2420 4c8b | 5424 304c | 8954 2428 | 448b 5424 
  0x00000240be09515c: 3844 8954 | 2430 448b | 5c24 3c44 | 895c 2434 | 4c8b 5424 | 484c 8954 | 2438 4c8b | 5424 584c 
  0x00000240be09517c: 8954 2448 

  0x00000240be095180: ;   {runtime_call UncommonTrapBlob}
  0x00000240be095180: c5f8 77e8 

  0x00000240be095184: ; ImmutableOopMap {rbp=Oop [40]=Oop [56]=Oop [64]=Oop [72]=Oop [84]=NarrowOop [96]=Oop }
                      ;*invokevirtual clone {reexecute=1 rethrow=0 return_oop=0}
                      ; - (reexecute) java.security.CodeSource::getCertificates@11
                      ; - java.lang.ClassLoader::checkCerts@34
                      ; - java.lang.ClassLoader::preDefineClass@113
                      ; - java.lang.ClassLoader::defineClass@4
                      ; - java.security.SecureClassLoader::defineClass@12
  0x00000240be095184: f8f1 4bff 

  0x00000240be095188: ;   {other}
  0x00000240be095188: 0f1f 8400 | f838 007a | ba97 ffff | ff48 8b6c | 2428 6690 

  0x00000240be09519c: ;   {runtime_call UncommonTrapBlob}
  0x00000240be09519c: c5f8 77e8 

  0x00000240be0951a0: ; ImmutableOopMap {rbp=Oop [32]=Oop [48]=NarrowOop }
                      ;*invokevirtual clone {reexecute=1 rethrow=0 return_oop=0}
                      ; - (reexecute) java.security.CodeSource::getCertificates@11
                      ; - java.lang.ClassLoader::postDefineClass@24
                      ; - java.lang.ClassLoader::defineClass@37
                      ; - java.security.SecureClassLoader::defineClass@12
  0x00000240be0951a0: dcf1 4bff 

  0x00000240be0951a4: ;   {other}
  0x00000240be0951a4: 0f1f 8400 | 1439 007b | ba97 ffff | ff4c 8b54 | 2448 4c89 | 5424 404c | 8b54 2450 | 4c89 5424 
  0x00000240be0951c4: 4866 6690 

  0x00000240be0951c8: ;   {runtime_call UncommonTrapBlob}
  0x00000240be0951c8: c5f8 77e8 

  0x00000240be0951cc: ; ImmutableOopMap {rbp=Oop [32]=Oop [40]=Oop [48]=Oop [64]=Oop [72]=Oop [104]=Oop }
                      ;*invokevirtual clone {reexecute=1 rethrow=0 return_oop=0}
                      ; - (reexecute) java.security.CodeSource::getCertificates@86
                      ; - java.lang.ClassLoader::checkCerts@34
                      ; - java.lang.ClassLoader::preDefineClass@113
                      ; - java.lang.ClassLoader::defineClass@4
                      ; - java.security.SecureClassLoader::defineClass@12
  0x00000240be0951cc: b0f1 4bff 

  0x00000240be0951d0: ;   {other}
  0x00000240be0951d0: 0f1f 8400 | 4039 007c | ba97 ffff | ff66 6690 

  0x00000240be0951e0: ;   {runtime_call UncommonTrapBlob}
  0x00000240be0951e0: c5f8 77e8 

  0x00000240be0951e4: ; ImmutableOopMap {[32]=Oop [40]=Oop [56]=Oop }
                      ;*invokevirtual clone {reexecute=1 rethrow=0 return_oop=0}
                      ; - (reexecute) java.security.CodeSource::getCertificates@86
                      ; - java.lang.ClassLoader::postDefineClass@24
                      ; - java.lang.ClassLoader::defineClass@37
                      ; - java.security.SecureClassLoader::defineClass@12
  0x00000240be0951e4: 98f1 4bff 

  0x00000240be0951e8: ;   {other}
  0x00000240be0951e8: 0f1f 8400 | 5839 007d | eb4a eb48 | eb46 eb44 | eb42 eb40 | eb3e eb3c | eb3a eb38 | eb36 eb34 
  0x00000240be095208: eb32 eb30 | eb2e eb2c | eb2a eb28 | eb26 eb24 | eb22 eb20 | eb1e eb1c | eb1a eb18 | eb16 eb14 
  0x00000240be095228: eb12 eb10 | eb0e eb0c | eb0a eb08 | eb06 eb04 | eb02 eb00 | 488b d0e9 | a1e6 ffff 

  0x00000240be095244: ;   {internal_word}
  0x00000240be095244: 49ba f829 | 09be 4002 | 0000 4d89 | 9768 0400 

  0x00000240be095254: ;   {runtime_call SafepointBlob}
  0x00000240be095254: 00e9 2602 

  0x00000240be095258: ;   {runtime_call StubRoutines (final stubs)}
  0x00000240be095258: 4cff e881 | 124a ffe9 | 9acb ffff | f4f4 f4f4 
[Stub Code]
  0x00000240be095268: ;   {no_reloc}
  0x00000240be095268: 48bb 0000 | 0000 0000 

  0x00000240be095270: ;   {runtime_call nmethod}
  0x00000240be095270: 0000 e9fb 

  0x00000240be095274: ;   {static_stub}
  0x00000240be095274: ffff ff48 | bb00 0000 | 0000 0000 

  0x00000240be095280: ;   {runtime_call nmethod}
  0x00000240be095280: 00e9 fbff 

  0x00000240be095284: ;   {static_stub}
  0x00000240be095284: ffff 48bb | 0000 0000 | 0000 0000 

  0x00000240be095290: ;   {runtime_call nmethod}
  0x00000240be095290: e9fb ffff 

  0x00000240be095294: ;   {static_stub}
  0x00000240be095294: ff48 bb00 | 0000 0000 

  0x00000240be09529c: ;   {runtime_call nmethod}
  0x00000240be09529c: 0000 00e9 | fbff ffff 

  0x00000240be0952a4: ;   {static_stub}
  0x00000240be0952a4: 48bb 0000 | 0000 0000 

  0x00000240be0952ac: ;   {runtime_call nmethod}
  0x00000240be0952ac: 0000 e9fb 

  0x00000240be0952b0: ;   {static_stub}
  0x00000240be0952b0: ffff ff48 | bb00 0000 | 0000 0000 

  0x00000240be0952bc: ;   {runtime_call nmethod}
  0x00000240be0952bc: 00e9 fbff 

  0x00000240be0952c0: ;   {static_stub}
  0x00000240be0952c0: ffff 48bb | 0000 0000 | 0000 0000 

  0x00000240be0952cc: ;   {runtime_call nmethod}
  0x00000240be0952cc: e9fb ffff 

  0x00000240be0952d0: ;   {static_stub}
  0x00000240be0952d0: ff48 bb00 | 0000 0000 

  0x00000240be0952d8: ;   {runtime_call nmethod}
  0x00000240be0952d8: 0000 00e9 | fbff ffff 

  0x00000240be0952e0: ;   {static_stub}
  0x00000240be0952e0: 48bb 0000 | 0000 0000 

  0x00000240be0952e8: ;   {runtime_call nmethod}
  0x00000240be0952e8: 0000 e9fb 

  0x00000240be0952ec: ;   {static_stub}
  0x00000240be0952ec: ffff ff48 | bb00 0000 | 0000 0000 

  0x00000240be0952f8: ;   {runtime_call nmethod}
  0x00000240be0952f8: 00e9 fbff 

  0x00000240be0952fc: ;   {static_stub}
  0x00000240be0952fc: ffff 48bb | 0000 0000 | 0000 0000 

  0x00000240be095308: ;   {runtime_call nmethod}
  0x00000240be095308: e9fb ffff 

  0x00000240be09530c: ;   {static_stub}
  0x00000240be09530c: ff48 bb00 | 0000 0000 

  0x00000240be095314: ;   {runtime_call nmethod}
  0x00000240be095314: 0000 00e9 | fbff ffff 

  0x00000240be09531c: ;   {static_stub}
  0x00000240be09531c: 48bb 0000 | 0000 0000 

  0x00000240be095324: ;   {runtime_call nmethod}
  0x00000240be095324: 0000 e9fb 

  0x00000240be095328: ;   {static_stub}
  0x00000240be095328: ffff ff48 | bb00 0000 | 0000 0000 

  0x00000240be095334: ;   {runtime_call nmethod}
  0x00000240be095334: 00e9 fbff 

  0x00000240be095338: ;   {static_stub}
  0x00000240be095338: ffff 48bb | 0000 0000 | 0000 0000 

  0x00000240be095344: ;   {runtime_call nmethod}
  0x00000240be095344: e9fb ffff 

  0x00000240be095348: ;   {static_stub}
  0x00000240be095348: ff48 bb00 | 0000 0000 

  0x00000240be095350: ;   {runtime_call nmethod}
  0x00000240be095350: 0000 00e9 | fbff ffff 

  0x00000240be095358: ;   {static_stub}
  0x00000240be095358: 48bb 0000 | 0000 0000 

  0x00000240be095360: ;   {runtime_call nmethod}
  0x00000240be095360: 0000 e9fb 

  0x00000240be095364: ;   {static_stub}
  0x00000240be095364: ffff ff48 | bb00 0000 | 0000 0000 

  0x00000240be095370: ;   {runtime_call nmethod}
  0x00000240be095370: 00e9 fbff 

  0x00000240be095374: ;   {static_stub}
  0x00000240be095374: ffff 48bb | 0000 0000 | 0000 0000 

  0x00000240be095380: ;   {runtime_call nmethod}
  0x00000240be095380: e9fb ffff 

  0x00000240be095384: ;   {static_stub}
  0x00000240be095384: ff48 bb00 | 0000 0000 

  0x00000240be09538c: ;   {runtime_call nmethod}
  0x00000240be09538c: 0000 00e9 | fbff ffff 

  0x00000240be095394: ;   {static_stub}
  0x00000240be095394: 48bb 0000 | 0000 0000 

  0x00000240be09539c: ;   {runtime_call nmethod}
  0x00000240be09539c: 0000 e9fb 

  0x00000240be0953a0: ;   {static_stub}
  0x00000240be0953a0: ffff ff48 | bb00 0000 | 0000 0000 

  0x00000240be0953ac: ;   {runtime_call nmethod}
  0x00000240be0953ac: 00e9 fbff 

  0x00000240be0953b0: ;   {static_stub}
  0x00000240be0953b0: ffff 48bb | 0000 0000 | 0000 0000 

  0x00000240be0953bc: ;   {runtime_call nmethod}
  0x00000240be0953bc: e9fb ffff 

  0x00000240be0953c0: ;   {static_stub}
  0x00000240be0953c0: ff48 bb00 | 0000 0000 

  0x00000240be0953c8: ;   {runtime_call nmethod}
  0x00000240be0953c8: 0000 00e9 | fbff ffff 
[Exception Handler]
  0x00000240be0953d0: ;   {runtime_call ExceptionBlob}
  0x00000240be0953d0: e92b 6b4e | ffe8 0000 | 0000 4883 

  0x00000240be0953dc: ;   {runtime_call DeoptimizationBlob}
  0x00000240be0953dc: 2c24 05e9 | 3cf3 4bff | f4f4 f4f4 
[/MachCode]


Compiled method (c1) 181412 3756   !   3       java.net.URLClassLoader::defineClass (224 bytes)
 total in heap  [0x00000240b672db90,0x00000240b6730508] = 10616
 relocation     [0x00000240b672dcf0,0x00000240b672dfb0] = 704
 main code      [0x00000240b672dfc0,0x00000240b672f9f8] = 6712
 stub code      [0x00000240b672f9f8,0x00000240b672fb98] = 416
 oops           [0x00000240b672fb98,0x00000240b672fba0] = 8
 metadata       [0x00000240b672fba0,0x00000240b672fc30] = 144
 scopes data    [0x00000240b672fc30,0x00000240b67300f8] = 1224
 scopes pcs     [0x00000240b67300f8,0x00000240b6730478] = 896
 dependencies   [0x00000240b6730478,0x00000240b6730488] = 16
 handler table  [0x00000240b6730488,0x00000240b67304d0] = 72
 nul chk table  [0x00000240b67304d0,0x00000240b6730508] = 56

[Constant Pool (empty)]

[MachCode]
[Entry Point]
  # {method} {0x000002410505d348} 'defineClass' '(Ljava/lang/String;Ljdk/internal/loader/Resource;)Ljava/lang/Class;' in 'java/net/URLClassLoader'
  # this:     rdx:rdx   = 'java/net/URLClassLoader'
  # parm0:    r8:r8     = 'java/lang/String'
  # parm1:    r9:r9     = 'jdk/internal/loader/Resource'
  #           [sp+0x150]  (sp of caller)
  0x00000240b672dfc0: 448b 5208 | 49bb 0000 | 00d0 4002 | 0000 4d03 | d34c 3bd0 

  0x00000240b672dfd4: ;   {runtime_call ic_miss_stub}
  0x00000240b672dfd4: 0f85 a607 | e206 660f | 1f44 0000 
[Verified Entry Point]
  0x00000240b672dfe0: 8984 2400 | 80ff ff55 | 4881 ec40 | 0100 0090 | 4181 7f20 | 0f00 0000 

  0x00000240b672dff8: ;   {runtime_call StubRoutines (final stubs)}
  0x00000240b672dff8: 7405 e8e1 | 84e0 0648 | 8994 24b8 | 0000 004c | 8984 24a8 | 0000 004c | 898c 24b0 

  0x00000240b672e014: ;   {metadata(method data for {method} {0x000002410505d348} 'defineClass' '(Ljava/lang/String;Ljdk/internal/loader/Resource;)Ljava/lang/Class;' in 'java/net/URLClassLoader')}
  0x00000240b672e014: 0000 0048 | be68 fb13 | 0541 0200 | 008b becc | 0000 0083 | c702 89be | cc00 0000 | 81e7 fe07 
  0x00000240b672e034: 0000 85ff | 0f84 7b16 

  0x00000240b672e03c: ;   {metadata(method data for {method} {0x000002410505d348} 'defineClass' '(Ljava/lang/String;Ljdk/internal/loader/Resource;)Ljava/lang/Class;' in 'java/net/URLClassLoader')}
  0x00000240b672e03c: 0000 48be | 68fb 1305 | 4102 0000 | 4883 8610 | 0100 0001 

  0x00000240b672e050: ;   {runtime_call}
  0x00000240b672e050: 48b8 d030 | fbbe ff7f | 0000 ffd0 

  0x00000240b672e05c: ;   {other}
  0x00000240b672e05c: 0f1f 8400 | 0000 0000 | 4889 8424 | c000 0000 | 4c8b 8424 | a800 0000 

  0x00000240b672e074: ; implicit exception: dispatches to 0x00000240b672f6da
  0x00000240b672e074: 493b 0049 

  0x00000240b672e078: ;   {metadata(method data for {method} {0x000002410505d348} 'defineClass' '(Ljava/lang/String;Ljdk/internal/loader/Resource;)Ljava/lang/Class;' in 'java/net/URLClassLoader')}
  0x00000240b672e078: 8bc8 48ba | 68fb 1305 | 4102 0000 | 4883 8220 | 0100 0001 

  0x00000240b672e08c: ;   {metadata(method data for {method} {0x00000240d0453a10} 'lastIndexOf' '(I)I' in 'java/lang/String')}
  0x00000240b672e08c: 48b9 1063 | 0605 4102 | 0000 8b91 | cc00 0000 | 83c2 0289 | 91cc 0000 | 0081 e2fe | ff1f 0085 
  0x00000240b672e0ac: d20f 842c | 1600 0049 

  0x00000240b672e0b4: ;   {metadata(method data for {method} {0x00000240d0453a10} 'lastIndexOf' '(I)I' in 'java/lang/String')}
  0x00000240b672e0b4: 8bc8 48ba | 1063 0605 | 4102 0000 | 4883 8210 | 0100 0001 

  0x00000240b672e0c8: ;   {metadata(method data for {method} {0x00000240d000ee90} 'length' '()I' in 'java/lang/String')}
  0x00000240b672e0c8: 48b9 d8f7 | 0005 4102 | 0000 8b91 | cc00 0000 | 83c2 0289 | 91cc 0000 | 0081 e2fe | ff1f 0085 
  0x00000240b672e0e8: d20f 8411 | 1600 0041 | 8b70 1448 | c1e6 038b | 560c 498b 

  0x00000240b672e0fc: ;   {metadata(method data for {method} {0x00000240d000ee90} 'length' '()I' in 'java/lang/String')}
  0x00000240b672e0fc: c849 b9d8 | f700 0541 | 0200 0049 | 8381 1001 

  0x00000240b672e10c: ;   {metadata(method data for {method} {0x00000240d0454cf8} 'coder' '()B' in 'java/lang/String')}
  0x00000240b672e10c: 0000 0148 | b960 f600 | 0541 0200 | 0044 8b89 | cc00 0000 | 4183 c102 | 4489 89cc | 0000 0041 
  0x00000240b672e12c: 81e1 feff | 1f00 4585 | c90f 84eb 

  0x00000240b672e138: ;   {metadata(method data for {method} {0x00000240d0454cf8} 'coder' '()B' in 'java/lang/String')}
  0x00000240b672e138: 1500 0048 | b960 f600 | 0541 0200 | 00ff 8120 | 0100 0045 | 0fbe 4810 

  0x00000240b672e150: ;   {metadata(method data for {method} {0x00000240d0454cf8} 'coder' '()B' in 'java/lang/String')}
  0x00000240b672e150: 48b9 60f6 | 0005 4102 | 0000 ff81 | 3001 0000 | 498b c9c1 | e118 c1f9 | 18d3 fa48 | 8bfa ffcf 
  0x00000240b672e170: ;   {metadata(method data for {method} {0x00000240d0453a10} 'lastIndexOf' '(I)I' in 'java/lang/String')}
  0x00000240b672e170: 498b d048 | bb10 6306 | 0541 0200 | 0048 8383 | 4801 0000 

  0x00000240b672e184: ;   {metadata(method data for {method} {0x00000240d0453960} 'lastIndexOf' '(II)I' in 'java/lang/String')}
  0x00000240b672e184: 0148 baa0 | 2606 0541 | 0200 008b | 9acc 0000 | 0083 c302 | 899a cc00 | 0000 81e3 | feff 1f00 
  0x00000240b672e1a4: 85db 0f84 | 9b15 0000 

  0x00000240b672e1ac: ;   {metadata(method data for {method} {0x00000240d0453960} 'lastIndexOf' '(II)I' in 'java/lang/String')}
  0x00000240b672e1ac: 498b d048 | bba0 2606 | 0541 0200 | 0048 8383 | 1001 0000 

  0x00000240b672e1c0: ;   {metadata(method data for {method} {0x00000240d04540f0} 'isLatin1' '()Z' in 'java/lang/String')}
  0x00000240b672e1c0: 0148 bae8 | 9800 0541 | 0200 008b | 9acc 0000 | 0083 c302 | 899a cc00 | 0000 81e3 | feff 1f00 
  0x00000240b672e1e0: 85db 0f84 | 8015 0000 

  0x00000240b672e1e8: ;   {metadata(method data for {method} {0x00000240d04540f0} 'isLatin1' '()Z' in 'java/lang/String')}
  0x00000240b672e1e8: 48ba e898 | 0005 4102 | 0000 ff82 | 2001 0000 

  0x00000240b672e1f8: ;   {metadata(method data for {method} {0x00000240d04540f0} 'isLatin1' '()Z' in 'java/lang/String')}
  0x00000240b672e1f8: 4585 c948 | bae8 9800 | 0541 0200 | 0049 c7c1 | 3001 0000 | 7507 49c7 | c140 0100 | 004a 8b1c 
  0x00000240b672e218: 0a48 8d5b | 014a 891c | 0a0f 851a 

  0x00000240b672e224: ;   {metadata(method data for {method} {0x00000240d04540f0} 'isLatin1' '()Z' in 'java/lang/String')}
  0x00000240b672e224: 0000 0048 | bae8 9800 | 0541 0200 | 00ff 8250 | 0100 00ba | 0100 0000 | e905 0000 | 00ba 0000 
  0x00000240b672e244: 0000 83e2 

  0x00000240b672e248: ;   {metadata(method data for {method} {0x00000240d0453960} 'lastIndexOf' '(II)I' in 'java/lang/String')}
  0x00000240b672e248: 0185 d248 | baa0 2606 | 0541 0200 | 0049 c7c1 | 4801 0000 | 7407 49c7 | c158 0100 | 004a 8b1c 
  0x00000240b672e268: 0a48 8d5b | 014a 891c | 0a0f 8442 

  0x00000240b672e274: ;   {metadata(method data for {method} {0x00000240d0453960} 'lastIndexOf' '(II)I' in 'java/lang/String')}
  0x00000240b672e274: 0000 0048 | baa0 2606 | 0541 0200 | 0048 8382 | 6801 0000 | 0148 8bd6 | 41b8 2e00 | 0000 4c8b 
  0x00000240b672e294: ;   {static_call}
  0x00000240b672e294: cf66 90e8 

  0x00000240b672e298: ; ImmutableOopMap {[168]=Oop [176]=Oop [184]=Oop }
                      ;*invokestatic lastIndexOf {reexecute=0 rethrow=0 return_oop=0}
                      ; - java.lang.String::lastIndexOf@13
                      ; - java.lang.String::lastIndexOf@8
                      ; - java.net.URLClassLoader::defineClass@7
  0x00000240b672e298: 0406 8607 

  0x00000240b672e29c: ;   {other}
  0x00000240b672e29c: 0f1f 8400 | 0c07 0000 

  0x00000240b672e2a4: ;   {metadata(method data for {method} {0x00000240d0453960} 'lastIndexOf' '(II)I' in 'java/lang/String')}
  0x00000240b672e2a4: 48ba a026 | 0605 4102 | 0000 ff82 | 7801 0000 | e92b 0000 

  0x00000240b672e2b8: ;   {metadata(method data for {method} {0x00000240d0453960} 'lastIndexOf' '(II)I' in 'java/lang/String')}
  0x00000240b672e2b8: 0048 baa0 | 2606 0541 | 0200 0048 | 8382 9001 | 0000 0148 | 8bd6 41b8 | 2e00 0000 

  0x00000240b672e2d4: ;   {static_call}
  0x00000240b672e2d4: 4c8b cfe8 

  0x00000240b672e2d8: ; ImmutableOopMap {[168]=Oop [176]=Oop [184]=Oop }
                      ;*invokestatic lastIndexOf {reexecute=0 rethrow=0 return_oop=0}
                      ; - java.lang.String::lastIndexOf@25
                      ; - java.lang.String::lastIndexOf@8
                      ; - java.net.URLClassLoader::defineClass@7
  0x00000240b672e2d8: a40d e206 

  0x00000240b672e2dc: ;   {other}
  0x00000240b672e2dc: 0f1f 8400 | 4c07 0001 | 8984 24c8 | 0000 004c | 8b8c 24b0 | 0000 0049 | 3b01 498b 

  0x00000240b672e2f8: ;   {metadata(method data for {method} {0x000002410505d348} 'defineClass' '(Ljava/lang/String;Ljdk/internal/loader/Resource;)Ljava/lang/Class;' in 'java/net/URLClassLoader')}
  0x00000240b672e2f8: d148 be68 | fb13 0541 | 0200 008b | 5208 49ba | 0000 00d0 | 4002 0000 | 4903 d248 | 3b96 6801 
  0x00000240b672e318: 0000 750d | 4883 8670 | 0100 0001 | e960 0000 | 0048 3b96 | 7801 0000 | 750d 4883 | 8680 0100 
  0x00000240b672e338: 0001 e94a | 0000 0048 | 83be 6801 | 0000 0075 | 1748 8996 | 6801 0000 | 48c7 8670 | 0100 0001 
  0x00000240b672e358: 0000 00e9 | 2900 0000 | 4883 be78 | 0100 0000 | 7517 4889 | 9678 0100 | 0048 c786 | 8001 0000 
  0x00000240b672e378: 0100 0000 | e908 0000 | 0048 8386 | 5801 0000 | 0149 8bd1 | 9048 b8ff | ffff ffff 

  0x00000240b672e394: ;   {virtual_call}
  0x00000240b672e394: ffff ffe8 

  0x00000240b672e398: ; ImmutableOopMap {[168]=Oop [176]=Oop [184]=Oop }
                      ;*invokevirtual getCodeSourceURL {reexecute=0 rethrow=0 return_oop=0}
                      ; - java.net.URLClassLoader::defineClass@13
  0x00000240b672e398: 847c ee06 

  0x00000240b672e39c: ;   {other}
  0x00000240b672e39c: 0f1f 8400 | 0c08 0002 | 4889 8424 | d000 0000 | 448b 8c24 | c800 0000 | 4183 f9ff 

  0x00000240b672e3b8: ;   {metadata(method data for {method} {0x000002410505d348} 'defineClass' '(Ljava/lang/String;Ljdk/internal/loader/Resource;)Ljava/lang/Class;' in 'java/net/URLClassLoader')}
  0x00000240b672e3b8: 49b8 68fb | 1305 4102 | 0000 48c7 | c290 0100 | 0074 0748 | c7c2 a001 | 0000 498b | 3410 488d 
  0x00000240b672e3d8: 7601 4989 | 3410 0f84 | 1f04 0000 | 4c8b 8424 | a800 0000 

  0x00000240b672e3ec: ;   {metadata(method data for {method} {0x000002410505d348} 'defineClass' '(Ljava/lang/String;Ljdk/internal/loader/Resource;)Ljava/lang/Class;' in 'java/net/URLClassLoader')}
  0x00000240b672e3ec: 48ba 68fb | 1305 4102 | 0000 4883 | 82b0 0100 | 0001 41b8 | 0000 0000 | 488b 9424 | a800 0000 
  0x00000240b672e40c: ;   {optimized virtual_call}
  0x00000240b672e40c: 6666 90e8 

  0x00000240b672e410: ; ImmutableOopMap {[168]=Oop [176]=Oop [184]=Oop [208]=Oop }
                      ;*invokevirtual substring {reexecute=0 rethrow=0 return_oop=0}
                      ; - java.net.URLClassLoader::defineClass@28
  0x00000240b672e410: ece9 4107 

  0x00000240b672e414: ;   {other}
  0x00000240b672e414: 0f1f 8400 | 8408 0003 | 4889 8424 | d800 0000 | 4c8b 8c24 | b000 0000 

  0x00000240b672e42c: ;   {metadata(method data for {method} {0x000002410505d348} 'defineClass' '(Ljava/lang/String;Ljdk/internal/loader/Resource;)Ljava/lang/Class;' in 'java/net/URLClassLoader')}
  0x00000240b672e42c: 48ba 68fb | 1305 4102 | 0000 458b | 4908 49ba | 0000 00d0 | 4002 0000 | 4d03 ca4c | 3b8a f801 
  0x00000240b672e44c: 0000 750d | 4883 8200 | 0200 0001 | e960 0000 | 004c 3b8a | 0802 0000 | 750d 4883 | 8210 0200 
  0x00000240b672e46c: 0001 e94a | 0000 0048 | 83ba f801 | 0000 0075 | 174c 898a | f801 0000 | 48c7 8200 | 0200 0001 
  0x00000240b672e48c: 0000 00e9 | 2900 0000 | 4883 ba08 | 0200 0000 | 7517 4c89 | 8a08 0200 | 0048 c782 | 1002 0000 
  0x00000240b672e4ac: 0100 0000 | e908 0000 | 0048 8382 | e801 0000 | 0148 8b94 | 24b0 0000 | 0048 b830 | 2421 d040 
  0x00000240b672e4cc: ;   {virtual_call}
  0x00000240b672e4cc: 0200 00e8 

  0x00000240b672e4d0: ; ImmutableOopMap {[168]=Oop [176]=Oop [184]=Oop [208]=Oop [216]=Oop }
                      ;*invokevirtual getManifest {reexecute=0 rethrow=0 return_oop=0}
                      ; - java.net.URLClassLoader::defineClass@34
  0x00000240b672e4d0: 0c98 0000 

  0x00000240b672e4d4: ;   {other}
  0x00000240b672e4d4: 0f1f 8400 | 4409 0004 | 4889 8424 | e000 0000 | 488b 9424 | b800 0000 

  0x00000240b672e4ec: ;   {metadata(method data for {method} {0x000002410505d348} 'defineClass' '(Ljava/lang/String;Ljdk/internal/loader/Resource;)Ljava/lang/Class;' in 'java/net/URLClassLoader')}
  0x00000240b672e4ec: 49b8 68fb | 1305 4102 | 0000 4983 | 8020 0200 | 0001 4c8b | 8424 d800 | 0000 4c8b | c848 8bbc 
  0x00000240b672e50c: 24d0 0000 | 0048 8b94 | 24b8 0000 | 0066 0f1f 

  0x00000240b672e51c: ;   {optimized virtual_call}
  0x00000240b672e51c: 4400 00e8 

  0x00000240b672e520: ; ImmutableOopMap {[168]=Oop [176]=Oop [184]=Oop [208]=Oop [216]=Oop [224]=Oop }
                      ;*invokevirtual getAndVerifyPackage {reexecute=0 rethrow=0 return_oop=0}
                      ; - java.net.URLClassLoader::defineClass@46
  0x00000240b672e520: 3c8b 9b07 

  0x00000240b672e524: ;   {other}
  0x00000240b672e524: 0f1f 8400 | 9409 0005 

  0x00000240b672e52c: ;   {metadata(method data for {method} {0x000002410505d348} 'defineClass' '(Ljava/lang/String;Ljdk/internal/loader/Resource;)Ljava/lang/Class;' in 'java/net/URLClassLoader')}
  0x00000240b672e52c: 4885 c049 | b868 fb13 | 0541 0200 | 0049 c7c1 | 5802 0000 | 7507 49c7 | c168 0200 | 004b 8b3c 
  0x00000240b672e54c: 0848 8d7f | 014b 893c | 080f 85a8 | 0200 0048 | 8b84 24e0 | 0000 0048 

  0x00000240b672e564: ;   {metadata(method data for {method} {0x000002410505d348} 'defineClass' '(Ljava/lang/String;Ljdk/internal/loader/Resource;)Ljava/lang/Class;' in 'java/net/URLClassLoader')}
  0x00000240b672e564: 85c0 49b8 | 68fb 1305 | 4102 0000 | 49c7 c178 | 0200 0074 | 0749 c7c1 | 8802 0000 | 4b8b 3c08 
  0x00000240b672e584: 488d 7f01 | 4b89 3c08 | 488b 9424 | b800 0000 | 0f84 d000 

  0x00000240b672e598: ;   {metadata(method data for {method} {0x000002410505d348} 'defineClass' '(Ljava/lang/String;Ljdk/internal/loader/Resource;)Ljava/lang/Class;' in 'java/net/URLClassLoader')}
  0x00000240b672e598: 0000 49b8 | 68fb 1305 | 4102 0000 | 8b52 0849 | ba00 0000 | d040 0200 | 0049 03d2 | 493b 90a8 
  0x00000240b672e5b8: 0200 0075 | 0d49 8380 | b002 0000 | 01e9 6000 | 0000 493b | 90b8 0200 | 0075 0d49 | 8380 c002 
  0x00000240b672e5d8: 0000 01e9 | 4a00 0000 | 4983 b8a8 | 0200 0000 | 7517 4989 | 90a8 0200 | 0049 c780 | b002 0000 
  0x00000240b672e5f8: 0100 0000 | e929 0000 | 0049 83b8 | b802 0000 | 0075 1749 | 8990 b802 | 0000 49c7 | 80c0 0200 
  0x00000240b672e618: 0001 0000 | 00e9 0800 | 0000 4983 | 8098 0200 | 0001 4c8b | 8424 d800 | 0000 4c8b | c848 8bbc 
  0x00000240b672e638: 24d0 0000 | 0048 8b94 | 24b8 0000 

  0x00000240b672e644: ;   {optimized virtual_call}
  0x00000240b672e644: 0066 90e8 

  0x00000240b672e648: ; ImmutableOopMap {[168]=Oop [176]=Oop [184]=Oop [208]=Oop [216]=Oop [224]=Oop }
                      ;*invokevirtual definePackage {reexecute=0 rethrow=0 return_oop=0}
                      ; - java.net.URLClassLoader::defineClass@64
  0x00000240b672e648: d4ee beff 

  0x00000240b672e64c: ;   {other}
  0x00000240b672e64c: 0f1f 8400 | bc0a 0006 

  0x00000240b672e654: ;   {metadata(method data for {method} {0x000002410505d348} 'defineClass' '(Ljava/lang/String;Ljdk/internal/loader/Resource;)Ljava/lang/Class;' in 'java/net/URLClassLoader')}
  0x00000240b672e654: 49b8 68fb | 1305 4102 | 0000 41ff | 80d0 0200 | 00e9 f200 

  0x00000240b672e668: ;   {metadata(method data for {method} {0x000002410505d348} 'defineClass' '(Ljava/lang/String;Ljdk/internal/loader/Resource;)Ljava/lang/Class;' in 'java/net/URLClassLoader')}
  0x00000240b672e668: 0000 49b8 | 68fb 1305 | 4102 0000 | 8b52 0849 | ba00 0000 | d040 0200 | 0049 03d2 | 493b 90f8 
  0x00000240b672e688: 0200 0075 | 0d49 8380 | 0003 0000 | 01e9 6000 | 0000 493b | 9008 0300 | 0075 0d49 | 8380 1003 
  0x00000240b672e6a8: 0000 01e9 | 4a00 0000 | 4983 b8f8 | 0200 0000 | 7517 4989 | 90f8 0200 | 0049 c780 | 0003 0000 
  0x00000240b672e6c8: 0100 0000 | e929 0000 | 0049 83b8 | 0803 0000 | 0075 1749 | 8990 0803 | 0000 49c7 | 8010 0300 
  0x00000240b672e6e8: 0001 0000 | 00e9 0800 | 0000 4983 | 80e8 0200 | 0001 4c8b | 8424 d800 

  0x00000240b672e700: ;   {oop(nullptr)}
  0x00000240b672e700: 0000 49b9 | 0000 0000 | 0000 0000 

  0x00000240b672e70c: ;   {oop(nullptr)}
  0x00000240b672e70c: 48bf 0000 | 0000 0000 

  0x00000240b672e714: ;   {oop(nullptr)}
  0x00000240b672e714: 0000 48be | 0000 0000 | 0000 0000 

  0x00000240b672e720: ;   {oop(nullptr)}
  0x00000240b672e720: 48b9 0000 | 0000 0000 | 0000 4d33 | d24c 8914 | 244d 33d2 | 4c89 5424 | 084d 33d2 | 4c89 5424 
  0x00000240b672e740: 1048 8b94 | 24b8 0000 | 0066 0f1f 

  0x00000240b672e74c: ;   {optimized virtual_call}
  0x00000240b672e74c: 4400 00e8 

  0x00000240b672e750: ; ImmutableOopMap {[168]=Oop [176]=Oop [184]=Oop [208]=Oop [216]=Oop [224]=Oop }
                      ;*invokevirtual definePackage {reexecute=0 rethrow=0 return_oop=0}
                      ; - java.net.URLClassLoader::defineClass@81
  0x00000240b672e750: 2c03 e206 

  0x00000240b672e754: ;   {other}
  0x00000240b672e754: 0f1f 8400 | c40b 0007 

  0x00000240b672e75c: ;   {metadata(method data for {method} {0x000002410505d348} 'defineClass' '(Ljava/lang/String;Ljdk/internal/loader/Resource;)Ljava/lang/Class;' in 'java/net/URLClassLoader')}
  0x00000240b672e75c: 48b8 68fb | 1305 4102 | 0000 ff80 | 2003 0000 | e992 0000 | 004c 8b8c | 24e0 0000 | 0049 8b87 
  0x00000240b672e77c: 0005 0000 | 4d33 d24d | 8997 0005 | 0000 4d33 | d24d 8997 | 0805 0000 | 488b 9424 | b800 0000 
  0x00000240b672e79c: ;   {metadata(method data for {method} {0x000002410505d348} 'defineClass' '(Ljava/lang/String;Ljdk/internal/loader/Resource;)Ljava/lang/Class;' in 'java/net/URLClassLoader')}
  0x00000240b672e79c: 49b8 68fb | 1305 4102 | 0000 4983 | 8038 0300 | 0001 4c8b | 8424 d800 | 0000 488b | bc24 d000 
  0x00000240b672e7bc: 0000 488b | 9424 b800 

  0x00000240b672e7c4: ;   {optimized virtual_call}
  0x00000240b672e7c4: 0000 90e8 

  0x00000240b672e7c8: ; ImmutableOopMap {[168]=Oop [176]=Oop [184]=Oop [208]=Oop [216]=Oop }
                      ;*invokevirtual getAndVerifyPackage {reexecute=0 rethrow=0 return_oop=0}
                      ; - java.net.URLClassLoader::defineClass@97
  0x00000240b672e7c8: b402 e206 

  0x00000240b672e7cc: ;   {other}
  0x00000240b672e7cc: 0f1f 8400 | 3c0c 0008 

  0x00000240b672e7d4: ;   {metadata(method data for {method} {0x000002410505d348} 'defineClass' '(Ljava/lang/String;Ljdk/internal/loader/Resource;)Ljava/lang/Class;' in 'java/net/URLClassLoader')}
  0x00000240b672e7d4: 4885 c048 | b868 fb13 | 0541 0200 | 0048 c7c2 | 8003 0000 | 7407 48c7 | c270 0300 | 0048 8b34 
  0x00000240b672e7f4: 1048 8d76 | 0148 8934 | 100f 84cf | 0a00 004c | 8b8c 24b0 | 0000 0049 

  0x00000240b672e80c: ;   {metadata(method data for {method} {0x000002410505d348} 'defineClass' '(Ljava/lang/String;Ljdk/internal/loader/Resource;)Ljava/lang/Class;' in 'java/net/URLClassLoader')}
  0x00000240b672e80c: 8bc1 48ba | 68fb 1305 | 4102 0000 | 8b40 0849 | ba00 0000 | d040 0200 | 0049 03c2 | 483b 8268 
  0x00000240b672e82c: 0400 0075 | 0d48 8382 | 7004 0000 | 01e9 6000 | 0000 483b | 8278 0400 | 0075 0d48 | 8382 8004 
  0x00000240b672e84c: 0000 01e9 | 4a00 0000 | 4883 ba68 | 0400 0000 | 7517 4889 | 8268 0400 | 0048 c782 | 7004 0000 
  0x00000240b672e86c: 0100 0000 | e929 0000 | 0048 83ba | 7804 0000 | 0075 1748 | 8982 7804 | 0000 48c7 | 8280 0400 
  0x00000240b672e88c: 0001 0000 | 00e9 0800 | 0000 4883 | 8258 0400 

  0x00000240b672e89c: ;   {metadata(method data for {method} {0x00000240d01700b0} 'getByteBuffer' '()Ljava/nio/ByteBuffer;' in 'jdk/internal/loader/Resource')}
  0x00000240b672e89c: 0001 48b8 | e85a 1905 | 4102 0000 | 8b90 cc00 | 0000 83c2 | 0289 90cc | 0000 0081 | e2fe ff1f 
  0x00000240b672e8bc: 0085 d20f | 84c9 0e00 | 0049 8bc1 

  0x00000240b672e8c8: ;   {metadata(method data for {method} {0x00000240d01700b0} 'getByteBuffer' '()Ljava/nio/ByteBuffer;' in 'jdk/internal/loader/Resource')}
  0x00000240b672e8c8: 48ba e85a | 1905 4102 | 0000 4883 | 8210 0100 | 0001 488d | 9424 2001 | 0000 4c89 | 4a08 498b 
  0x00000240b672e8e8: 0148 83c8 | 0148 8902 | f049 0fb1 | 110f 8412 | 0000 0048 | 2bc4 4825 | 07f0 ffff | 4889 020f 
  0x00000240b672e908: 85a2 0e00 | 0049 ff87 | 5005 0000 

  0x00000240b672e914: ;   {metadata(method data for {method} {0x00000240d0170370} 'cachedInputStream' '()Ljava/io/InputStream;' in 'jdk/internal/loader/Resource')}
  0x00000240b672e914: 48ba 50fb | 0e05 4102 | 0000 8bb2 | cc00 0000 | 83c6 0289 | b2cc 0000 | 0081 e6fe | ff1f 0085 
  0x00000240b672e934: f60f 8487 | 0e00 0041 | 8b51 0c48 | c1e2 0348 

  0x00000240b672e944: ;   {metadata(method data for {method} {0x00000240d0170370} 'cachedInputStream' '()Ljava/io/InputStream;' in 'jdk/internal/loader/Resource')}
  0x00000240b672e944: 85d2 48ba | 50fb 0e05 | 4102 0000 | 48c7 c610 | 0100 0075 | 0748 c7c6 | 2001 0000 | 488b 3c32 
  0x00000240b672e964: 488d 7f01 | 4889 3c32 | 0f85 e600 | 0000 498b 

  0x00000240b672e974: ;   {metadata(method data for {method} {0x00000240d0170370} 'cachedInputStream' '()Ljava/io/InputStream;' in 'jdk/internal/loader/Resource')}
  0x00000240b672e974: d148 be50 | fb0e 0541 | 0200 008b | 5208 49ba | 0000 00d0 | 4002 0000 | 4903 d248 | 3b96 4001 
  0x00000240b672e994: 0000 750d | 4883 8648 | 0100 0001 | e960 0000 | 0048 3b96 | 5001 0000 | 750d 4883 | 8658 0100 
  0x00000240b672e9b4: 0001 e94a | 0000 0048 | 83be 4001 | 0000 0075 | 1748 8996 | 4001 0000 | 48c7 8648 | 0100 0001 
  0x00000240b672e9d4: 0000 00e9 | 2900 0000 | 4883 be50 | 0100 0000 | 7517 4889 | 9650 0100 | 0048 c786 | 5801 0000 
  0x00000240b672e9f4: 0100 0000 | e908 0000 | 0048 8386 | 3001 0000 | 0149 8bd1 | 0f1f 4400 | 0048 b8ff | ffff ffff 
  0x00000240b672ea14: ;   {virtual_call}
  0x00000240b672ea14: ffff ffe8 

  0x00000240b672ea18: ; ImmutableOopMap {[168]=Oop [176]=Oop [184]=Oop [208]=Oop [296]=Oop }
                      ;*invokevirtual getInputStream {reexecute=0 rethrow=0 return_oop=0}
                      ; - jdk.internal.loader.Resource::cachedInputStream@9
                      ; - jdk.internal.loader.Resource::getByteBuffer@1
                      ; - java.net.URLClassLoader::defineClass@132
  0x00000240b672ea18: 8c71 ee06 

  0x00000240b672ea1c: ;   {other}
  0x00000240b672ea1c: 0f1f 8400 | 8c0e 0009 | 410f be57 | 4085 d24c | 8b8c 24b0 | 0000 000f | 85aa 0d00 | 004c 8bd0 
  0x00000240b672ea3c: 49c1 ea03 | 4589 510c | 498b d148 | 33d0 48c1 | ea16 4883 | fa00 0f85 | ab0d 0000 | 418b 510c 
  0x00000240b672ea5c: 48c1 e203 | 488d 8424 | 2001 0000 | 488b 3048 | 85f6 0f84 | 0f00 0000 | 488b 7808 | f048 0fb1 
  0x00000240b672ea7c: 370f 8598 | 0d00 0049 | ff8f 5005 | 0000 4885 

  0x00000240b672ea8c: ;   {metadata(method data for {method} {0x00000240d01700b0} 'getByteBuffer' '()Ljava/nio/ByteBuffer;' in 'jdk/internal/loader/Resource')}
  0x00000240b672ea8c: d275 1648 | bbe8 5a19 | 0541 0200 | 0080 8b41 | 0100 0001 | e9e7 0000 

  0x00000240b672eaa4: ;   {metadata('sun/nio/ByteBuffered')}
  0x00000240b672eaa4: 0048 b878 | 3336 d040 | 0200 008b | 5a08 49ba | 0000 00d0 | 4002 0000 | 4903 da48 | 3b43 200f 
  0x00000240b672eac4: 841a 0000 | 0048 3bd8 | 0f84 1100 | 0000 5350 

  0x00000240b672ead4: ;   {runtime_call slow_subtype_check Runtime1 stub}
  0x00000240b672ead4: e8a7 3aee | 065b 5b85 | db0f 848d 

  0x00000240b672eae0: ;   {metadata(method data for {method} {0x00000240d01700b0} 'getByteBuffer' '()Ljava/nio/ByteBuffer;' in 'jdk/internal/loader/Resource')}
  0x00000240b672eae0: 0000 0048 | bbe8 5a19 | 0541 0200 | 008b 4208 | 49ba 0000 | 00d0 4002 | 0000 4903 | c248 3b83 
  0x00000240b672eb00: 5801 0000 | 750d 4883 | 8360 0100 | 0001 e97e | 0000 0048 | 3b83 6801 | 0000 750d | 4883 8370 
  0x00000240b672eb20: 0100 0001 | e968 0000 | 0048 83bb | 5801 0000 | 0075 1748 | 8983 5801 | 0000 48c7 | 8360 0100 
  0x00000240b672eb40: 0001 0000 | 00e9 4700 | 0000 4883 | bb68 0100 | 0000 7517 | 4889 8368 | 0100 0048 | c783 7001 
  0x00000240b672eb60: 0000 0100 | 0000 e926 | 0000 00e9 | 2100 0000 

  0x00000240b672eb70: ;   {metadata(method data for {method} {0x00000240d01700b0} 'getByteBuffer' '()Ljava/nio/ByteBuffer;' in 'jdk/internal/loader/Resource')}
  0x00000240b672eb70: 48bb e85a | 1905 4102 | 0000 4883 | ab48 0100 | 0001 e905 | 0000 00e9 | 0500 0000 | 4833 f6eb 
  0x00000240b672eb90: 0748 c7c6 | 0100 0000 

  0x00000240b672eb98: ;   {metadata(method data for {method} {0x00000240d01700b0} 'getByteBuffer' '()Ljava/nio/ByteBuffer;' in 'jdk/internal/loader/Resource')}
  0x00000240b672eb98: 85f6 48be | e85a 1905 | 4102 0000 | 48c7 c780 | 0100 0074 | 0748 c7c7 | 9001 0000 | 488b 1c3e 
  0x00000240b672ebb8: 488d 5b01 | 4889 1c3e | 0f84 bb01 | 0000 4885 

  0x00000240b672ebc8: ;   {metadata(method data for {method} {0x00000240d01700b0} 'getByteBuffer' '()Ljava/nio/ByteBuffer;' in 'jdk/internal/loader/Resource')}
  0x00000240b672ebc8: d275 1648 | bfe8 5a19 | 0541 0200 | 0080 8f99 | 0100 0001 | e9e7 0000 

  0x00000240b672ebe0: ;   {metadata('sun/nio/ByteBuffered')}
  0x00000240b672ebe0: 0048 bb78 | 3336 d040 | 0200 008b | 7a08 49ba | 0000 00d0 | 4002 0000 | 4903 fa48 | 3b5f 200f 
  0x00000240b672ec00: 841a 0000 | 0048 3bfb | 0f84 1100 | 0000 5753 

  0x00000240b672ec10: ;   {runtime_call slow_subtype_check Runtime1 stub}
  0x00000240b672ec10: e86b 39ee | 065f 5f85 | ff0f 848d 

  0x00000240b672ec1c: ;   {metadata(method data for {method} {0x00000240d01700b0} 'getByteBuffer' '()Ljava/nio/ByteBuffer;' in 'jdk/internal/loader/Resource')}
  0x00000240b672ec1c: 0000 0048 | bfe8 5a19 | 0541 0200 | 008b 5a08 | 49ba 0000 | 00d0 4002 | 0000 4903 | da48 3b9f 
  0x00000240b672ec3c: b001 0000 | 750d 4883 | 87b8 0100 | 0001 e979 | 0000 0048 | 3b9f c001 | 0000 750d | 4883 87c8 
  0x00000240b672ec5c: 0100 0001 | e963 0000 | 0048 83bf | b001 0000 | 0075 1748 | 899f b001 | 0000 48c7 | 87b8 0100 
  0x00000240b672ec7c: 0001 0000 | 00e9 4200 | 0000 4883 | bfc0 0100 | 0000 7517 | 4889 9fc0 | 0100 0048 | c787 c801 
  0x00000240b672ec9c: 0000 0100 | 0000 e921 | 0000 00e9 | 1c00 0000 

  0x00000240b672ecac: ;   {metadata(method data for {method} {0x00000240d01700b0} 'getByteBuffer' '()Ljava/nio/ByteBuffer;' in 'jdk/internal/loader/Resource')}
  0x00000240b672ecac: 48bf e85a | 1905 4102 | 0000 4883 | afa0 0100 | 0001 e96e | 0b00 00e9 | 0000 0000 

  0x00000240b672ecc8: ; implicit exception: dispatches to 0x00000240b672f83a
  0x00000240b672ecc8: 483b 0248 

  0x00000240b672eccc: ;   {metadata(method data for {method} {0x00000240d01700b0} 'getByteBuffer' '()Ljava/nio/ByteBuffer;' in 'jdk/internal/loader/Resource')}
  0x00000240b672eccc: 8bf2 48bf | e85a 1905 | 4102 0000 | 8b76 0849 | ba00 0000 | d040 0200 | 0049 03f2 | 483b b7e8 
  0x00000240b672ecec: 0100 0075 | 0d48 8387 | f001 0000 | 01e9 6000 | 0000 483b | b7f8 0100 | 0075 0d48 | 8387 0002 
  0x00000240b672ed0c: 0000 01e9 | 4a00 0000 | 4883 bfe8 | 0100 0000 | 7517 4889 | b7e8 0100 | 0048 c787 | f001 0000 
  0x00000240b672ed2c: 0100 0000 | e929 0000 | 0048 83bf | f801 0000 | 0075 1748 | 89b7 f801 | 0000 48c7 | 8700 0200 
  0x00000240b672ed4c: 0001 0000 | 00e9 0800 | 0000 4883 | 87d8 0100 | 0001 0f1f | 8000 0000 | 0048 b8ff | ffff ffff 
  0x00000240b672ed6c: ;   {virtual_call}
  0x00000240b672ed6c: ffff ffe8 

  0x00000240b672ed70: ; ImmutableOopMap {[168]=Oop [176]=Oop [184]=Oop [208]=Oop }
                      ;*invokeinterface getByteBuffer {reexecute=0 rethrow=0 return_oop=0}
                      ; - jdk.internal.loader.Resource::getByteBuffer@16
                      ; - java.net.URLClassLoader::defineClass@132
  0x00000240b672ed70: 0c00 e206 

  0x00000240b672ed74: ;   {other}
  0x00000240b672ed74: 0f1f 8400 | e411 000a | e90a 0000 

  0x00000240b672ed80: ;   {oop(nullptr)}
  0x00000240b672ed80: 0048 b800 | 0000 0000 | 0000 0048 

  0x00000240b672ed8c: ;   {metadata(method data for {method} {0x000002410505d348} 'defineClass' '(Ljava/lang/String;Ljdk/internal/loader/Resource;)Ljava/lang/Class;' in 'java/net/URLClassLoader')}
  0x00000240b672ed8c: 85c0 48ba | 68fb 1305 | 4102 0000 | 48c7 c690 | 0400 0074 | 0748 c7c6 | a004 0000 | 488b 3c32 
  0x00000240b672edac: 488d 7f01 | 4889 3c32 | 0f84 3002 | 0000 4889 | 8424 e800 | 0000 4c8b | 8c24 b000 

  0x00000240b672edc8: ;   {metadata(method data for {method} {0x000002410505d348} 'defineClass' '(Ljava/lang/String;Ljdk/internal/loader/Resource;)Ljava/lang/Class;' in 'java/net/URLClassLoader')}
  0x00000240b672edc8: 0000 48ba | 68fb 1305 | 4102 0000 | 458b 4908 | 49ba 0000 | 00d0 4002 | 0000 4d03 | ca4c 3b8a 
  0x00000240b672ede8: c004 0000 | 750d 4883 | 82c8 0400 | 0001 e960 | 0000 004c | 3b8a d004 | 0000 750d | 4883 82d8 
  0x00000240b672ee08: 0400 0001 | e94a 0000 | 0048 83ba | c004 0000 | 0075 174c | 898a c004 | 0000 48c7 | 82c8 0400 
  0x00000240b672ee28: 0001 0000 | 00e9 2900 | 0000 4883 | bad0 0400 | 0000 7517 | 4c89 8ad0 | 0400 0048 | c782 d804 
  0x00000240b672ee48: 0000 0100 | 0000 e908 | 0000 0048 | 8382 b004 | 0000 0148 | 8b94 24b0 | 0000 0066 | 9048 b8ff 
  0x00000240b672ee68: ffff ffff 

  0x00000240b672ee6c: ;   {virtual_call}
  0x00000240b672ee6c: ffff ffe8 

  0x00000240b672ee70: ; ImmutableOopMap {[168]=Oop [184]=Oop [208]=Oop [232]=Oop }
                      ;*invokevirtual getCodeSigners {reexecute=0 rethrow=0 return_oop=0}
                      ; - java.net.URLClassLoader::defineClass@143
  0x00000240b672ee70: 0cff e106 

  0x00000240b672ee74: ;   {other}
  0x00000240b672ee74: 0f1f 8400 | e412 000b 

  0x00000240b672ee7c: ;   {metadata('java/security/CodeSource')}
  0x00000240b672ee7c: 4c8b c848 | ba28 5c00 | d040 0200 | 0049 8b87 | b801 0000 | 488d 7828 | 493b bfc8 | 0100 000f 
  0x00000240b672ee9c: 879e 0900 | 0049 89bf | b801 0000 | 48c7 0001 | 0000 0048 | 8bca 49ba | 0000 00d0 | 4002 0000 
  0x00000240b672eebc: 492b ca89 | 4808 4833 | c989 480c | 4833 c948 | 8948 1048 | 8948 1848 | 8948 204c 

  0x00000240b672eed8: ;   {metadata(method data for {method} {0x000002410505d348} 'defineClass' '(Ljava/lang/String;Ljdk/internal/loader/Resource;)Ljava/lang/Class;' in 'java/net/URLClassLoader')}
  0x00000240b672eed8: 8bc0 48ba | 68fb 1305 | 4102 0000 | 4883 82e8 | 0400 0001 | 4c8b 8424 | d000 0000 | 488b d048 
  0x00000240b672eef8: 8984 24f0 

  0x00000240b672eefc: ;   {optimized virtual_call}
  0x00000240b672eefc: 0000 00e8 

  0x00000240b672ef00: ; ImmutableOopMap {[168]=Oop [184]=Oop [232]=Oop [240]=Oop }
                      ;*invokespecial <init> {reexecute=0 rethrow=0 return_oop=0}
                      ; - java.net.URLClassLoader::defineClass@156
  0x00000240b672ef00: 7cfb e106 

  0x00000240b672ef04: ;   {other}
  0x00000240b672ef04: 0f1f 8400 | 7413 000c 

  0x00000240b672ef0c: ;   {metadata(method data for {method} {0x000002410505d348} 'defineClass' '(Ljava/lang/String;Ljdk/internal/loader/Resource;)Ljava/lang/Class;' in 'java/net/URLClassLoader')}
  0x00000240b672ef0c: 49b8 68fb | 1305 4102 | 0000 4983 | 80f8 0400 

  0x00000240b672ef1c: ;   {metadata(method data for {method} {0x00000240d01042a8} 'getReadClassBytesTime' '()Ljdk/internal/perf/PerfCounter;' in 'jdk/internal/perf/PerfCounter')}
  0x00000240b672ef1c: 0001 49b8 | d0c9 1605 | 4102 0000 | 418b 90cc | 0000 0083 | c202 4189 | 90cc 0000 | 0081 e2fe 
  0x00000240b672ef3c: ff1f 0085 | d20f 8405 

  0x00000240b672ef44: ;   {oop(a 'jdk/internal/perf/PerfCounter'{0x0000000680487640})}
  0x00000240b672ef44: 0900 0048 | ba40 7648 | 8006 0000 | 004c 8bc2 

  0x00000240b672ef54: ;   {metadata(method data for {method} {0x000002410505d348} 'defineClass' '(Ljava/lang/String;Ljdk/internal/loader/Resource;)Ljava/lang/Class;' in 'java/net/URLClassLoader')}
  0x00000240b672ef54: 48be 68fb | 1305 4102 

  0x00000240b672ef5c: ;   {metadata('jdk/internal/perf/PerfCounter')}
  0x00000240b672ef5c: 0000 49ba | 6036 10d0 | 4002 0000 | 4c89 9618 | 0500 0048 | 8386 2005 | 0000 014c | 8b84 24c0 
  0x00000240b672ef7c: ;   {optimized virtual_call}
  0x00000240b672ef7c: 0000 00e8 

  0x00000240b672ef80: ; ImmutableOopMap {[168]=Oop [184]=Oop [232]=Oop [240]=Oop }
                      ;*invokevirtual addElapsedTimeFrom {reexecute=0 rethrow=0 return_oop=0}
                      ; - java.net.URLClassLoader::defineClass@165
  0x00000240b672ef80: fcfa e106 

  0x00000240b672ef84: ;   {other}
  0x00000240b672ef84: 0f1f 8400 | f413 000d | 488b 9424 | b800 0000 

  0x00000240b672ef94: ;   {metadata(method data for {method} {0x000002410505d348} 'defineClass' '(Ljava/lang/String;Ljdk/internal/loader/Resource;)Ljava/lang/Class;' in 'java/net/URLClassLoader')}
  0x00000240b672ef94: 49b8 68fb | 1305 4102 | 0000 4983 | 8040 0500 | 0001 4c8b | 8424 a800 | 0000 4c8b | 8c24 e800 
  0x00000240b672efb4: 0000 488b | bc24 f000 | 0000 488b | 9424 b800 

  0x00000240b672efc4: ;   {optimized virtual_call}
  0x00000240b672efc4: 0000 90e8 

  0x00000240b672efc8: ; ImmutableOopMap {}
                      ;*invokevirtual defineClass {reexecute=0 rethrow=0 return_oop=0}
                      ; - java.net.URLClassLoader::defineClass@174
  0x00000240b672efc8: b4fa e106 

  0x00000240b672efcc: ;   {other}
  0x00000240b672efcc: 0f1f 8400 | 3c14 000e | 4881 c440 | 0100 005d 

  0x00000240b672efdc: ;   {poll_return}
  0x00000240b672efdc: 493b a750 | 0400 000f | 8784 0800 | 00c3 4c8b | 8c24 b000 | 0000 498b 

  0x00000240b672eff4: ;   {metadata(method data for {method} {0x000002410505d348} 'defineClass' '(Ljava/lang/String;Ljdk/internal/loader/Resource;)Ljava/lang/Class;' in 'java/net/URLClassLoader')}
  0x00000240b672eff4: f948 bb68 | fb13 0541 | 0200 008b | 7f08 49ba | 0000 00d0 | 4002 0000 | 4903 fa48 | 3bbb 8805 
  0x00000240b672f014: 0000 750d | 4883 8390 | 0500 0001 | e960 0000 | 0048 3bbb | 9805 0000 | 750d 4883 | 83a0 0500 
  0x00000240b672f034: 0001 e94a | 0000 0048 | 83bb 8805 | 0000 0075 | 1748 89bb | 8805 0000 | 48c7 8390 | 0500 0001 
  0x00000240b672f054: 0000 00e9 | 2900 0000 | 4883 bb98 | 0500 0000 | 7517 4889 | bb98 0500 | 0048 c783 | a005 0000 
  0x00000240b672f074: 0100 0000 | e908 0000 | 0048 8383 | 7805 0000 | 0149 8bd1 | 0f1f 4400 | 0048 b8ff | ffff ffff 
  0x00000240b672f094: ;   {virtual_call}
  0x00000240b672f094: ffff ffe8 

  0x00000240b672f098: ; ImmutableOopMap {[168]=Oop [176]=Oop [184]=Oop [208]=Oop }
                      ;*invokevirtual getBytes {reexecute=0 rethrow=0 return_oop=0}
                      ; - java.net.URLClassLoader::defineClass@179
  0x00000240b672f098: 9c6b ee06 

  0x00000240b672f09c: ;   {other}
  0x00000240b672f09c: 0f1f 8400 | 0c15 000f | 4c8b 8c24 | b000 0000 

  0x00000240b672f0ac: ;   {metadata(method data for {method} {0x000002410505d348} 'defineClass' '(Ljava/lang/String;Ljdk/internal/loader/Resource;)Ljava/lang/Class;' in 'java/net/URLClassLoader')}
  0x00000240b672f0ac: 48ba 68fb | 1305 4102 | 0000 458b | 4908 49ba | 0000 00d0 | 4002 0000 | 4d03 ca4c | 3b8a c005 
  0x00000240b672f0cc: 0000 750d | 4883 82c8 | 0500 0001 | e960 0000 | 004c 3b8a | d005 0000 | 750d 4883 | 82d8 0500 
  0x00000240b672f0ec: 0001 e94a | 0000 0048 | 83ba c005 | 0000 0075 | 174c 898a | c005 0000 | 48c7 82c8 | 0500 0001 
  0x00000240b672f10c: 0000 00e9 | 2900 0000 | 4883 bad0 | 0500 0000 | 7517 4c89 | 8ad0 0500 | 0048 c782 | d805 0000 
  0x00000240b672f12c: 0100 0000 | e908 0000 | 0048 8382 | b005 0000 | 0148 8b94 | 24b0 0000 | 0048 8984 | 24f8 0000 
  0x00000240b672f14c: 0048 b8ff | ffff ffff 

  0x00000240b672f154: ;   {virtual_call}
  0x00000240b672f154: ffff ffe8 

  0x00000240b672f158: ; ImmutableOopMap {[168]=Oop [184]=Oop [208]=Oop [248]=Oop }
                      ;*invokevirtual getCodeSigners {reexecute=0 rethrow=0 return_oop=0}
                      ; - java.net.URLClassLoader::defineClass@185
  0x00000240b672f158: 146d ee06 

  0x00000240b672f15c: ;   {other}
  0x00000240b672f15c: 0f1f 8400 | cc15 0010 

  0x00000240b672f164: ;   {metadata('java/security/CodeSource')}
  0x00000240b672f164: 4c8b c848 | ba28 5c00 | d040 0200 | 0049 8b87 | b801 0000 | 488d 7828 | 493b bfc8 | 0100 000f 
  0x00000240b672f184: 87fa 0600 | 0049 89bf | b801 0000 | 48c7 0001 | 0000 0048 | 8bca 49ba | 0000 00d0 | 4002 0000 
  0x00000240b672f1a4: 492b ca89 | 4808 4833 | c989 480c | 4833 c948 | 8948 1048 | 8948 1848 | 8948 204c 

  0x00000240b672f1c0: ;   {metadata(method data for {method} {0x000002410505d348} 'defineClass' '(Ljava/lang/String;Ljdk/internal/loader/Resource;)Ljava/lang/Class;' in 'java/net/URLClassLoader')}
  0x00000240b672f1c0: 8bc0 48ba | 68fb 1305 | 4102 0000 | 4883 82e8 | 0500 0001 | 4c8b 8424 | d000 0000 | 488b d048 
  0x00000240b672f1e0: 8984 2400 

  0x00000240b672f1e4: ;   {optimized virtual_call}
  0x00000240b672f1e4: 0100 00e8 

  0x00000240b672f1e8: ; ImmutableOopMap {[168]=Oop [184]=Oop [248]=Oop [256]=Oop }
                      ;*invokespecial <init> {reexecute=0 rethrow=0 return_oop=0}
                      ; - java.net.URLClassLoader::defineClass@198
  0x00000240b672f1e8: b411 3200 

  0x00000240b672f1ec: ;   {other}
  0x00000240b672f1ec: 0f1f 8400 | 5c16 0011 

  0x00000240b672f1f4: ;   {metadata(method data for {method} {0x000002410505d348} 'defineClass' '(Ljava/lang/String;Ljdk/internal/loader/Resource;)Ljava/lang/Class;' in 'java/net/URLClassLoader')}
  0x00000240b672f1f4: 49b8 68fb | 1305 4102 | 0000 4983 | 80f8 0500 

  0x00000240b672f204: ;   {metadata(method data for {method} {0x00000240d01042a8} 'getReadClassBytesTime' '()Ljdk/internal/perf/PerfCounter;' in 'jdk/internal/perf/PerfCounter')}
  0x00000240b672f204: 0001 49b8 | d0c9 1605 | 4102 0000 | 418b 90cc | 0000 0083 | c202 4189 | 90cc 0000 | 0081 e2fe 
  0x00000240b672f224: ff1f 0085 | d20f 8461 

  0x00000240b672f22c: ;   {oop(a 'jdk/internal/perf/PerfCounter'{0x0000000680487640})}
  0x00000240b672f22c: 0600 0048 | ba40 7648 | 8006 0000 | 004c 8bc2 

  0x00000240b672f23c: ;   {metadata(method data for {method} {0x000002410505d348} 'defineClass' '(Ljava/lang/String;Ljdk/internal/loader/Resource;)Ljava/lang/Class;' in 'java/net/URLClassLoader')}
  0x00000240b672f23c: 48be 68fb | 1305 4102 | 0000 4883 | 8620 0600 | 0001 4c8b | 8424 c000 

  0x00000240b672f254: ;   {optimized virtual_call}
  0x00000240b672f254: 0000 90e8 

  0x00000240b672f258: ; ImmutableOopMap {[168]=Oop [184]=Oop [248]=Oop [256]=Oop }
                      ;*invokevirtual addElapsedTimeFrom {reexecute=0 rethrow=0 return_oop=0}
                      ; - java.net.URLClassLoader::defineClass@207
  0x00000240b672f258: 64d1 5107 

  0x00000240b672f25c: ;   {other}
  0x00000240b672f25c: 0f1f 8400 | cc16 0012 | 488b 8424 | f800 0000 

  0x00000240b672f26c: ; implicit exception: dispatches to 0x00000240b672f8b1
  0x00000240b672f26c: 8b70 0c48 | 8b94 24b8 

  0x00000240b672f274: ;   {metadata(method data for {method} {0x000002410505d348} 'defineClass' '(Ljava/lang/String;Ljdk/internal/loader/Resource;)Ljava/lang/Class;' in 'java/net/URLClassLoader')}
  0x00000240b672f274: 0000 0049 | b868 fb13 | 0541 0200 | 0049 8380 | 4006 0000 | 014c 8b84 | 24a8 0000 | 004c 8bc8 
  0x00000240b672f294: bf00 0000 | 0048 8b8c | 2400 0100 | 0048 8b94 | 24b8 0000 | 0066 0f1f 

  0x00000240b672f2ac: ;   {optimized virtual_call}
  0x00000240b672f2ac: 4400 00e8 

  0x00000240b672f2b0: ; ImmutableOopMap {}
                      ;*invokevirtual defineClass {reexecute=0 rethrow=0 return_oop=0}
                      ; - java.net.URLClassLoader::defineClass@220
  0x00000240b672f2b0: 2c2b 9607 

  0x00000240b672f2b4: ;   {other}
  0x00000240b672f2b4: 0f1f 8400 | 2417 0013 | 4881 c440 | 0100 005d 

  0x00000240b672f2c4: ;   {poll_return}
  0x00000240b672f2c4: 493b a750 | 0400 000f | 87e5 0500 | 00c3 660f | 1f44 0000 

  0x00000240b672f2d8: ;   {no_reloc}
  0x00000240b672f2d8: e9fe 0500 | 0000 0000 | 0000 80ba | 3101 0000 | 040f 85fb | 0500 0049 | 8b87 b801 | 0000 488d 
  0x00000240b672f2f8: 7828 493b | bfc8 0100 | 000f 87e3 | 0500 0049 | 89bf b801 | 0000 48c7 | 0001 0000 | 0048 8bca 
  0x00000240b672f318: 49ba 0000 | 00d0 4002 | 0000 492b | ca89 4808 | 4833 c989 | 480c 4833 | c948 8948 | 1048 8948 
  0x00000240b672f338: 1848 8948 

  0x00000240b672f33c: ;   {metadata('java/lang/StringBuilder')}
  0x00000240b672f33c: 2048 ba40 | 8000 d040 | 0200 0048 | 8984 2410 | 0100 0049 | 8b87 b801 | 0000 488d | 7818 493b 
  0x00000240b672f35c: bfc8 0100 | 000f 8790 | 0500 0049 | 89bf b801 | 0000 48c7 | 0001 0000 | 0048 8bca | 49ba 0000 
  0x00000240b672f37c: 00d0 4002 | 0000 492b | ca89 4808 | 4833 c989 | 480c 4833 | c948 8948 | 104c 8bc0 

  0x00000240b672f398: ;   {metadata(method data for {method} {0x000002410505d348} 'defineClass' '(Ljava/lang/String;Ljdk/internal/loader/Resource;)Ljava/lang/Class;' in 'java/net/URLClassLoader')}
  0x00000240b672f398: 48ba 68fb | 1305 4102 | 0000 4883 | 8290 0300 

  0x00000240b672f3a8: ;   {metadata(method data for {method} {0x00000240d04619d8} '<init>' '()V' in 'java/lang/StringBuilder')}
  0x00000240b672f3a8: 0001 49b8 | 10af 0005 | 4102 0000 | 418b 90cc | 0000 0083 | c202 4189 | 90cc 0000 | 0081 e2fe 
  0x00000240b672f3c8: ff1f 0085 | d20f 8431 | 0500 004c 

  0x00000240b672f3d4: ;   {metadata(method data for {method} {0x00000240d04619d8} '<init>' '()V' in 'java/lang/StringBuilder')}
  0x00000240b672f3d4: 8bc0 48ba | 10af 0005 | 4102 0000 | 4883 8210 | 0100 0001 | 41b8 1000 | 0000 488b | d048 8984 
  0x00000240b672f3f4: 2408 0100 | 0066 0f1f 

  0x00000240b672f3fc: ;   {optimized virtual_call}
  0x00000240b672f3fc: 4400 00e8 

  0x00000240b672f400: ; ImmutableOopMap {[216]=Oop [264]=Oop [272]=Oop }
                      ;*invokespecial <init> {reexecute=0 rethrow=0 return_oop=0}
                      ; - java.lang.StringBuilder::<init>@3
                      ; - java.net.URLClassLoader::defineClass@111
  0x00000240b672f400: 7cf6 e106 

  0x00000240b672f404: ;   {other}
  0x00000240b672f404: 0f1f 8400 | 7418 0014 | 488b 8424 | 0801 0000 

  0x00000240b672f414: ;   {metadata(method data for {method} {0x000002410505d348} 'defineClass' '(Ljava/lang/String;Ljdk/internal/loader/Resource;)Ljava/lang/Class;' in 'java/net/URLClassLoader')}
  0x00000240b672f414: 49b8 68fb | 1305 4102 | 0000 4983 | 80a0 0300 

  0x00000240b672f424: ;   {metadata(method data for {method} {0x00000240d04617c8} 'append' '(Ljava/lang/String;)Ljava/lang/StringBuilder;' in 'java/lang/StringBuilder')}
  0x00000240b672f424: 0001 49b8 | 00b2 0005 | 4102 0000 | 418b 90cc | 0000 0083 | c202 4189 | 90cc 0000 | 0081 e2fe 
  0x00000240b672f444: ff1f 0085 | d20f 84d6 | 0400 0048 | 8b84 2408 

  0x00000240b672f454: ;   {metadata(method data for {method} {0x00000240d04617c8} 'append' '(Ljava/lang/String;)Ljava/lang/StringBuilder;' in 'java/lang/StringBuilder')}
  0x00000240b672f454: 0100 0049 | b800 b200 | 0541 0200 | 0049 8380 | 1001 0000 

  0x00000240b672f468: ;   {oop("Cannot find package "{0x00000006804cddc0})}
  0x00000240b672f468: 0149 b8c0 | dd4c 8006 | 0000 0048 | 8b94 2408 | 0100 000f 

  0x00000240b672f47c: ;   {optimized virtual_call}
  0x00000240b672f47c: 1f40 00e8 

  0x00000240b672f480: ; ImmutableOopMap {[216]=Oop [264]=Oop [272]=Oop }
                      ;*invokespecial append {reexecute=0 rethrow=0 return_oop=0}
                      ; - java.lang.StringBuilder::append@2
                      ; - java.net.URLClassLoader::defineClass@116
  0x00000240b672f480: fcf5 e106 

  0x00000240b672f484: ;   {other}
  0x00000240b672f484: 0f1f 8400 | f418 0015 | 488b 8424 | 0801 0000 

  0x00000240b672f494: ;   {metadata(method data for {method} {0x000002410505d348} 'defineClass' '(Ljava/lang/String;Ljdk/internal/loader/Resource;)Ljava/lang/Class;' in 'java/net/URLClassLoader')}
  0x00000240b672f494: 49b8 68fb | 1305 4102 | 0000 4983 | 80d8 0300 

  0x00000240b672f4a4: ;   {metadata(method data for {method} {0x00000240d04617c8} 'append' '(Ljava/lang/String;)Ljava/lang/StringBuilder;' in 'java/lang/StringBuilder')}
  0x00000240b672f4a4: 0001 49b8 | 00b2 0005 | 4102 0000 | 418b 90cc | 0000 0083 | c202 4189 | 90cc 0000 | 0081 e2fe 
  0x00000240b672f4c4: ff1f 0085 | d20f 8477 | 0400 0048 | 8b84 2408 

  0x00000240b672f4d4: ;   {metadata(method data for {method} {0x00000240d04617c8} 'append' '(Ljava/lang/String;)Ljava/lang/StringBuilder;' in 'java/lang/StringBuilder')}
  0x00000240b672f4d4: 0100 0049 | b800 b200 | 0541 0200 | 0049 8380 | 1001 0000 | 014c 8b84 | 24d8 0000 | 0048 8b94 
  0x00000240b672f4f4: 2408 0100 | 0066 0f1f 

  0x00000240b672f4fc: ;   {optimized virtual_call}
  0x00000240b672f4fc: 4400 00e8 

  0x00000240b672f500: ; ImmutableOopMap {[264]=Oop [272]=Oop }
                      ;*invokespecial append {reexecute=0 rethrow=0 return_oop=0}
                      ; - java.lang.StringBuilder::append@2
                      ; - java.net.URLClassLoader::defineClass@121
  0x00000240b672f500: 7cf5 e106 

  0x00000240b672f504: ;   {other}
  0x00000240b672f504: 0f1f 8400 | 7419 0016 | 488b 8424 | 0801 0000 

  0x00000240b672f514: ;   {metadata(method data for {method} {0x000002410505d348} 'defineClass' '(Ljava/lang/String;Ljdk/internal/loader/Resource;)Ljava/lang/Class;' in 'java/net/URLClassLoader')}
  0x00000240b672f514: 48ba 68fb | 1305 4102 | 0000 4883 | 8210 0400 

  0x00000240b672f524: ;   {metadata(method data for {method} {0x00000240d0008958} 'toString' '()Ljava/lang/String;' in 'java/lang/StringBuilder')}
  0x00000240b672f524: 0001 48ba | 88b9 0005 | 4102 0000 | 8bb2 cc00 | 0000 83c6 | 0289 b2cc | 0000 0081 | e6fe ff1f 
  0x00000240b672f544: 0085 f60f | 841a 0400 

  0x00000240b672f54c: ;   {metadata('java/lang/String')}
  0x00000240b672f54c: 0048 ba78 | e800 d040 | 0200 0049 | 8b87 b801 | 0000 488d | 7818 493b | bfc8 0100 | 000f 8719 
  0x00000240b672f56c: 0400 0049 | 89bf b801 | 0000 48c7 | 0001 0000 | 0048 8bca | 49ba 0000 | 00d0 4002 | 0000 492b 
  0x00000240b672f58c: ca89 4808 | 4833 c989 | 480c 4833 | c948 8948 | 104c 8bc0 

  0x00000240b672f5a0: ;   {metadata(method data for {method} {0x00000240d0008958} 'toString' '()Ljava/lang/String;' in 'java/lang/StringBuilder')}
  0x00000240b672f5a0: 49b9 88b9 | 0005 4102 | 0000 4983 | 8110 0100 

  0x00000240b672f5b0: ;   {metadata(method data for {method} {0x00000240d0455ab8} '<init>' '(Ljava/lang/StringBuilder;)V' in 'java/lang/String')}
  0x00000240b672f5b0: 0001 49b8 | d0ba 0005 | 4102 0000 | 458b 88cc | 0000 0041 | 83c1 0245 | 8988 cc00 | 0000 4181 
  0x00000240b672f5d0: e1fe ff1f | 0045 85c9 | 0f84 b703 | 0000 4c8b 

  0x00000240b672f5e0: ;   {metadata(method data for {method} {0x00000240d0455ab8} '<init>' '(Ljava/lang/StringBuilder;)V' in 'java/lang/String')}
  0x00000240b672f5e0: c049 b9d0 | ba00 0541 | 0200 0049 | 8381 1001 | 0000 014c | 8b84 2408 

  0x00000240b672f5f8: ;   {oop(nullptr)}
  0x00000240b672f5f8: 0100 0049 | b900 0000 | 0000 0000 | 0048 8bd0 | 4889 8424 | 1801 0000 | 0f1f 8000 

  0x00000240b672f614: ;   {optimized virtual_call}
  0x00000240b672f614: 0000 00e8 

  0x00000240b672f618: ; ImmutableOopMap {[272]=Oop [280]=Oop }
                      ;*invokespecial <init> {reexecute=0 rethrow=0 return_oop=0}
                      ; - java.lang.String::<init>@3
                      ; - java.lang.StringBuilder::toString@5
                      ; - java.net.URLClassLoader::defineClass@124
  0x00000240b672f618: 64f4 e106 

  0x00000240b672f61c: ;   {other}
  0x00000240b672f61c: 0f1f 8400 | 8c1a 0017 | 488b 8424 | 1001 0000 

  0x00000240b672f62c: ;   {metadata(method data for {method} {0x000002410505d348} 'defineClass' '(Ljava/lang/String;Ljdk/internal/loader/Resource;)Ljava/lang/Class;' in 'java/net/URLClassLoader')}
  0x00000240b672f62c: 49b8 68fb | 1305 4102 | 0000 4983 | 8048 0400 | 0001 4c8b | 8424 1801 | 0000 488b | 9424 1001 
  0x00000240b672f64c: ;   {optimized virtual_call}
  0x00000240b672f64c: 0000 90e8 

  0x00000240b672f650: ; ImmutableOopMap {[272]=Oop }
                      ;*invokespecial <init> {reexecute=0 rethrow=0 return_oop=0}
                      ; - java.net.URLClassLoader::defineClass@127
  0x00000240b672f650: 2cf4 e106 

  0x00000240b672f654: ;   {other}
  0x00000240b672f654: 0f1f 8400 | c41a 0018 | 488b 8424 | 1001 0000 | e980 0300 | 0049 8b87 | 0005 0000 | 4d33 d24d 
  0x00000240b672f674: 8997 0005 | 0000 4d33 | d24d 8997 | 0805 0000 | 488b f048 | 8d84 2420 | 0100 0048 | 8b38 4885 
  0x00000240b672f694: ff0f 840f | 0000 0048 | 8b58 08f0 | 480f b13b | 0f85 0c03 | 0000 49ff | 8f50 0500 | 0048 8bc6 
  0x00000240b672f6b4: e930 0300 

  0x00000240b672f6b8: ;   {metadata({method} {0x000002410505d348} 'defineClass' '(Ljava/lang/String;Ljdk/internal/loader/Resource;)Ljava/lang/Class;' in 'java/net/URLClassLoader')}
  0x00000240b672f6b8: 0049 ba40 | d305 0541 | 0200 004c | 8954 2408 | 48c7 0424 | ffff ffff 

  0x00000240b672f6d0: ;   {runtime_call counter_overflow Runtime1 stub}
  0x00000240b672f6d0: e82b 47ee 

  0x00000240b672f6d4: ; ImmutableOopMap {rdx=Oop r8=Oop r9=Oop [168]=Oop [176]=Oop [184]=Oop }
                      ;*synchronization entry
                      ; - java.net.URLClassLoader::defineClass@-1
  0x00000240b672f6d4: 06e9 64e9 

  0x00000240b672f6d8: ;   {runtime_call throw_null_pointer_exception Runtime1 stub}
  0x00000240b672f6d8: ffff e8a1 

  0x00000240b672f6dc: ; ImmutableOopMap {r8=Oop [168]=Oop [176]=Oop [184]=Oop }
                      ;*invokevirtual lastIndexOf {reexecute=0 rethrow=0 return_oop=0}
                      ; - java.net.URLClassLoader::defineClass@7
                      ;   {metadata({method} {0x00000240d0453a10} 'lastIndexOf' '(I)I' in 'java/lang/String')}
  0x00000240b672f6dc: 0de5 0649 | ba08 3a45 | d040 0200 | 004c 8954 | 2408 48c7 | 0424 ffff 

  0x00000240b672f6f4: ;   {runtime_call counter_overflow Runtime1 stub}
  0x00000240b672f6f4: ffff e805 

  0x00000240b672f6f8: ; ImmutableOopMap {r8=Oop [168]=Oop [176]=Oop [184]=Oop }
                      ;*synchronization entry
                      ; - java.lang.String::lastIndexOf@-1
                      ; - java.net.URLClassLoader::defineClass@7
  0x00000240b672f6f8: 47ee 06e9 | b3e9 ffff 

  0x00000240b672f700: ;   {metadata({method} {0x00000240d000ee90} 'length' '()I' in 'java/lang/String')}
  0x00000240b672f700: 49ba 88ee | 00d0 4002 | 0000 4c89 | 5424 0848 | c704 24ff 

  0x00000240b672f714: ;   {runtime_call counter_overflow Runtime1 stub}
  0x00000240b672f714: ffff ffe8 

  0x00000240b672f718: ; ImmutableOopMap {r8=Oop [168]=Oop [176]=Oop [184]=Oop }
                      ;*synchronization entry
                      ; - java.lang.String::length@-1
                      ; - java.lang.String::lastIndexOf@3
                      ; - java.net.URLClassLoader::defineClass@7
  0x00000240b672f718: e446 ee06 | e9ce e9ff 

  0x00000240b672f720: ;   {runtime_call throw_null_pointer_exception Runtime1 stub}
  0x00000240b672f720: ffe8 5a0d 

  0x00000240b672f724: ; ImmutableOopMap {r8=Oop rsi=Oop [168]=Oop [176]=Oop [184]=Oop }
                      ;*arraylength {reexecute=0 rethrow=0 return_oop=0}
                      ; - java.lang.String::length@4
                      ; - java.lang.String::lastIndexOf@3
                      ; - java.net.URLClassLoader::defineClass@7
                      ;   {metadata({method} {0x00000240d0454cf8} 'coder' '()B' in 'java/lang/String')}
  0x00000240b672f724: e506 49ba | f04c 45d0 | 4002 0000 | 4c89 5424 | 0848 c704 | 24ff ffff 

  0x00000240b672f73c: ;   {runtime_call counter_overflow Runtime1 stub}
  0x00000240b672f73c: ffe8 be46 

  0x00000240b672f740: ; ImmutableOopMap {r8=Oop rsi=Oop [168]=Oop [176]=Oop [184]=Oop }
                      ;*synchronization entry
                      ; - java.lang.String::coder@-1
                      ; - java.lang.String::length@6
                      ; - java.lang.String::lastIndexOf@3
                      ; - java.net.URLClassLoader::defineClass@7
  0x00000240b672f740: ee06 e9f4 

  0x00000240b672f744: ;   {metadata({method} {0x00000240d0453960} 'lastIndexOf' '(II)I' in 'java/lang/String')}
  0x00000240b672f744: e9ff ff49 | ba58 3945 | d040 0200 | 004c 8954 | 2408 48c7 | 0424 ffff 

  0x00000240b672f75c: ;   {runtime_call counter_overflow Runtime1 stub}
  0x00000240b672f75c: ffff e89d 

  0x00000240b672f760: ; ImmutableOopMap {r8=Oop rsi=Oop [168]=Oop [176]=Oop [184]=Oop }
                      ;*synchronization entry
                      ; - java.lang.String::lastIndexOf@-1
                      ; - java.lang.String::lastIndexOf@8
                      ; - java.net.URLClassLoader::defineClass@7
  0x00000240b672f760: 46ee 06e9 | 44ea ffff 

  0x00000240b672f768: ;   {metadata({method} {0x00000240d04540f0} 'isLatin1' '()Z' in 'java/lang/String')}
  0x00000240b672f768: 49ba e840 | 45d0 4002 | 0000 4c89 | 5424 0848 | c704 24ff 

  0x00000240b672f77c: ;   {runtime_call counter_overflow Runtime1 stub}
  0x00000240b672f77c: ffff ffe8 

  0x00000240b672f780: ; ImmutableOopMap {r8=Oop rsi=Oop [168]=Oop [176]=Oop [184]=Oop }
                      ;*synchronization entry
                      ; - java.lang.String::isLatin1@-1
                      ; - java.lang.String::lastIndexOf@1
                      ; - java.lang.String::lastIndexOf@8
                      ; - java.net.URLClassLoader::defineClass@7
  0x00000240b672f780: 7c46 ee06 | e95f eaff 

  0x00000240b672f788: ;   {runtime_call throw_null_pointer_exception Runtime1 stub}
  0x00000240b672f788: ffe8 f20c 

  0x00000240b672f78c: ; ImmutableOopMap {r9=Oop [168]=Oop [176]=Oop [184]=Oop }
                      ;*invokevirtual getCodeSourceURL {reexecute=0 rethrow=0 return_oop=0}
                      ; - java.net.URLClassLoader::defineClass@13
                      ;   {metadata({method} {0x00000240d01700b0} 'getByteBuffer' '()Ljava/nio/ByteBuffer;' in 'jdk/internal/loader/Resource')}
  0x00000240b672f78c: e506 49ba | a800 17d0 | 4002 0000 | 4c89 5424 | 0848 c704 | 24ff ffff 

  0x00000240b672f7a4: ;   {runtime_call counter_overflow Runtime1 stub}
  0x00000240b672f7a4: ffe8 5646 

  0x00000240b672f7a8: ; ImmutableOopMap {r9=Oop [168]=Oop [176]=Oop [184]=Oop [208]=Oop }
                      ;*synchronization entry
                      ; - jdk.internal.loader.Resource::getByteBuffer@-1
                      ; - java.net.URLClassLoader::defineClass@132
  0x00000240b672f7a8: ee06 e916 | f1ff ff4c | 894c 2408 | 4889 1424 

  0x00000240b672f7b8: ;   {runtime_call monitorenter_nofpu Runtime1 stub}
  0x00000240b672f7b8: e843 4fee 

  0x00000240b672f7bc: ; ImmutableOopMap {r9=Oop [168]=Oop [176]=Oop [184]=Oop [208]=Oop [296]=Oop }
                      ;*synchronization entry
                      ; - jdk.internal.loader.Resource::cachedInputStream@-1
                      ; - jdk.internal.loader.Resource::getByteBuffer@1
                      ; - java.net.URLClassLoader::defineClass@132
  0x00000240b672f7bc: 06e9 52f1 

  0x00000240b672f7c0: ;   {metadata({method} {0x00000240d0170370} 'cachedInputStream' '()Ljava/io/InputStream;' in 'jdk/internal/loader/Resource')}
  0x00000240b672f7c0: ffff 49ba | 6803 17d0 | 4002 0000 | 4c89 5424 | 0848 c704 | 24ff ffff 

  0x00000240b672f7d8: ;   {runtime_call counter_overflow Runtime1 stub}
  0x00000240b672f7d8: ffe8 2246 

  0x00000240b672f7dc: ; ImmutableOopMap {r9=Oop [168]=Oop [176]=Oop [184]=Oop [208]=Oop [296]=Oop }
                      ;*synchronization entry
                      ; - jdk.internal.loader.Resource::cachedInputStream@-1
                      ; - jdk.internal.loader.Resource::getByteBuffer@1
                      ; - java.net.URLClassLoader::defineClass@132
  0x00000240b672f7dc: ee06 e958 | f1ff ff41 | 8b51 0c48 | c1e2 0348 | 83fa 000f | 8444 f2ff | ff48 8914 

  0x00000240b672f7f8: ;   {runtime_call g1_pre_barrier_slow}
  0x00000240b672f7f8: 24e8 0238 | ee06 e936 | f2ff ff48 | 83f8 000f | 844b f2ff | ff4c 890c 

  0x00000240b672f810: ;   {runtime_call g1_post_barrier_slow}
  0x00000240b672f810: 24e8 6a30 | ee06 e93d | f2ff ff48 | 8d84 2420 | 0100 0048 

  0x00000240b672f824: ;   {runtime_call monitorexit_nofpu Runtime1 stub}
  0x00000240b672f824: 8904 24e8 | 5427 ee06 | e959 f2ff | ff48 8914 

  0x00000240b672f834: ;   {runtime_call throw_class_cast_exception Runtime1 stub}
  0x00000240b672f834: 24e8 c626 

  0x00000240b672f838: ; ImmutableOopMap {[168]=Oop [176]=Oop [184]=Oop [208]=Oop }
                      ;*checkcast {reexecute=0 rethrow=0 return_oop=0}
                      ; - jdk.internal.loader.Resource::getByteBuffer@13
                      ; - java.net.URLClassLoader::defineClass@132
                      ;   {runtime_call throw_null_pointer_exception Runtime1 stub}
  0x00000240b672f838: e506 e841 

  0x00000240b672f83c: ; ImmutableOopMap {rdx=Oop [168]=Oop [176]=Oop [184]=Oop [208]=Oop }
                      ;*invokeinterface getByteBuffer {reexecute=0 rethrow=0 return_oop=0}
                      ; - jdk.internal.loader.Resource::getByteBuffer@16
                      ; - java.net.URLClassLoader::defineClass@132
  0x00000240b672f83c: 0ce5 0648 

  0x00000240b672f840: ;   {runtime_call fast_new_instance Runtime1 stub}
  0x00000240b672f840: 8bd2 e8b9 

  0x00000240b672f844: ; ImmutableOopMap {r9=Oop [168]=Oop [184]=Oop [208]=Oop [232]=Oop }
                      ;*new {reexecute=0 rethrow=0 return_oop=0}
                      ; - java.net.URLClassLoader::defineClass@148
  0x00000240b672f844: 00e5 06e9 | 8bf6 ffff 

  0x00000240b672f84c: ;   {metadata({method} {0x00000240d01042a8} 'getReadClassBytesTime' '()Ljdk/internal/perf/PerfCounter;' in 'jdk/internal/perf/PerfCounter')}
  0x00000240b672f84c: 49ba a042 | 10d0 4002 | 0000 4c89 | 5424 0848 | c704 24ff 

  0x00000240b672f860: ;   {runtime_call counter_overflow Runtime1 stub}
  0x00000240b672f860: ffff ffe8 

  0x00000240b672f864: ; ImmutableOopMap {[168]=Oop [184]=Oop [232]=Oop [240]=Oop }
                      ;*synchronization entry
                      ; - jdk.internal.perf.PerfCounter::getReadClassBytesTime@-1
                      ; - java.net.URLClassLoader::defineClass@161
  0x00000240b672f864: 9845 ee06 | e9da f6ff 

  0x00000240b672f86c: ;   {internal_word}
  0x00000240b672f86c: ff49 badc | ef72 b640 | 0200 004d | 8997 6804 

  0x00000240b672f87c: ;   {runtime_call SafepointBlob}
  0x00000240b672f87c: 0000 e9fd | 5be2 0648 

  0x00000240b672f884: ;   {runtime_call fast_new_instance Runtime1 stub}
  0x00000240b672f884: 8bd2 e875 

  0x00000240b672f888: ; ImmutableOopMap {r9=Oop [168]=Oop [184]=Oop [208]=Oop [248]=Oop }
                      ;*new {reexecute=0 rethrow=0 return_oop=0}
                      ; - java.net.URLClassLoader::defineClass@190
  0x00000240b672f888: 00e5 06e9 | 2ff9 ffff 

  0x00000240b672f890: ;   {metadata({method} {0x00000240d01042a8} 'getReadClassBytesTime' '()Ljdk/internal/perf/PerfCounter;' in 'jdk/internal/perf/PerfCounter')}
  0x00000240b672f890: 49ba a042 | 10d0 4002 | 0000 4c89 | 5424 0848 | c704 24ff 

  0x00000240b672f8a4: ;   {runtime_call counter_overflow Runtime1 stub}
  0x00000240b672f8a4: ffff ffe8 

  0x00000240b672f8a8: ; ImmutableOopMap {[168]=Oop [184]=Oop [248]=Oop [256]=Oop }
                      ;*synchronization entry
                      ; - jdk.internal.perf.PerfCounter::getReadClassBytesTime@-1
                      ; - java.net.URLClassLoader::defineClass@203
  0x00000240b672f8a8: 5445 ee06 | e97e f9ff 

  0x00000240b672f8b0: ;   {runtime_call throw_null_pointer_exception Runtime1 stub}
  0x00000240b672f8b0: ffe8 ca0b 

  0x00000240b672f8b4: ; ImmutableOopMap {rax=Oop [168]=Oop [184]=Oop [256]=Oop }
                      ;*arraylength {reexecute=0 rethrow=0 return_oop=0}
                      ; - java.net.URLClassLoader::defineClass@217
                      ;   {internal_word}
  0x00000240b672f8b4: e506 49ba | c4f2 72b6 | 4002 0000 | 4d89 9768 

  0x00000240b672f8c4: ;   {runtime_call SafepointBlob}
  0x00000240b672f8c4: 0400 00e9 | b45b e206 

  0x00000240b672f8cc: ;   {metadata(nullptr)}
  0x00000240b672f8cc: 48ba 0000 | 0000 0000 | 0000 b800 

  0x00000240b672f8d8: ;   {runtime_call load_klass_patching Runtime1 stub}
  0x00000240b672f8d8: 0f05 0ae8 

  0x00000240b672f8dc: ; ImmutableOopMap {[216]=Oop }
                      ;*new {reexecute=1 rethrow=0 return_oop=0}
                      ; - (reexecute) java.net.URLClassLoader::defineClass@103
  0x00000240b672f8dc: a01a ee06 | e9f3 f9ff 

  0x00000240b672f8e4: ;   {runtime_call throw_null_pointer_exception Runtime1 stub}
  0x00000240b672f8e4: ffe8 960b 

  0x00000240b672f8e8: ; ImmutableOopMap {[216]=Oop }
                      ;*new {reexecute=0 rethrow=0 return_oop=0}
                      ; - java.net.URLClassLoader::defineClass@103
  0x00000240b672f8e8: e506 488b 

  0x00000240b672f8ec: ;   {runtime_call fast_new_instance_init_check Runtime1 stub}
  0x00000240b672f8ec: d2e8 8e3e 

  0x00000240b672f8f0: ; ImmutableOopMap {[216]=Oop }
                      ;*new {reexecute=0 rethrow=0 return_oop=0}
                      ; - java.net.URLClassLoader::defineClass@103
  0x00000240b672f8f0: e506 e946 | faff ff48 

  0x00000240b672f8f8: ;   {runtime_call fast_new_instance Runtime1 stub}
  0x00000240b672f8f8: 8bd2 e801 

  0x00000240b672f8fc: ; ImmutableOopMap {[216]=Oop [272]=Oop }
                      ;*new {reexecute=0 rethrow=0 return_oop=0}
                      ; - java.net.URLClassLoader::defineClass@107
  0x00000240b672f8fc: 00e5 06e9 | 91fa ffff 

  0x00000240b672f904: ;   {metadata({method} {0x00000240d04619d8} '<init>' '()V' in 'java/lang/StringBuilder')}
  0x00000240b672f904: 49ba d019 | 46d0 4002 | 0000 4c89 | 5424 0848 | c704 24ff 

  0x00000240b672f918: ;   {runtime_call counter_overflow Runtime1 stub}
  0x00000240b672f918: ffff ffe8 

  0x00000240b672f91c: ; ImmutableOopMap {rax=Oop [216]=Oop [272]=Oop }
                      ;*synchronization entry
                      ; - java.lang.StringBuilder::<init>@-1
                      ; - java.net.URLClassLoader::defineClass@111
  0x00000240b672f91c: e044 ee06 | e9ae faff 

  0x00000240b672f924: ;   {metadata({method} {0x00000240d04617c8} 'append' '(Ljava/lang/String;)Ljava/lang/StringBuilder;' in 'java/lang/StringBuilder')}
  0x00000240b672f924: ff49 bac0 | 1746 d040 | 0200 004c | 8954 2408 | 48c7 0424 | ffff ffff 

  0x00000240b672f93c: ;   {runtime_call counter_overflow Runtime1 stub}
  0x00000240b672f93c: e8bf 44ee 

  0x00000240b672f940: ; ImmutableOopMap {[216]=Oop [264]=Oop [272]=Oop }
                      ;*synchronization entry
                      ; - java.lang.StringBuilder::append@-1
                      ; - java.net.URLClassLoader::defineClass@116
  0x00000240b672f940: 06e9 09fb 

  0x00000240b672f944: ;   {metadata({method} {0x00000240d04617c8} 'append' '(Ljava/lang/String;)Ljava/lang/StringBuilder;' in 'java/lang/StringBuilder')}
  0x00000240b672f944: ffff 49ba | c017 46d0 | 4002 0000 | 4c89 5424 | 0848 c704 | 24ff ffff 

  0x00000240b672f95c: ;   {runtime_call counter_overflow Runtime1 stub}
  0x00000240b672f95c: ffe8 9e44 

  0x00000240b672f960: ; ImmutableOopMap {[216]=Oop [264]=Oop [272]=Oop }
                      ;*synchronization entry
                      ; - java.lang.StringBuilder::append@-1
                      ; - java.net.URLClassLoader::defineClass@121
  0x00000240b672f960: ee06 e968 

  0x00000240b672f964: ;   {metadata({method} {0x00000240d0008958} 'toString' '()Ljava/lang/String;' in 'java/lang/StringBuilder')}
  0x00000240b672f964: fbff ff49 | ba50 8900 | d040 0200 | 004c 8954 | 2408 48c7 | 0424 ffff 

  0x00000240b672f97c: ;   {runtime_call counter_overflow Runtime1 stub}
  0x00000240b672f97c: ffff e87d 

  0x00000240b672f980: ; ImmutableOopMap {[264]=Oop [272]=Oop }
                      ;*synchronization entry
                      ; - java.lang.StringBuilder::toString@-1
                      ; - java.net.URLClassLoader::defineClass@124
  0x00000240b672f980: 44ee 06e9 | c5fb ffff 

  0x00000240b672f988: ;   {runtime_call fast_new_instance Runtime1 stub}
  0x00000240b672f988: 488b d2e8 

  0x00000240b672f98c: ; ImmutableOopMap {[264]=Oop [272]=Oop }
                      ;*new {reexecute=0 rethrow=0 return_oop=0}
                      ; - java.lang.StringBuilder::toString@0
                      ; - java.net.URLClassLoader::defineClass@124
  0x00000240b672f98c: 70ff e406 | e908 fcff 

  0x00000240b672f994: ;   {metadata({method} {0x00000240d0455ab8} '<init>' '(Ljava/lang/StringBuilder;)V' in 'java/lang/String')}
  0x00000240b672f994: ff49 bab0 | 5a45 d040 | 0200 004c | 8954 2408 | 48c7 0424 | ffff ffff 

  0x00000240b672f9ac: ;   {runtime_call counter_overflow Runtime1 stub}
  0x00000240b672f9ac: e84f 44ee 

  0x00000240b672f9b0: ; ImmutableOopMap {rax=Oop [264]=Oop [272]=Oop }
                      ;*synchronization entry
                      ; - java.lang.String::<init>@-1
                      ; - java.lang.StringBuilder::toString@5
                      ; - java.net.URLClassLoader::defineClass@124
  0x00000240b672f9b0: 06e9 28fc | ffff 488d | 8424 2001 | 0000 4889 

  0x00000240b672f9c0: ;   {runtime_call monitorexit_nofpu Runtime1 stub}
  0x00000240b672f9c0: 0424 e8b9 | 25ee 06e9 | e5fc ffff | 498b 8700 | 0500 0049 | c787 0005 | 0000 0000 | 0000 49c7 
  0x00000240b672f9e0: 8708 0500 | 0000 0000 | 0048 81c4 | 4001 0000 

  0x00000240b672f9f0: ;   {runtime_call unwind_exception Runtime1 stub}
  0x00000240b672f9f0: 5de9 0aec | e406 f4f4 
[Stub Code]
  0x00000240b672f9f8: ;   {no_reloc}
  0x00000240b672f9f8: 0f1f 4400 

  0x00000240b672f9fc: ;   {static_stub}
  0x00000240b672f9fc: 0048 bb00 | 0000 0000 

  0x00000240b672fa04: ;   {runtime_call nmethod}
  0x00000240b672fa04: 0000 00e9 | fbff ffff 

  0x00000240b672fa0c: ;   {static_stub}
  0x00000240b672fa0c: 9048 bb00 | 0000 0000 

  0x00000240b672fa14: ;   {runtime_call nmethod}
  0x00000240b672fa14: 0000 00e9 | fbff ffff 

  0x00000240b672fa1c: ;   {static_stub}
  0x00000240b672fa1c: 9048 bb00 | 0000 0000 

  0x00000240b672fa24: ;   {runtime_call nmethod}
  0x00000240b672fa24: 0000 00e9 | fbff ffff 

  0x00000240b672fa2c: ;   {static_stub}
  0x00000240b672fa2c: 9048 bb00 | 0000 0000 

  0x00000240b672fa34: ;   {runtime_call nmethod}
  0x00000240b672fa34: 0000 00e9 | fbff ffff 

  0x00000240b672fa3c: ;   {static_stub}
  0x00000240b672fa3c: 9048 bb00 | 0000 0000 

  0x00000240b672fa44: ;   {runtime_call nmethod}
  0x00000240b672fa44: 0000 00e9 | fbff ffff 

  0x00000240b672fa4c: ;   {static_stub}
  0x00000240b672fa4c: 9048 bb00 | 0000 0000 

  0x00000240b672fa54: ;   {runtime_call nmethod}
  0x00000240b672fa54: 0000 00e9 | fbff ffff 

  0x00000240b672fa5c: ;   {static_stub}
  0x00000240b672fa5c: 9048 bb00 | 0000 0000 

  0x00000240b672fa64: ;   {runtime_call nmethod}
  0x00000240b672fa64: 0000 00e9 | fbff ffff 

  0x00000240b672fa6c: ;   {static_stub}
  0x00000240b672fa6c: 9048 bb00 | 0000 0000 

  0x00000240b672fa74: ;   {runtime_call nmethod}
  0x00000240b672fa74: 0000 00e9 | fbff ffff 

  0x00000240b672fa7c: ;   {static_stub}
  0x00000240b672fa7c: 9048 bb00 | 0000 0000 

  0x00000240b672fa84: ;   {runtime_call nmethod}
  0x00000240b672fa84: 0000 00e9 | fbff ffff 

  0x00000240b672fa8c: ;   {static_stub}
  0x00000240b672fa8c: 9048 bb00 | 0000 0000 

  0x00000240b672fa94: ;   {runtime_call nmethod}
  0x00000240b672fa94: 0000 00e9 | fbff ffff 

  0x00000240b672fa9c: ;   {static_stub}
  0x00000240b672fa9c: 9048 bb00 | 0000 0000 

  0x00000240b672faa4: ;   {runtime_call nmethod}
  0x00000240b672faa4: 0000 00e9 | fbff ffff 

  0x00000240b672faac: ;   {static_stub}
  0x00000240b672faac: 9048 bb00 | 0000 0000 

  0x00000240b672fab4: ;   {runtime_call nmethod}
  0x00000240b672fab4: 0000 00e9 | fbff ffff 

  0x00000240b672fabc: ;   {static_stub}
  0x00000240b672fabc: 9048 bb00 | 0000 0000 

  0x00000240b672fac4: ;   {runtime_call nmethod}
  0x00000240b672fac4: 0000 00e9 | fbff ffff 

  0x00000240b672facc: ;   {static_stub}
  0x00000240b672facc: 9048 bb00 | 0000 0000 

  0x00000240b672fad4: ;   {runtime_call nmethod}
  0x00000240b672fad4: 0000 00e9 | fbff ffff 

  0x00000240b672fadc: ;   {static_stub}
  0x00000240b672fadc: 48bb 00e7 | 46d0 4002 

  0x00000240b672fae4: ;   {runtime_call I2C/C2I adapters}
  0x00000240b672fae4: 0000 e980 

  0x00000240b672fae8: ;   {static_stub}
  0x00000240b672fae8: b3e1 0648 | bb00 0000 | 0000 0000 

  0x00000240b672faf4: ;   {runtime_call nmethod}
  0x00000240b672faf4: 00e9 fbff 

  0x00000240b672faf8: ;   {static_stub}
  0x00000240b672faf8: ffff 48bb | e0e0 04d0 | 4002 0000 

  0x00000240b672fb04: ;   {runtime_call I2C/C2I adapters}
  0x00000240b672fb04: e9ec 2ae1 

  0x00000240b672fb08: ;   {static_stub}
  0x00000240b672fb08: 0648 bb00 | 0000 0000 

  0x00000240b672fb10: ;   {runtime_call nmethod}
  0x00000240b672fb10: 0000 00e9 | fbff ffff 

  0x00000240b672fb18: ;   {static_stub}
  0x00000240b672fb18: 48bb 0000 | 0000 0000 

  0x00000240b672fb20: ;   {runtime_call nmethod}
  0x00000240b672fb20: 0000 e9fb 

  0x00000240b672fb24: ;   {static_stub}
  0x00000240b672fb24: ffff ff48 | bb00 0000 | 0000 0000 

  0x00000240b672fb30: ;   {runtime_call nmethod}
  0x00000240b672fb30: 00e9 fbff 

  0x00000240b672fb34: ;   {static_stub}
  0x00000240b672fb34: ffff 48bb | 0000 0000 | 0000 0000 

  0x00000240b672fb40: ;   {runtime_call nmethod}
  0x00000240b672fb40: e9fb ffff 

  0x00000240b672fb44: ;   {static_stub}
  0x00000240b672fb44: ff48 bb00 | 0000 0000 

  0x00000240b672fb4c: ;   {runtime_call nmethod}
  0x00000240b672fb4c: 0000 00e9 | fbff ffff 

  0x00000240b672fb54: ;   {static_stub}
  0x00000240b672fb54: 48bb 0000 | 0000 0000 

  0x00000240b672fb5c: ;   {runtime_call nmethod}
  0x00000240b672fb5c: 0000 e9fb 

  0x00000240b672fb60: ;   {runtime_call handle_exception_from_callee Runtime1 stub}
  0x00000240b672fb60: ffff ffe8 | 182a e506 

  0x00000240b672fb68: ;   {external_word}
  0x00000240b672fb68: 48b9 5063 | 2ebf ff7f | 0000 4883 

  0x00000240b672fb74: ;   {runtime_call}
  0x00000240b672fb74: e4f0 48b8 | c0c9 f0be | ff7f 0000 

  0x00000240b672fb80: ;   {section_word}
  0x00000240b672fb80: ffd0 f449 | ba83 fb72 | b640 0200 

  0x00000240b672fb8c: ;   {runtime_call DeoptimizationBlob}
  0x00000240b672fb8c: 0041 52e9 | 8c4b e206 | f4f4 f4f4 
[/MachCode]


---------------  P R O C E S S  ---------------

Threads class SMR info:
_java_thread_list=0x000002410915eff0, length=153, elements={
0x00000240b2dd6dc0, 0x00000240cf76ff50, 0x00000240cf7737e0, 0x00000240cf774f60,
0x00000240cf7779d0, 0x00000240cf778430, 0x00000240cf778e90, 0x00000240cf779c20,
0x00000240cf7852a0, 0x00000240cfb7cf90, 0x00000240cfcbdcd0, 0x000002410a4d1e60,
0x0000024109179740, 0x00000240cfb207d0, 0x00000241092cc9c0, 0x00000241092cd030,
0x0000024109b21a40, 0x000002410a607000, 0x000002410a6090d0, 0x000002410a605c50,
0x000002410a6083b0, 0x000002410a607d20, 0x000002410a606970, 0x000002410a608a40,
0x000002410a607690, 0x000002410c09f2d0, 0x000002410c09ec40, 0x000002410c0a13a0,
0x000002410c0a2de0, 0x000002410c09f960, 0x000002410c0a2750, 0x000002410c0a3470,
0x000002410c0a0d10, 0x000002410c09fff0, 0x000002410c0a4190, 0x000002410c0a3b00,
0x000002410c0a5bd0, 0x000002410c0a4eb0, 0x000002410c0a6260, 0x000002410df21830,
0x000002410df22550, 0x000002410df23900, 0x000002410df211a0, 0x000002410df25340,
0x000002410df23270, 0x000002410df23f90, 0x000002410df24620, 0x000002410df22be0,
0x000002410df24cb0, 0x000002410df21ec0, 0x000002410df28130, 0x000002410df259d0,
0x000002410df26060, 0x000002410df266f0, 0x000002410df26d80, 0x000002410df27410,
0x000002410df27aa0, 0x000002410df287c0, 0x000002410ac470f0, 0x000002410ac44990,
0x000002410ac45020, 0x000002410ac43c70, 0x000002410ac44300, 0x000002410ac463d0,
0x000002410ac47780, 0x000002410ac45d40, 0x000002410ac46a60, 0x000002410ac484a0,
0x000002410ac47e10, 0x000002410ac456b0, 0x000002410ac4ac00, 0x000002410e4be9c0,
0x000002410e4bf050, 0x000002410e4c0a90, 0x000002410e4bd610, 0x000002410e4c1120,
0x000002410e4bdca0, 0x000002410e4bfd70, 0x000002410e4bf6e0, 0x000002410e4c17b0,
0x000002410e4c0400, 0x000002410e4be330, 0x000002410e4c2b60, 0x000002410e4c31f0,
0x000002410e4c45a0, 0x000002410e4c3880, 0x000002410e4c3f10, 0x000002410e4c1e40,
0x000002410e4c24d0, 0x000002410e4c4c30, 0x000002410d2e2c00, 0x000002410d2e3920,
0x000002410d2e4640, 0x000002410d2e5360, 0x000002410d2e3290, 0x000002410d2e6710,
0x000002410d2e59f0, 0x000002410d2e7430, 0x000002410d2e6080, 0x000002410d2e4cd0,
0x000002410d2e3fb0, 0x000002410d2e9500, 0x000002410d2e8150, 0x000002410d2ea220,
0x000002410d2e87e0, 0x000002410d2e8e70, 0x000002410d2e9b90, 0x000002410d2e6da0,
0x000002410d2e7ac0, 0x000002410add7de0, 0x000002410add9190, 0x000002410add9eb0,
0x000002410add70c0, 0x000002410add8b00, 0x000002410add9820, 0x000002410add8470,
0x000002410add6a30, 0x000002410adda540, 0x000002410add7750, 0x000002410addb8f0,
0x000002410addd330, 0x000002410addd9c0, 0x000002410addbf80, 0x000002410adde050,
0x000002410addc610, 0x000002410addb260, 0x000002410addcca0, 0x000002410e51d3c0,
0x000002410e51ee00, 0x000002410e51e0e0, 0x000002410e51f490, 0x000002410e51c010,
0x000002410e51e770, 0x000002410e51da50, 0x000002410e51fb20, 0x000002410e51c6a0,
0x000002410e5201b0, 0x000002410e51cd30, 0x000002410e523630, 0x000002410e521bf0,
0x000002410e521560, 0x000002410e522910, 0x000002410e520840, 0x000002410e520ed0,
0x000002410e522280, 0x000002410e522fa0, 0x000002410ce0ae50, 0x000002410ce09aa0,
0x000002410ce0a7c0, 0x000002410ce0a130, 0x000002410ce08d80, 0x000002410ce086f0,
0x000002410ce08060
}

Java Threads: ( => current thread )
  0x00000240b2dd6dc0 JavaThread "main"                              [_thread_blocked, id=14168, stack(0x000000b2deb00000,0x000000b2dec00000) (1024K)]
  0x00000240cf76ff50 JavaThread "Reference Handler"          daemon [_thread_blocked, id=12624, stack(0x000000b2df300000,0x000000b2df400000) (1024K)]
  0x00000240cf7737e0 JavaThread "Finalizer"                  daemon [_thread_blocked, id=14416, stack(0x000000b2df400000,0x000000b2df500000) (1024K)]
  0x00000240cf774f60 JavaThread "Signal Dispatcher"          daemon [_thread_blocked, id=18224, stack(0x000000b2df500000,0x000000b2df600000) (1024K)]
  0x00000240cf7779d0 JavaThread "Attach Listener"            daemon [_thread_blocked, id=2968, stack(0x000000b2df600000,0x000000b2df700000) (1024K)]
  0x00000240cf778430 JavaThread "Service Thread"             daemon [_thread_blocked, id=15316, stack(0x000000b2df700000,0x000000b2df800000) (1024K)]
  0x00000240cf778e90 JavaThread "Monitor Deflation Thread"   daemon [_thread_blocked, id=1896, stack(0x000000b2df800000,0x000000b2df900000) (1024K)]
  0x00000240cf779c20 JavaThread "C2 CompilerThread0"         daemon [_thread_blocked, id=10828, stack(0x000000b2df900000,0x000000b2dfa00000) (1024K)]
  0x00000240cf7852a0 JavaThread "C1 CompilerThread0"         daemon [_thread_blocked, id=17708, stack(0x000000b2dfa00000,0x000000b2dfb00000) (1024K)]
  0x00000240cfb7cf90 JavaThread "Common-Cleaner"             daemon [_thread_blocked, id=20224, stack(0x000000b2dfb00000,0x000000b2dfc00000) (1024K)]
  0x00000240cfcbdcd0 JavaThread "Notification Thread"        daemon [_thread_blocked, id=8512, stack(0x000000b2dfc00000,0x000000b2dfd00000) (1024K)]
  0x000002410a4d1e60 JavaThread "Daemon health stats"               [_thread_blocked, id=19968, stack(0x000000b2e0200000,0x000000b2e0300000) (1024K)]
  0x0000024109179740 JavaThread "Incoming local TCP Connector on port 13049"        [_thread_in_native, id=18644, stack(0x000000b2e0300000,0x000000b2e0400000) (1024K)]
  0x00000240cfb207d0 JavaThread "Daemon periodic checks"            [_thread_blocked, id=20360, stack(0x000000b2e0500000,0x000000b2e0600000) (1024K)]
  0x00000241092cc9c0 JavaThread "Daemon"                            [_thread_blocked, id=17208, stack(0x000000b2e0400000,0x000000b2e0500000) (1024K)]
  0x00000241092cd030 JavaThread "Handler for socket connection from /127.0.0.1:13049 to /127.0.0.1:13051"        [_thread_in_native, id=6180, stack(0x000000b2e0600000,0x000000b2e0700000) (1024K)]
  0x0000024109b21a40 JavaThread "Cancel handler"                    [_thread_blocked, id=8720, stack(0x000000b2e0700000,0x000000b2e0800000) (1024K)]
=>0x000002410a607000 JavaThread "Daemon worker"                     [_thread_in_vm, id=16176, stack(0x000000b2e0800000,0x000000b2e0900000) (1024K)]
  0x000002410a6090d0 JavaThread "Asynchronous log dispatcher for DefaultDaemonConnection: socket connection from /127.0.0.1:13049 to /127.0.0.1:13051"        [_thread_blocked, id=10504, stack(0x000000b2e0d00000,0x000000b2e0e00000) (1024K)]
  0x000002410a605c50 JavaThread "Stdin handler"                     [_thread_blocked, id=19576, stack(0x000000b2e0e00000,0x000000b2e0f00000) (1024K)]
  0x000002410a6083b0 JavaThread "Daemon client event forwarder"        [_thread_blocked, id=14652, stack(0x000000b2e0f00000,0x000000b2e1000000) (1024K)]
  0x000002410a607d20 JavaThread "Cache worker for journal cache (C:\Users\nimes\.gradle\caches\journal-1)"        [_thread_blocked, id=12528, stack(0x000000b2e1000000,0x000000b2e1100000) (1024K)]
  0x000002410a606970 JavaThread "File lock request listener"        [_thread_in_native, id=2852, stack(0x000000b2e1100000,0x000000b2e1200000) (1024K)]
  0x000002410a608a40 JavaThread "Cache worker for file hash cache (C:\Users\nimes\.gradle\caches\8.14\fileHashes)"        [_thread_blocked, id=19960, stack(0x000000b2e1200000,0x000000b2e1300000) (1024K)]
  0x000002410a607690 JavaThread "File lock release action executor"        [_thread_blocked, id=20684, stack(0x000000b2e1300000,0x000000b2e1400000) (1024K)]
  0x000002410c09f2d0 JavaThread "Cache worker for file hash cache (D:\Academics\Semester 5\Softwair Project\Sofware Project\aqua_mobile\android\.gradle\8.14\fileHashes)"        [_thread_blocked, id=20800, stack(0x000000b2e1700000,0x000000b2e1800000) (1024K)]
  0x000002410c09ec40 JavaThread "Cache worker for Build Output Cleanup Cache (D:\Academics\Semester 5\Softwair Project\Sofware Project\aqua_mobile\android\.gradle\buildOutputCleanup)"        [_thread_blocked, id=20816, stack(0x000000b2e1600000,0x000000b2e1700000) (1024K)]
  0x000002410c0a13a0 JavaThread "File watcher server"        daemon [_thread_in_native, id=20912, stack(0x000000b2e1800000,0x000000b2e1900000) (1024K)]
  0x000002410c0a2de0 JavaThread "File watcher consumer"      daemon [_thread_blocked, id=20928, stack(0x000000b2e1900000,0x000000b2e1a00000) (1024K)]
  0x000002410c09f960 JavaThread "jar transforms"                    [_thread_blocked, id=21444, stack(0x000000b2e1a00000,0x000000b2e1b00000) (1024K)]
  0x000002410c0a2750 JavaThread "jar transforms Thread 2"           [_thread_blocked, id=8112, stack(0x000000b2e1b00000,0x000000b2e1c00000) (1024K)]
  0x000002410c0a3470 JavaThread "Cache worker for checksums cache (D:\Academics\Semester 5\Softwair Project\Sofware Project\aqua_mobile\android\.gradle\8.14\checksums)"        [_thread_blocked, id=15748, stack(0x000000b2e1c00000,0x000000b2e1d00000) (1024K)]
  0x000002410c0a0d10 JavaThread "Cache worker for file content cache (C:\Users\nimes\.gradle\caches\8.14\fileContent)"        [_thread_blocked, id=16216, stack(0x000000b2e1d00000,0x000000b2e1e00000) (1024K)]
  0x000002410c09fff0 JavaThread "Cache worker for cache directory md-supplier (C:\Users\nimes\.gradle\caches\8.14\md-supplier)"        [_thread_blocked, id=20436, stack(0x000000b2e1e00000,0x000000b2e1f00000) (1024K)]
  0x000002410c0a4190 JavaThread "Cache worker for cache directory md-rule (C:\Users\nimes\.gradle\caches\8.14\md-rule)"        [_thread_blocked, id=1744, stack(0x000000b2e1f00000,0x000000b2e2000000) (1024K)]
  0x000002410c0a3b00 JavaThread "Cache worker for Build Output Cleanup Cache (C:\flutter\packages\flutter_tools\gradle\.gradle\buildOutputCleanup)"        [_thread_blocked, id=11772, stack(0x000000b2e2000000,0x000000b2e2100000) (1024K)]
  0x000002410c0a5bd0 JavaThread "Unconstrained build operations"        [_thread_blocked, id=19216, stack(0x000000b2de800000,0x000000b2de900000) (1024K)]
  0x000002410c0a4eb0 JavaThread "Unconstrained build operations Thread 2"        [_thread_blocked, id=21104, stack(0x000000b2de900000,0x000000b2dea00000) (1024K)]
  0x000002410c0a6260 JavaThread "Unconstrained build operations Thread 3"        [_thread_blocked, id=14552, stack(0x000000b2dea00000,0x000000b2deb00000) (1024K)]
  0x000002410df21830 JavaThread "Unconstrained build operations Thread 4"        [_thread_blocked, id=21496, stack(0x000000b2e2100000,0x000000b2e2200000) (1024K)]
  0x000002410df22550 JavaThread "Unconstrained build operations Thread 5"        [_thread_blocked, id=17600, stack(0x000000b2e2200000,0x000000b2e2300000) (1024K)]
  0x000002410df23900 JavaThread "Unconstrained build operations Thread 6"        [_thread_blocked, id=8644, stack(0x000000b2e2300000,0x000000b2e2400000) (1024K)]
  0x000002410df211a0 JavaThread "Unconstrained build operations Thread 7"        [_thread_blocked, id=20844, stack(0x000000b2e2400000,0x000000b2e2500000) (1024K)]
  0x000002410df25340 JavaThread "Unconstrained build operations Thread 8"        [_thread_blocked, id=13832, stack(0x000000b2e2500000,0x000000b2e2600000) (1024K)]
  0x000002410df23270 JavaThread "Unconstrained build operations Thread 9"        [_thread_blocked, id=17460, stack(0x000000b2e2600000,0x000000b2e2700000) (1024K)]
  0x000002410df23f90 JavaThread "Unconstrained build operations Thread 10"        [_thread_blocked, id=20752, stack(0x000000b2e2700000,0x000000b2e2800000) (1024K)]
  0x000002410df24620 JavaThread "Unconstrained build operations Thread 11"        [_thread_blocked, id=10500, stack(0x000000b2e2800000,0x000000b2e2900000) (1024K)]
  0x000002410df22be0 JavaThread "Unconstrained build operations Thread 12"        [_thread_blocked, id=21668, stack(0x000000b2e2900000,0x000000b2e2a00000) (1024K)]
  0x000002410df24cb0 JavaThread "Unconstrained build operations Thread 13"        [_thread_blocked, id=21672, stack(0x000000b2e2a00000,0x000000b2e2b00000) (1024K)]
  0x000002410df21ec0 JavaThread "Unconstrained build operations Thread 14"        [_thread_blocked, id=21680, stack(0x000000b2e2b00000,0x000000b2e2c00000) (1024K)]
  0x000002410df28130 JavaThread "Unconstrained build operations Thread 15"        [_thread_blocked, id=21684, stack(0x000000b2e2c00000,0x000000b2e2d00000) (1024K)]
  0x000002410df259d0 JavaThread "Unconstrained build operations Thread 16"        [_thread_blocked, id=21688, stack(0x000000b2e2d00000,0x000000b2e2e00000) (1024K)]
  0x000002410df26060 JavaThread "Unconstrained build operations Thread 17"        [_thread_blocked, id=21692, stack(0x000000b2e2e00000,0x000000b2e2f00000) (1024K)]
  0x000002410df266f0 JavaThread "Unconstrained build operations Thread 18"        [_thread_blocked, id=21696, stack(0x000000b2e2f00000,0x000000b2e3000000) (1024K)]
  0x000002410df26d80 JavaThread "Unconstrained build operations Thread 19"        [_thread_blocked, id=21700, stack(0x000000b2e3000000,0x000000b2e3100000) (1024K)]
  0x000002410df27410 JavaThread "Unconstrained build operations Thread 20"        [_thread_blocked, id=21704, stack(0x000000b2e3100000,0x000000b2e3200000) (1024K)]
  0x000002410df27aa0 JavaThread "Unconstrained build operations Thread 21"        [_thread_blocked, id=21708, stack(0x000000b2e3200000,0x000000b2e3300000) (1024K)]
  0x000002410df287c0 JavaThread "Unconstrained build operations Thread 22"        [_thread_blocked, id=21712, stack(0x000000b2e3300000,0x000000b2e3400000) (1024K)]
  0x000002410ac470f0 JavaThread "Unconstrained build operations Thread 23"        [_thread_blocked, id=21904, stack(0x000000b2e3500000,0x000000b2e3600000) (1024K)]
  0x000002410ac44990 JavaThread "Unconstrained build operations Thread 24"        [_thread_blocked, id=21908, stack(0x000000b2e3600000,0x000000b2e3700000) (1024K)]
  0x000002410ac45020 JavaThread "Unconstrained build operations Thread 25"        [_thread_blocked, id=21920, stack(0x000000b2e3700000,0x000000b2e3800000) (1024K)]
  0x000002410ac43c70 JavaThread "Unconstrained build operations Thread 26"        [_thread_blocked, id=21944, stack(0x000000b2e3800000,0x000000b2e3900000) (1024K)]
  0x000002410ac44300 JavaThread "Unconstrained build operations Thread 27"        [_thread_blocked, id=21952, stack(0x000000b2e3900000,0x000000b2e3a00000) (1024K)]
  0x000002410ac463d0 JavaThread "Unconstrained build operations Thread 28"        [_thread_blocked, id=21956, stack(0x000000b2e3a00000,0x000000b2e3b00000) (1024K)]
  0x000002410ac47780 JavaThread "Unconstrained build operations Thread 29"        [_thread_blocked, id=21964, stack(0x000000b2e3b00000,0x000000b2e3c00000) (1024K)]
  0x000002410ac45d40 JavaThread "Unconstrained build operations Thread 30"        [_thread_blocked, id=21980, stack(0x000000b2e3c00000,0x000000b2e3d00000) (1024K)]
  0x000002410ac46a60 JavaThread "Unconstrained build operations Thread 31"        [_thread_blocked, id=21984, stack(0x000000b2e3d00000,0x000000b2e3e00000) (1024K)]
  0x000002410ac484a0 JavaThread "Unconstrained build operations Thread 32"        [_thread_blocked, id=21988, stack(0x000000b2e3e00000,0x000000b2e3f00000) (1024K)]
  0x000002410ac47e10 JavaThread "Unconstrained build operations Thread 33"        [_thread_blocked, id=21992, stack(0x000000b2e3f00000,0x000000b2e4000000) (1024K)]
  0x000002410ac456b0 JavaThread "Memory manager"                    [_thread_blocked, id=22188, stack(0x000000b2e3400000,0x000000b2e3500000) (1024K)]
  0x000002410ac4ac00 JavaThread "build event listener"              [_thread_blocked, id=20188, stack(0x000000b2e4000000,0x000000b2e4100000) (1024K)]
  0x000002410e4be9c0 JavaThread "included builds"                   [_thread_blocked, id=11220, stack(0x000000b2e4100000,0x000000b2e4200000) (1024K)]
  0x000002410e4bf050 JavaThread "Execution worker"                  [_thread_blocked, id=23204, stack(0x000000b2e4200000,0x000000b2e4300000) (1024K)]
  0x000002410e4c0a90 JavaThread "Execution worker Thread 2"         [_thread_blocked, id=20404, stack(0x000000b2e4300000,0x000000b2e4400000) (1024K)]
  0x000002410e4bd610 JavaThread "Execution worker Thread 3"         [_thread_blocked, id=20276, stack(0x000000b2e4400000,0x000000b2e4500000) (1024K)]
  0x000002410e4c1120 JavaThread "Execution worker Thread 4"         [_thread_blocked, id=14976, stack(0x000000b2e4500000,0x000000b2e4600000) (1024K)]
  0x000002410e4bdca0 JavaThread "Execution worker Thread 5"         [_thread_blocked, id=11356, stack(0x000000b2e4600000,0x000000b2e4700000) (1024K)]
  0x000002410e4bfd70 JavaThread "Execution worker Thread 6"         [_thread_blocked, id=12412, stack(0x000000b2e4700000,0x000000b2e4800000) (1024K)]
  0x000002410e4bf6e0 JavaThread "Execution worker Thread 7"         [_thread_blocked, id=23216, stack(0x000000b2e4800000,0x000000b2e4900000) (1024K)]
  0x000002410e4c17b0 JavaThread "Execution worker Thread 8"         [_thread_blocked, id=22016, stack(0x000000b2e4900000,0x000000b2e4a00000) (1024K)]
  0x000002410e4c0400 JavaThread "Execution worker Thread 9"         [_thread_blocked, id=19320, stack(0x000000b2e4a00000,0x000000b2e4b00000) (1024K)]
  0x000002410e4be330 JavaThread "Execution worker Thread 10"        [_thread_blocked, id=22412, stack(0x000000b2e4b00000,0x000000b2e4c00000) (1024K)]
  0x000002410e4c2b60 JavaThread "Execution worker Thread 11"        [_thread_blocked, id=2708, stack(0x000000b2e4c00000,0x000000b2e4d00000) (1024K)]
  0x000002410e4c31f0 JavaThread "Cache worker for execution history cache (C:\flutter\packages\flutter_tools\gradle\.gradle\8.14\executionHistory)"        [_thread_blocked, id=20056, stack(0x000000b2e4d00000,0x000000b2e4e00000) (1024K)]
  0x000002410e4c45a0 JavaThread "Unconstrained build operations Thread 34"        [_thread_blocked, id=22004, stack(0x000000b2e4e00000,0x000000b2e4f00000) (1024K)]
  0x000002410e4c3880 JavaThread "Unconstrained build operations Thread 35"        [_thread_blocked, id=2684, stack(0x000000b2e4f00000,0x000000b2e5000000) (1024K)]
  0x000002410e4c3f10 JavaThread "Unconstrained build operations Thread 36"        [_thread_blocked, id=23508, stack(0x000000b2e5000000,0x000000b2e5100000) (1024K)]
  0x000002410e4c1e40 JavaThread "Unconstrained build operations Thread 37"        [_thread_blocked, id=21216, stack(0x000000b2e5100000,0x000000b2e5200000) (1024K)]
  0x000002410e4c24d0 JavaThread "Unconstrained build operations Thread 38"        [_thread_blocked, id=18896, stack(0x000000b2e5200000,0x000000b2e5300000) (1024K)]
  0x000002410e4c4c30 JavaThread "Unconstrained build operations Thread 39"        [_thread_blocked, id=23520, stack(0x000000b2e5300000,0x000000b2e5400000) (1024K)]
  0x000002410d2e2c00 JavaThread "Unconstrained build operations Thread 40"        [_thread_blocked, id=18676, stack(0x000000b2e5400000,0x000000b2e5500000) (1024K)]
  0x000002410d2e3920 JavaThread "Unconstrained build operations Thread 41"        [_thread_blocked, id=22612, stack(0x000000b2e5500000,0x000000b2e5600000) (1024K)]
  0x000002410d2e4640 JavaThread "Unconstrained build operations Thread 42"        [_thread_blocked, id=14608, stack(0x000000b2e5600000,0x000000b2e5700000) (1024K)]
  0x000002410d2e5360 JavaThread "Unconstrained build operations Thread 43"        [_thread_blocked, id=17468, stack(0x000000b2e5700000,0x000000b2e5800000) (1024K)]
  0x000002410d2e3290 JavaThread "Unconstrained build operations Thread 44"        [_thread_blocked, id=23412, stack(0x000000b2e5800000,0x000000b2e5900000) (1024K)]
  0x000002410d2e6710 JavaThread "Unconstrained build operations Thread 45"        [_thread_blocked, id=8768, stack(0x000000b2e5900000,0x000000b2e5a00000) (1024K)]
  0x000002410d2e59f0 JavaThread "Unconstrained build operations Thread 46"        [_thread_blocked, id=22012, stack(0x000000b2e5a00000,0x000000b2e5b00000) (1024K)]
  0x000002410d2e7430 JavaThread "Unconstrained build operations Thread 47"        [_thread_blocked, id=22932, stack(0x000000b2e5b00000,0x000000b2e5c00000) (1024K)]
  0x000002410d2e6080 JavaThread "Unconstrained build operations Thread 48"        [_thread_blocked, id=23504, stack(0x000000b2e5c00000,0x000000b2e5d00000) (1024K)]
  0x000002410d2e4cd0 JavaThread "Unconstrained build operations Thread 49"        [_thread_blocked, id=628, stack(0x000000b2e5d00000,0x000000b2e5e00000) (1024K)]
  0x000002410d2e3fb0 JavaThread "Unconstrained build operations Thread 50"        [_thread_blocked, id=13152, stack(0x000000b2e5e00000,0x000000b2e5f00000) (1024K)]
  0x000002410d2e9500 JavaThread "Unconstrained build operations Thread 51"        [_thread_blocked, id=11704, stack(0x000000b2e5f00000,0x000000b2e6000000) (1024K)]
  0x000002410d2e8150 JavaThread "Unconstrained build operations Thread 52"        [_thread_blocked, id=16776, stack(0x000000b2e6000000,0x000000b2e6100000) (1024K)]
  0x000002410d2ea220 JavaThread "Unconstrained build operations Thread 53"        [_thread_blocked, id=21244, stack(0x000000b2e6100000,0x000000b2e6200000) (1024K)]
  0x000002410d2e87e0 JavaThread "Unconstrained build operations Thread 54"        [_thread_blocked, id=20632, stack(0x000000b2e6200000,0x000000b2e6300000) (1024K)]
  0x000002410d2e8e70 JavaThread "Unconstrained build operations Thread 55"        [_thread_blocked, id=22256, stack(0x000000b2e6300000,0x000000b2e6400000) (1024K)]
  0x000002410d2e9b90 JavaThread "Unconstrained build operations Thread 56"        [_thread_blocked, id=2908, stack(0x000000b2e6400000,0x000000b2e6500000) (1024K)]
  0x000002410d2e6da0 JavaThread "Unconstrained build operations Thread 57"        [_thread_blocked, id=19844, stack(0x000000b2e6500000,0x000000b2e6600000) (1024K)]
  0x000002410d2e7ac0 JavaThread "Unconstrained build operations Thread 58"        [_thread_blocked, id=19816, stack(0x000000b2e6600000,0x000000b2e6700000) (1024K)]
  0x000002410add7de0 JavaThread "Unconstrained build operations Thread 59"        [_thread_blocked, id=20424, stack(0x000000b2e6700000,0x000000b2e6800000) (1024K)]
  0x000002410add9190 JavaThread "Unconstrained build operations Thread 60"        [_thread_blocked, id=20016, stack(0x000000b2e6800000,0x000000b2e6900000) (1024K)]
  0x000002410add9eb0 JavaThread "Unconstrained build operations Thread 61"        [_thread_blocked, id=2268, stack(0x000000b2e6900000,0x000000b2e6a00000) (1024K)]
  0x000002410add70c0 JavaThread "Unconstrained build operations Thread 62"        [_thread_blocked, id=20580, stack(0x000000b2e6a00000,0x000000b2e6b00000) (1024K)]
  0x000002410add8b00 JavaThread "Unconstrained build operations Thread 63"        [_thread_blocked, id=19536, stack(0x000000b2e6b00000,0x000000b2e6c00000) (1024K)]
  0x000002410add9820 JavaThread "Unconstrained build operations Thread 64"        [_thread_blocked, id=19736, stack(0x000000b2e6c00000,0x000000b2e6d00000) (1024K)]
  0x000002410add8470 JavaThread "Unconstrained build operations Thread 65"        [_thread_blocked, id=21084, stack(0x000000b2e6d00000,0x000000b2e6e00000) (1024K)]
  0x000002410add6a30 JavaThread "Unconstrained build operations Thread 66"        [_thread_blocked, id=20260, stack(0x000000b2e6e00000,0x000000b2e6f00000) (1024K)]
  0x000002410adda540 JavaThread "Unconstrained build operations Thread 67"        [_thread_blocked, id=20756, stack(0x000000b2e7000000,0x000000b2e7100000) (1024K)]
  0x000002410add7750 JavaThread "Unconstrained build operations Thread 68"        [_thread_blocked, id=8136, stack(0x000000b2e7100000,0x000000b2e7200000) (1024K)]
  0x000002410addb8f0 JavaThread "Unconstrained build operations Thread 69"        [_thread_blocked, id=21172, stack(0x000000b2e6f00000,0x000000b2e7000000) (1024K)]
  0x000002410addd330 JavaThread "Unconstrained build operations Thread 70"        [_thread_blocked, id=18004, stack(0x000000b2e7200000,0x000000b2e7300000) (1024K)]
  0x000002410addd9c0 JavaThread "Unconstrained build operations Thread 71"        [_thread_blocked, id=20620, stack(0x000000b2e7300000,0x000000b2e7400000) (1024K)]
  0x000002410addbf80 JavaThread "Unconstrained build operations Thread 72"        [_thread_blocked, id=18856, stack(0x000000b2e7400000,0x000000b2e7500000) (1024K)]
  0x000002410adde050 JavaThread "Unconstrained build operations Thread 73"        [_thread_blocked, id=19892, stack(0x000000b2e7500000,0x000000b2e7600000) (1024K)]
  0x000002410addc610 JavaThread "Unconstrained build operations Thread 74"        [_thread_blocked, id=3944, stack(0x000000b2e7600000,0x000000b2e7700000) (1024K)]
  0x000002410addb260 JavaThread "Unconstrained build operations Thread 75"        [_thread_blocked, id=9684, stack(0x000000b2e7700000,0x000000b2e7800000) (1024K)]
  0x000002410addcca0 JavaThread "Unconstrained build operations Thread 76"        [_thread_blocked, id=20724, stack(0x000000b2e7800000,0x000000b2e7900000) (1024K)]
  0x000002410e51d3c0 JavaThread "Unconstrained build operations Thread 77"        [_thread_blocked, id=22472, stack(0x000000b2e7900000,0x000000b2e7a00000) (1024K)]
  0x000002410e51ee00 JavaThread "Unconstrained build operations Thread 78"        [_thread_blocked, id=22876, stack(0x000000b2e7a00000,0x000000b2e7b00000) (1024K)]
  0x000002410e51e0e0 JavaThread "Unconstrained build operations Thread 79"        [_thread_blocked, id=15568, stack(0x000000b2e7b00000,0x000000b2e7c00000) (1024K)]
  0x000002410e51f490 JavaThread "Unconstrained build operations Thread 80"        [_thread_blocked, id=8448, stack(0x000000b2e7c00000,0x000000b2e7d00000) (1024K)]
  0x000002410e51c010 JavaThread "Unconstrained build operations Thread 81"        [_thread_blocked, id=23296, stack(0x000000b2e7d00000,0x000000b2e7e00000) (1024K)]
  0x000002410e51e770 JavaThread "Unconstrained build operations Thread 82"        [_thread_blocked, id=23316, stack(0x000000b2e7e00000,0x000000b2e7f00000) (1024K)]
  0x000002410e51da50 JavaThread "Unconstrained build operations Thread 83"        [_thread_blocked, id=15052, stack(0x000000b2e7f00000,0x000000b2e8000000) (1024K)]
  0x000002410e51fb20 JavaThread "Unconstrained build operations Thread 84"        [_thread_blocked, id=19388, stack(0x000000b2e8000000,0x000000b2e8100000) (1024K)]
  0x000002410e51c6a0 JavaThread "Unconstrained build operations Thread 85"        [_thread_blocked, id=8452, stack(0x000000b2e8100000,0x000000b2e8200000) (1024K)]
  0x000002410e5201b0 JavaThread "Unconstrained build operations Thread 86"        [_thread_blocked, id=19012, stack(0x000000b2e8200000,0x000000b2e8300000) (1024K)]
  0x000002410e51cd30 JavaThread "Unconstrained build operations Thread 87"        [_thread_blocked, id=10516, stack(0x000000b2e8300000,0x000000b2e8400000) (1024K)]
  0x000002410e523630 JavaThread "Unconstrained build operations Thread 88"        [_thread_blocked, id=18380, stack(0x000000b2e8400000,0x000000b2e8500000) (1024K)]
  0x000002410e521bf0 JavaThread "Unconstrained build operations Thread 89"        [_thread_blocked, id=22212, stack(0x000000b2e8500000,0x000000b2e8600000) (1024K)]
  0x000002410e521560 JavaThread "Unconstrained build operations Thread 90"        [_thread_blocked, id=20460, stack(0x000000b2e8600000,0x000000b2e8700000) (1024K)]
  0x000002410e522910 JavaThread "Unconstrained build operations Thread 91"        [_thread_blocked, id=21452, stack(0x000000b2e8800000,0x000000b2e8900000) (1024K)]
  0x000002410e520840 JavaThread "Unconstrained build operations Thread 92"        [_thread_blocked, id=21456, stack(0x000000b2e8900000,0x000000b2e8a00000) (1024K)]
  0x000002410e520ed0 JavaThread "Unconstrained build operations Thread 93"        [_thread_blocked, id=21376, stack(0x000000b2e8a00000,0x000000b2e8b00000) (1024K)]
  0x000002410e522280 JavaThread "Unconstrained build operations Thread 94"        [_thread_blocked, id=2808, stack(0x000000b2e8b00000,0x000000b2e8c00000) (1024K)]
  0x000002410e522fa0 JavaThread "Unconstrained build operations Thread 95"        [_thread_blocked, id=20256, stack(0x000000b2e8c00000,0x000000b2e8d00000) (1024K)]
  0x000002410ce0ae50 JavaThread "Unconstrained build operations Thread 96"        [_thread_blocked, id=6424, stack(0x000000b2e8d00000,0x000000b2e8e00000) (1024K)]
  0x000002410ce09aa0 JavaThread "Unconstrained build operations Thread 97"        [_thread_blocked, id=10448, stack(0x000000b2e8e00000,0x000000b2e8f00000) (1024K)]
  0x000002410ce0a7c0 JavaThread "Unconstrained build operations Thread 98"        [_thread_blocked, id=21608, stack(0x000000b2e8f00000,0x000000b2e9000000) (1024K)]
  0x000002410ce0a130 JavaThread "Unconstrained build operations Thread 99"        [_thread_blocked, id=19028, stack(0x000000b2e9000000,0x000000b2e9100000) (1024K)]
  0x000002410ce08d80 JavaThread "Unconstrained build operations Thread 100"        [_thread_blocked, id=22232, stack(0x000000b2e9100000,0x000000b2e9200000) (1024K)]
  0x000002410ce086f0 JavaThread "Unconstrained build operations Thread 101"        [_thread_blocked, id=22920, stack(0x000000b2e9200000,0x000000b2e9300000) (1024K)]
  0x000002410ce08060 JavaThread "build event listener"              [_thread_blocked, id=22772, stack(0x000000b2e8700000,0x000000b2e8800000) (1024K)]
Total: 153

Other Threads:
  0x00000240cf752820 VMThread "VM Thread"                           [id=8796, stack(0x000000b2df200000,0x000000b2df300000) (1024K)] _threads_hazard_ptr=0x000002410915eff0
  0x00000240b2dce1d0 WatcherThread "VM Periodic Task Thread"        [id=19668, stack(0x000000b2df100000,0x000000b2df200000) (1024K)]
  0x00000240b2e5be20 WorkerThread "GC Thread#0"                     [id=20472, stack(0x000000b2dec00000,0x000000b2ded00000) (1024K)]
  0x00000240cfd05dc0 WorkerThread "GC Thread#1"                     [id=5636, stack(0x000000b2dfd00000,0x000000b2dfe00000) (1024K)]
  0x00000240cfd0dcf0 WorkerThread "GC Thread#2"                     [id=15544, stack(0x000000b2dfe00000,0x000000b2dff00000) (1024K)]
  0x00000240cfcc0b60 WorkerThread "GC Thread#3"                     [id=19444, stack(0x000000b2dff00000,0x000000b2e0000000) (1024K)]
  0x00000240cfcc0f10 WorkerThread "GC Thread#4"                     [id=7216, stack(0x000000b2e0000000,0x000000b2e0100000) (1024K)]
  0x00000240cfcc12c0 WorkerThread "GC Thread#5"                     [id=7192, stack(0x000000b2e0100000,0x000000b2e0200000) (1024K)]
  0x000002410a60dc20 WorkerThread "GC Thread#6"                     [id=14036, stack(0x000000b2e0900000,0x000000b2e0a00000) (1024K)]
  0x000002410a60dfd0 WorkerThread "GC Thread#7"                     [id=14972, stack(0x000000b2e0a00000,0x000000b2e0b00000) (1024K)]
  0x000002410a60e380 WorkerThread "GC Thread#8"                     [id=7432, stack(0x000000b2e0b00000,0x000000b2e0c00000) (1024K)]
  0x000002410a60f2b0 WorkerThread "GC Thread#9"                     [id=10520, stack(0x000000b2e0c00000,0x000000b2e0d00000) (1024K)]
  0x00000240b2e68d20 ConcurrentGCThread "G1 Main Marker"            [id=20112, stack(0x000000b2ded00000,0x000000b2dee00000) (1024K)]
  0x00000240b2e69740 WorkerThread "G1 Conc#0"                       [id=19564, stack(0x000000b2dee00000,0x000000b2def00000) (1024K)]
  0x000002410b75aeb0 WorkerThread "G1 Conc#1"                       [id=20728, stack(0x000000b2e1400000,0x000000b2e1500000) (1024K)]
  0x000002410b75a750 WorkerThread "G1 Conc#2"                       [id=20732, stack(0x000000b2e1500000,0x000000b2e1600000) (1024K)]
  0x00000240cf612070 ConcurrentGCThread "G1 Refine#0"               [id=2616, stack(0x000000b2def00000,0x000000b2df000000) (1024K)]
  0x00000240cf612b00 ConcurrentGCThread "G1 Service"                [id=6920, stack(0x000000b2df000000,0x000000b2df100000) (1024K)]
Total: 18

Threads with active compile tasks:
Total: 0

VM state: not at safepoint (normal execution)

VM Mutex/Monitor currently owned by a thread:  ([mutex/lock_event])
[0x00007fffbf59d530] Metaspace_lock - owner thread: 0x000002410a607000

Heap address: 0x0000000680000000, size: 6144 MB, Compressed Oops mode: Zero based, Oop shift amount: 3

CDS archive(s) mapped at: [0x00000240d0000000-0x00000240d0ba0000-0x00000240d0ba0000), size 12189696, SharedBaseAddress: 0x00000240d0000000, ArchiveRelocationMode: 1.
Compressed class space mapped at: 0x00000240d1000000-0x0000024105000000, reserved size: 872415232
Narrow klass base: 0x00000240d0000000, Narrow klass shift: 0, Narrow klass range: 0x100000000

GC Precious Log:
 CardTable entry size: 512
 Card Set container configuration: InlinePtr #cards 4 size 8 Array Of Cards #cards 32 size 80 Howl #buckets 8 coarsen threshold 7372 Howl Bitmap #cards 1024 size 144 coarsen threshold 921 Card regions per heap region 1 cards per card region 8192
 CPUs: 12 total, 12 available
 Memory: 16088M
 Large Page Support: Disabled
 NUMA Support: Disabled
 Compressed Oops: Enabled (Zero based)
 Heap Region Size: 4M
 Heap Min Capacity: 8M
 Heap Initial Capacity: 252M
 Heap Max Capacity: 6G
 Pre-touch: Disabled
 Parallel Workers: 10
 Concurrent Workers: 3
 Concurrent Refinement Workers: 10
 Periodic GC: Disabled

Heap:
 garbage-first heap   total 159744K, used 97887K [0x0000000680000000, 0x0000000800000000)
  region size 4096K, 3 young (12288K), 1 survivors (4096K)
 Metaspace       used 90256K, committed 92416K, reserved 983040K
  class space    used 12819K, committed 13888K, reserved 851968K

Heap Regions: E=young(eden), S=young(survivor), O=old, HS=humongous(starts), HC=humongous(continues), CS=collection set, F=free, TAMS=top-at-mark-start, PB=parsable bottom
|   0|0x0000000680000000, 0x0000000680400000, 0x0000000680400000|100%|HS|  |TAMS 0x0000000680000000| PB 0x0000000680000000| Complete 
|   1|0x0000000680400000, 0x0000000680800000, 0x0000000680800000|100%| O|  |TAMS 0x0000000680400000| PB 0x0000000680400000| Untracked 
|   2|0x0000000680800000, 0x0000000680c00000, 0x0000000680c00000|100%| O|  |TAMS 0x0000000680800000| PB 0x0000000680800000| Untracked 
|   3|0x0000000680c00000, 0x0000000681000000, 0x0000000681000000|100%| O|  |TAMS 0x0000000680c00000| PB 0x0000000680c00000| Untracked 
|   4|0x0000000681000000, 0x0000000681400000, 0x0000000681400000|100%| O|  |TAMS 0x0000000681000000| PB 0x0000000681000000| Untracked 
|   5|0x0000000681400000, 0x0000000681800000, 0x0000000681800000|100%| O|  |TAMS 0x0000000681400000| PB 0x0000000681400000| Untracked 
|   6|0x0000000681800000, 0x0000000681c00000, 0x0000000681c00000|100%| O|  |TAMS 0x0000000681800000| PB 0x0000000681800000| Untracked 
|   7|0x0000000681c00000, 0x0000000682000000, 0x0000000682000000|100%| O|  |TAMS 0x0000000681c00000| PB 0x0000000681c00000| Untracked 
|   8|0x0000000682000000, 0x0000000682400000, 0x0000000682400000|100%| O|  |TAMS 0x0000000682000000| PB 0x0000000682000000| Untracked 
|   9|0x0000000682400000, 0x0000000682800000, 0x0000000682800000|100%| O|  |TAMS 0x0000000682400000| PB 0x0000000682400000| Untracked 
|  10|0x0000000682800000, 0x0000000682800000, 0x0000000682c00000|  0%| F|  |TAMS 0x0000000682800000| PB 0x0000000682800000| Untracked 
|  11|0x0000000682c00000, 0x0000000683000000, 0x0000000683000000|100%| O|  |TAMS 0x0000000682c00000| PB 0x0000000682c00000| Untracked 
|  12|0x0000000683000000, 0x0000000683400000, 0x0000000683400000|100%| O|  |TAMS 0x0000000683000000| PB 0x0000000683000000| Untracked 
|  13|0x0000000683400000, 0x0000000683800000, 0x0000000683800000|100%| O|  |TAMS 0x0000000683400000| PB 0x0000000683400000| Untracked 
|  14|0x0000000683800000, 0x0000000683c00000, 0x0000000683c00000|100%| O|Cm|TAMS 0x0000000683800000| PB 0x0000000683800000| Complete 
|  15|0x0000000683c00000, 0x0000000684000000, 0x0000000684000000|100%| O|  |TAMS 0x0000000683c00000| PB 0x0000000683c00000| Untracked 
|  16|0x0000000684000000, 0x0000000684400000, 0x0000000684400000|100%| O|  |TAMS 0x0000000684000000| PB 0x0000000684000000| Untracked 
|  17|0x0000000684400000, 0x0000000684800000, 0x0000000684800000|100%| O|  |TAMS 0x0000000684400000| PB 0x0000000684400000| Untracked 
|  18|0x0000000684800000, 0x0000000684bd79e8, 0x0000000684c00000| 96%| O|  |TAMS 0x0000000684800000| PB 0x0000000684800000| Untracked 
|  19|0x0000000684c00000, 0x0000000684c00000, 0x0000000685000000|  0%| F|  |TAMS 0x0000000684c00000| PB 0x0000000684c00000| Untracked 
|  20|0x0000000685000000, 0x0000000685000000, 0x0000000685400000|  0%| F|  |TAMS 0x0000000685000000| PB 0x0000000685000000| Untracked 
|  21|0x0000000685400000, 0x0000000685400000, 0x0000000685800000|  0%| F|  |TAMS 0x0000000685400000| PB 0x0000000685400000| Untracked 
|  22|0x0000000685800000, 0x0000000685bc0358, 0x0000000685c00000| 93%| S|CS|TAMS 0x0000000685800000| PB 0x0000000685800000| Complete 
|  23|0x0000000685c00000, 0x0000000685c00000, 0x0000000686000000|  0%| F|  |TAMS 0x0000000685c00000| PB 0x0000000685c00000| Untracked 
|  24|0x0000000686000000, 0x0000000686000000, 0x0000000686400000|  0%| F|  |TAMS 0x0000000686000000| PB 0x0000000686000000| Untracked 
|  25|0x0000000686400000, 0x0000000686400000, 0x0000000686800000|  0%| F|  |TAMS 0x0000000686400000| PB 0x0000000686400000| Untracked 
|  26|0x0000000686800000, 0x0000000686800000, 0x0000000686c00000|  0%| F|  |TAMS 0x0000000686800000| PB 0x0000000686800000| Untracked 
|  27|0x0000000686c00000, 0x0000000686c00000, 0x0000000687000000|  0%| F|  |TAMS 0x0000000686c00000| PB 0x0000000686c00000| Untracked 
|  28|0x0000000687000000, 0x0000000687000000, 0x0000000687400000|  0%| F|  |TAMS 0x0000000687000000| PB 0x0000000687000000| Untracked 
|  29|0x0000000687400000, 0x0000000687400000, 0x0000000687800000|  0%| F|  |TAMS 0x0000000687400000| PB 0x0000000687400000| Untracked 
|  38|0x0000000689800000, 0x0000000689800000, 0x0000000689c00000|  0%| F|  |TAMS 0x0000000689800000| PB 0x0000000689800000| Untracked 
|  39|0x0000000689c00000, 0x0000000689c00000, 0x000000068a000000|  0%| F|  |TAMS 0x0000000689c00000| PB 0x0000000689c00000| Untracked 
|  40|0x000000068a000000, 0x000000068a000000, 0x000000068a400000|  0%| F|  |TAMS 0x000000068a000000| PB 0x000000068a000000| Untracked 
|  44|0x000000068b000000, 0x000000068b01cf20, 0x000000068b400000|  2%| E|  |TAMS 0x000000068b000000| PB 0x000000068b000000| Complete 
|  62|0x000000068f800000, 0x000000068fc00000, 0x000000068fc00000|100%| E|CS|TAMS 0x000000068f800000| PB 0x000000068f800000| Complete 
|1532|0x00000007ff000000, 0x00000007ff400000, 0x00000007ff400000|100%| O|  |TAMS 0x00000007ff000000| PB 0x00000007ff000000| Untracked 
|1533|0x00000007ff400000, 0x00000007ff800000, 0x00000007ff800000|100%| O|  |TAMS 0x00000007ff400000| PB 0x00000007ff400000| Untracked 
|1534|0x00000007ff800000, 0x00000007ffc00000, 0x00000007ffc00000|100%| O|  |TAMS 0x00000007ff800000| PB 0x00000007ff800000| Untracked 
|1535|0x00000007ffc00000, 0x0000000800000000, 0x0000000800000000|100%| O|  |TAMS 0x00000007ffc00000| PB 0x00000007ffc00000| Untracked 

Card table byte_map: [0x00000240c6130000,0x00000240c6d30000] _byte_map_base: 0x00000240c2d30000

Marking Bits: (CMBitMap*) 0x00000240b2e5c440
 Bits: [0x00000240c6d30000, 0x00000240ccd30000)

Polling page: 0x00000240b0d60000

Metaspace:

Usage:
  Non-class:     75.62 MB used.
      Class:     12.52 MB used.
       Both:     88.14 MB used.

Virtual space:
  Non-class space:      128.00 MB reserved,      76.69 MB ( 60%) committed,  2 nodes.
      Class space:      832.00 MB reserved,      13.56 MB (  2%) committed,  1 nodes.
             Both:      960.00 MB reserved,      90.25 MB (  9%) committed. 

Chunk freelists:
   Non-Class:  2.67 MB
       Class:  2.48 MB
        Both:  5.16 MB

MaxMetaspaceSize: 1.00 GB
CompressedClassSpaceSize: 832.00 MB
Initial GC threshold: 21.00 MB
Current GC threshold: 150.12 MB
CDS: on
 - commit_granule_bytes: 65536.
 - commit_granule_words: 8192.
 - virtual_space_node_default_size: 8388608.
 - enlarge_chunks_in_place: 1.
 - use_allocation_guard: 0.


Internal statistics:

num_allocs_failed_limit: 12.
num_arena_births: 3986.
num_arena_deaths: 0.
num_vsnodes_births: 3.
num_vsnodes_deaths: 0.
num_space_committed: 1444.
num_space_uncommitted: 0.
num_chunks_returned_to_freelist: 12.
num_chunks_taken_from_freelist: 8319.
num_chunk_merges: 12.
num_chunk_splits: 5368.
num_chunks_enlarged: 3294.
num_inconsistent_stats: 0.

CodeHeap 'non-profiled nmethods': size=120000Kb used=6271Kb max_used=6523Kb free=113728Kb
 bounds [0x00000240bdaa0000, 0x00000240be100000, 0x00000240c4fd0000]
CodeHeap 'profiled nmethods': size=120000Kb used=18581Kb max_used=19006Kb free=101419Kb
 bounds [0x00000240b5fd0000, 0x00000240b7260000, 0x00000240bd500000]
CodeHeap 'non-nmethods': size=5760Kb used=2706Kb max_used=2753Kb free=3054Kb
 bounds [0x00000240bd500000, 0x00000240bd7c0000, 0x00000240bdaa0000]
CodeCache: size=245760Kb, used=27558Kb, max_used=28282Kb, free=218201Kb
 total_blobs=11110, nmethods=10146, adapters=868, full_count=0
Compilation: enabled, stopped_count=0, restarted_count=0

Compilation events (20 events):
Event: 175.523 Thread 0x00000240cf7852a0 nmethod 12087 0x00000240b725f510 code [0x00000240b725f6c0, 0x00000240b725f8d0]
Event: 177.888 Thread 0x00000240cf7852a0 12088       3       org.gradle.api.internal.DefaultCollectionCallbackActionDecorator$1::isSatisfiedBy (26 bytes)
Event: 177.889 Thread 0x00000240cf7852a0 nmethod 12088 0x00000240b6702a90 code [0x00000240b6702cc0, 0x00000240b6703590]
Event: 177.890 Thread 0x00000240cf7852a0 12089       3       org.gradle.api.internal.DefaultCollectionCallbackActionDecorator$1$$Lambda/0x00000240d19fc800::<init> (15 bytes)
Event: 177.890 Thread 0x00000240cf7852a0 nmethod 12089 0x00000240b6146610 code [0x00000240b61467c0, 0x00000240b61469f0]
Event: 178.392 Thread 0x00000240cf779c20 12090   !   4       jdk.internal.reflect.DirectMethodHandleAccessor::invoke (92 bytes)
Event: 178.419 Thread 0x00000240cf779c20 nmethod 12090 0x00000240bdce8310 code [0x00000240bdce85c0, 0x00000240bdce8e50]
Event: 178.419 Thread 0x00000240cf779c20 12091       4       jdk.internal.reflect.DirectMethodHandleAccessor::checkArgumentCount (53 bytes)
Event: 178.420 Thread 0x00000240cf779c20 nmethod 12091 0x00000240bdc74890 code [0x00000240bdc74a20, 0x00000240bdc74ab8]
Event: 179.175 Thread 0x00000240cf7852a0 12092       3       org.gradle.api.internal.provider.AbstractProperty::setConvention (24 bytes)
Event: 179.176 Thread 0x00000240cf7852a0 nmethod 12092 0x00000240b654c110 code [0x00000240b654c300, 0x00000240b654c8f0]
Event: 179.176 Thread 0x00000240cf7852a0 12093       3       org.gradle.api.internal.provider.ValueState$NonFinalizedValue::applyConvention (20 bytes)
Event: 179.177 Thread 0x00000240cf7852a0 nmethod 12093 0x00000240b6635b10 code [0x00000240b6635ce0, 0x00000240b6635fe0]
Event: 179.177 Thread 0x00000240cf7852a0 12094       3       org.gradle.api.internal.plugins.DefaultPluginContainer$2$1::isSatisfiedBy (9 bytes)
Event: 179.178 Thread 0x00000240cf7852a0 nmethod 12094 0x00000240b5fd3f10 code [0x00000240b5fd4100, 0x00000240b5fd4888]
Event: 179.178 Thread 0x00000240cf7852a0 12095       3       org.gradle.api.internal.plugins.DefaultPluginContainer$2$1::isSatisfiedBy (17 bytes)
Event: 179.179 Thread 0x00000240cf7852a0 nmethod 12095 0x00000240b61adb10 code [0x00000240b61add00, 0x00000240b61ae310]
Event: 179.540 Thread 0x00000240cf779c20 12096       4       org.gradle.api.internal.provider.AbstractProperty::attachOwner (6 bytes)
Event: 179.542 Thread 0x00000240cf779c20 nmethod 12096 0x00000240bdff6710 code [0x00000240bdff68a0, 0x00000240bdff6a00]
Event: 179.695 Thread 0x00000240cf779c20 12097   !   4       org.gradle.launcher.daemon.server.exec.DaemonConnectionBackedEventConsumer$ForwardEvents::getNextEvent (27 bytes)

GC Heap History (20 events):
Event: 107.528 GC heap before
{Heap before GC invocations=17 (full 0):
 garbage-first heap   total 126976K, used 101678K [0x0000000680000000, 0x0000000800000000)
  region size 4096K, 14 young (57344K), 1 survivors (4096K)
 Metaspace       used 69567K, committed 71552K, reserved 917504K
  class space    used 10124K, committed 11136K, reserved 851968K
}
Event: 107.539 GC heap after
{Heap after GC invocations=18 (full 0):
 garbage-first heap   total 126976K, used 55489K [0x0000000680000000, 0x0000000800000000)
  region size 4096K, 2 young (8192K), 2 survivors (8192K)
 Metaspace       used 69567K, committed 71552K, reserved 917504K
  class space    used 10124K, committed 11136K, reserved 851968K
}
Event: 118.338 GC heap before
{Heap before GC invocations=18 (full 0):
 garbage-first heap   total 126976K, used 108737K [0x0000000680000000, 0x0000000800000000)
  region size 4096K, 15 young (61440K), 2 survivors (8192K)
 Metaspace       used 73569K, committed 75584K, reserved 917504K
  class space    used 10786K, committed 11776K, reserved 851968K
}
Event: 118.360 GC heap after
{Heap after GC invocations=19 (full 0):
 garbage-first heap   total 126976K, used 59859K [0x0000000680000000, 0x0000000800000000)
  region size 4096K, 2 young (8192K), 2 survivors (8192K)
 Metaspace       used 73569K, committed 75584K, reserved 917504K
  class space    used 10786K, committed 11776K, reserved 851968K
}
Event: 125.922 GC heap before
{Heap before GC invocations=20 (full 0):
 garbage-first heap   total 126976K, used 109011K [0x0000000680000000, 0x0000000800000000)
  region size 4096K, 14 young (57344K), 2 survivors (8192K)
 Metaspace       used 74884K, committed 76928K, reserved 917504K
  class space    used 10941K, committed 11968K, reserved 851968K
}
Event: 125.940 GC heap after
{Heap after GC invocations=21 (full 0):
 garbage-first heap   total 126976K, used 65303K [0x0000000680000000, 0x0000000800000000)
  region size 4096K, 2 young (8192K), 2 survivors (8192K)
 Metaspace       used 74884K, committed 76928K, reserved 917504K
  class space    used 10941K, committed 11968K, reserved 851968K
}
Event: 126.967 GC heap before
{Heap before GC invocations=21 (full 0):
 garbage-first heap   total 126976K, used 106263K [0x0000000680000000, 0x0000000800000000)
  region size 4096K, 13 young (53248K), 2 survivors (8192K)
 Metaspace       used 75128K, committed 77184K, reserved 983040K
  class space    used 10942K, committed 11968K, reserved 851968K
}
Event: 126.983 GC heap after
{Heap after GC invocations=22 (full 0):
 garbage-first heap   total 126976K, used 68538K [0x0000000680000000, 0x0000000800000000)
  region size 4096K, 1 young (4096K), 1 survivors (4096K)
 Metaspace       used 75128K, committed 77184K, reserved 983040K
  class space    used 10942K, committed 11968K, reserved 851968K
}
Event: 128.231 GC heap before
{Heap before GC invocations=22 (full 0):
 garbage-first heap   total 126976K, used 109498K [0x0000000680000000, 0x0000000800000000)
  region size 4096K, 12 young (49152K), 1 survivors (4096K)
 Metaspace       used 75145K, committed 77184K, reserved 983040K
  class space    used 10942K, committed 11968K, reserved 851968K
}
Event: 128.244 GC heap after
{Heap after GC invocations=23 (full 0):
 garbage-first heap   total 126976K, used 69796K [0x0000000680000000, 0x0000000800000000)
  region size 4096K, 2 young (8192K), 2 survivors (8192K)
 Metaspace       used 75145K, committed 77184K, reserved 983040K
  class space    used 10942K, committed 11968K, reserved 851968K
}
Event: 138.712 GC heap before
{Heap before GC invocations=24 (full 0):
 garbage-first heap   total 126976K, used 106660K [0x0000000680000000, 0x0000000800000000)
  region size 4096K, 12 young (49152K), 2 survivors (8192K)
 Metaspace       used 76305K, committed 78336K, reserved 983040K
  class space    used 11088K, committed 12096K, reserved 851968K
}
Event: 138.731 GC heap after
{Heap after GC invocations=25 (full 0):
 garbage-first heap   total 159744K, used 78395K [0x0000000680000000, 0x0000000800000000)
  region size 4096K, 2 young (8192K), 2 survivors (8192K)
 Metaspace       used 76305K, committed 78336K, reserved 983040K
  class space    used 11088K, committed 12096K, reserved 851968K
}
Event: 149.546 GC heap before
{Heap before GC invocations=25 (full 0):
 garbage-first heap   total 159744K, used 131643K [0x0000000680000000, 0x0000000800000000)
  region size 4096K, 16 young (65536K), 2 survivors (8192K)
 Metaspace       used 79824K, committed 81984K, reserved 983040K
  class space    used 11478K, committed 12544K, reserved 851968K
}
Event: 149.558 GC heap after
{Heap after GC invocations=26 (full 0):
 garbage-first heap   total 159744K, used 86280K [0x0000000680000000, 0x0000000800000000)
  region size 4096K, 2 young (8192K), 2 survivors (8192K)
 Metaspace       used 79824K, committed 81984K, reserved 983040K
  class space    used 11478K, committed 12544K, reserved 851968K
}
Event: 156.830 GC heap before
{Heap before GC invocations=27 (full 0):
 garbage-first heap   total 159744K, used 131336K [0x0000000680000000, 0x0000000800000000)
  region size 4096K, 14 young (57344K), 2 survivors (8192K)
 Metaspace       used 83104K, committed 85184K, reserved 983040K
  class space    used 11907K, committed 12928K, reserved 851968K
}
Event: 156.844 GC heap after
{Heap after GC invocations=28 (full 0):
 garbage-first heap   total 159744K, used 91797K [0x0000000680000000, 0x0000000800000000)
  region size 4096K, 2 young (8192K), 2 survivors (8192K)
 Metaspace       used 83104K, committed 85184K, reserved 983040K
  class space    used 11907K, committed 12928K, reserved 851968K
}
Event: 164.554 GC heap before
{Heap before GC invocations=28 (full 0):
 garbage-first heap   total 159744K, used 132757K [0x0000000680000000, 0x0000000800000000)
  region size 4096K, 12 young (49152K), 2 survivors (8192K)
 Metaspace       used 86275K, committed 88448K, reserved 983040K
  class space    used 12282K, committed 13312K, reserved 851968K
}
Event: 164.569 GC heap after
{Heap after GC invocations=29 (full 0):
 garbage-first heap   total 159744K, used 92449K [0x0000000680000000, 0x0000000800000000)
  region size 4096K, 1 young (4096K), 1 survivors (4096K)
 Metaspace       used 86275K, committed 88448K, reserved 983040K
  class space    used 12282K, committed 13312K, reserved 851968K
}
Event: 177.657 GC heap before
{Heap before GC invocations=29 (full 0):
 garbage-first heap   total 159744K, used 137505K [0x0000000680000000, 0x0000000800000000)
  region size 4096K, 12 young (49152K), 1 survivors (4096K)
 Metaspace       used 89986K, committed 92160K, reserved 983040K
  class space    used 12780K, committed 13824K, reserved 851968K
}
Event: 177.670 GC heap after
{Heap after GC invocations=30 (full 0):
 garbage-first heap   total 159744K, used 93791K [0x0000000680000000, 0x0000000800000000)
  region size 4096K, 1 young (4096K), 1 survivors (4096K)
 Metaspace       used 89986K, committed 92160K, reserved 983040K
  class space    used 12780K, committed 13824K, reserved 851968K
}

Dll operation events (20 events):
Event: 0.338 Attempting to load shared library C:\Users\nimes\.vscode\extensions\redhat.java-1.56.0-win32-x64\jre\21.0.12.1-win32-x86_64\bin\nio.dll
Event: 0.339 Loaded shared library C:\Users\nimes\.vscode\extensions\redhat.java-1.56.0-win32-x64\jre\21.0.12.1-win32-x86_64\bin\nio.dll
Event: 0.352 Attempting to load shared library C:\Users\nimes\.vscode\extensions\redhat.java-1.56.0-win32-x64\jre\21.0.12.1-win32-x86_64\bin\zip.dll
Event: 0.352 Loaded shared library C:\Users\nimes\.vscode\extensions\redhat.java-1.56.0-win32-x64\jre\21.0.12.1-win32-x86_64\bin\zip.dll
Event: 1.421 Attempting to load shared library C:\Users\nimes\.vscode\extensions\redhat.java-1.56.0-win32-x64\jre\21.0.12.1-win32-x86_64\bin\jimage.dll
Event: 1.421 Loaded shared library C:\Users\nimes\.vscode\extensions\redhat.java-1.56.0-win32-x64\jre\21.0.12.1-win32-x86_64\bin\jimage.dll
Event: 2.197 Attempting to load shared library C:\Users\nimes\.vscode\extensions\redhat.java-1.56.0-win32-x64\jre\21.0.12.1-win32-x86_64\bin\verify.dll
Event: 2.199 Loaded shared library C:\Users\nimes\.vscode\extensions\redhat.java-1.56.0-win32-x64\jre\21.0.12.1-win32-x86_64\bin\verify.dll
Event: 2.530 Attempting to load shared library C:\Users\nimes\.gradle\native\1def1411415f61bf3af743bc5b6707747c0891f09f0c88961ee8f79bc544acac\windows-amd64\native-platform.dll
Event: 2.532 Loaded shared library C:\Users\nimes\.gradle\native\1def1411415f61bf3af743bc5b6707747c0891f09f0c88961ee8f79bc544acac\windows-amd64\native-platform.dll
Event: 2.574 Attempting to load shared library C:\Users\nimes\.gradle\native\0.2.7\x86_64-windows-gnu\gradle-fileevents.dll
Event: 2.575 Loaded shared library C:\Users\nimes\.gradle\native\0.2.7\x86_64-windows-gnu\gradle-fileevents.dll
Event: 9.115 Attempting to load shared library C:\Users\nimes\.vscode\extensions\redhat.java-1.56.0-win32-x64\jre\21.0.12.1-win32-x86_64\bin\management.dll
Event: 9.116 Loaded shared library C:\Users\nimes\.vscode\extensions\redhat.java-1.56.0-win32-x64\jre\21.0.12.1-win32-x86_64\bin\management.dll
Event: 9.132 Attempting to load shared library C:\Users\nimes\.vscode\extensions\redhat.java-1.56.0-win32-x64\jre\21.0.12.1-win32-x86_64\bin\management_ext.dll
Event: 9.137 Loaded shared library C:\Users\nimes\.vscode\extensions\redhat.java-1.56.0-win32-x64\jre\21.0.12.1-win32-x86_64\bin\management_ext.dll
Event: 10.289 Attempting to load shared library C:\Users\nimes\.vscode\extensions\redhat.java-1.56.0-win32-x64\jre\21.0.12.1-win32-x86_64\bin\extnet.dll
Event: 10.291 Loaded shared library C:\Users\nimes\.vscode\extensions\redhat.java-1.56.0-win32-x64\jre\21.0.12.1-win32-x86_64\bin\extnet.dll
Event: 12.075 Attempting to load shared library C:\Users\nimes\.vscode\extensions\redhat.java-1.56.0-win32-x64\jre\21.0.12.1-win32-x86_64\bin\sunmscapi.dll
Event: 12.121 Loaded shared library C:\Users\nimes\.vscode\extensions\redhat.java-1.56.0-win32-x64\jre\21.0.12.1-win32-x86_64\bin\sunmscapi.dll

Deoptimization events (20 events):
Event: 165.357 Thread 0x000002410a607000 Uncommon trap: trap_request=0xffffff45 fr.pc=0x00000240bddb3c2c relative=0x0000000000000aac
Event: 165.357 Thread 0x000002410a607000 Uncommon trap: reason=unstable_if action=reinterpret pc=0x00000240bddb3c2c method=org.objectweb.asm.Label.resolve([BLorg/objectweb/asm/ByteVector;I)Z @ 81 c2
Event: 165.357 Thread 0x000002410a607000 DEOPT PACKING pc=0x00000240bddb3c2c sp=0x000000b2e08f3bf0
Event: 165.357 Thread 0x000002410a607000 DEOPT UNPACKING pc=0x00000240bd554422 sp=0x000000b2e08f3b18 mode 2
Event: 165.358 Thread 0x000002410a607000 Uncommon trap: trap_request=0xffffff45 fr.pc=0x00000240bdd60d90 relative=0x0000000000000270
Event: 165.358 Thread 0x000002410a607000 Uncommon trap: reason=unstable_if action=reinterpret pc=0x00000240bdd60d90 method=org.objectweb.asm.Label.resolve([BLorg/objectweb/asm/ByteVector;I)Z @ 81 c2
Event: 165.358 Thread 0x000002410a607000 DEOPT PACKING pc=0x00000240bdd60d90 sp=0x000000b2e08f3b80
Event: 165.358 Thread 0x000002410a607000 DEOPT UNPACKING pc=0x00000240bd554422 sp=0x000000b2e08f3b10 mode 2
Event: 171.413 Thread 0x000002410a607000 Uncommon trap: trap_request=0xffffffd6 fr.pc=0x00000240be055c50 relative=0x0000000000000970
Event: 171.413 Thread 0x000002410a607000 Uncommon trap: reason=array_check action=maybe_recompile pc=0x00000240be055c50 method=java.util.TimSort.binarySort([Ljava/lang/Object;IIILjava/util/Comparator;)V @ 183 c2
Event: 171.413 Thread 0x000002410a607000 DEOPT PACKING pc=0x00000240be055c50 sp=0x000000b2e08f51b0
Event: 171.413 Thread 0x000002410a607000 DEOPT UNPACKING pc=0x00000240bd554422 sp=0x000000b2e08f5148 mode 2
Event: 171.471 Thread 0x000002410a607000 Uncommon trap: trap_request=0xffffffd6 fr.pc=0x00000240be0559ac relative=0x00000000000006cc
Event: 171.471 Thread 0x000002410a607000 Uncommon trap: reason=array_check action=maybe_recompile pc=0x00000240be0559ac method=java.util.TimSort.binarySort([Ljava/lang/Object;IIILjava/util/Comparator;)V @ 215 c2
Event: 171.475 Thread 0x000002410a607000 DEOPT PACKING pc=0x00000240be0559ac sp=0x000000b2e08f51b0
Event: 171.475 Thread 0x000002410a607000 DEOPT UNPACKING pc=0x00000240bd554422 sp=0x000000b2e08f5148 mode 2
Event: 171.475 Thread 0x000002410a607000 Uncommon trap: trap_request=0xffffffd6 fr.pc=0x00000240be0559ac relative=0x00000000000006cc
Event: 171.475 Thread 0x000002410a607000 Uncommon trap: reason=array_check action=maybe_recompile pc=0x00000240be0559ac method=java.util.TimSort.binarySort([Ljava/lang/Object;IIILjava/util/Comparator;)V @ 215 c2
Event: 171.475 Thread 0x000002410a607000 DEOPT PACKING pc=0x00000240be0559ac sp=0x000000b2e08f51b0
Event: 171.475 Thread 0x000002410a607000 DEOPT UNPACKING pc=0x00000240bd554422 sp=0x000000b2e08f5148 mode 2

Classes loaded (20 events):
Event: 155.452 Loading class java/util/Base64$Decoder
Event: 155.459 Loading class java/util/Base64$Decoder done
Event: 155.459 Loading class java/util/Base64$Encoder
Event: 155.460 Loading class java/util/Base64$Encoder done
Event: 155.472 Loading class java/util/jar/JarVerifier$VerifierStream
Event: 155.473 Loading class java/util/jar/JarVerifier$VerifierStream done
Event: 155.474 Loading class sun/security/util/ManifestEntryVerifier$SunProviderHolder
Event: 155.474 Loading class sun/security/util/ManifestEntryVerifier$SunProviderHolder done
Event: 155.628 Loading class sun/security/util/MemoryCache$QueueCacheEntry
Event: 155.628 Loading class sun/security/util/MemoryCache$QueueCacheEntry done
Event: 157.049 Loading class sun/misc/Unsafe
Event: 157.050 Loading class sun/misc/Unsafe done
Event: 157.808 Loading class java/lang/foreign/ValueLayout
Event: 157.808 Loading class java/lang/foreign/MemoryLayout
Event: 157.811 Loading class java/lang/foreign/MemoryLayout done
Event: 157.811 Loading class java/lang/foreign/ValueLayout done
Event: 162.150 Loading class java/security/KeyStore
Event: 162.159 Loading class java/security/KeyStore done
Event: 164.517 Loading class javax/xml/stream/XMLStreamException
Event: 164.517 Loading class javax/xml/stream/XMLStreamException done

Classes unloaded (0 events):
No events

Classes redefined (0 events):
No events

Internal exceptions (20 events):
Event: 123.152 Thread 0x000002410e4be9c0 Exception <a 'sun/nio/fs/WindowsException'{0x000000068a04ec88}> (0x000000068a04ec88) 
thrown [s\src\hotspot\share\prims\jni.cpp, line 520]
Event: 123.187 Thread 0x000002410e4be9c0 Exception <a 'sun/nio/fs/WindowsException'{0x00000006855f0490}> (0x00000006855f0490) 
thrown [s\src\hotspot\share\prims\jni.cpp, line 520]
Event: 123.189 Thread 0x000002410e4be9c0 Exception <a 'sun/nio/fs/WindowsException'{0x00000006855f2598}> (0x00000006855f2598) 
thrown [s\src\hotspot\share\prims\jni.cpp, line 520]
Event: 123.192 Thread 0x000002410e4be9c0 Exception <a 'sun/nio/fs/WindowsException'{0x00000006855f4408}> (0x00000006855f4408) 
thrown [s\src\hotspot\share\prims\jni.cpp, line 520]
Event: 126.592 Thread 0x000002410e522fa0 Implicit null exception at 0x00000240bdfea16a to 0x00000240bdfea21c
Event: 127.223 Thread 0x000002410a607000 Implicit null exception at 0x00000240be007be4 to 0x00000240be008440
Event: 130.107 Thread 0x000002410a607000 Exception <a 'java/lang/NoSuchMethodError'{0x0000000685b3fef0}: 'java.lang.Object java.lang.invoke.Invokers$Holder.invokeExact_MT(java.lang.Object, java.lang.Object, java.lang.Object, int, java.lang.Object, java.lang.Object)'> (0x0000000685b3fef0) 
thrown [s\src\hotspot\share\interpreter\linkResolver.cpp, line 773]
Event: 138.782 Thread 0x000002410a607000 Implicit null exception at 0x00000240bdd53704 to 0x00000240bdd5659c
Event: 141.484 Thread 0x000002410a607000 Exception <a 'java/lang/ClassNotFoundException'{0x0000000689e5b8c8}: org/gradle/api/internal/plugins/DefaultObjectConfigurationActionBeanInfo> (0x0000000689e5b8c8) 
thrown [s\src\hotspot\share\classfile\systemDictionary.cpp, line 313]
Event: 141.494 Thread 0x000002410a607000 Exception <a 'java/lang/ClassNotFoundException'{0x0000000689e82698}: org/gradle/api/internal/plugins/DefaultObjectConfigurationActionCustomizer> (0x0000000689e82698) 
thrown [s\src\hotspot\share\classfile\systemDictionary.cpp, line 313]
Event: 155.420 Thread 0x000002410a607000 Implicit null exception at 0x00000240be0826f4 to 0x00000240be082f56
Event: 165.357 Thread 0x000002410a607000 Implicit null exception at 0x00000240bde86df6 to 0x00000240bde86ed4
Event: 169.841 Thread 0x000002410a607000 Exception <a 'java/lang/NoSuchMethodError'{0x00000006898b6c78}: static Lorg/jetbrains/kotlin/gradle/plugin/internal/DefaultProjectIsolationStartParameterAccessor$Factory;.<clinit>()V> (0x00000006898b6c78) 
thrown [s\src\hotspot\share\prims\jni.cpp, line 1111]
Event: 169.899 Thread 0x000002410a607000 Exception <a 'java/lang/NoSuchMethodError'{0x00000006898d5dc8}: static Lorg/jetbrains/kotlin/gradle/plugin/internal/DefaultJavaExecTaskParametersCompatibility$Factory;.<clinit>()V> (0x00000006898d5dc8) 
thrown [s\src\hotspot\share\prims\jni.cpp, line 1111]
Event: 169.919 Thread 0x000002410a607000 Exception <a 'java/lang/NoSuchMethodError'{0x00000006898fc718}: static Lorg/jetbrains/kotlin/gradle/plugin/internal/DefaultMavenPublicationComponentAccessorFactory;.<clinit>()V> (0x00000006898fc718) 
thrown [s\src\hotspot\share\prims\jni.cpp, line 1111]
Event: 169.936 Thread 0x000002410a607000 Exception <a 'java/lang/NoSuchMethodError'{0x0000000689919708}: static Lorg/jetbrains/kotlin/gradle/plugin/diagnostics/DefaultProblemsReporter$Factory;.<clinit>()V> (0x0000000689919708) 
thrown [s\src\hotspot\share\prims\jni.cpp, line 1111]
Event: 169.951 Thread 0x000002410a607000 Exception <a 'java/lang/NoSuchMethodError'{0x000000068993be48}: static Lorg/jetbrains/kotlin/gradle/plugin/internal/DefaultCompatibilityConventionRegistrar$Factory;.<clinit>()V> (0x000000068993be48) 
thrown [s\src\hotspot\share\prims\jni.cpp, line 1111]
Event: 169.971 Thread 0x000002410a607000 Exception <a 'java/lang/NoSuchMethodError'{0x0000000689958698}: static Lorg/jetbrains/kotlin/gradle/plugin/internal/DefaultConfigurationCacheStartParameterAccessorVariantFactory;.<clinit>()V> (0x0000000689958698) 
thrown [s\src\hotspot\share\prims\jni.cpp, line 1111]
Event: 171.413 Thread 0x000002410a607000 Exception <a 'java/lang/NoSuchMethodError'{0x00000006875f72d8}: static Ljava/lang/Object;.<clinit>()V> (0x00000006875f72d8) 
thrown [s\src\hotspot\share\prims\jni.cpp, line 1111]
Event: 171.475 Thread 0x000002410a607000 Exception <a 'java/lang/NoSuchMethodError'{0x0000000687669ba0}: static Lorg/jetbrains/kotlin/gradle/plugin/statistics/MetricContainer;.<clinit>()V> (0x0000000687669ba0) 
thrown [s\src\hotspot\share\prims\jni.cpp, line 1111]

ZGC Phase Switch (0 events):
No events

VM Operations (20 events):
Event: 169.634 Executing safepoint VM operation: Cleanup
Event: 169.650 Executing safepoint VM operation: Cleanup done
Event: 170.654 Executing safepoint VM operation: Cleanup
Event: 170.654 Executing safepoint VM operation: Cleanup done
Event: 171.667 Executing safepoint VM operation: Cleanup
Event: 171.669 Executing safepoint VM operation: Cleanup done
Event: 172.680 Executing safepoint VM operation: Cleanup
Event: 172.696 Executing safepoint VM operation: Cleanup done
Event: 173.708 Executing safepoint VM operation: Cleanup
Event: 173.708 Executing safepoint VM operation: Cleanup done
Event: 174.721 Executing safepoint VM operation: Cleanup
Event: 174.721 Executing safepoint VM operation: Cleanup done
Event: 177.657 Executing safepoint VM operation: G1CollectForAllocation (G1 Evacuation Pause)
Event: 177.671 Executing safepoint VM operation: G1CollectForAllocation (G1 Evacuation Pause) done
Event: 177.781 Executing safepoint VM operation: G1PauseRemark
Event: 177.815 Executing safepoint VM operation: G1PauseRemark done
Event: 177.864 Executing safepoint VM operation: G1PauseCleanup
Event: 177.865 Executing safepoint VM operation: G1PauseCleanup done
Event: 178.867 Executing safepoint VM operation: Cleanup
Event: 178.867 Executing safepoint VM operation: Cleanup done

Memory protections (0 events):
No events

Nmethod flushes (20 events):
Event: 177.810 Thread 0x00000240cf752820 flushing  nmethod 0x00000240b69c1b90
Event: 177.810 Thread 0x00000240cf752820 flushing  nmethod 0x00000240b69c2a90
Event: 177.810 Thread 0x00000240cf752820 flushing  nmethod 0x00000240b6a8c590
Event: 177.810 Thread 0x00000240cf752820 flushing  nmethod 0x00000240b6aaf790
Event: 177.810 Thread 0x00000240cf752820 flushing  nmethod 0x00000240b6b9ec90
Event: 177.810 Thread 0x00000240cf752820 flushing  nmethod 0x00000240b6c1dd10
Event: 177.810 Thread 0x00000240cf752820 flushing  nmethod 0x00000240b6074d90
Event: 177.810 Thread 0x00000240cf752820 flushing  nmethod 0x00000240b62df410
Event: 177.810 Thread 0x00000240cf752820 flushing  nmethod 0x00000240b62e0e90
Event: 177.810 Thread 0x00000240cf752820 flushing  nmethod 0x00000240b654c110
Event: 177.810 Thread 0x00000240cf752820 flushing  nmethod 0x00000240b654f310
Event: 177.810 Thread 0x00000240cf752820 flushing  nmethod 0x00000240b654fd90
Event: 177.810 Thread 0x00000240cf752820 flushing  nmethod 0x00000240b6702a90
Event: 177.810 Thread 0x00000240cf752820 flushing  nmethod 0x00000240b6702d90
Event: 177.810 Thread 0x00000240cf752820 flushing  nmethod 0x00000240b6703f90
Event: 177.810 Thread 0x00000240cf752820 flushing  nmethod 0x00000240b6704a90
Event: 177.810 Thread 0x00000240cf752820 flushing  nmethod 0x00000240b6705110
Event: 177.810 Thread 0x00000240cf752820 flushing  nmethod 0x00000240b672a810
Event: 177.810 Thread 0x00000240cf752820 flushing  nmethod 0x00000240b6ad0710
Event: 177.810 Thread 0x00000240cf752820 flushing  nmethod 0x00000240b6bcda10

Events (20 events):
Event: 125.855 Thread 0x000002410a607000 Thread added: 0x000002410e51cd30
Event: 125.857 Thread 0x000002410a607000 Thread added: 0x000002410e523630
Event: 125.858 Thread 0x000002410a607000 Thread added: 0x000002410e521bf0
Event: 125.860 Thread 0x000002410a607000 Thread added: 0x000002410e521560
Event: 126.100 Thread 0x00000240cf7852a0 Thread added: 0x000002410ce26270
Event: 126.445 Thread 0x000002410a607000 Thread added: 0x000002410e522910
Event: 126.446 Thread 0x000002410a607000 Thread added: 0x000002410e520840
Event: 126.536 Thread 0x000002410a607000 Thread added: 0x000002410e520ed0
Event: 126.538 Thread 0x000002410a607000 Thread added: 0x000002410e522280
Event: 126.539 Thread 0x000002410a607000 Thread added: 0x000002410e522fa0
Event: 126.541 Thread 0x000002410a607000 Thread added: 0x000002410ce0ae50
Event: 126.542 Thread 0x000002410a607000 Thread added: 0x000002410ce09aa0
Event: 126.543 Thread 0x000002410a607000 Thread added: 0x000002410ce0a7c0
Event: 126.545 Thread 0x000002410a607000 Thread added: 0x000002410ce0a130
Event: 126.546 Thread 0x000002410a607000 Thread added: 0x000002410ce08d80
Event: 126.547 Thread 0x000002410a607000 Thread added: 0x000002410ce086f0
Event: 128.388 Thread 0x000002410ce26270 Thread exited: 0x000002410ce26270
Event: 128.522 Thread 0x00000240cf779c20 Thread added: 0x000002410ce26270
Event: 129.635 Thread 0x000002410ce26270 Thread exited: 0x000002410ce26270
Event: 171.749 Thread 0x000002410a607000 Thread added: 0x000002410ce08060


Dynamic libraries:
0x00007ff7740b0000 - 0x00007ff7740be000 	C:\Users\nimes\.vscode\extensions\redhat.java-1.56.0-win32-x64\jre\21.0.12.1-win32-x86_64\bin\java.exe
0x00007ff8ae040000 - 0x00007ff8ae2a6000 	C:\WINDOWS\SYSTEM32\ntdll.dll
0x00007ff8ac2a0000 - 0x00007ff8ac369000 	C:\WINDOWS\System32\KERNEL32.DLL
0x00007ff8ab3a0000 - 0x00007ff8ab7a0000 	C:\WINDOWS\System32\KERNELBASE.dll
0x00007ff8ab910000 - 0x00007ff8aba5c000 	C:\WINDOWS\System32\ucrtbase.dll
0x00007ff82fdd0000 - 0x00007ff82fde8000 	C:\Users\nimes\.vscode\extensions\redhat.java-1.56.0-win32-x64\jre\21.0.12.1-win32-x86_64\bin\jli.dll
0x00007ff82d4d0000 - 0x00007ff82d4ee000 	C:\Users\nimes\.vscode\extensions\redhat.java-1.56.0-win32-x64\jre\21.0.12.1-win32-x86_64\bin\VCRUNTIME140.dll
0x00007ff8acc60000 - 0x00007ff8ace27000 	C:\WINDOWS\System32\USER32.dll
0x00007ff8ab7b0000 - 0x00007ff8ab7d7000 	C:\WINDOWS\System32\win32u.dll
0x00007ff88ed80000 - 0x00007ff88f012000 	C:\WINDOWS\WinSxS\amd64_microsoft.windows.common-controls_6595b64144ccf1df_6.0.26100.8737_none_3e092eaee333b772\COMCTL32.dll
0x00007ff8abe20000 - 0x00007ff8abe4b000 	C:\WINDOWS\System32\GDI32.dll
0x00007ff8ab7e0000 - 0x00007ff8ab909000 	C:\WINDOWS\System32\gdi32full.dll
0x00007ff8ab2f0000 - 0x00007ff8ab393000 	C:\WINDOWS\System32\msvcp_win.dll
0x00007ff8abe50000 - 0x00007ff8abef9000 	C:\WINDOWS\System32\msvcrt.dll
0x00007ff8abf00000 - 0x00007ff8abf32000 	C:\WINDOWS\System32\IMM32.DLL
0x00007ff892bf0000 - 0x00007ff892bfc000 	C:\Users\nimes\.vscode\extensions\redhat.java-1.56.0-win32-x64\jre\21.0.12.1-win32-x86_64\bin\vcruntime140_1.dll
0x00007fffe0190000 - 0x00007fffe021d000 	C:\Users\nimes\.vscode\extensions\redhat.java-1.56.0-win32-x64\jre\21.0.12.1-win32-x86_64\bin\msvcp140.dll
0x00007fffbe8e0000 - 0x00007fffbf682000 	C:\Users\nimes\.vscode\extensions\redhat.java-1.56.0-win32-x64\jre\21.0.12.1-win32-x86_64\bin\server\jvm.dll
0x00007ff8ac400000 - 0x00007ff8ac4b7000 	C:\WINDOWS\System32\ADVAPI32.dll
0x00007ff8abd70000 - 0x00007ff8abe1a000 	C:\WINDOWS\System32\sechost.dll
0x00007ff8adad0000 - 0x00007ff8adbe8000 	C:\WINDOWS\System32\RPCRT4.dll
0x00007ff8ad030000 - 0x00007ff8ad0b0000 	C:\WINDOWS\System32\WS2_32.dll
0x00007ff8a09c0000 - 0x00007ff8a09f6000 	C:\WINDOWS\SYSTEM32\WINMM.dll
0x00007ff8a05b0000 - 0x00007ff8a05bb000 	C:\WINDOWS\SYSTEM32\VERSION.dll
0x00007ff8ab0c0000 - 0x00007ff8ab11e000 	C:\WINDOWS\SYSTEM32\POWRPROF.dll
0x00007ff8ab0a0000 - 0x00007ff8ab0b4000 	C:\WINDOWS\SYSTEM32\UMPDC.dll
0x00007ff8a9f00000 - 0x00007ff8a9f1b000 	C:\WINDOWS\SYSTEM32\kernel.appcore.dll
0x00007ff8929c0000 - 0x00007ff8929ca000 	C:\Users\nimes\.vscode\extensions\redhat.java-1.56.0-win32-x64\jre\21.0.12.1-win32-x86_64\bin\jimage.dll
0x00007ff8a88b0000 - 0x00007ff8a8af2000 	C:\WINDOWS\SYSTEM32\DBGHELP.DLL
0x00007ff8adbf0000 - 0x00007ff8adf73000 	C:\WINDOWS\System32\combase.dll
0x00007ff8ac4f0000 - 0x00007ff8ac5c9000 	C:\WINDOWS\System32\OLEAUT32.dll
0x00007ff88a3b0000 - 0x00007ff88a3eb000 	C:\WINDOWS\SYSTEM32\dbgcore.DLL
0x00007ff8abbf0000 - 0x00007ff8abc9c000 	C:\WINDOWS\System32\bcryptPrimitives.dll
0x00007ff893150000 - 0x00007ff89315f000 	C:\Users\nimes\.vscode\extensions\redhat.java-1.56.0-win32-x64\jre\21.0.12.1-win32-x86_64\bin\instrument.dll
0x00007ff827ce0000 - 0x00007ff827d00000 	C:\Users\nimes\.vscode\extensions\redhat.java-1.56.0-win32-x64\jre\21.0.12.1-win32-x86_64\bin\java.dll
0x00007ff8ad230000 - 0x00007ff8ad9c2000 	C:\WINDOWS\System32\SHELL32.dll
0x00007ff8a8cc0000 - 0x00007ff8a9552000 	C:\WINDOWS\SYSTEM32\windows.storage.dll
0x00007ff8ad9d0000 - 0x00007ff8adac7000 	C:\WINDOWS\System32\SHCORE.dll
0x00007ff8ac150000 - 0x00007ff8ac1b7000 	C:\WINDOWS\System32\shlwapi.dll
0x00007ff8ab180000 - 0x00007ff8ab1a9000 	C:\WINDOWS\SYSTEM32\profapi.dll
0x00007ff826ed0000 - 0x00007ff826ee8000 	C:\Users\nimes\.vscode\extensions\redhat.java-1.56.0-win32-x64\jre\21.0.12.1-win32-x86_64\bin\zip.dll
0x00007ff892880000 - 0x00007ff892890000 	C:\Users\nimes\.vscode\extensions\redhat.java-1.56.0-win32-x64\jre\21.0.12.1-win32-x86_64\bin\net.dll
0x00007ff8a2c50000 - 0x00007ff8a2d79000 	C:\WINDOWS\SYSTEM32\WINHTTP.dll
0x00007ff8aa4a0000 - 0x00007ff8aa50c000 	C:\WINDOWS\system32\mswsock.dll
0x00007ff826eb0000 - 0x00007ff826ec6000 	C:\Users\nimes\.vscode\extensions\redhat.java-1.56.0-win32-x64\jre\21.0.12.1-win32-x86_64\bin\nio.dll
0x00007ff893140000 - 0x00007ff893150000 	C:\Users\nimes\.vscode\extensions\redhat.java-1.56.0-win32-x64\jre\21.0.12.1-win32-x86_64\bin\verify.dll
0x00007ff839220000 - 0x00007ff839247000 	C:\Users\nimes\.gradle\native\1def1411415f61bf3af743bc5b6707747c0891f09f0c88961ee8f79bc544acac\windows-amd64\native-platform.dll
0x00007fffde920000 - 0x00007fffde998000 	C:\Users\nimes\.gradle\native\0.2.7\x86_64-windows-gnu\gradle-fileevents.dll
0x00007ff893130000 - 0x00007ff89313a000 	C:\Users\nimes\.vscode\extensions\redhat.java-1.56.0-win32-x64\jre\21.0.12.1-win32-x86_64\bin\management.dll
0x00007ff893120000 - 0x00007ff89312c000 	C:\Users\nimes\.vscode\extensions\redhat.java-1.56.0-win32-x64\jre\21.0.12.1-win32-x86_64\bin\management_ext.dll
0x00007ff8ad020000 - 0x00007ff8ad028000 	C:\WINDOWS\System32\PSAPI.DLL
0x00007ff8a9830000 - 0x00007ff8a9863000 	C:\WINDOWS\SYSTEM32\IPHLPAPI.DLL
0x00007ff8abf40000 - 0x00007ff8abf4a000 	C:\WINDOWS\System32\NSI.dll
0x00007ff892c10000 - 0x00007ff892c19000 	C:\Users\nimes\.vscode\extensions\redhat.java-1.56.0-win32-x64\jre\21.0.12.1-win32-x86_64\bin\extnet.dll
0x00007ff8aa7d0000 - 0x00007ff8aa7eb000 	C:\WINDOWS\SYSTEM32\CRYPTSP.dll
0x00007ff8a9e60000 - 0x00007ff8a9e99000 	C:\WINDOWS\system32\rsaenh.dll
0x00007ff8aa560000 - 0x00007ff8aa592000 	C:\WINDOWS\SYSTEM32\USERENV.dll
0x00007ff8ab150000 - 0x00007ff8ab17a000 	C:\WINDOWS\SYSTEM32\bcrypt.dll
0x00007ff8aa710000 - 0x00007ff8aa71c000 	C:\WINDOWS\SYSTEM32\CRYPTBASE.dll
0x00007ff892c00000 - 0x00007ff892c0e000 	C:\Users\nimes\.vscode\extensions\redhat.java-1.56.0-win32-x64\jre\21.0.12.1-win32-x86_64\bin\sunmscapi.dll
0x00007ff8aba70000 - 0x00007ff8abbe8000 	C:\WINDOWS\System32\CRYPT32.dll
0x00007ff8aaa30000 - 0x00007ff8aaa60000 	C:\WINDOWS\SYSTEM32\ncrypt.dll
0x00007ff8aa9e0000 - 0x00007ff8aaa1f000 	C:\WINDOWS\SYSTEM32\NTASN1.dll
0x00007ff87ba60000 - 0x00007ff87ba68000 	C:\WINDOWS\system32\wshunix.dll

JVMTI agents:
C:\Users\nimes\.gradle\wrapper\dists\gradle-8.14-all\c2qonpi39x1mddn7hk5gh9iqj\gradle-8.14\lib\agents\gradle-instrumentation-agent-8.14.jar path:C:\Users\nimes\.vscode\extensions\redhat.java-1.56.0-win32-x64\jre\21.0.12.1-win32-x86_64\bin\instrument.dll, loaded, initialized, instrumentlib options:none

dbghelp: loaded successfully - version: 4.0.5 - missing functions: none
symbol engine: initialized successfully - sym options: 0x614 - pdb path: .;C:\Users\nimes\.vscode\extensions\redhat.java-1.56.0-win32-x64\jre\21.0.12.1-win32-x86_64\bin;C:\WINDOWS\SYSTEM32;C:\WINDOWS\WinSxS\amd64_microsoft.windows.common-controls_6595b64144ccf1df_6.0.26100.8737_none_3e092eaee333b772;C:\Users\nimes\.vscode\extensions\redhat.java-1.56.0-win32-x64\jre\21.0.12.1-win32-x86_64\bin\server;C:\Users\nimes\.gradle\native\1def1411415f61bf3af743bc5b6707747c0891f09f0c88961ee8f79bc544acac\windows-amd64;C:\Users\nimes\.gradle\native\0.2.7\x86_64-windows-gnu

VM Arguments:
jvm_args: --add-opens=java.base/java.lang=ALL-UNNAMED --add-opens=java.base/java.lang.invoke=ALL-UNNAMED --add-opens=java.base/java.util=ALL-UNNAMED --add-opens=java.prefs/java.util.prefs=ALL-UNNAMED --add-exports=jdk.compiler/com.sun.tools.javac.api=ALL-UNNAMED --add-exports=jdk.compiler/com.sun.tools.javac.util=ALL-UNNAMED --add-opens=java.base/java.util=ALL-UNNAMED --add-opens=java.prefs/java.util.prefs=ALL-UNNAMED --add-opens=java.base/java.nio.charset=ALL-UNNAMED --add-opens=java.base/java.net=ALL-UNNAMED --add-opens=java.base/java.util.concurrent.atomic=ALL-UNNAMED --add-opens=java.xml/javax.xml.namespace=ALL-UNNAMED -XX:MaxMetaspaceSize=1G -Xmx6G -Dfile.encoding=UTF-8 -Duser.country=US -Duser.language=en -Duser.variant -javaagent:C:\Users\nimes\.gradle\wrapper\dists\gradle-8.14-all\c2qonpi39x1mddn7hk5gh9iqj\gradle-8.14\lib\agents\gradle-instrumentation-agent-8.14.jar 
java_command: org.gradle.launcher.daemon.bootstrap.GradleDaemon 8.14
java_class_path (initial): C:\Users\nimes\.gradle\wrapper\dists\gradle-8.14-all\c2qonpi39x1mddn7hk5gh9iqj\gradle-8.14\lib\gradle-daemon-main-8.14.jar
Launcher Type: SUN_STANDARD

[Global flags]
     intx CICompilerCount                          = 4                                         {product} {ergonomic}
   size_t CompressedClassSpaceSize                 = 872415232                                 {product} {ergonomic}
     uint ConcGCThreads                            = 3                                         {product} {ergonomic}
     uint G1ConcRefinementThreads                  = 10                                        {product} {ergonomic}
   size_t G1HeapRegionSize                         = 4194304                                   {product} {ergonomic}
    uintx GCDrainStackTargetSize                   = 64                                        {product} {ergonomic}
   size_t InitialHeapSize                          = 264241152                                 {product} {ergonomic}
   size_t MarkStackSize                            = 4194304                                   {product} {ergonomic}
   size_t MaxHeapSize                              = 6442450944                                {product} {command line}
   size_t MaxMetaspaceSize                         = 1073741824                                {product} {command line}
   size_t MaxNewSize                               = 3862953984                                {product} {ergonomic}
   size_t MinHeapDeltaBytes                        = 4194304                                   {product} {ergonomic}
   size_t MinHeapSize                              = 8388608                                   {product} {ergonomic}
    uintx NonNMethodCodeHeapSize                   = 5839372                                {pd product} {ergonomic}
    uintx NonProfiledCodeHeapSize                  = 122909434                              {pd product} {ergonomic}
    uintx ProfiledCodeHeapSize                     = 122909434                              {pd product} {ergonomic}
    uintx ReservedCodeCacheSize                    = 251658240                              {pd product} {ergonomic}
     bool SegmentedCodeCache                       = true                                      {product} {ergonomic}
   size_t SoftMaxHeapSize                          = 6442450944                             {manageable} {ergonomic}
     bool UseCompressedOops                        = true                           {product lp64_product} {ergonomic}
     bool UseG1GC                                  = true                                      {product} {ergonomic}
     bool UseLargePagesIndividualAllocation        = false                                  {pd product} {ergonomic}

Logging:
Log output configuration:
 #0: stdout all=warning uptime,level,tags foldmultilines=false
 #1: stderr all=off uptime,level,tags foldmultilines=false

Release file:
JAVA_VERSION="21.0.12.1" 
MODULES="java.base java.compiler java.datatransfer java.xml java.prefs java.desktop java.instrument java.logging java.management java.security.sasl java.naming java.rmi java.management.rmi java.net.http java.scripting java.security.jgss java.transaction.xa java.sql java.sql.rowset java.xml.crypto java.se java.smartcardio jdk.accessibility jdk.internal.jvmstat jdk.attach jdk.charsets jdk.internal.opt jdk.zipfs jdk.compiler jdk.crypto.ec jdk.crypto.cryptoki jdk.crypto.mscapi jdk.dynalink jdk.internal.ed jdk.editpad jdk.hotspot.agent jdk.httpserver jdk.internal.le jdk.internal.vm.ci jdk.internal.vm.compiler jdk.internal.vm.compiler.management jdk.jartool jdk.javadoc jdk.jcmd jdk.management jdk.management.agent jdk.jconsole jdk.jdeps jdk.jdwp.agent jdk.jdi jdk.jfr jdk.jshell jdk.jsobject jdk.jstatd jdk.localedata jdk.management.jfr jdk.naming.dns jdk.naming.rmi jdk.net jdk.nio.mapmode jdk.random jdk.sctp jdk.security.auth jdk.security.jgss jdk.unsupported jdk.unsupported.desktop jdk.xml.dom" 

Environment Variables:
JAVA_HOME=C:\Program Files\Eclipse Adoptium\jdk-21.0.11.10-hotspot
PATH=C:\Program Files\Eclipse Adoptium\jdk-21.0.11.10-hotspot\bin;C:\Program Files\Common Files\Oracle\Java\javapath;C:\Python313\Scripts\;C:\Python313\;C:\Windows\system32;C:\Windows;C:\Windows\System32\Wbem;C:\Windows\System32\WindowsPowerShell\v1.0\;C:\Windows\System32\OpenSSH\;C:\Program Files (x86)\NVIDIA Corporation\PhysX\Common;C:\Program Files\Microsoft SQL Server\Client SDK\ODBC\110\Tools\Binn\;C:\Program Files (x86)\Microsoft SQL Server\120\Tools\Binn\;C:\Program Files\Microsoft SQL Server\120\Tools\Binn\;C:\Program Files\Microsoft SQL Server\120\DTS\Binn\;C:\Program Files (x86)\Windows Kits\8.1\Windows Performance Toolkit\;C:\Program Files\dotnet\;C:\Program Files\nodejs\;C:\Program Files\Git\cmd;C:\Users\nimes\AppData\Local\Pub\Cache\bin;C:\WINDOWS\system32;C:\WINDOWS;C:\WINDOWS\System32\Wbem;C:\WINDOWS\System32\WindowsPowerShell\v1.0\;C:\WINDOWS\System32\OpenSSH\;C:\Program Files\Apache\Maven\apache-maven-3.9.11\bin;C:\Program Files\MySQL\MySQL Server 8.0\bin;C:\Program Files\MySQL\MySQL Server 8.0\bin;D:\Sonar\sonar-scanner-7.2.0.5079-linux-x64;C:\Users\nimes\sonar-scanner-7.2.0.5079-linux-x64;C:\Program Files\PuTTY\;C:\Program Files\Microchip\xc8\v2.36\bin;C:\Program Files\Go\bin;C:\Program Files\Eclipse Adoptium\jdk-21\bin;c:\Users\nimes\AppData\Roaming\Code\User\globalStorage\github.copilot-chat\debugCommand;c:\Users\nimes\AppData\Roaming\Code\User\globalStorage\github.copilot-chat\copilotCli;C:\flutter\bin\;C:\Program Files\Eclipse Adoptium\jdk-21.0.11.10-hotspot\bin;C:\Program Files\Common Files\Oracle\Java\javapath;C:\Python313\Scripts\;C:\Python313\;C:\Windows\system32;C:\Windows;C:\Windows\System32\Wbem;C:\Windows\System32\WindowsPowerShell\v1.0\;C:\Windows\System32\OpenSSH\;C:\Program Files (x86)\NVIDIA Corporation\PhysX\Common;C:\Program Files\Microsoft SQL Server\Client SDK\ODBC\110\Tools\Binn\;C:\Program Files (x86)\Microsoft SQL Server\120\Tools\Binn\;C:\Program Files\Microsoft SQL Server\120\Tools\Binn\;C:\Program Files\Microsoft SQL Server\120\DTS\Binn\;C:\Program Files (x86)\Windows Kits\8.1\Windows Performance Toolkit\;C:\Program Files\dotnet\;C:\Program Files\nodejs\;C:\Program Files\Git\cmd;C:\Users\nimes\AppData\Local\Pub\Cache\bin;C:\WINDOWS\system32;C:\WINDOWS;C:\WINDOWS\System32\Wbem;C:\WINDOWS\System32\WindowsPowerShell\v1.0\;C:\WINDOWS\System32\OpenSSH\;C:\Program Files\Apache\Maven\apache-maven-3.9.11\bin;C:\Program Files\MySQL\MySQL Server 8.0\bin;C:\Program Files\MySQL\MySQL Server 8.0\bin;D:\Sonar\sonar-scanner-7.2.0.5079-linux-x64;C:\Users\nimes\sonar-scanner-7.2.0.5079-linux-x64;C:\Program Files\PuTTY\;C:\Program Files\Microchip\xc8\v2.36\bin;C:\Program Files\Go\bin;C:\Program Files\Eclipse Adoptium\jdk-21\bin;C:\Program Files\MySQL\MySQL Shell 8.0\bin\;C:\Users\nimes\AppData\Local\Programs\Python\Launcher\;C:\Users\nimes\Desktop\Semester 3\Data Structures\Project;C:\Users\nimes\AppData\Local\Microsoft\WindowsApps;C:\Users\nimes\AppData\Local\Programs\Microsoft VS Code\bin;C:\Users\nimes\.dotnet\tools;C:\Users\nimes\AppData\Roaming\npm;C:\Users\nimes\AppData\Local\GitHubDesktop\bin;C:\flutter\bin;C:\Users\YourUsername\AppData\Local\Programs\Python\C:\Users\YourUsername\AppData\Local\Programs\Python\Python 3.12\\;C:\Users\nimes\AppData\Local\Pub\Cache\binv;C:\MinGW\bin;C:\Users\nimes\go\bin;C:\Users\nimes\AppData\Local\Programs\Antigravity IDE\bin;C:\Program Files\Eclipse Adoptium\jdk-21.0.11.10-hotspot\bin;c:\Users\nimes\.vscode\extensions\vscjava.vscode-java-debug-0.59.0\bundled\scripts\noConfigScripts;C:\Program Files\PostgreSQL\18\\bin
USERNAME=nimes
OS=Windows_NT
PROCESSOR_IDENTIFIER=Intel64 Family 6 Model 154 Stepping 4, GenuineIntel
TMP=C:\Users\nimes\AppData\Local\Temp
TEMP=C:\Users\nimes\AppData\Local\Temp




Periodic native trim disabled

---------------  S Y S T E M  ---------------

OS:
 Windows 11 , 64 bit Build 26100 (10.0.26100.8737)
OS uptime: 0 days 0:41 hours
Hyper-V role detected

CPU: total 12 (initial active 12) (6 cores per cpu, 2 threads per core) family 6 model 154 stepping 4 microcode 0x423, cx8, cmov, fxsr, ht, mmx, 3dnowpref, sse, sse2, sse3, ssse3, sse4.1, sse4.2, popcnt, lzcnt, tsc, tscinvbit, avx, avx2, aes, erms, clmul, bmi1, bmi2, adx, sha, fma, vzeroupper, clflush, clflushopt, clwb, hv, serialize, rdtscp, rdpid, fsrm, f16c, cet_ibt, cet_ss
Processor Information for processor 0
  Max Mhz: 1300, Current Mhz: 1300, Mhz Limit: 1300
Processor Information for processor 1
  Max Mhz: 1300, Current Mhz: 1300, Mhz Limit: 1300
Processor Information for processor 2
  Max Mhz: 1300, Current Mhz: 1300, Mhz Limit: 1300
Processor Information for processor 3
  Max Mhz: 1300, Current Mhz: 1300, Mhz Limit: 1300
Processor Information for processor 4
  Max Mhz: 1300, Current Mhz: 900, Mhz Limit: 897
Processor Information for processor 5
  Max Mhz: 1300, Current Mhz: 900, Mhz Limit: 897
Processor Information for processor 6
  Max Mhz: 1300, Current Mhz: 900, Mhz Limit: 897
Processor Information for processor 7
  Max Mhz: 1300, Current Mhz: 900, Mhz Limit: 897
Processor Information for processor 8
  Max Mhz: 1300, Current Mhz: 900, Mhz Limit: 897
Processor Information for processor 9
  Max Mhz: 1300, Current Mhz: 900, Mhz Limit: 897
Processor Information for processor 10
  Max Mhz: 1300, Current Mhz: 900, Mhz Limit: 897
Processor Information for processor 11
  Max Mhz: 1300, Current Mhz: 900, Mhz Limit: 897

Memory: 4k page, system-wide physical 16088M (2098M free)
TotalPageFile size 24519M (AvailPageFile size 3164M)
current process WorkingSet (physical memory assigned to process): 411M, peak: 420M
current process commit charge ("private bytes"): 455M, peak: 462M

vm_info: OpenJDK 64-Bit Server VM (21.0.12.1+1-LTS) for windows-amd64 JRE (21.0.12.1+1-LTS), built on 2026-08-18T00:00:00Z by "admin" with MS VC++ 17.12 (VS2022)

END.
