#
# There is insufficient memory for the Java Runtime Environment to continue.
# Native memory allocation (mmap) failed to map 65536 bytes. Error detail: Failed to commit metaspace.
# Possible reasons:
#   The system is out of physical RAM or swap space
#   This process is running with CompressedOops enabled, and the Java Heap may be blocking the growth of the native heap
# Possible solutions:
#   Reduce memory load on the system
#   Increase physical memory or swap space
#   Check if swap backing store is full
#   Decrease Java heap size (-Xmx/-Xms)
#   Decrease number of Java threads
#   Decrease Java thread stack sizes (-Xss)
#   Set larger code cache with -XX:ReservedCodeCacheSize=
#   JVM is running with Zero Based Compressed Oops mode in which the Java heap is
#     placed in the first 32GB address space. The Java Heap base address is the
#     maximum limit for the native heap growth. Please use -XX:HeapBaseMinAddress
#     to set the Java Heap base and to place the Java Heap above 32GB virtual address.
# This output file may be truncated or incomplete.
#
#  Out of Memory Error (virtualSpaceNode.cpp:113), pid=48996, tid=38256
#
# JRE version: OpenJDK Runtime Environment Temurin-21.0.12.1+1 (21.0.12.1+1) (build 21.0.12.1+1-LTS)
# Java VM: OpenJDK 64-Bit Server VM Temurin-21.0.12.1+1 (21.0.12.1+1-LTS, mixed mode, sharing, tiered, compressed oops, compressed class ptrs, g1 gc, windows-amd64)
# No core dump will be written. Minidumps are not enabled by default on client versions of Windows
#

---------------  S U M M A R Y ------------

Command Line: --add-opens=java.base/java.lang=ALL-UNNAMED --add-opens=java.base/java.lang.invoke=ALL-UNNAMED --add-opens=java.base/java.util=ALL-UNNAMED --add-opens=java.prefs/java.util.prefs=ALL-UNNAMED --add-exports=jdk.compiler/com.sun.tools.javac.api=ALL-UNNAMED --add-exports=jdk.compiler/com.sun.tools.javac.util=ALL-UNNAMED --add-opens=java.base/java.util=ALL-UNNAMED --add-opens=java.prefs/java.util.prefs=ALL-UNNAMED --add-opens=java.base/java.nio.charset=ALL-UNNAMED --add-opens=java.base/java.net=ALL-UNNAMED --add-opens=java.base/java.util.concurrent.atomic=ALL-UNNAMED --add-opens=java.xml/javax.xml.namespace=ALL-UNNAMED -XX:MaxMetaspaceSize=1G -Xmx6G -Dfile.encoding=UTF-8 -Duser.country=US -Duser.language=en -Duser.variant -javaagent:C:\Users\nimes\.gradle\wrapper\dists\gradle-8.14-all\c2qonpi39x1mddn7hk5gh9iqj\gradle-8.14\lib\agents\gradle-instrumentation-agent-8.14.jar org.gradle.launcher.daemon.bootstrap.GradleDaemon 8.14

Host: 12th Gen Intel(R) Core(TM) i5-1235U, 12 cores, 15G,  Windows 11 , 64 bit Build 26100 (10.0.26100.8737)
Time: Sat Sep 19 14:33:30 2026 Sri Lanka Standard Time elapsed time: 278.871615 seconds (0d 0h 4m 38s)

---------------  T H R E A D  ---------------

Current thread (0x000001796f1d5cf0):  JavaThread "Daemon worker"        [_thread_in_vm, id=38256, stack(0x000000049b400000,0x000000049b500000) (1024K)]

Stack: [0x000000049b400000,0x000000049b500000]
Native frames: (J=compiled Java code, j=interpreted, Vv=VM code, C=native code)
V  [jvm.dll+0x6d83e9]
V  [jvm.dll+0x8b5736]
V  [jvm.dll+0x8b7cee]
V  [jvm.dll+0x8b83d3]
V  [jvm.dll+0x284596]
V  [jvm.dll+0x8b147e]
V  [jvm.dll+0x679ad4]
V  [jvm.dll+0x1e849b]
V  [jvm.dll+0x1e825e]
V  [jvm.dll+0x67c3d2]
V  [jvm.dll+0x67c202]
V  [jvm.dll+0x67a4ae]
V  [jvm.dll+0x26f864]
V  [jvm.dll+0x21a11f]
V  [jvm.dll+0x20f80e]
V  [jvm.dll+0x5b6a7f]
V  [jvm.dll+0x82f606]
V  [jvm.dll+0x4792f8]
V  [jvm.dll+0x47f128]
C  [java.dll+0x17ec]

Java frames: (J=compiled Java code, j=interpreted, Vv=VM code)
J 850  java.lang.ClassLoader.defineClass1(Ljava/lang/ClassLoader;Ljava/lang/String;[BIILjava/security/ProtectionDomain;Ljava/lang/String;)Ljava/lang/Class; java.base@21.0.12.1 (0 bytes) @ 0x0000017957869091 [0x0000017957868fc0+0x00000000000000d1]
J 4912 c2 java.security.SecureClassLoader.defineClass(Ljava/lang/String;[BIILjava/security/CodeSource;)Ljava/lang/Class; java.base@21.0.12.1 (16 bytes) @ 0x0000017957ac2cb8 [0x0000017957ac1fe0+0x0000000000000cd8]
J 4004 c2 java.net.URLClassLoader.findClass(Ljava/lang/String;)Ljava/lang/Class; java.base@21.0.12.1 (47 bytes) @ 0x0000017957a3b9c0 [0x0000017957a3a420+0x00000000000015a0]
J 5397 c2 java.lang.ClassLoader.loadClass(Ljava/lang/String;Z)Ljava/lang/Class; java.base@21.0.12.1 (121 bytes) @ 0x0000017957ad8958 [0x0000017957ad8620+0x0000000000000338]
J 3633 c2 java.lang.ClassLoader.loadClass(Ljava/lang/String;)Ljava/lang/Class; java.base@21.0.12.1 (7 bytes) @ 0x0000017957a060ec [0x0000017957a060a0+0x000000000000004c]
v  ~StubRoutines::call_stub 0x000001795727100d
j  kotlin.reflect.jvm.internal.impl.load.kotlin.DeserializedDescriptorResolver.getAbiStability(Lkotlin/reflect/jvm/internal/impl/load/kotlin/KotlinJvmBinaryClass;)Lkotlin/reflect/jvm/internal/impl/serialization/deserialization/descriptors/DeserializedContainerAbiStability;+40
j  kotlin.reflect.jvm.internal.impl.load.kotlin.DeserializedDescriptorResolver.readClassData$descriptors_jvm(Lkotlin/reflect/jvm/internal/impl/load/kotlin/KotlinJvmBinaryClass;)Lkotlin/reflect/jvm/internal/impl/serialization/deserialization/ClassData;+191
j  kotlin.reflect.jvm.internal.impl.load.kotlin.DeserializedDescriptorResolver.resolveClass(Lkotlin/reflect/jvm/internal/impl/load/kotlin/KotlinJvmBinaryClass;)Lkotlin/reflect/jvm/internal/impl/descriptors/ClassDescriptor;+8
j  kotlin.reflect.jvm.internal.impl.load.java.lazy.descriptors.LazyJavaPackageScope.resolveKotlinBinaryClass(Lkotlin/reflect/jvm/internal/impl/load/kotlin/KotlinJvmBinaryClass;)Lkotlin/reflect/jvm/internal/impl/load/java/lazy/descriptors/LazyJavaPackageScope$KotlinClassLookupResult;+40
j  kotlin.reflect.jvm.internal.impl.load.java.lazy.descriptors.LazyJavaPackageScope.classes$lambda$1(Lkotlin/reflect/jvm/internal/impl/load/java/lazy/descriptors/LazyJavaPackageScope;Lkotlin/reflect/jvm/internal/impl/load/java/lazy/LazyJavaResolverContext;Lkotlin/reflect/jvm/internal/impl/load/java/lazy/descriptors/LazyJavaPackageScope$FindClassRequest;)Lkotlin/reflect/jvm/internal/impl/descriptors/ClassDescriptor;+134
j  kotlin.reflect.jvm.internal.impl.load.java.lazy.descriptors.LazyJavaPackageScope.accessor$LazyJavaPackageScope$lambda1(Lkotlin/reflect/jvm/internal/impl/load/java/lazy/descriptors/LazyJavaPackageScope;Lkotlin/reflect/jvm/internal/impl/load/java/lazy/LazyJavaResolverContext;Lkotlin/reflect/jvm/internal/impl/load/java/lazy/descriptors/LazyJavaPackageScope$FindClassRequest;)Lkotlin/reflect/jvm/internal/impl/descriptors/ClassDescriptor;+3
j  kotlin.reflect.jvm.internal.impl.load.java.lazy.descriptors.LazyJavaPackageScope$$Lambda$1.invoke(Ljava/lang/Object;)Ljava/lang/Object;+12
j  kotlin.reflect.jvm.internal.impl.storage.LockBasedStorageManager$MapBasedMemoizedFunction.invoke(Ljava/lang/Object;)Ljava/lang/Object;+182
j  kotlin.reflect.jvm.internal.impl.load.java.lazy.descriptors.LazyJavaPackageScope.findClassifier(Lkotlin/reflect/jvm/internal/impl/name/Name;Lkotlin/reflect/jvm/internal/impl/load/java/structure/JavaClass;)Lkotlin/reflect/jvm/internal/impl/descriptors/ClassDescriptor;+61
j  kotlin.reflect.jvm.internal.impl.load.java.lazy.descriptors.LazyJavaPackageScope.getContributedClassifier(Lkotlin/reflect/jvm/internal/impl/name/Name;Lkotlin/reflect/jvm/internal/impl/incremental/components/LookupLocation;)Lkotlin/reflect/jvm/internal/impl/descriptors/ClassDescriptor;+15
j  kotlin.reflect.jvm.internal.impl.load.java.lazy.descriptors.JvmPackageScope.getContributedClassifier(Lkotlin/reflect/jvm/internal/impl/name/Name;Lkotlin/reflect/jvm/internal/impl/incremental/components/LookupLocation;)Lkotlin/reflect/jvm/internal/impl/descriptors/ClassifierDescriptor;+24
j  kotlin.reflect.jvm.internal.impl.resolve.scopes.ChainedMemberScope.getContributedClassifier(Lkotlin/reflect/jvm/internal/impl/name/Name;Lkotlin/reflect/jvm/internal/impl/incremental/components/LookupLocation;)Lkotlin/reflect/jvm/internal/impl/descriptors/ClassifierDescriptor;+57
j  kotlin.reflect.jvm.internal.impl.resolve.scopes.AbstractScopeAdapter.getContributedClassifier(Lkotlin/reflect/jvm/internal/impl/name/Name;Lkotlin/reflect/jvm/internal/impl/incremental/components/LookupLocation;)Lkotlin/reflect/jvm/internal/impl/descriptors/ClassifierDescriptor;+18
j  kotlin.reflect.jvm.internal.impl.descriptors.FindClassInModuleKt.findClassifierAcrossModuleDependencies(Lkotlin/reflect/jvm/internal/impl/descriptors/ModuleDescriptor;Lkotlin/reflect/jvm/internal/impl/name/ClassId;)Lkotlin/reflect/jvm/internal/impl/descriptors/ClassifierDescriptor;+90
j  kotlin.reflect.jvm.internal.impl.descriptors.FindClassInModuleKt.findClassAcrossModuleDependencies(Lkotlin/reflect/jvm/internal/impl/descriptors/ModuleDescriptor;Lkotlin/reflect/jvm/internal/impl/name/ClassId;)Lkotlin/reflect/jvm/internal/impl/descriptors/ClassDescriptor;+14
j  kotlin.reflect.jvm.internal.KClassImpl$Data.descriptor_delegate$lambda$0(Lkotlin/reflect/jvm/internal/KClassImpl;)Lkotlin/reflect/jvm/internal/impl/descriptors/ClassDescriptor;+58
j  kotlin.reflect.jvm.internal.KClassImpl$Data.accessor$KClassImpl$Data$lambda0(Lkotlin/reflect/jvm/internal/KClassImpl;)Lkotlin/reflect/jvm/internal/impl/descriptors/ClassDescriptor;+1
j  kotlin.reflect.jvm.internal.KClassImpl$Data$$Lambda$0.invoke()Ljava/lang/Object;+4
j  kotlin.reflect.jvm.internal.ReflectProperties$LazySoftVal.invoke()Ljava/lang/Object;+28
j  kotlin.reflect.jvm.internal.ReflectProperties$Val.getValue(Ljava/lang/Object;Ljava/lang/Object;)Ljava/lang/Object;+1
j  kotlin.reflect.jvm.internal.KClassImpl$Data.getDescriptor()Lkotlin/reflect/jvm/internal/impl/descriptors/ClassDescriptor;+10
j  kotlin.reflect.jvm.internal.KClassImpl.getDescriptor()Lkotlin/reflect/jvm/internal/impl/descriptors/ClassDescriptor;+12
j  kotlin.reflect.jvm.internal.KClassImpl.getDescriptor()Lkotlin/reflect/jvm/internal/impl/descriptors/ClassifierDescriptor;+1
j  kotlin.reflect.full.KClassifiers.createType(Lkotlin/reflect/KClassifier;Ljava/util/List;ZLjava/util/List;)Lkotlin/reflect/KType;+37
j  kotlin.reflect.jvm.internal.CachesKt.CACHE_FOR_BASE_CLASSIFIERS$lambda$2(Ljava/lang/Class;)Lkotlin/reflect/KType;+20
j  kotlin.reflect.jvm.internal.CachesKt.accessor$CachesKt$lambda2(Ljava/lang/Class;)Lkotlin/reflect/KType;+1
j  kotlin.reflect.jvm.internal.CachesKt$$Lambda$2.invoke(Ljava/lang/Object;)Ljava/lang/Object;+4
j  kotlin.reflect.jvm.internal.ComputableClassValue.computeValue(Ljava/lang/Class;)Ljava/lang/ref/SoftReference;+15
j  kotlin.reflect.jvm.internal.ComputableClassValue.computeValue(Ljava/lang/Class;)Ljava/lang/Object;+2
J 4742 c1 java.lang.ClassValue.getFromHashMap(Ljava/lang/Class;)Ljava/lang/Object; java.base@21.0.12.1 (70 bytes) @ 0x00000179506833d4 [0x0000017950682f20+0x00000000000004b4]
J 4146 c1 java.lang.ClassValue.get(Ljava/lang/Class;)Ljava/lang/Object; java.base@21.0.12.1 (31 bytes) @ 0x000001795055793c [0x00000179505572c0+0x000000000000067c]
j  kotlin.reflect.jvm.internal.ClassValueCache.get(Ljava/lang/Class;)Ljava/lang/Object;+13
j  kotlin.reflect.jvm.internal.CachesKt.getOrCreateKType(Ljava/lang/Class;Ljava/util/List;Z)Lkotlin/reflect/KType;+42
j  kotlin.reflect.jvm.internal.ReflectionFactoryImpl.typeOf(Lkotlin/reflect/KClassifier;Ljava/util/List;Z)Lkotlin/reflect/KType;+18
j  kotlin.jvm.internal.Reflection.typeOf(Ljava/lang/Class;)Lkotlin/reflect/KType;+11
j  org.jetbrains.kotlin.gradle.utils.StoredPropertyKt.<clinit>()V+17
v  ~StubRoutines::call_stub 0x000001795727100d
j  org.jetbrains.kotlin.gradle.plugin.KotlinPluginWrapperKt.<clinit>()V+38
v  ~StubRoutines::call_stub 0x000001795727100d
j  org.jetbrains.kotlin.gradle.plugin.DefaultKotlinBasePlugin.<init>()V+24
j  org.jetbrains.kotlin.gradle.plugin.KotlinBasePluginWrapper.<init>()V+1
j  org.jetbrains.kotlin.gradle.plugin.AbstractKotlinPluginWrapper.<init>(Lorg/gradle/tooling/provider/model/ToolingModelBuilderRegistry;)V+7
j  org.jetbrains.kotlin.gradle.plugin.KotlinPluginWrapper.<init>(Lorg/gradle/tooling/provider/model/ToolingModelBuilderRegistry;)V+8
J 4466 c2 java.lang.invoke.DirectMethodHandle$Holder.newInvokeSpecial(Ljava/lang/Object;Ljava/lang/Object;)Ljava/lang/Object; java.base@21.0.12.1 (21 bytes) @ 0x0000017957a85b00 [0x0000017957a859c0+0x0000000000000140]
J 1683 c1 java.lang.invoke.LambdaForm$MH+0x000001790101c000.invoke(Ljava/lang/Object;Ljava/lang/Object;)Ljava/lang/Object; java.base@21.0.12.1 (35 bytes) @ 0x0000017950076df4 [0x0000017950076880+0x0000000000000574]
J 1619 c1 jdk.internal.reflect.DirectConstructorHandleAccessor.newInstance([Ljava/lang/Object;)Ljava/lang/Object; java.base@21.0.12.1 (130 bytes) @ 0x0000017950057354 [0x0000017950056640+0x0000000000000d14]
J 1616 c1 java.lang.reflect.Constructor.newInstanceWithCaller([Ljava/lang/Object;ZLjava/lang/Class;)Ljava/lang/Object; java.base@21.0.12.1 (51 bytes) @ 0x00000179500556cc [0x00000179500554e0+0x00000000000001ec]
J 5938 c1 org.gradle.internal.instantiation.generator.AsmBackedClassGenerator$InvokeConstructorStrategy.newInstance(Lorg/gradle/internal/service/ServiceLookup;Lorg/gradle/internal/instantiation/InstanceGenerator;Lorg/gradle/api/Describable;[Ljava/lang/Object;)Ljava/lang/Object; (66 bytes) @ 0x00000179507a6fd4 [0x00000179507a66a0+0x0000000000000934]
J 7576 c1 org.gradle.internal.instantiation.generator.AbstractClassGenerator$GeneratedClassImpl$GeneratedConstructorImpl.newInstance(Lorg/gradle/internal/service/ServiceLookup;Lorg/gradle/internal/instantiation/InstanceGenerator;Lorg/gradle/api/Describable;[Ljava/lang/Object;)Ljava/lang/Object; (15 bytes) @ 0x0000017950abe5d4 [0x0000017950abe4c0+0x0000000000000114]
J 5507 c1 org.gradle.internal.instantiation.generator.DependencyInjectingInstantiator.doCreate(Ljava/lang/Class;Lorg/gradle/api/Describable;[Ljava/lang/Object;)Ljava/lang/Object; (64 bytes) @ 0x000001794fd78e2c [0x000001794fd78c20+0x000000000000020c]
J 5506 c1 org.gradle.internal.instantiation.generator.DependencyInjectingInstantiator.newInstance(Ljava/lang/Class;[Ljava/lang/Object;)Ljava/lang/Object; (8 bytes) @ 0x000001794fd7974c [0x000001794fd796c0+0x000000000000008c]
j  org.gradle.api.internal.plugins.PluginInstantiator.newInstance(Ljava/lang/Class;[Ljava/lang/Object;)Ljava/lang/Object;+28
j  org.gradle.api.internal.plugins.DefaultPluginManager.instantiatePlugin(Ljava/lang/Class;)Ljava/lang/Object;+9
j  org.gradle.api.internal.plugins.DefaultPluginManager.producePluginInstance(Ljava/lang/Class;)Lorg/gradle/api/Plugin;+16
j  org.gradle.api.internal.plugins.DefaultPluginManager.addPlugin(Ljava/lang/Runnable;Lorg/gradle/api/internal/plugins/PluginImplementation;Ljava/lang/String;Ljava/lang/Class;)V+16
j  org.gradle.api.internal.plugins.DefaultPluginManager.access$100(Lorg/gradle/api/internal/plugins/DefaultPluginManager;Ljava/lang/Runnable;Lorg/gradle/api/internal/plugins/PluginImplementation;Ljava/lang/String;Ljava/lang/Class;)V+6
j  org.gradle.api.internal.plugins.DefaultPluginManager$AddPluginBuildOperation.run(Lorg/gradle/internal/operations/BuildOperationContext;)V+20
j  org.gradle.internal.operations.DefaultBuildOperationRunner$1.execute(Lorg/gradle/internal/operations/RunnableBuildOperation;Lorg/gradle/internal/operations/BuildOperationContext;)V+2
j  org.gradle.internal.operations.DefaultBuildOperationRunner$1.execute(Lorg/gradle/internal/operations/BuildOperation;Lorg/gradle/internal/operations/BuildOperationContext;)V+6
J 7343 c1 org.gradle.internal.operations.DefaultBuildOperationRunner$2.execute(Lorg/gradle/internal/operations/BuildOperationDescriptor;Lorg/gradle/internal/operations/BuildOperationState;Lorg/gradle/internal/operations/BuildOperationState;Lorg/gradle/internal/operations/DefaultBuildOperationRunner$ReadableBuildOperationContext;Lorg/gradle/internal/operations/DefaultBuildOperationRunner$BuildOperationExecutionListener;)Lorg/gradle/internal/operations/BuildOperation; (110 bytes) @ 0x0000017950a2f94c [0x0000017950a2f740+0x000000000000020c]
j  org.gradle.internal.operations.DefaultBuildOperationRunner$2.execute(Lorg/gradle/internal/operations/BuildOperationDescriptor;Lorg/gradle/internal/operations/BuildOperationState;Lorg/gradle/internal/operations/BuildOperationState;Lorg/gradle/internal/operations/DefaultBuildOperationRunner$ReadableBuildOperationContext;Lorg/gradle/internal/operations/DefaultBuildOperationRunner$BuildOperationExecutionListener;)Ljava/lang/Object;+8
J 7172 c1 org.gradle.internal.operations.DefaultBuildOperationRunner.execute(Lorg/gradle/internal/operations/BuildOperationDescriptor$Builder;Lorg/gradle/internal/operations/BuildOperationState;Lorg/gradle/internal/operations/DefaultBuildOperationRunner$BuildOperationExecution;)Ljava/lang/Object; (147 bytes) @ 0x00000179509ce59c [0x00000179509cda00+0x0000000000000b9c]
J 7305 c1 org.gradle.internal.operations.DefaultBuildOperationRunner.execute(Lorg/gradle/internal/operations/BuildOperation;Lorg/gradle/internal/operations/BuildOperationWorker;Lorg/gradle/internal/operations/BuildOperationState;)V (23 bytes) @ 0x0000017950a151a4 [0x0000017950a14ee0+0x00000000000002c4]
j  org.gradle.internal.operations.DefaultBuildOperationRunner.run(Lorg/gradle/internal/operations/RunnableBuildOperation;)V+9
j  org.gradle.api.internal.plugins.DefaultPluginManager.lambda$doApply$0(Ljava/lang/Runnable;Lorg/gradle/api/internal/plugins/PluginImplementation;Ljava/lang/String;Ljava/lang/Class;Lorg/gradle/internal/code/UserCodeApplicationId;)V+20
j  org.gradle.api.internal.plugins.DefaultPluginManager$$Lambda+0x0000017901769728.execute(Ljava/lang/Object;)V+24
j  org.gradle.internal.code.DefaultUserCodeApplicationContext.apply(Lorg/gradle/internal/code/UserCodeSource;Lorg/gradle/api/Action;)V+37
j  org.gradle.api.internal.plugins.DefaultPluginManager.doApply(Lorg/gradle/api/internal/plugins/PluginImplementation;)V+144
j  org.gradle.api.internal.plugins.DefaultPluginManager.addImperativePlugin(Lorg/gradle/api/internal/plugins/PluginImplementation;)Lorg/gradle/api/Plugin;+2
j  org.gradle.api.internal.plugins.DefaultPluginManager.addImperativePlugin(Ljava/lang/Class;)Lorg/gradle/api/Plugin;+11
j  org.gradle.api.internal.plugins.DefaultPluginContainer.apply(Ljava/lang/Class;)Lorg/gradle/api/Plugin;+5
j  org.gradle.kotlin.dsl.plugins.embedded.EmbeddedKotlinPlugin.apply(Lorg/gradle/api/Project;)V+18
j  org.gradle.kotlin.dsl.plugins.embedded.EmbeddedKotlinPlugin.apply(Ljava/lang/Object;)V+5
j  org.gradle.api.internal.plugins.ImperativeOnlyPluginTarget.applyImperative(Ljava/lang/String;Lorg/gradle/api/Plugin;)V+13
j  org.gradle.api.internal.plugins.RuleBasedPluginTarget.applyImperative(Ljava/lang/String;Lorg/gradle/api/Plugin;)V+6
j  org.gradle.api.internal.plugins.DefaultPluginManager.addPlugin(Ljava/lang/Runnable;Lorg/gradle/api/internal/plugins/PluginImplementation;Ljava/lang/String;Ljava/lang/Class;)V+54
j  org.gradle.api.internal.plugins.DefaultPluginManager.access$100(Lorg/gradle/api/internal/plugins/DefaultPluginManager;Ljava/lang/Runnable;Lorg/gradle/api/internal/plugins/PluginImplementation;Ljava/lang/String;Ljava/lang/Class;)V+6
j  org.gradle.api.internal.plugins.DefaultPluginManager$AddPluginBuildOperation.run(Lorg/gradle/internal/operations/BuildOperationContext;)V+20
j  org.gradle.internal.operations.DefaultBuildOperationRunner$1.execute(Lorg/gradle/internal/operations/RunnableBuildOperation;Lorg/gradle/internal/operations/BuildOperationContext;)V+2
j  org.gradle.internal.operations.DefaultBuildOperationRunner$1.execute(Lorg/gradle/internal/operations/BuildOperation;Lorg/gradle/internal/operations/BuildOperationContext;)V+6
J 7343 c1 org.gradle.internal.operations.DefaultBuildOperationRunner$2.execute(Lorg/gradle/internal/operations/BuildOperationDescriptor;Lorg/gradle/internal/operations/BuildOperationState;Lorg/gradle/internal/operations/BuildOperationState;Lorg/gradle/internal/operations/DefaultBuildOperationRunner$ReadableBuildOperationContext;Lorg/gradle/internal/operations/DefaultBuildOperationRunner$BuildOperationExecutionListener;)Lorg/gradle/internal/operations/BuildOperation; (110 bytes) @ 0x0000017950a2f94c [0x0000017950a2f740+0x000000000000020c]
j  org.gradle.internal.operations.DefaultBuildOperationRunner$2.execute(Lorg/gradle/internal/operations/BuildOperationDescriptor;Lorg/gradle/internal/operations/BuildOperationState;Lorg/gradle/internal/operations/BuildOperationState;Lorg/gradle/internal/operations/DefaultBuildOperationRunner$ReadableBuildOperationContext;Lorg/gradle/internal/operations/DefaultBuildOperationRunner$BuildOperationExecutionListener;)Ljava/lang/Object;+8
J 7172 c1 org.gradle.internal.operations.DefaultBuildOperationRunner.execute(Lorg/gradle/internal/operations/BuildOperationDescriptor$Builder;Lorg/gradle/internal/operations/BuildOperationState;Lorg/gradle/internal/operations/DefaultBuildOperationRunner$BuildOperationExecution;)Ljava/lang/Object; (147 bytes) @ 0x00000179509ce59c [0x00000179509cda00+0x0000000000000b9c]
J 7305 c1 org.gradle.internal.operations.DefaultBuildOperationRunner.execute(Lorg/gradle/internal/operations/BuildOperation;Lorg/gradle/internal/operations/BuildOperationWorker;Lorg/gradle/internal/operations/BuildOperationState;)V (23 bytes) @ 0x0000017950a151a4 [0x0000017950a14ee0+0x00000000000002c4]
j  org.gradle.internal.operations.DefaultBuildOperationRunner.run(Lorg/gradle/internal/operations/RunnableBuildOperation;)V+9
j  org.gradle.api.internal.plugins.DefaultPluginManager.lambda$doApply$0(Ljava/lang/Runnable;Lorg/gradle/api/internal/plugins/PluginImplementation;Ljava/lang/String;Ljava/lang/Class;Lorg/gradle/internal/code/UserCodeApplicationId;)V+20
j  org.gradle.api.internal.plugins.DefaultPluginManager$$Lambda+0x0000017901769728.execute(Ljava/lang/Object;)V+24
j  org.gradle.internal.code.DefaultUserCodeApplicationContext.apply(Lorg/gradle/internal/code/UserCodeSource;Lorg/gradle/api/Action;)V+37
j  org.gradle.api.internal.plugins.DefaultPluginManager.doApply(Lorg/gradle/api/internal/plugins/PluginImplementation;)V+144
j  org.gradle.api.internal.plugins.DefaultPluginManager.apply(Ljava/lang/Class;)V+11
j  org.gradle.api.internal.plugins.DefaultObjectConfigurationAction.applyType(Ljava/lang/Class;)V+43
j  org.gradle.api.internal.plugins.DefaultObjectConfigurationAction.applyPlugin(Ljava/lang/Class;)V+2
j  org.gradle.api.internal.plugins.DefaultObjectConfigurationAction.access$100(Lorg/gradle/api/internal/plugins/DefaultObjectConfigurationAction;Ljava/lang/Class;)V+2
j  org.gradle.api.internal.plugins.DefaultObjectConfigurationAction$2.run()V+8
j  org.gradle.api.internal.plugins.DefaultObjectConfigurationAction.execute()V+58
j  org.gradle.api.internal.project.AbstractPluginAware.apply(Lorg/gradle/api/Action;)V+13
j  org.gradle.api.internal.project.DefaultProject.apply(Lorg/gradle/api/Action;)V+6
j  org.gradle.kotlin.dsl.plugins.base.KotlinDslBasePlugin.apply(Lorg/gradle/api/Project;)V+34
j  org.gradle.kotlin.dsl.plugins.base.KotlinDslBasePlugin.apply(Ljava/lang/Object;)V+5
j  org.gradle.api.internal.plugins.ImperativeOnlyPluginTarget.applyImperative(Ljava/lang/String;Lorg/gradle/api/Plugin;)V+13
j  org.gradle.api.internal.plugins.RuleBasedPluginTarget.applyImperative(Ljava/lang/String;Lorg/gradle/api/Plugin;)V+6
j  org.gradle.api.internal.plugins.DefaultPluginManager.addPlugin(Ljava/lang/Runnable;Lorg/gradle/api/internal/plugins/PluginImplementation;Ljava/lang/String;Ljava/lang/Class;)V+54
j  org.gradle.api.internal.plugins.DefaultPluginManager.access$100(Lorg/gradle/api/internal/plugins/DefaultPluginManager;Ljava/lang/Runnable;Lorg/gradle/api/internal/plugins/PluginImplementation;Ljava/lang/String;Ljava/lang/Class;)V+6
j  org.gradle.api.internal.plugins.DefaultPluginManager$AddPluginBuildOperation.run(Lorg/gradle/internal/operations/BuildOperationContext;)V+20
j  org.gradle.internal.operations.DefaultBuildOperationRunner$1.execute(Lorg/gradle/internal/operations/RunnableBuildOperation;Lorg/gradle/internal/operations/BuildOperationContext;)V+2
j  org.gradle.internal.operations.DefaultBuildOperationRunner$1.execute(Lorg/gradle/internal/operations/BuildOperation;Lorg/gradle/internal/operations/BuildOperationContext;)V+6
J 7343 c1 org.gradle.internal.operations.DefaultBuildOperationRunner$2.execute(Lorg/gradle/internal/operations/BuildOperationDescriptor;Lorg/gradle/internal/operations/BuildOperationState;Lorg/gradle/internal/operations/BuildOperationState;Lorg/gradle/internal/operations/DefaultBuildOperationRunner$ReadableBuildOperationContext;Lorg/gradle/internal/operations/DefaultBuildOperationRunner$BuildOperationExecutionListener;)Lorg/gradle/internal/operations/BuildOperation; (110 bytes) @ 0x0000017950a2f94c [0x0000017950a2f740+0x000000000000020c]
j  org.gradle.internal.operations.DefaultBuildOperationRunner$2.execute(Lorg/gradle/internal/operations/BuildOperationDescriptor;Lorg/gradle/internal/operations/BuildOperationState;Lorg/gradle/internal/operations/BuildOperationState;Lorg/gradle/internal/operations/DefaultBuildOperationRunner$ReadableBuildOperationContext;Lorg/gradle/internal/operations/DefaultBuildOperationRunner$BuildOperationExecutionListener;)Ljava/lang/Object;+8
J 7172 c1 org.gradle.internal.operations.DefaultBuildOperationRunner.execute(Lorg/gradle/internal/operations/BuildOperationDescriptor$Builder;Lorg/gradle/internal/operations/BuildOperationState;Lorg/gradle/internal/operations/DefaultBuildOperationRunner$BuildOperationExecution;)Ljava/lang/Object; (147 bytes) @ 0x00000179509ce59c [0x00000179509cda00+0x0000000000000b9c]
J 7305 c1 org.gradle.internal.operations.DefaultBuildOperationRunner.execute(Lorg/gradle/internal/operations/BuildOperation;Lorg/gradle/internal/operations/BuildOperationWorker;Lorg/gradle/internal/operations/BuildOperationState;)V (23 bytes) @ 0x0000017950a151a4 [0x0000017950a14ee0+0x00000000000002c4]
j  org.gradle.internal.operations.DefaultBuildOperationRunner.run(Lorg/gradle/internal/operations/RunnableBuildOperation;)V+9
j  org.gradle.api.internal.plugins.DefaultPluginManager.lambda$doApply$0(Ljava/lang/Runnable;Lorg/gradle/api/internal/plugins/PluginImplementation;Ljava/lang/String;Ljava/lang/Class;Lorg/gradle/internal/code/UserCodeApplicationId;)V+20
j  org.gradle.api.internal.plugins.DefaultPluginManager$$Lambda+0x0000017901769728.execute(Ljava/lang/Object;)V+24
j  org.gradle.internal.code.DefaultUserCodeApplicationContext.apply(Lorg/gradle/internal/code/UserCodeSource;Lorg/gradle/api/Action;)V+37
j  org.gradle.api.internal.plugins.DefaultPluginManager.doApply(Lorg/gradle/api/internal/plugins/PluginImplementation;)V+144
j  org.gradle.api.internal.plugins.DefaultPluginManager.apply(Ljava/lang/Class;)V+11
j  org.gradle.api.internal.plugins.DefaultObjectConfigurationAction.applyType(Ljava/lang/Class;)V+43
j  org.gradle.api.internal.plugins.DefaultObjectConfigurationAction.applyPlugin(Ljava/lang/Class;)V+2
j  org.gradle.api.internal.plugins.DefaultObjectConfigurationAction.access$100(Lorg/gradle/api/internal/plugins/DefaultObjectConfigurationAction;Ljava/lang/Class;)V+2
j  org.gradle.api.internal.plugins.DefaultObjectConfigurationAction$2.run()V+8
j  org.gradle.api.internal.plugins.DefaultObjectConfigurationAction.execute()V+58
j  org.gradle.api.internal.project.AbstractPluginAware.apply(Lorg/gradle/api/Action;)V+13
j  org.gradle.api.internal.project.DefaultProject.apply(Lorg/gradle/api/Action;)V+6
j  org.gradle.kotlin.dsl.plugins.dsl.KotlinDslPlugin.apply(Lorg/gradle/api/Project;)V+70
j  org.gradle.kotlin.dsl.plugins.dsl.KotlinDslPlugin.apply(Ljava/lang/Object;)V+5
j  org.gradle.api.internal.plugins.ImperativeOnlyPluginTarget.applyImperative(Ljava/lang/String;Lorg/gradle/api/Plugin;)V+13
j  org.gradle.api.internal.plugins.RuleBasedPluginTarget.applyImperative(Ljava/lang/String;Lorg/gradle/api/Plugin;)V+6
j  org.gradle.api.internal.plugins.DefaultPluginManager.addPlugin(Ljava/lang/Runnable;Lorg/gradle/api/internal/plugins/PluginImplementation;Ljava/lang/String;Ljava/lang/Class;)V+54
j  org.gradle.api.internal.plugins.DefaultPluginManager.access$100(Lorg/gradle/api/internal/plugins/DefaultPluginManager;Ljava/lang/Runnable;Lorg/gradle/api/internal/plugins/PluginImplementation;Ljava/lang/String;Ljava/lang/Class;)V+6
j  org.gradle.api.internal.plugins.DefaultPluginManager$AddPluginBuildOperation.run(Lorg/gradle/internal/operations/BuildOperationContext;)V+20
j  org.gradle.internal.operations.DefaultBuildOperationRunner$1.execute(Lorg/gradle/internal/operations/RunnableBuildOperation;Lorg/gradle/internal/operations/BuildOperationContext;)V+2
j  org.gradle.internal.operations.DefaultBuildOperationRunner$1.execute(Lorg/gradle/internal/operations/BuildOperation;Lorg/gradle/internal/operations/BuildOperationContext;)V+6
J 7343 c1 org.gradle.internal.operations.DefaultBuildOperationRunner$2.execute(Lorg/gradle/internal/operations/BuildOperationDescriptor;Lorg/gradle/internal/operations/BuildOperationState;Lorg/gradle/internal/operations/BuildOperationState;Lorg/gradle/internal/operations/DefaultBuildOperationRunner$ReadableBuildOperationContext;Lorg/gradle/internal/operations/DefaultBuildOperationRunner$BuildOperationExecutionListener;)Lorg/gradle/internal/operations/BuildOperation; (110 bytes) @ 0x0000017950a2f94c [0x0000017950a2f740+0x000000000000020c]
j  org.gradle.internal.operations.DefaultBuildOperationRunner$2.execute(Lorg/gradle/internal/operations/BuildOperationDescriptor;Lorg/gradle/internal/operations/BuildOperationState;Lorg/gradle/internal/operations/BuildOperationState;Lorg/gradle/internal/operations/DefaultBuildOperationRunner$ReadableBuildOperationContext;Lorg/gradle/internal/operations/DefaultBuildOperationRunner$BuildOperationExecutionListener;)Ljava/lang/Object;+8
J 7172 c1 org.gradle.internal.operations.DefaultBuildOperationRunner.execute(Lorg/gradle/internal/operations/BuildOperationDescriptor$Builder;Lorg/gradle/internal/operations/BuildOperationState;Lorg/gradle/internal/operations/DefaultBuildOperationRunner$BuildOperationExecution;)Ljava/lang/Object; (147 bytes) @ 0x00000179509ce59c [0x00000179509cda00+0x0000000000000b9c]
J 7305 c1 org.gradle.internal.operations.DefaultBuildOperationRunner.execute(Lorg/gradle/internal/operations/BuildOperation;Lorg/gradle/internal/operations/BuildOperationWorker;Lorg/gradle/internal/operations/BuildOperationState;)V (23 bytes) @ 0x0000017950a151a4 [0x0000017950a14ee0+0x00000000000002c4]
j  org.gradle.internal.operations.DefaultBuildOperationRunner.run(Lorg/gradle/internal/operations/RunnableBuildOperation;)V+9
j  org.gradle.api.internal.plugins.DefaultPluginManager.lambda$doApply$0(Ljava/lang/Runnable;Lorg/gradle/api/internal/plugins/PluginImplementation;Ljava/lang/String;Ljava/lang/Class;Lorg/gradle/internal/code/UserCodeApplicationId;)V+20
j  org.gradle.api.internal.plugins.DefaultPluginManager$$Lambda+0x0000017901769728.execute(Ljava/lang/Object;)V+24
j  org.gradle.internal.code.DefaultUserCodeApplicationContext.apply(Lorg/gradle/internal/code/UserCodeSource;Lorg/gradle/api/Action;)V+37
j  org.gradle.api.internal.plugins.DefaultPluginManager.doApply(Lorg/gradle/api/internal/plugins/PluginImplementation;)V+144
j  org.gradle.api.internal.plugins.DefaultPluginManager.apply(Ljava/lang/String;)V+52
j  org.gradle.plugin.use.resolve.internal.ArtifactRepositoriesPluginResolver$ExternalPluginResolution.applyTo(Lorg/gradle/api/internal/plugins/PluginManagerInternal;)V+55
j  org.gradle.plugin.use.internal.DefaultPluginRequestApplicator$ApplyAction.apply(Lorg/gradle/api/internal/plugins/PluginManagerInternal;)V+21
j  org.gradle.plugin.use.internal.DefaultPluginRequestApplicator.lambda$applyPlugins$1(Lorg/gradle/api/internal/plugins/PluginManagerInternal;Lorg/gradle/plugin/use/internal/DefaultPluginRequestApplicator$ApplyAction;)V+2
j  org.gradle.plugin.use.internal.DefaultPluginRequestApplicator$$Lambda+0x0000017901852d30.accept(Ljava/lang/Object;)V+8
j  java.util.ArrayList.forEach(Ljava/util/function/Consumer;)V+46 java.base@21.0.12.1
j  org.gradle.plugin.use.internal.DefaultPluginRequestApplicator.applyPlugins(Lorg/gradle/plugin/management/internal/PluginRequests;Lorg/gradle/api/internal/initialization/ScriptHandlerInternal;Lorg/gradle/api/internal/plugins/PluginManagerInternal;Lorg/gradle/api/internal/initialization/ClassLoaderScope;)V+375
j  org.gradle.kotlin.dsl.provider.PluginRequestsHandler.handle(Lorg/gradle/plugin/management/internal/PluginRequests;Lorg/gradle/api/internal/initialization/ScriptHandlerInternal;Lorg/gradle/api/internal/plugins/PluginAwareInternal;Lorg/gradle/api/internal/initialization/ClassLoaderScope;)V+65
j  org.gradle.kotlin.dsl.provider.StandardKotlinScriptEvaluator$InterpreterHost.applyPluginsTo(Lorg/gradle/kotlin/dsl/support/KotlinScriptHost;Lorg/gradle/plugin/management/internal/PluginRequests;)V+53
j  org.gradle.kotlin.dsl.execution.Interpreter$ProgramHost.applyPluginsTo(Lorg/gradle/kotlin/dsl/support/KotlinScriptHost;Lorg/gradle/plugin/management/internal/PluginRequests;)V+21
j  Program.execute(Lorg/gradle/kotlin/dsl/execution/ExecutableProgram$Host;Lorg/gradle/kotlin/dsl/support/KotlinScriptHost;)V+38
j  org.gradle.kotlin.dsl.execution.Interpreter$ProgramHost.eval(Lorg/gradle/kotlin/dsl/execution/CompiledScript;Lorg/gradle/kotlin/dsl/support/KotlinScriptHost;)V+88
j  org.gradle.kotlin.dsl.execution.Interpreter.eval(Ljava/lang/Object;Lorg/gradle/groovy/scripts/ScriptSource;Lorg/gradle/internal/hash/HashCode;Lorg/gradle/api/initialization/dsl/ScriptHandler;Lorg/gradle/api/internal/initialization/ClassLoaderScope;Lorg/gradle/api/internal/initialization/ClassLoaderScope;ZLjava/util/EnumSet;)V+213
j  org.gradle.kotlin.dsl.provider.StandardKotlinScriptEvaluator.evaluate(Ljava/lang/Object;Lorg/gradle/groovy/scripts/ScriptSource;Lorg/gradle/api/initialization/dsl/ScriptHandler;Lorg/gradle/api/internal/initialization/ClassLoaderScope;Lorg/gradle/api/internal/initialization/ClassLoaderScope;ZLjava/util/EnumSet;)V+163
j  org.gradle.kotlin.dsl.provider.KotlinScriptPluginFactory$create$1.invoke(Ljava/lang/Object;)V+72
j  org.gradle.kotlin.dsl.provider.KotlinScriptPluginFactory$create$1.invoke(Ljava/lang/Object;)Ljava/lang/Object;+2
j  org.gradle.kotlin.dsl.provider.KotlinScriptPlugin.apply(Ljava/lang/Object;)V+22
j  org.gradle.configuration.BuildOperationScriptPlugin$1.run(Lorg/gradle/internal/operations/BuildOperationContext;)V+11
j  org.gradle.internal.operations.DefaultBuildOperationRunner$1.execute(Lorg/gradle/internal/operations/RunnableBuildOperation;Lorg/gradle/internal/operations/BuildOperationContext;)V+2
j  org.gradle.internal.operations.DefaultBuildOperationRunner$1.execute(Lorg/gradle/internal/operations/BuildOperation;Lorg/gradle/internal/operations/BuildOperationContext;)V+6
j  org.gradle.internal.operations.DefaultBuildOperationRunner$2.execute(Lorg/gradle/internal/operations/BuildOperationDescriptor;Lorg/gradle/internal/operations/BuildOperationState;Lorg/gradle/internal/operations/BuildOperationState;Lorg/gradle/internal/operations/DefaultBuildOperationRunner$ReadableBuildOperationContext;Lorg/gradle/internal/operations/DefaultBuildOperationRunner$BuildOperationExecutionListener;)Lorg/gradle/internal/operations/BuildOperation;+22
j  org.gradle.internal.operations.DefaultBuildOperationRunner$2.execute(Lorg/gradle/internal/operations/BuildOperationDescriptor;Lorg/gradle/internal/operations/BuildOperationState;Lorg/gradle/internal/operations/BuildOperationState;Lorg/gradle/internal/operations/DefaultBuildOperationRunner$ReadableBuildOperationContext;Lorg/gradle/internal/operations/DefaultBuildOperationRunner$BuildOperationExecutionListener;)Ljava/lang/Object;+8
j  org.gradle.internal.operations.DefaultBuildOperationRunner.execute(Lorg/gradle/internal/operations/BuildOperationDescriptor$Builder;Lorg/gradle/internal/operations/BuildOperationState;Lorg/gradle/internal/operations/DefaultBuildOperationRunner$BuildOperationExecution;)Ljava/lang/Object;+141
j  org.gradle.internal.operations.DefaultBuildOperationRunner.execute(Lorg/gradle/internal/operations/BuildOperation;Lorg/gradle/internal/operations/BuildOperationWorker;Lorg/gradle/internal/operations/BuildOperationState;)V+18
j  org.gradle.internal.operations.DefaultBuildOperationRunner.run(Lorg/gradle/internal/operations/RunnableBuildOperation;)V+9
j  org.gradle.configuration.BuildOperationScriptPlugin.lambda$apply$0(Ljava/lang/Object;Lorg/gradle/internal/code/UserCodeApplicationId;)V+14
j  org.gradle.configuration.BuildOperationScriptPlugin$$Lambda+0x000001790144f698.execute(Ljava/lang/Object;)V+12
j  org.gradle.internal.code.DefaultUserCodeApplicationContext.apply(Lorg/gradle/internal/code/UserCodeSource;Lorg/gradle/api/Action;)V+37
j  org.gradle.configuration.BuildOperationScriptPlugin.apply(Ljava/lang/Object;)V+71
j  org.gradle.configuration.project.BuildScriptProcessor$$Lambda+0x00000179017a7cd8.accept(Ljava/lang/Object;)V+8
j  org.gradle.api.internal.project.DefaultProjectStateRegistry$ProjectStateImpl.lambda$applyToMutableState$1(Ljava/util/function/Consumer;Lorg/gradle/api/internal/project/ProjectInternal;)Ljava/lang/Object;+2
j  org.gradle.api.internal.project.DefaultProjectStateRegistry$ProjectStateImpl$$Lambda+0x0000017901746540.apply(Ljava/lang/Object;)Ljava/lang/Object;+8
j  org.gradle.api.internal.project.DefaultProjectStateRegistry$ProjectStateImpl.fromMutableState(Ljava/util/function/Function;)Ljava/lang/Object;+97
j  org.gradle.api.internal.project.DefaultProjectStateRegistry$ProjectStateImpl.applyToMutableState(Ljava/util/function/Consumer;)V+7
j  org.gradle.configuration.project.BuildScriptProcessor.execute(Lorg/gradle/api/internal/project/ProjectInternal;)V+88
j  org.gradle.configuration.project.BuildScriptProcessor.execute(Ljava/lang/Object;)V+5
j  org.gradle.configuration.project.ConfigureActionsProjectEvaluator.evaluate(Lorg/gradle/api/internal/project/ProjectInternal;Lorg/gradle/api/internal/project/ProjectStateInternal;)V+33
j  org.gradle.configuration.project.LifecycleProjectEvaluator$EvaluateProject.lambda$run$0(Lorg/gradle/internal/operations/BuildOperationContext;Lorg/gradle/api/internal/project/ProjectInternal;)V+67
j  org.gradle.configuration.project.LifecycleProjectEvaluator$EvaluateProject$$Lambda+0x00000179017546d0.accept(Ljava/lang/Object;)V+12
j  org.gradle.api.internal.project.DefaultProjectStateRegistry$ProjectStateImpl.lambda$applyToMutableState$1(Ljava/util/function/Consumer;Lorg/gradle/api/internal/project/ProjectInternal;)Ljava/lang/Object;+2
j  org.gradle.api.internal.project.DefaultProjectStateRegistry$ProjectStateImpl$$Lambda+0x0000017901746540.apply(Ljava/lang/Object;)Ljava/lang/Object;+8
j  org.gradle.api.internal.project.DefaultProjectStateRegistry$ProjectStateImpl.lambda$fromMutableState$2(Ljava/util/function/Function;)Ljava/lang/Object;+5
j  org.gradle.api.internal.project.DefaultProjectStateRegistry$ProjectStateImpl$$Lambda+0x0000017901746788.create()Ljava/lang/Object;+8
j  org.gradle.internal.work.DefaultWorkerLeaseService.withReplacedLocks(Ljava/util/Collection;Lorg/gradle/internal/resources/ResourceLock;Lorg/gradle/internal/Factory;)Ljava/lang/Object;+40
j  org.gradle.api.internal.project.DefaultProjectStateRegistry$ProjectStateImpl.fromMutableState(Ljava/util/function/Function;)Ljava/lang/Object;+133
j  org.gradle.api.internal.project.DefaultProjectStateRegistry$ProjectStateImpl.applyToMutableState(Ljava/util/function/Consumer;)V+7
j  org.gradle.configuration.project.LifecycleProjectEvaluator$EvaluateProject.run(Lorg/gradle/internal/operations/BuildOperationContext;)V+16
j  org.gradle.internal.operations.DefaultBuildOperationRunner$1.execute(Lorg/gradle/internal/operations/RunnableBuildOperation;Lorg/gradle/internal/operations/BuildOperationContext;)V+2
j  org.gradle.internal.operations.DefaultBuildOperationRunner$1.execute(Lorg/gradle/internal/operations/BuildOperation;Lorg/gradle/internal/operations/BuildOperationContext;)V+6
j  org.gradle.internal.operations.DefaultBuildOperationRunner$2.execute(Lorg/gradle/internal/operations/BuildOperationDescriptor;Lorg/gradle/internal/operations/BuildOperationState;Lorg/gradle/internal/operations/BuildOperationState;Lorg/gradle/internal/operations/DefaultBuildOperationRunner$ReadableBuildOperationContext;Lorg/gradle/internal/operations/DefaultBuildOperationRunner$BuildOperationExecutionListener;)Lorg/gradle/internal/operations/BuildOperation;+22
j  org.gradle.internal.operations.DefaultBuildOperationRunner$2.execute(Lorg/gradle/internal/operations/BuildOperationDescriptor;Lorg/gradle/internal/operations/BuildOperationState;Lorg/gradle/internal/operations/BuildOperationState;Lorg/gradle/internal/operations/DefaultBuildOperationRunner$ReadableBuildOperationContext;Lorg/gradle/internal/operations/DefaultBuildOperationRunner$BuildOperationExecutionListener;)Ljava/lang/Object;+8
j  org.gradle.internal.operations.DefaultBuildOperationRunner.execute(Lorg/gradle/internal/operations/BuildOperationDescriptor$Builder;Lorg/gradle/internal/operations/BuildOperationState;Lorg/gradle/internal/operations/DefaultBuildOperationRunner$BuildOperationExecution;)Ljava/lang/Object;+141
j  org.gradle.internal.operations.DefaultBuildOperationRunner.execute(Lorg/gradle/internal/operations/BuildOperation;Lorg/gradle/internal/operations/BuildOperationWorker;Lorg/gradle/internal/operations/BuildOperationState;)V+18
j  org.gradle.internal.operations.DefaultBuildOperationRunner.run(Lorg/gradle/internal/operations/RunnableBuildOperation;)V+9
j  org.gradle.configuration.project.LifecycleProjectEvaluator.evaluate(Lorg/gradle/api/internal/project/ProjectInternal;Lorg/gradle/api/internal/project/ProjectStateInternal;)V+42
j  org.gradle.api.internal.project.DefaultProject.evaluateUnchecked()Lorg/gradle/api/internal/project/ProjectInternal;+20
j  org.gradle.api.internal.project.ProjectLifecycleController.lambda$ensureSelfConfigured$2()V+4
j  org.gradle.api.internal.project.ProjectLifecycleController$$Lambda+0x000001790174ec40.run()V+4
j  org.gradle.internal.model.StateTransitionController.lambda$doTransition$14(Ljava/lang/Runnable;)Lorg/gradle/internal/build/ExecutionResult;+1
j  org.gradle.internal.model.StateTransitionController$$Lambda+0x0000017901421740.get()Ljava/lang/Object;+4
j  org.gradle.internal.model.StateTransitionController.doTransition(Lorg/gradle/internal/model/StateTransitionController$State;Lorg/gradle/internal/model/StateTransitionController$State;Ljava/util/function/Supplier;)Lorg/gradle/internal/build/ExecutionResult;+24
j  org.gradle.internal.model.StateTransitionController.doTransition(Lorg/gradle/internal/model/StateTransitionController$State;Lorg/gradle/internal/model/StateTransitionController$State;Ljava/lang/Runnable;)V+9
j  org.gradle.internal.model.StateTransitionController.lambda$maybeTransitionIfNotCurrentlyTransitioning$10(Lorg/gradle/internal/model/StateTransitionController$State;Lorg/gradle/internal/model/StateTransitionController$State;Ljava/lang/Runnable;)V+16
j  org.gradle.internal.model.StateTransitionController$$Lambda+0x000001790174ee68.run()V+16
j  org.gradle.internal.work.DefaultSynchronizer.withLock(Ljava/lang/Runnable;)V+6
j  org.gradle.internal.model.StateTransitionController.maybeTransitionIfNotCurrentlyTransitioning(Lorg/gradle/internal/model/StateTransitionController$State;Lorg/gradle/internal/model/StateTransitionController$State;Ljava/lang/Runnable;)V+13
j  org.gradle.api.internal.project.ProjectLifecycleController.ensureSelfConfigured()V+16
j  org.gradle.api.internal.project.DefaultProjectStateRegistry$ProjectStateImpl.ensureConfigured()V+19
j  org.gradle.execution.TaskPathProjectEvaluator.configure(Lorg/gradle/api/internal/project/ProjectInternal;)V+6
j  org.gradle.execution.TaskPathProjectEvaluator.configureHierarchy(Lorg/gradle/api/internal/project/ProjectInternal;)V+2
j  org.gradle.configuration.DefaultProjectsPreparer.prepareProjects(Lorg/gradle/api/internal/GradleInternal;)V+52
j  org.gradle.configuration.BuildTreePreparingProjectsPreparer.prepareProjects(Lorg/gradle/api/internal/GradleInternal;)V+114
j  org.gradle.configuration.BuildOperationFiringProjectsPreparer$ConfigureBuild.run(Lorg/gradle/internal/operations/BuildOperationContext;)V+11
j  org.gradle.internal.operations.DefaultBuildOperationRunner$1.execute(Lorg/gradle/internal/operations/RunnableBuildOperation;Lorg/gradle/internal/operations/BuildOperationContext;)V+2
j  org.gradle.internal.operations.DefaultBuildOperationRunner$1.execute(Lorg/gradle/internal/operations/BuildOperation;Lorg/gradle/internal/operations/BuildOperationContext;)V+6
j  org.gradle.internal.operations.DefaultBuildOperationRunner$2.execute(Lorg/gradle/internal/operations/BuildOperationDescriptor;Lorg/gradle/internal/operations/BuildOperationState;Lorg/gradle/internal/operations/BuildOperationState;Lorg/gradle/internal/operations/DefaultBuildOperationRunner$ReadableBuildOperationContext;Lorg/gradle/internal/operations/DefaultBuildOperationRunner$BuildOperationExecutionListener;)Lorg/gradle/internal/operations/BuildOperation;+22
j  org.gradle.internal.operations.DefaultBuildOperationRunner$2.execute(Lorg/gradle/internal/operations/BuildOperationDescriptor;Lorg/gradle/internal/operations/BuildOperationState;Lorg/gradle/internal/operations/BuildOperationState;Lorg/gradle/internal/operations/DefaultBuildOperationRunner$ReadableBuildOperationContext;Lorg/gradle/internal/operations/DefaultBuildOperationRunner$BuildOperationExecutionListener;)Ljava/lang/Object;+8
j  org.gradle.internal.operations.DefaultBuildOperationRunner.execute(Lorg/gradle/internal/operations/BuildOperationDescriptor$Builder;Lorg/gradle/internal/operations/BuildOperationState;Lorg/gradle/internal/operations/DefaultBuildOperationRunner$BuildOperationExecution;)Ljava/lang/Object;+141
j  org.gradle.internal.operations.DefaultBuildOperationRunner.execute(Lorg/gradle/internal/operations/BuildOperation;Lorg/gradle/internal/operations/BuildOperationWorker;Lorg/gradle/internal/operations/BuildOperationState;)V+18
j  org.gradle.internal.operations.DefaultBuildOperationRunner.run(Lorg/gradle/internal/operations/RunnableBuildOperation;)V+9
j  org.gradle.configuration.BuildOperationFiringProjectsPreparer.prepareProjects(Lorg/gradle/api/internal/GradleInternal;)V+13
j  org.gradle.initialization.VintageBuildModelController.lambda$prepareProjects$2()V+8
j  org.gradle.initialization.VintageBuildModelController$$Lambda+0x000001790171a4a0.run()V+4
j  org.gradle.internal.model.StateTransitionController.lambda$doTransition$14(Ljava/lang/Runnable;)Lorg/gradle/internal/build/ExecutionResult;+1
j  org.gradle.internal.model.StateTransitionController$$Lambda+0x0000017901421740.get()Ljava/lang/Object;+4
j  org.gradle.internal.model.StateTransitionController.doTransition(Lorg/gradle/internal/model/StateTransitionController$State;Lorg/gradle/internal/model/StateTransitionController$State;Ljava/util/function/Supplier;)Lorg/gradle/internal/build/ExecutionResult;+24
j  org.gradle.internal.model.StateTransitionController.doTransition(Lorg/gradle/internal/model/StateTransitionController$State;Lorg/gradle/internal/model/StateTransitionController$State;Ljava/lang/Runnable;)V+9
j  org.gradle.internal.model.StateTransitionController.lambda$transitionIfNotPreviously$11(Lorg/gradle/internal/model/StateTransitionController$State;Lorg/gradle/internal/model/StateTransitionController$State;Ljava/lang/Runnable;)V+16
j  org.gradle.internal.model.StateTransitionController$$Lambda+0x0000017901421b90.run()V+16
j  org.gradle.internal.work.DefaultSynchronizer.withLock(Ljava/lang/Runnable;)V+6
j  org.gradle.internal.model.StateTransitionController.transitionIfNotPreviously(Lorg/gradle/internal/model/StateTransitionController$State;Lorg/gradle/internal/model/StateTransitionController$State;Ljava/lang/Runnable;)V+13
j  org.gradle.initialization.VintageBuildModelController.prepareProjects()V+16
j  org.gradle.initialization.VintageBuildModelController.getConfiguredModel()Lorg/gradle/api/internal/GradleInternal;+5
j  org.gradle.internal.build.DefaultBuildLifecycleController$$Lambda+0x000001790171a278.get()Ljava/lang/Object;+4
j  org.gradle.internal.model.StateTransitionController.lambda$notInState$3(Lorg/gradle/internal/model/StateTransitionController$State;Ljava/util/function/Supplier;)Ljava/lang/Object;+11
j  org.gradle.internal.model.StateTransitionController$$Lambda+0x0000017901710000.create()Ljava/lang/Object;+12
j  org.gradle.internal.work.DefaultSynchronizer.withLock(Lorg/gradle/internal/Factory;)Ljava/lang/Object;+6
j  org.gradle.internal.model.StateTransitionController.notInState(Lorg/gradle/internal/model/StateTransitionController$State;Ljava/util/function/Supplier;)Ljava/lang/Object;+12
j  org.gradle.internal.build.DefaultBuildLifecycleController.configureProjects()V+21
j  org.gradle.internal.build.AbstractBuildState.ensureProjectsConfigured()V+4
j  org.gradle.internal.buildtree.BuildInclusionCoordinator$$Lambda+0x00000179017199c8.run()V+4
j  org.gradle.internal.buildtree.BuildInclusionCoordinator$BuildSynchronizer.lambda$withLock$0(Ljava/lang/Runnable;)V+14
j  org.gradle.internal.buildtree.BuildInclusionCoordinator$BuildSynchronizer$$Lambda+0x000001790171a050.run()V+8
j  org.gradle.internal.work.DefaultSynchronizer.withLock(Ljava/lang/Runnable;)V+6
j  org.gradle.internal.buildtree.BuildInclusionCoordinator$BuildSynchronizer.withLock(Ljava/lang/Runnable;)V+11
j  org.gradle.internal.buildtree.BuildInclusionCoordinator.withLockForBuild(Lorg/gradle/internal/build/BuildState;Ljava/lang/Runnable;)V+20
j  org.gradle.internal.buildtree.BuildInclusionCoordinator.prepareForPluginResolution(Lorg/gradle/internal/build/IncludedBuildState;)V+13
j  org.gradle.internal.composite.DefaultBuildIncluder.prepareForPluginResolution(Lorg/gradle/internal/build/IncludedBuildState;)V+5
j  org.gradle.composite.internal.plugins.CompositeBuildPluginResolverContributor$CompositeBuildPluginResolver.resolveFromIncludedPluginBuilds(Lorg/gradle/plugin/use/PluginId;)Lorg/gradle/plugin/use/resolve/internal/PluginResolution;+39
j  org.gradle.composite.internal.plugins.CompositeBuildPluginResolverContributor$CompositeBuildPluginResolver.doResolve(Lorg/gradle/plugin/use/PluginId;)Lorg/gradle/composite/internal/plugins/CompositeBuildPluginResolverContributor$PluginResult;+2
j  org.gradle.composite.internal.plugins.CompositeBuildPluginResolverContributor$CompositeBuildPluginResolver$$Lambda+0x000001790170d648.apply(Ljava/lang/Object;)Ljava/lang/Object;+8
J 4676 c2 java.util.concurrent.ConcurrentHashMap.computeIfAbsent(Ljava/lang/Object;Ljava/util/function/Function;)Ljava/lang/Object; java.base@21.0.12.1 (576 bytes) @ 0x0000017957aa4c94 [0x0000017957aa43e0+0x00000000000008b4]
j  org.gradle.composite.internal.plugins.CompositeBuildPluginResolverContributor$CompositeBuildPluginResolver.resolve(Lorg/gradle/plugin/management/internal/PluginRequestInternal;)Lorg/gradle/plugin/use/resolve/internal/PluginResolutionResult;+16
j  org.gradle.plugin.use.resolve.internal.CompositePluginResolver.resolve(Lorg/gradle/plugin/management/internal/PluginRequestInternal;)Lorg/gradle/plugin/use/resolve/internal/PluginResolutionResult;+37
j  org.gradle.plugin.use.resolve.internal.AlreadyOnClasspathPluginResolver.resolve(Lorg/gradle/plugin/management/internal/PluginRequestInternal;)Lorg/gradle/plugin/use/resolve/internal/PluginResolutionResult;+28
j  org.gradle.plugin.use.internal.DefaultPluginRequestApplicator.resolvePluginRequest(Lorg/gradle/plugin/use/resolve/internal/PluginResolver;Lorg/gradle/plugin/management/internal/PluginRequestInternal;)Lorg/gradle/plugin/use/resolve/internal/PluginResolution;+2
j  org.gradle.plugin.use.internal.DefaultPluginRequestApplicator.applyPlugins(Lorg/gradle/plugin/management/internal/PluginRequests;Lorg/gradle/api/internal/initialization/ScriptHandlerInternal;Lorg/gradle/api/internal/plugins/PluginManagerInternal;Lorg/gradle/api/internal/initialization/ClassLoaderScope;)V+136
j  org.gradle.kotlin.dsl.provider.PluginRequestsHandler.handle(Lorg/gradle/plugin/management/internal/PluginRequests;Lorg/gradle/api/internal/initialization/ScriptHandlerInternal;Lorg/gradle/api/internal/plugins/PluginAwareInternal;Lorg/gradle/api/internal/initialization/ClassLoaderScope;)V+65
j  org.gradle.kotlin.dsl.provider.StandardKotlinScriptEvaluator$InterpreterHost.applyPluginsTo(Lorg/gradle/kotlin/dsl/support/KotlinScriptHost;Lorg/gradle/plugin/management/internal/PluginRequests;)V+53
j  org.gradle.kotlin.dsl.execution.Interpreter$ProgramHost.applyPluginsTo(Lorg/gradle/kotlin/dsl/support/KotlinScriptHost;Lorg/gradle/plugin/management/internal/PluginRequests;)V+21
j  Program.execute(Lorg/gradle/kotlin/dsl/execution/ExecutableProgram$Host;Lorg/gradle/kotlin/dsl/support/KotlinScriptHost;)V+45
j  org.gradle.kotlin.dsl.execution.Interpreter$ProgramHost.eval(Lorg/gradle/kotlin/dsl/execution/CompiledScript;Lorg/gradle/kotlin/dsl/support/KotlinScriptHost;)V+88
j  org.gradle.kotlin.dsl.execution.Interpreter.eval(Ljava/lang/Object;Lorg/gradle/groovy/scripts/ScriptSource;Lorg/gradle/internal/hash/HashCode;Lorg/gradle/api/initialization/dsl/ScriptHandler;Lorg/gradle/api/internal/initialization/ClassLoaderScope;Lorg/gradle/api/internal/initialization/ClassLoaderScope;ZLjava/util/EnumSet;)V+213
j  org.gradle.kotlin.dsl.provider.StandardKotlinScriptEvaluator.evaluate(Ljava/lang/Object;Lorg/gradle/groovy/scripts/ScriptSource;Lorg/gradle/api/initialization/dsl/ScriptHandler;Lorg/gradle/api/internal/initialization/ClassLoaderScope;Lorg/gradle/api/internal/initialization/ClassLoaderScope;ZLjava/util/EnumSet;)V+163
j  org.gradle.kotlin.dsl.provider.KotlinScriptPluginFactory$create$1.invoke(Ljava/lang/Object;)V+72
j  org.gradle.kotlin.dsl.provider.KotlinScriptPluginFactory$create$1.invoke(Ljava/lang/Object;)Ljava/lang/Object;+2
j  org.gradle.kotlin.dsl.provider.KotlinScriptPlugin.apply(Ljava/lang/Object;)V+22
j  org.gradle.configuration.BuildOperationScriptPlugin$1.run(Lorg/gradle/internal/operations/BuildOperationContext;)V+11
j  org.gradle.internal.operations.DefaultBuildOperationRunner$1.execute(Lorg/gradle/internal/operations/RunnableBuildOperation;Lorg/gradle/internal/operations/BuildOperationContext;)V+2
j  org.gradle.internal.operations.DefaultBuildOperationRunner$1.execute(Lorg/gradle/internal/operations/BuildOperation;Lorg/gradle/internal/operations/BuildOperationContext;)V+6
j  org.gradle.internal.operations.DefaultBuildOperationRunner$2.execute(Lorg/gradle/internal/operations/BuildOperationDescriptor;Lorg/gradle/internal/operations/BuildOperationState;Lorg/gradle/internal/operations/BuildOperationState;Lorg/gradle/internal/operations/DefaultBuildOperationRunner$ReadableBuildOperationContext;Lorg/gradle/internal/operations/DefaultBuildOperationRunner$BuildOperationExecutionListener;)Lorg/gradle/internal/operations/BuildOperation;+22
j  org.gradle.internal.operations.DefaultBuildOperationRunner$2.execute(Lorg/gradle/internal/operations/BuildOperationDescriptor;Lorg/gradle/internal/operations/BuildOperationState;Lorg/gradle/internal/operations/BuildOperationState;Lorg/gradle/internal/operations/DefaultBuildOperationRunner$ReadableBuildOperationContext;Lorg/gradle/internal/operations/DefaultBuildOperationRunner$BuildOperationExecutionListener;)Ljava/lang/Object;+8
j  org.gradle.internal.operations.DefaultBuildOperationRunner.execute(Lorg/gradle/internal/operations/BuildOperationDescriptor$Builder;Lorg/gradle/internal/operations/BuildOperationState;Lorg/gradle/internal/operations/DefaultBuildOperationRunner$BuildOperationExecution;)Ljava/lang/Object;+141
j  org.gradle.internal.operations.DefaultBuildOperationRunner.execute(Lorg/gradle/internal/operations/BuildOperation;Lorg/gradle/internal/operations/BuildOperationWorker;Lorg/gradle/internal/operations/BuildOperationState;)V+18
j  org.gradle.internal.operations.DefaultBuildOperationRunner.run(Lorg/gradle/internal/operations/RunnableBuildOperation;)V+9
j  org.gradle.configuration.BuildOperationScriptPlugin.lambda$apply$0(Ljava/lang/Object;Lorg/gradle/internal/code/UserCodeApplicationId;)V+14
j  org.gradle.configuration.BuildOperationScriptPlugin$$Lambda+0x000001790144f698.execute(Ljava/lang/Object;)V+12
j  org.gradle.internal.code.DefaultUserCodeApplicationContext.apply(Lorg/gradle/internal/code/UserCodeSource;Lorg/gradle/api/Action;)V+37
j  org.gradle.configuration.BuildOperationScriptPlugin.apply(Ljava/lang/Object;)V+71
j  org.gradle.initialization.ScriptEvaluatingSettingsProcessor.applySettingsScript(Lorg/gradle/groovy/scripts/TextResourceScriptSource;Lorg/gradle/api/internal/SettingsInternal;)V+32
j  org.gradle.initialization.ScriptEvaluatingSettingsProcessor.process(Lorg/gradle/api/internal/GradleInternal;Lorg/gradle/initialization/SettingsLocation;Lorg/gradle/api/internal/initialization/ClassLoaderScope;Lorg/gradle/StartParameter;)Lorg/gradle/initialization/SettingsState;+90
j  org.gradle.initialization.SettingsEvaluatedCallbackFiringSettingsProcessor.process(Lorg/gradle/api/internal/GradleInternal;Lorg/gradle/initialization/SettingsLocation;Lorg/gradle/api/internal/initialization/ClassLoaderScope;Lorg/gradle/StartParameter;)Lorg/gradle/initialization/SettingsState;+9
j  org.gradle.initialization.RootBuildCacheControllerSettingsProcessor.process(Lorg/gradle/api/internal/GradleInternal;Lorg/gradle/initialization/SettingsLocation;Lorg/gradle/api/internal/initialization/ClassLoaderScope;Lorg/gradle/StartParameter;)Lorg/gradle/initialization/SettingsState;+9
j  org.gradle.initialization.BuildOperationSettingsProcessor$2.call(Lorg/gradle/internal/operations/BuildOperationContext;)Lorg/gradle/initialization/SettingsState;+23
j  org.gradle.initialization.BuildOperationSettingsProcessor$2.call(Lorg/gradle/internal/operations/BuildOperationContext;)Ljava/lang/Object;+2
j  org.gradle.internal.operations.DefaultBuildOperationRunner$CallableBuildOperationWorker.execute(Lorg/gradle/internal/operations/CallableBuildOperation;Lorg/gradle/internal/operations/BuildOperationContext;)V+3
j  org.gradle.internal.operations.DefaultBuildOperationRunner$CallableBuildOperationWorker.execute(Lorg/gradle/internal/operations/BuildOperation;Lorg/gradle/internal/operations/BuildOperationContext;)V+6
j  org.gradle.internal.operations.DefaultBuildOperationRunner$2.execute(Lorg/gradle/internal/operations/BuildOperationDescriptor;Lorg/gradle/internal/operations/BuildOperationState;Lorg/gradle/internal/operations/BuildOperationState;Lorg/gradle/internal/operations/DefaultBuildOperationRunner$ReadableBuildOperationContext;Lorg/gradle/internal/operations/DefaultBuildOperationRunner$BuildOperationExecutionListener;)Lorg/gradle/internal/operations/BuildOperation;+22
j  org.gradle.internal.operations.DefaultBuildOperationRunner$2.execute(Lorg/gradle/internal/operations/BuildOperationDescriptor;Lorg/gradle/internal/operations/BuildOperationState;Lorg/gradle/internal/operations/BuildOperationState;Lorg/gradle/internal/operations/DefaultBuildOperationRunner$ReadableBuildOperationContext;Lorg/gradle/internal/operations/DefaultBuildOperationRunner$BuildOperationExecutionListener;)Ljava/lang/Object;+8
j  org.gradle.internal.operations.DefaultBuildOperationRunner.execute(Lorg/gradle/internal/operations/BuildOperationDescriptor$Builder;Lorg/gradle/internal/operations/BuildOperationState;Lorg/gradle/internal/operations/DefaultBuildOperationRunner$BuildOperationExecution;)Ljava/lang/Object;+141
j  org.gradle.internal.operations.DefaultBuildOperationRunner.execute(Lorg/gradle/internal/operations/BuildOperation;Lorg/gradle/internal/operations/BuildOperationWorker;Lorg/gradle/internal/operations/BuildOperationState;)V+18
j  org.gradle.internal.operations.DefaultBuildOperationRunner.call(Lorg/gradle/internal/operations/CallableBuildOperation;)Ljava/lang/Object;+16
j  org.gradle.initialization.BuildOperationSettingsProcessor.process(Lorg/gradle/api/internal/GradleInternal;Lorg/gradle/initialization/SettingsLocation;Lorg/gradle/api/internal/initialization/ClassLoaderScope;Lorg/gradle/StartParameter;)Lorg/gradle/initialization/SettingsState;+17
j  org.gradle.initialization.DefaultSettingsLoader.findSettingsAndLoadIfAppropriate(Lorg/gradle/api/internal/GradleInternal;Lorg/gradle/StartParameter;Lorg/gradle/initialization/SettingsLocation;Lorg/gradle/api/internal/initialization/ClassLoaderScope;)Lorg/gradle/initialization/SettingsState;+9
j  org.gradle.initialization.DefaultSettingsLoader.findAndLoadSettings(Lorg/gradle/api/internal/GradleInternal;)Lorg/gradle/initialization/SettingsState;+103
j  org.gradle.initialization.SettingsAttachingSettingsLoader.findAndLoadSettings(Lorg/gradle/api/internal/GradleInternal;)Lorg/gradle/initialization/SettingsState;+5
j  org.gradle.internal.composite.CommandLineIncludedBuildSettingsLoader.findAndLoadSettings(Lorg/gradle/api/internal/GradleInternal;)Lorg/gradle/initialization/SettingsState;+5
j  org.gradle.internal.composite.ChildBuildRegisteringSettingsLoader.findAndLoadSettings(Lorg/gradle/api/internal/GradleInternal;)Lorg/gradle/initialization/SettingsState;+5
j  org.gradle.internal.composite.CompositeBuildSettingsLoader.findAndLoadSettings(Lorg/gradle/api/internal/GradleInternal;)Lorg/gradle/initialization/SettingsState;+5
j  org.gradle.initialization.InitScriptHandlingSettingsLoader.findAndLoadSettings(Lorg/gradle/api/internal/GradleInternal;)Lorg/gradle/initialization/SettingsState;+13
j  org.gradle.api.internal.initialization.CacheConfigurationsHandlingSettingsLoader.findAndLoadSettings(Lorg/gradle/api/internal/GradleInternal;)Lorg/gradle/initialization/SettingsState;+15
j  org.gradle.initialization.GradlePropertiesHandlingSettingsLoader.findAndLoadSettings(Lorg/gradle/api/internal/GradleInternal;)Lorg/gradle/initialization/SettingsState;+40
j  org.gradle.initialization.DefaultSettingsPreparer.prepareSettings(Lorg/gradle/api/internal/GradleInternal;)V+33
j  org.gradle.initialization.BuildOperationFiringSettingsPreparer$LoadBuild.doLoadBuild()V+11
j  org.gradle.initialization.BuildOperationFiringSettingsPreparer$LoadBuild.run(Lorg/gradle/internal/operations/BuildOperationContext;)V+1
j  org.gradle.internal.operations.DefaultBuildOperationRunner$1.execute(Lorg/gradle/internal/operations/RunnableBuildOperation;Lorg/gradle/internal/operations/BuildOperationContext;)V+2
j  org.gradle.internal.operations.DefaultBuildOperationRunner$1.execute(Lorg/gradle/internal/operations/BuildOperation;Lorg/gradle/internal/operations/BuildOperationContext;)V+6
j  org.gradle.internal.operations.DefaultBuildOperationRunner$2.execute(Lorg/gradle/internal/operations/BuildOperationDescriptor;Lorg/gradle/internal/operations/BuildOperationState;Lorg/gradle/internal/operations/BuildOperationState;Lorg/gradle/internal/operations/DefaultBuildOperationRunner$ReadableBuildOperationContext;Lorg/gradle/internal/operations/DefaultBuildOperationRunner$BuildOperationExecutionListener;)Lorg/gradle/internal/operations/BuildOperation;+22
j  org.gradle.internal.operations.DefaultBuildOperationRunner$2.execute(Lorg/gradle/internal/operations/BuildOperationDescriptor;Lorg/gradle/internal/operations/BuildOperationState;Lorg/gradle/internal/operations/BuildOperationState;Lorg/gradle/internal/operations/DefaultBuildOperationRunner$ReadableBuildOperationContext;Lorg/gradle/internal/operations/DefaultBuildOperationRunner$BuildOperationExecutionListener;)Ljava/lang/Object;+8
j  org.gradle.internal.operations.DefaultBuildOperationRunner.execute(Lorg/gradle/internal/operations/BuildOperationDescriptor$Builder;Lorg/gradle/internal/operations/BuildOperationState;Lorg/gradle/internal/operations/DefaultBuildOperationRunner$BuildOperationExecution;)Ljava/lang/Object;+141
j  org.gradle.internal.operations.DefaultBuildOperationRunner.execute(Lorg/gradle/internal/operations/BuildOperation;Lorg/gradle/internal/operations/BuildOperationWorker;Lorg/gradle/internal/operations/BuildOperationState;)V+18
j  org.gradle.internal.operations.DefaultBuildOperationRunner.run(Lorg/gradle/internal/operations/RunnableBuildOperation;)V+9
j  org.gradle.initialization.BuildOperationFiringSettingsPreparer.prepareSettings(Lorg/gradle/api/internal/GradleInternal;)V+31
j  org.gradle.initialization.VintageBuildModelController.lambda$prepareSettings$1()V+8
j  org.gradle.initialization.VintageBuildModelController$$Lambda+0x0000017901421968.run()V+4
j  org.gradle.internal.model.StateTransitionController.lambda$doTransition$14(Ljava/lang/Runnable;)Lorg/gradle/internal/build/ExecutionResult;+1
j  org.gradle.internal.model.StateTransitionController$$Lambda+0x0000017901421740.get()Ljava/lang/Object;+4
j  org.gradle.internal.model.StateTransitionController.doTransition(Lorg/gradle/internal/model/StateTransitionController$State;Lorg/gradle/internal/model/StateTransitionController$State;Ljava/util/function/Supplier;)Lorg/gradle/internal/build/ExecutionResult;+24
j  org.gradle.internal.model.StateTransitionController.doTransition(Lorg/gradle/internal/model/StateTransitionController$State;Lorg/gradle/internal/model/StateTransitionController$State;Ljava/lang/Runnable;)V+9
j  org.gradle.internal.model.StateTransitionController.lambda$transitionIfNotPreviously$11(Lorg/gradle/internal/model/StateTransitionController$State;Lorg/gradle/internal/model/StateTransitionController$State;Ljava/lang/Runnable;)V+16
j  org.gradle.internal.model.StateTransitionController$$Lambda+0x0000017901421b90.run()V+16
j  org.gradle.internal.work.DefaultSynchronizer.withLock(Ljava/lang/Runnable;)V+6
j  org.gradle.internal.model.StateTransitionController.transitionIfNotPreviously(Lorg/gradle/internal/model/StateTransitionController$State;Lorg/gradle/internal/model/StateTransitionController$State;Ljava/lang/Runnable;)V+13
j  org.gradle.initialization.VintageBuildModelController.prepareSettings()V+16
j  org.gradle.initialization.VintageBuildModelController.prepareToScheduleTasks()V+1
j  org.gradle.internal.build.DefaultBuildLifecycleController.lambda$prepareToScheduleTasks$6()V+9
j  org.gradle.internal.build.DefaultBuildLifecycleController$$Lambda+0x00000179014212f0.run()V+4
j  org.gradle.internal.model.StateTransitionController.lambda$doTransition$14(Ljava/lang/Runnable;)Lorg/gradle/internal/build/ExecutionResult;+1
j  org.gradle.internal.model.StateTransitionController$$Lambda+0x0000017901421740.get()Ljava/lang/Object;+4
j  org.gradle.internal.model.StateTransitionController.doTransition(Lorg/gradle/internal/model/StateTransitionController$State;Lorg/gradle/internal/model/StateTransitionController$State;Ljava/util/function/Supplier;)Lorg/gradle/internal/build/ExecutionResult;+24
j  org.gradle.internal.model.StateTransitionController.doTransition(Lorg/gradle/internal/model/StateTransitionController$State;Lorg/gradle/internal/model/StateTransitionController$State;Ljava/lang/Runnable;)V+9
j  org.gradle.internal.model.StateTransitionController.lambda$maybeTransition$9(Lorg/gradle/internal/model/StateTransitionController$State;Lorg/gradle/internal/model/StateTransitionController$State;Ljava/lang/Runnable;)V+16
j  org.gradle.internal.model.StateTransitionController$$Lambda+0x0000017901421518.run()V+16
j  org.gradle.internal.work.DefaultSynchronizer.withLock(Ljava/lang/Runnable;)V+6
j  org.gradle.internal.model.StateTransitionController.maybeTransition(Lorg/gradle/internal/model/StateTransitionController$State;Lorg/gradle/internal/model/StateTransitionController$State;Ljava/lang/Runnable;)V+13
j  org.gradle.internal.build.DefaultBuildLifecycleController.prepareToScheduleTasks()V+16
j  org.gradle.internal.buildtree.DefaultBuildTreeWorkPreparer.scheduleRequestedTasks(Lorg/gradle/internal/buildtree/BuildTreeWorkGraph;Lorg/gradle/execution/EntryTaskSelector;)Lorg/gradle/internal/buildtree/BuildTreeWorkGraph$FinalizedGraph;+4
j  org.gradle.internal.cc.impl.VintageBuildTreeWorkController$scheduleAndRunRequestedTasks$1.apply(Lorg/gradle/internal/buildtree/BuildTreeWorkGraph;)Lorg/gradle/internal/build/ExecutionResult;+18
j  org.gradle.internal.cc.impl.VintageBuildTreeWorkController$scheduleAndRunRequestedTasks$1.apply(Ljava/lang/Object;)Ljava/lang/Object;+5
j  org.gradle.composite.internal.DefaultIncludedBuildTaskGraph.withNewWorkGraph(Ljava/util/function/Function;)Ljava/lang/Object;+30
j  org.gradle.internal.cc.impl.VintageBuildTreeWorkController.scheduleAndRunRequestedTasks(Lorg/gradle/execution/EntryTaskSelector;)Lorg/gradle/internal/build/ExecutionResult;+16
j  org.gradle.internal.buildtree.DefaultBuildTreeLifecycleController.lambda$scheduleAndRunTasks$1(Lorg/gradle/execution/EntryTaskSelector;)Lorg/gradle/internal/build/ExecutionResult;+5
j  org.gradle.internal.buildtree.DefaultBuildTreeLifecycleController$$Lambda+0x0000017901420450.get()Ljava/lang/Object;+8
j  org.gradle.internal.buildtree.DefaultBuildTreeLifecycleController.lambda$runBuild$4(Ljava/util/function/Supplier;)Ljava/lang/Object;+1
j  org.gradle.internal.buildtree.DefaultBuildTreeLifecycleController$$Lambda+0x0000017901420678.get()Ljava/lang/Object;+8
j  org.gradle.internal.model.StateTransitionController.lambda$transition$6(Ljava/util/function/Supplier;)Lorg/gradle/internal/build/ExecutionResult;+1
j  org.gradle.internal.model.StateTransitionController$$Lambda+0x0000017901420ac8.get()Ljava/lang/Object;+4
j  org.gradle.internal.model.StateTransitionController.doTransition(Lorg/gradle/internal/model/StateTransitionController$State;Lorg/gradle/internal/model/StateTransitionController$State;Ljava/util/function/Supplier;)Lorg/gradle/internal/build/ExecutionResult;+24
j  org.gradle.internal.model.StateTransitionController.lambda$transition$7(Lorg/gradle/internal/model/StateTransitionController$State;Lorg/gradle/internal/model/StateTransitionController$State;Ljava/util/function/Supplier;)Ljava/lang/Object;+9
j  org.gradle.internal.model.StateTransitionController$$Lambda+0x00000179014208a0.create()Ljava/lang/Object;+16
j  org.gradle.internal.work.DefaultSynchronizer.withLock(Lorg/gradle/internal/Factory;)Ljava/lang/Object;+6
j  org.gradle.internal.model.StateTransitionController.transition(Lorg/gradle/internal/model/StateTransitionController$State;Lorg/gradle/internal/model/StateTransitionController$State;Ljava/util/function/Supplier;)Ljava/lang/Object;+13
j  org.gradle.internal.buildtree.DefaultBuildTreeLifecycleController.runBuild(Ljava/util/function/Supplier;)Ljava/lang/Object;+17
j  org.gradle.internal.buildtree.DefaultBuildTreeLifecycleController.scheduleAndRunTasks(Lorg/gradle/execution/EntryTaskSelector;)V+8
j  org.gradle.internal.buildtree.DefaultBuildTreeLifecycleController.scheduleAndRunTasks()V+2
j  org.gradle.tooling.internal.provider.runner.BuildModelActionRunner.run(Lorg/gradle/internal/invocation/BuildAction;Lorg/gradle/internal/buildtree/BuildTreeLifecycleController;)Lorg/gradle/internal/buildtree/BuildActionRunner$Result;+65
j  org.gradle.launcher.exec.ChainingBuildActionRunner.run(Lorg/gradle/internal/invocation/BuildAction;Lorg/gradle/internal/buildtree/BuildTreeLifecycleController;)Lorg/gradle/internal/buildtree/BuildActionRunner$Result;+34
j  org.gradle.internal.buildtree.ProblemReportingBuildActionRunner.run(Lorg/gradle/internal/invocation/BuildAction;Lorg/gradle/internal/buildtree/BuildTreeLifecycleController;)Lorg/gradle/internal/buildtree/BuildActionRunner$Result;+12
j  org.gradle.launcher.exec.BuildOutcomeReportingBuildActionRunner.run(Lorg/gradle/internal/invocation/BuildAction;Lorg/gradle/internal/buildtree/BuildTreeLifecycleController;)Lorg/gradle/internal/buildtree/BuildActionRunner$Result;+69
j  org.gradle.tooling.internal.provider.FileSystemWatchingBuildActionRunner.run(Lorg/gradle/internal/invocation/BuildAction;Lorg/gradle/internal/buildtree/BuildTreeLifecycleController;)Lorg/gradle/internal/buildtree/BuildActionRunner$Result;+317
j  org.gradle.launcher.exec.BuildCompletionNotifyingBuildActionRunner.run(Lorg/gradle/internal/invocation/BuildAction;Lorg/gradle/internal/buildtree/BuildTreeLifecycleController;)Lorg/gradle/internal/buildtree/BuildActionRunner$Result;+6
j  org.gradle.launcher.exec.RootBuildLifecycleBuildActionExecutor.lambda$execute$0(Lorg/gradle/internal/invocation/BuildAction;Lorg/gradle/internal/buildtree/BuildTreeLifecycleController;)Lorg/gradle/internal/buildtree/BuildActionRunner$Result;+6
j  org.gradle.launcher.exec.RootBuildLifecycleBuildActionExecutor$$Lambda+0x0000017901407788.apply(Ljava/lang/Object;)Ljava/lang/Object;+12
j  org.gradle.composite.internal.DefaultRootBuildState.run(Ljava/util/function/Function;)Ljava/lang/Object;+87
j  org.gradle.launcher.exec.RootBuildLifecycleBuildActionExecutor.execute(Lorg/gradle/internal/invocation/BuildAction;Lorg/gradle/internal/buildtree/BuildTreeContext;)Lorg/gradle/internal/buildtree/BuildActionRunner$Result;+75
j  org.gradle.internal.buildtree.InitDeprecationLoggingActionExecutor.execute(Lorg/gradle/internal/invocation/BuildAction;Lorg/gradle/internal/buildtree/BuildTreeContext;)Lorg/gradle/internal/buildtree/BuildActionRunner$Result;+83
j  org.gradle.internal.buildtree.InitProblems.execute(Lorg/gradle/internal/invocation/BuildAction;Lorg/gradle/internal/buildtree/BuildTreeContext;)Lorg/gradle/internal/buildtree/BuildActionRunner$Result;+13
j  org.gradle.internal.buildtree.DefaultBuildTreeContext.execute(Lorg/gradle/internal/invocation/BuildAction;)Lorg/gradle/internal/buildtree/BuildActionRunner$Result;+64
j  org.gradle.launcher.exec.BuildTreeLifecycleBuildActionExecutor.lambda$execute$0(Lorg/gradle/internal/invocation/BuildAction;Lorg/gradle/internal/buildtree/BuildTreeContext;)Lorg/gradle/internal/buildtree/BuildActionRunner$Result;+2
j  org.gradle.launcher.exec.BuildTreeLifecycleBuildActionExecutor$$Lambda+0x00000179012b94b0.apply(Ljava/lang/Object;)Ljava/lang/Object;+8
j  org.gradle.internal.buildtree.BuildTreeState.run(Ljava/util/function/Function;)Ljava/lang/Object;+47
j  org.gradle.launcher.exec.BuildTreeLifecycleBuildActionExecutor.execute(Lorg/gradle/internal/invocation/BuildAction;Lorg/gradle/internal/session/BuildSessionContext;)Lorg/gradle/internal/buildtree/BuildActionRunner$Result;+74
j  org.gradle.launcher.exec.RunAsBuildOperationBuildActionExecutor$2.call(Lorg/gradle/internal/operations/BuildOperationContext;)Lorg/gradle/internal/buildtree/BuildActionRunner$Result;+25
j  org.gradle.launcher.exec.RunAsBuildOperationBuildActionExecutor$2.call(Lorg/gradle/internal/operations/BuildOperationContext;)Ljava/lang/Object;+2
j  org.gradle.internal.operations.DefaultBuildOperationRunner$CallableBuildOperationWorker.execute(Lorg/gradle/internal/operations/CallableBuildOperation;Lorg/gradle/internal/operations/BuildOperationContext;)V+3
j  org.gradle.internal.operations.DefaultBuildOperationRunner$CallableBuildOperationWorker.execute(Lorg/gradle/internal/operations/BuildOperation;Lorg/gradle/internal/operations/BuildOperationContext;)V+6
j  org.gradle.internal.operations.DefaultBuildOperationRunner$2.execute(Lorg/gradle/internal/operations/BuildOperationDescriptor;Lorg/gradle/internal/operations/BuildOperationState;Lorg/gradle/internal/operations/BuildOperationState;Lorg/gradle/internal/operations/DefaultBuildOperationRunner$ReadableBuildOperationContext;Lorg/gradle/internal/operations/DefaultBuildOperationRunner$BuildOperationExecutionListener;)Lorg/gradle/internal/operations/BuildOperation;+22
j  org.gradle.internal.operations.DefaultBuildOperationRunner$2.execute(Lorg/gradle/internal/operations/BuildOperationDescriptor;Lorg/gradle/internal/operations/BuildOperationState;Lorg/gradle/internal/operations/BuildOperationState;Lorg/gradle/internal/operations/DefaultBuildOperationRunner$ReadableBuildOperationContext;Lorg/gradle/internal/operations/DefaultBuildOperationRunner$BuildOperationExecutionListener;)Ljava/lang/Object;+8
j  org.gradle.internal.operations.DefaultBuildOperationRunner.execute(Lorg/gradle/internal/operations/BuildOperationDescriptor$Builder;Lorg/gradle/internal/operations/BuildOperationState;Lorg/gradle/internal/operations/DefaultBuildOperationRunner$BuildOperationExecution;)Ljava/lang/Object;+141
j  org.gradle.internal.operations.DefaultBuildOperationRunner.execute(Lorg/gradle/internal/operations/BuildOperation;Lorg/gradle/internal/operations/BuildOperationWorker;Lorg/gradle/internal/operations/BuildOperationState;)V+18
j  org.gradle.internal.operations.DefaultBuildOperationRunner.call(Lorg/gradle/internal/operations/CallableBuildOperation;)Ljava/lang/Object;+16
j  org.gradle.launcher.exec.RunAsBuildOperationBuildActionExecutor.execute(Lorg/gradle/internal/invocation/BuildAction;Lorg/gradle/internal/session/BuildSessionContext;)Lorg/gradle/internal/buildtree/BuildActionRunner$Result;+23
j  org.gradle.launcher.exec.RunAsWorkerThreadBuildActionExecutor.lambda$execute$0(Lorg/gradle/internal/invocation/BuildAction;Lorg/gradle/internal/session/BuildSessionContext;)Lorg/gradle/internal/buildtree/BuildActionRunner$Result;+6
j  org.gradle.launcher.exec.RunAsWorkerThreadBuildActionExecutor$$Lambda+0x000001790128cbd8.create()Ljava/lang/Object;+12
j  org.gradle.internal.work.DefaultWorkerLeaseService.withLocks(Ljava/util/Collection;Lorg/gradle/internal/Factory;)Ljava/lang/Object;+28
j  org.gradle.internal.work.DefaultWorkerLeaseService.runAsWorkerThread(Lorg/gradle/internal/Factory;)Ljava/lang/Object;+33
j  org.gradle.launcher.exec.RunAsWorkerThreadBuildActionExecutor.execute(Lorg/gradle/internal/invocation/BuildAction;Lorg/gradle/internal/session/BuildSessionContext;)Lorg/gradle/internal/buildtree/BuildActionRunner$Result;+12
j  org.gradle.tooling.internal.provider.continuous.ContinuousBuildActionExecutor.execute(Lorg/gradle/internal/invocation/BuildAction;Lorg/gradle/internal/session/BuildSessionContext;)Lorg/gradle/internal/buildtree/BuildActionRunner$Result;+58
j  org.gradle.tooling.internal.provider.SubscribableBuildActionExecutor.execute(Lorg/gradle/internal/invocation/BuildAction;Lorg/gradle/internal/session/BuildSessionContext;)Lorg/gradle/internal/buildtree/BuildActionRunner$Result;+30
j  org.gradle.internal.session.DefaultBuildSessionContext.execute(Lorg/gradle/internal/invocation/BuildAction;)Lorg/gradle/internal/buildtree/BuildActionRunner$Result;+64
j  org.gradle.internal.buildprocess.execution.BuildSessionLifecycleBuildActionExecutor$ActionImpl.apply(Lorg/gradle/internal/session/BuildSessionContext;)Lorg/gradle/launcher/exec/BuildActionResult;+6
j  org.gradle.internal.buildprocess.execution.BuildSessionLifecycleBuildActionExecutor$ActionImpl.apply(Ljava/lang/Object;)Ljava/lang/Object;+5
j  org.gradle.internal.session.BuildSessionState.run(Ljava/util/function/Function;)Ljava/lang/Object;+5
j  org.gradle.internal.buildprocess.execution.BuildSessionLifecycleBuildActionExecutor.execute(Lorg/gradle/internal/invocation/BuildAction;Lorg/gradle/launcher/exec/BuildActionParameters;Lorg/gradle/initialization/BuildRequestContext;)Lorg/gradle/launcher/exec/BuildActionResult;+95
j  org.gradle.internal.buildprocess.execution.BuildSessionLifecycleBuildActionExecutor.execute(Lorg/gradle/internal/invocation/BuildAction;Ljava/lang/Object;Ljava/lang/Object;)Lorg/gradle/launcher/exec/BuildActionResult;+10
j  org.gradle.internal.buildprocess.execution.StartParamsValidatingActionExecutor.execute(Lorg/gradle/internal/invocation/BuildAction;Lorg/gradle/launcher/exec/BuildActionParameters;Lorg/gradle/initialization/BuildRequestContext;)Lorg/gradle/launcher/exec/BuildActionResult;+203
j  org.gradle.internal.buildprocess.execution.StartParamsValidatingActionExecutor.execute(Lorg/gradle/internal/invocation/BuildAction;Ljava/lang/Object;Ljava/lang/Object;)Lorg/gradle/launcher/exec/BuildActionResult;+10
j  org.gradle.internal.buildprocess.execution.SessionFailureReportingActionExecutor.execute(Lorg/gradle/internal/invocation/BuildAction;Lorg/gradle/launcher/exec/BuildActionParameters;Lorg/gradle/initialization/BuildRequestContext;)Lorg/gradle/launcher/exec/BuildActionResult;+7
j  org.gradle.internal.buildprocess.execution.SessionFailureReportingActionExecutor.execute(Lorg/gradle/internal/invocation/BuildAction;Ljava/lang/Object;Ljava/lang/Object;)Lorg/gradle/launcher/exec/BuildActionResult;+10
j  org.gradle.internal.buildprocess.execution.SetupLoggingActionExecutor.execute(Lorg/gradle/internal/invocation/BuildAction;Lorg/gradle/launcher/exec/BuildActionParameters;Lorg/gradle/initialization/BuildRequestContext;)Lorg/gradle/launcher/exec/BuildActionResult;+50
j  org.gradle.internal.buildprocess.execution.SetupLoggingActionExecutor.execute(Lorg/gradle/internal/invocation/BuildAction;Ljava/lang/Object;Ljava/lang/Object;)Lorg/gradle/launcher/exec/BuildActionResult;+10
j  org.gradle.launcher.daemon.server.exec.ExecuteBuild.doBuild(Lorg/gradle/launcher/daemon/server/api/DaemonCommandExecution;Lorg/gradle/launcher/daemon/protocol/Build;)V+147
j  org.gradle.launcher.daemon.server.exec.BuildCommandOnly.execute(Lorg/gradle/launcher/daemon/server/api/DaemonCommandExecution;)V+49
j  org.gradle.launcher.daemon.server.api.DaemonCommandExecution.proceed()Z+23
j  org.gradle.launcher.daemon.server.exec.WatchForDisconnection.execute(Lorg/gradle/launcher/daemon/server/api/DaemonCommandExecution;)V+19
j  org.gradle.launcher.daemon.server.api.DaemonCommandExecution.proceed()Z+23
j  org.gradle.launcher.daemon.server.exec.ResetDeprecationLogger.execute(Lorg/gradle/launcher/daemon/server/api/DaemonCommandExecution;)V+7
j  org.gradle.launcher.daemon.server.api.DaemonCommandExecution.proceed()Z+23
j  org.gradle.launcher.daemon.server.exec.RequestStopIfSingleUsedDaemon.execute(Lorg/gradle/launcher/daemon/server/api/DaemonCommandExecution;)V+33
j  org.gradle.launcher.daemon.server.api.DaemonCommandExecution.proceed()Z+23
j  org.gradle.launcher.daemon.server.exec.ForwardClientInput.lambda$execute$0(Lorg/gradle/launcher/daemon/server/api/DaemonCommandExecution;Lorg/gradle/internal/daemon/clientinput/StdinHandler;)Ljava/lang/Object;+11
j  org.gradle.launcher.daemon.server.exec.ForwardClientInput$$Lambda+0x000001790118ef50.apply(Ljava/lang/Object;)Ljava/lang/Object;+8
j  org.gradle.internal.daemon.clientinput.ClientInputForwarder.forwardInput(Ljava/util/function/Function;)Ljava/lang/Object;+46
j  org.gradle.launcher.daemon.server.exec.ForwardClientInput.execute(Lorg/gradle/launcher/daemon/server/api/DaemonCommandExecution;)V+10
j  org.gradle.launcher.daemon.server.api.DaemonCommandExecution.proceed()Z+23
j  org.gradle.launcher.daemon.server.exec.LogAndCheckHealth.execute(Lorg/gradle/launcher/daemon/server/api/DaemonCommandExecution;)V+51
j  org.gradle.launcher.daemon.server.api.DaemonCommandExecution.proceed()Z+23
j  org.gradle.launcher.daemon.server.exec.LogToClient.doBuild(Lorg/gradle/launcher/daemon/server/api/DaemonCommandExecution;Lorg/gradle/launcher/daemon/protocol/Build;)V+87
j  org.gradle.launcher.daemon.server.exec.BuildCommandOnly.execute(Lorg/gradle/launcher/daemon/server/api/DaemonCommandExecution;)V+49
j  org.gradle.launcher.daemon.server.api.DaemonCommandExecution.proceed()Z+23
j  org.gradle.launcher.daemon.server.exec.EstablishBuildEnvironment.doBuild(Lorg/gradle/launcher/daemon/server/api/DaemonCommandExecution;Lorg/gradle/launcher/daemon/protocol/Build;)V+356
j  org.gradle.launcher.daemon.server.exec.BuildCommandOnly.execute(Lorg/gradle/launcher/daemon/server/api/DaemonCommandExecution;)V+49
j  org.gradle.launcher.daemon.server.api.DaemonCommandExecution.proceed()Z+23
j  org.gradle.launcher.daemon.server.exec.StartBuildOrRespondWithBusy$1.run()V+44
j  org.gradle.launcher.daemon.server.DaemonStateCoordinator.lambda$runCommand$0(Ljava/lang/Runnable;)V+1
j  org.gradle.launcher.daemon.server.DaemonStateCoordinator$$Lambda+0x000001790118dae0.run()V+8
j  org.gradle.internal.concurrent.ExecutorPolicy$CatchAndRecordFailures.onExecute(Ljava/lang/Runnable;)V+1
j  org.gradle.internal.concurrent.AbstractManagedExecutor$1.run()V+25
j  java.util.concurrent.ThreadPoolExecutor.runWorker(Ljava/util/concurrent/ThreadPoolExecutor$Worker;)V+92 java.base@21.0.12.1
j  java.util.concurrent.ThreadPoolExecutor$Worker.run()V+5 java.base@21.0.12.1
j  java.lang.Thread.runWith(Ljava/lang/Object;Ljava/lang/Runnable;)V+5 java.base@21.0.12.1
j  java.lang.Thread.run()V+19 java.base@21.0.12.1
v  ~StubRoutines::call_stub 0x000001795727100d

Compiled method (n/a) 326045  850     n 0       java.lang.ClassLoader::defineClass1 (native)
 total in heap  [0x0000017957868e10,0x00000179578693a8] = 1432
 relocation     [0x0000017957868f70,0x0000017957868fa8] = 56
 main code      [0x0000017957868fc0,0x00000179578693a1] = 993
 stub code      [0x00000179578693a1,0x00000179578693a8] = 7

[Constant Pool (empty)]

[MachCode]
[Entry Point]
  # {method} {0x0000017900434c38} 'defineClass1' '(Ljava/lang/ClassLoader;Ljava/lang/String;[BIILjava/security/ProtectionDomain;Ljava/lang/String;)Ljava/lang/Class;' in 'java/lang/ClassLoader'
  # parm0:    rdx:rdx   = 'java/lang/ClassLoader'
  # parm1:    r8:r8     = 'java/lang/String'
  # parm2:    r9:r9     = '[B'
  # parm3:    rdi       = int
  # parm4:    rsi       = int
  # parm5:    rcx:rcx   = 'java/security/ProtectionDomain'
  # parm6:    [sp+0xa0]   = 'java/lang/String'  (sp of caller)
  0x0000017957868fc0: 448b 5208 | 49bb 0000 | 0000 7901 | 0000 4d03 | d349 3bc2 | 0f84 0600 

  0x0000017957868fd8: ;   {runtime_call ic_miss_stub}
  0x0000017957868fd8: 0000 e9a1 | 57a5 ff90 
[Verified Entry Point]
  0x0000017957868fe0: 8984 2400 | 80ff ff55 | 488b ec48 | 81ec 9000 | 0000 6690 | 4181 7f20 | 0600 0000 

  0x0000017957868ffc: ;   {runtime_call StubRoutines (final stubs)}
  0x0000017957868ffc: 7405 e8dd | d4a3 ff48 | 837d 1000 | 488d 4510 | 480f 4445 | 1048 8944 | 2440 4889 | 4c24 7048 
  0x000001795786901c: 83f9 0048 | 8d44 2470 | 480f 4444 | 2470 4889 | 4424 3848 | 8974 2430 | 4889 7c24 | 284c 894c 
  0x000001795786903c: 2458 4983 | f900 488d | 4424 5848 | 0f44 4424 | 5848 8944 | 2420 4c89 | 4424 5049 | 83f8 004c 
  0x000001795786905c: 8d4c 2450 | 4c0f 444c | 2450 4889 | 5424 4848 | 83fa 004c | 8d44 2448 | 4c0f 4444 

  0x0000017957869078: ;   {oop(a 'java/lang/Class'{0x0000000680484cd0} = 'java/lang/ClassLoader')}
  0x0000017957869078: 2448 49be | d04c 4880 | 0600 0000 | 4c89 7424 | 784c 8d74 | 2478 498b | d6c5 f877 

  0x0000017957869094: ;   {internal_word}
  0x0000017957869094: 49ba 9190 | 8657 7901 | 0000 4d89 | 97a8 0300 | 0049 89a7 | a003 0000 

  0x00000179578690ac: ;   {external_word}
  0x00000179578690ac: 49ba 066d | b589 f97f | 0000 4180 | 3a00 0f84 | 4e00 0000 | 5241 5041 

  0x00000179578690c4: ;   {metadata({method} {0x0000017900434c38} 'defineClass1' '(Ljava/lang/ClassLoader;Ljava/lang/String;[BIILjava/security/ProtectionDomain;Ljava/lang/String;)Ljava/lang/Class;' in 'java/lang/ClassLoader')}
  0x00000179578690c4: 5148 ba30 | 4c43 0079 | 0100 0049 | 8bcf 4883 | ec20 40f6 | c40f 0f84 | 1900 0000 | 4883 ec08 
  0x00000179578690e4: ;   {runtime_call}
  0x00000179578690e4: 48b8 e0ea | 5e89 f97f | 0000 ffd0 | 4883 c408 | e90c 0000 

  0x00000179578690f8: ;   {runtime_call}
  0x00000179578690f8: 0048 b8e0 | ea5e 89f9 | 7f00 00ff | d048 83c4 | 2041 5941 | 585a 498d | 8fc0 0300 | 0041 c787 
  0x0000017957869118: 4c04 0000 | 0400 0000 

  0x0000017957869120: ;   {runtime_call}
  0x0000017957869120: 48b8 ac16 | 7ee9 f97f | 0000 ffd0 | c5f8 7741 | c787 4c04 | 0000 0500 | 0000 f083 | 4424 c000 
  0x0000017957869140: 493b af50 | 0400 000f | 870e 0000 | 0041 83bf | 4804 0000 | 000f 842b | 0000 00c5 | f877 4889 
  0x0000017957869160: 45f8 498b | cf4c 8be4 | 4883 ec20 | 4883 e4f0 

  0x0000017957869170: ;   {runtime_call}
  0x0000017957869170: 48b8 0058 | 2a89 f97f | 0000 ffd0 | 498b e44d | 33e4 488b | 45f8 41c7 | 874c 0400 | 0008 0000 
  0x0000017957869190: 0041 83bf | c804 0000 | 020f 84d5 

  0x000001795786919c: ;   {external_word}
  0x000001795786919c: 0100 0049 | ba06 6db5 | 89f9 7f00 | 0041 803a | 000f 844c | 0000 0048 

  0x00000179578691b4: ;   {metadata({method} {0x0000017900434c38} 'defineClass1' '(Ljava/lang/ClassLoader;Ljava/lang/String;[BIILjava/security/ProtectionDomain;Ljava/lang/String;)Ljava/lang/Class;' in 'java/lang/ClassLoader')}
  0x00000179578691b4: 8945 f848 | ba30 4c43 | 0079 0100 | 0049 8bcf | 4883 ec20 | 40f6 c40f | 0f84 1900 | 0000 4883 
  0x00000179578691d4: ;   {runtime_call}
  0x00000179578691d4: ec08 48b8 | e0ea 5e89 | f97f 0000 | ffd0 4883 | c408 e90c 

  0x00000179578691e8: ;   {runtime_call}
  0x00000179578691e8: 0000 0048 | b8e0 ea5e | 89f9 7f00 | 00ff d048 | 83c4 2048 | 8b45 f849 | c787 a003 | 0000 0000 
  0x0000017957869208: 0000 49c7 | 87a8 0300 | 0000 0000 | 00c5 f877 | 4885 c00f | 8430 0100 | 00a8 030f | 8508 0000 
  0x0000017957869228: 0048 8b00 | e920 0100 | 00a8 010f | 8509 0000 | 0048 8b40 | fee9 0f01 | 0000 488b | 40ff 4180 
  0x0000017957869248: 7f40 000f | 8400 0100 | 0048 83f8 | 000f 84f6 | 0000 0049 | 8b4f 2848 | 83f9 000f | 8414 0000 
  0x0000017957869268: 0048 83e9 | 0849 894f | 2849 034f | 3848 8901 | e9d4 0000 | 0048 83ec | 7048 8904 | 2448 894c 
  0x0000017957869288: 2408 4889 | 5424 104c | 8944 2418 | 4c89 4c24 | 204c 8954 | 2428 4c89 | 5c24 30c5 | fb11 4424 
  0x00000179578692a8: 40c5 fb11 | 4c24 48c5 | fb11 5424 | 50c5 fb11 | 5c24 58c5 | fb11 6424 | 60c5 fb11 | 6c24 6849 
  0x00000179578692c8: 8bd7 488b | c848 83ec | 2040 f6c4 | 0f0f 8419 | 0000 0048 

  0x00000179578692dc: ;   {runtime_call}
  0x00000179578692dc: 83ec 0848 | b820 a41d | 89f9 7f00 | 00ff d048 | 83c4 08e9 | 0c00 0000 

  0x00000179578692f4: ;   {runtime_call}
  0x00000179578692f4: 48b8 20a4 | 1d89 f97f | 0000 ffd0 | 4883 c420 | c5fb 106c | 2468 c5fb | 1064 2460 | c5fb 105c 
  0x0000017957869314: 2458 c5fb | 1054 2450 | c5fb 104c | 2448 c5fb | 1044 2440 | 4c8b 5c24 | 304c 8b54 | 2428 4c8b 
  0x0000017957869334: 4c24 204c | 8b44 2418 | 488b 5424 | 1048 8b4c | 2408 488b | 0424 4883 | c470 c5f8 | 7749 8b8f 
  0x0000017957869354: 3004 0000 | c781 0001 | 0000 0000 | 0000 c949 | 837f 0800 | 0f85 0100 

  0x000001795786936c: ;   {runtime_call StubRoutines (initial stubs)}
  0x000001795786936c: 0000 c3e9 | 8c7b a0ff | c5f8 7748 | 8945 f84c | 8be4 4883 | ec20 4883 

  0x0000017957869384: ;   {runtime_call}
  0x0000017957869384: e4f0 48b8 | 3022 5f89 | f97f 0000 | ffd0 498b | e44d 33e4 | 488b 45f8 | e9fe fdff | fff4 f4f4 
  0x00000179578693a4: f4f4 f4f4 
[/MachCode]


Compiled method (c2) 326075 4912       4       java.security.SecureClassLoader::defineClass (16 bytes)
 total in heap  [0x0000017957ac1a10,0x0000017957ac8bf8] = 29160
 relocation     [0x0000017957ac1b70,0x0000017957ac1fd0] = 1120
 main code      [0x0000017957ac1fe0,0x0000017957ac61c8] = 16872
 stub code      [0x0000017957ac61c8,0x0000017957ac6328] = 352
 oops           [0x0000017957ac6328,0x0000017957ac6350] = 40
 metadata       [0x0000017957ac6350,0x0000017957ac6550] = 512
 scopes data    [0x0000017957ac6550,0x0000017957ac7cc8] = 6008
 scopes pcs     [0x0000017957ac7cc8,0x0000017957ac8648] = 2432
 dependencies   [0x0000017957ac8648,0x0000017957ac8660] = 24
 handler table  [0x0000017957ac8660,0x0000017957ac8af8] = 1176
 nul chk table  [0x0000017957ac8af8,0x0000017957ac8bf8] = 256

[Constant Pool (empty)]

[MachCode]
[Entry Point]
  # {method} {0x000001790004e0e8} 'defineClass' '(Ljava/lang/String;[BIILjava/security/CodeSource;)Ljava/lang/Class;' in 'java/security/SecureClassLoader'
  # this:     rdx:rdx   = 'java/security/SecureClassLoader'
  # parm0:    r8:r8     = 'java/lang/String'
  # parm1:    r9:r9     = '[B'
  # parm2:    rdi       = int
  # parm3:    rsi       = int
  # parm4:    rcx:rcx   = 'java/security/CodeSource'
  #           [sp+0xc0]  (sp of caller)
  0x0000017957ac1fe0: 448b 5208 | 49bb 0000 | 0000 7901 | 0000 4d03 | d349 3bc2 

  0x0000017957ac1ff4: ;   {runtime_call ic_miss_stub}
  0x0000017957ac1ff4: 0f85 86c7 | 7fff 6690 | 0f1f 4000 
[Verified Entry Point]
  0x0000017957ac2000: 8984 2400 | 80ff ff55 | 4881 ecb0 | 0000 0090 | 4181 7f20 | 0600 0000 | 0f85 9c41 | 0000 8974 
  0x0000017957ac2020: 2444 897c | 2440 4c89 | 4c24 384c | 8944 2430 | 4889 5424 | 2848 8be9 | 4885 c90f | 8403 3300 
  0x0000017957ac2040: 004d 8b87 | b801 0000 | 4d8b d049 | 83c2 104d | 3b97 c801 | 0000 0f83 | 4925 0000 | 4d89 97b8 
  0x0000017957ac2060: 0100 0041 | 0f0d 8ac0 | 0000 0049 | c700 0100 

  0x0000017957ac2070: ;   {metadata('java/security/SecureClassLoader$CodeSourceKey')}
  0x0000017957ac2070: 0000 41c7 | 4008 b8b4 | 1100 4c8b | d549 c1ea | 0345 8950 | 0c4d 8b8f | b801 0000 | 4c8b 5424 
  0x0000017957ac2090: 2841 8b6a | 504d 8bd1 | 4983 c210 | 4d3b 97c8 | 0100 000f | 83d0 2400 | 004d 8997 | b801 0000 
  0x0000017957ac20b0: 410f 0d8a | c000 0000 | 49c7 0101 

  0x0000017957ac20bc: ;   {metadata('java/security/SecureClassLoader$1')}
  0x0000017957ac20bc: 0000 0041 | c741 0850 | ba11 004c | 8b54 2428 | 49c1 ea03 | 4589 510c 

  0x0000017957ac20d4: ; implicit exception: dispatches to 0x0000017957ac5cbc
  0x0000017957ac20d4: 458b 54ec 

  0x0000017957ac20d8: ;   {metadata('java/util/concurrent/ConcurrentHashMap')}
  0x0000017957ac20d8: 0841 81fa | 8027 0600 | 0f85 7a2b | 0000 498d | 14ec 6690 

  0x0000017957ac20ec: ;   {optimized virtual_call}
  0x0000017957ac20ec: c5f8 77e8 

  0x0000017957ac20f0: ; ImmutableOopMap {[40]=Oop [48]=Oop [56]=Oop }
                      ;*invokeinterface computeIfAbsent {reexecute=0 rethrow=0 return_oop=1}
                      ; - java.security.SecureClassLoader::getProtectionDomain@28
                      ; - java.security.SecureClassLoader::defineClass@9
  0x0000017957ac20f0: 8c67 f4f8 

  0x0000017957ac20f4: ;   {other}
  0x0000017957ac20f4: 0f1f 8400 | e406 0000 

  0x0000017957ac20fc: ; implicit exception: dispatches to 0x0000017957ac5cdc
  0x0000017957ac20fc: 448b 5808 

  0x0000017957ac2100: ;   {metadata('java/security/ProtectionDomain')}
  0x0000017957ac2100: 4181 fbe8 | 5800 000f | 8527 3b00 | 0048 8944 | 2448 4c8b | 5424 3045 | 8b5a 14c4 | c179 6ecb 
  0x0000017957ac2120: ; implicit exception: dispatches to 0x0000017957ac5d00
  0x0000017957ac2120: 478b 54dc | 0c45 85d2 | 0f86 862b | 0000 4c8b | 5c24 3045 | 0fbe 5b10 | 4585 db0f | 85e3 2f00 
  0x0000017957ac2140: 00c4 4222 | f7ca 453b | ca41 8bd9 | 410f 4fda | c4c1 797e | cb49 c1e3 | 03c5 f97e | c94d 8d44 
  0x0000017957ac2160: cc10 85db | 0f8e cf00 | 0000 443b | d30f 8261 | 2d00 00b8 | 2f00 0000 | 498b f88b | d348 8bdf 
  0x0000017957ac2180: 83fa 100f | 8c79 0000 | 0083 fa20 | 0f8c 3600 | 0000 c5f9 | 6ed8 c4e2 | 7d78 dbc5 | edef d28b 
  0x0000017957ac21a0: ca83 e1e0 | 83e2 1fc5 | fe6f 03c5 | fd74 c3c4 | e27d 17d0 | 0f83 6900 | 0000 4883 | c320 83e9 
  0x0000017957ac21c0: 2075 e4e9 | 0d00 0000 | c5f9 6ed8 | c5e9 efd2 | c4e2 6100 | da83 fa10 | 0f8c 2400 | 0000 8bca 
  0x0000017957ac21e0: 83e1 f083 | e20f c5fa | 6f03 c5f9 | 74c3 c4e2 | 7917 d00f | 832a 0000 | 0048 83c3 

  0x0000017957ac21fc: ;   {no_reloc}
  0x0000017957ac21fc: 1083 e910 | 75e4 85d2 | 0f84 1200 | 0000 0fb6 | 0b3b c174 | 1c48 83c3 | 0183 ea01 | 7402 ebee 
  0x0000017957ac221c: bbff ffff | ffeb 0dc5 | fdd7 c80f | bcc1 4803 | d848 2bdf | 83fb ff0f | 85b7 3000 | 0041 0fb6 
  0x0000017957ac223c: 2883 fd5b | 0f84 3231 | 0000 418d | 59fb 85db | 7c0d 410f | be08 83f9 | 6a0f 84ad | 1300 0048 
  0x0000017957ac225c: 8b5c 2428 | 488b 4c24 | 4844 8b71 | 1041 8d69 | ff41 8d7a | ff3b ef0f | 4fef 85ed | 0f8c a81a 
  0x0000017957ac227c: 0000 413b | ea0f 8341 | 2900 0085 | ed0f 8e09 | 2c00 008d | 7dff 33f6 | 4d8b e845 | 0fbe 442b 
  0x0000017957ac229c: 1041 83f8 | 2e0f 8429 | 1800 00ff | cd3b ef7f | ea83 fd02 | 0f8e 8900 | 0000 448d | 45fe 83fd 
  0x0000017957ac22bc: 0244 0f4c | c641 81f8 | a00f 0000 | b9a0 0f00 | 0044 0f47 | c18b fd41 | 2bf8 6666 | 0f1f 8400 
  0x0000017957ac22dc: 0000 0000 | 4c63 c543 | 0fbe 4c03 | 1083 f92e | 747d 470f | be44 030f | 4183 f82e | 7475 8d4d 
  0x0000017957ac22fc: ;   {no_reloc}
  0x0000017957ac22fc: fe41 0fbe | 540b 1083 | fa2e 746a | 8d4d fd45 | 0fbe 440b | 1041 83f8 | 2e74 5b83 | c5fc 3bef 
  0x0000017957ac231c: 7fc2 498b | 8758 0400 | 004c 8b44 | 2428 488b | 4c24 3048 

  0x0000017957ac2330: ; ImmutableOopMap {r11=Oop r13=Derived_oop_r11 r8=Oop rcx=Oop rbx=Oop rdi=Oop r14=NarrowOop xmm1=NarrowOop [40]=Oop [48]=Oop [56]=Oop [72]=Oop }
                      ;*goto {reexecute=1 rethrow=0 return_oop=0}
                      ; - (reexecute) java.lang.StringLatin1::lastIndexOf@35
                      ; - java.lang.String::lastIndexOf@13
                      ; - java.lang.String::lastIndexOf@8
                      ; - java.lang.ClassLoader::checkCerts@3
                      ; - java.lang.ClassLoader::preDefineClass@113
                      ; - java.lang.ClassLoader::defineClass@4
                      ; - java.security.SecureClassLoader::defineClass@12
  0x0000017957ac2330: 8b7c 2448 

  0x0000017957ac2334: ;   {poll}
  0x0000017957ac2334: 8500 83fd | 020f 8f77 | ffff ff83 | fdff 7e1f | 450f be44 | 2b10 4183 | f82e 0f84 | b42d 0000 
  0x0000017957ac2354: ffcd 83fd | ff7f e94d | 8bc5 e9c5 | 1900 004d | 8bc5 e9bd | 1900 008b | cdeb 038d | 4dff 4d8b 
  0x0000017957ac2374: c583 f9ff | 0f84 c71d | 0000 85c9 | 0f8c 3e2f | 0000 413b | c90f 8f55 | 3300 0041 | 3bc9 0f84 
  0x0000017957ac2394: d512 0000 | 85c9 0f84 | 8524 0000 | 4d8b afb8 | 0100 004d | 8bcd 4983 | c118 4d3b | 8fc8 0100 
  0x0000017957ac23b4: 000f 83d8 | 2300 004d | 898f b801 | 0000 410f | 0d89 c000 | 0000 49c7 | 4500 0100 

  0x0000017957ac23d0: ;   {metadata('java/lang/String')}
  0x0000017957ac23d0: 0000 41c7 | 4508 78e8 | 0000 4589 | 650c 4d89 | 6510 413b | ca0f 85d4 | 0000 0049 | 63ea 4181 
  0x0000017957ac23f0: fa00 0010 | 000f 87d6 | 2600 004c | 8944 2458 | 498b bfb8 | 0100 004c | 8d45 1749 | 83e0 f84c 
  0x0000017957ac2410: 8bcf 4d03 | c84d 3b8f | c801 0000 | 0f83 aa26 | 0000 4d89 | 8fb8 0100 | 0041 0f0d | 89c0 0000 
  0x0000017957ac2430: 0048 c707 | 0100 0000 | 410f 0d89 | 0001 0000 

  0x0000017957ac2440: ;   {metadata({type array byte})}
  0x0000017957ac2440: c747 0818 | 2300 0044 | 8957 0c41 | 0f0d 8940 | 0100 0041 | 0f0d 8980 | 0100 0089 | 7424 2448 
  0x0000017957ac2460: 895c 2460 | 4489 7424 | 684c 896c | 2470 4889 | 6c24 7848 | 8bd7 4883 | c210 4c8b | 4424 7849 
  0x0000017957ac2480: 83c0 0749 | c1e8 0348 | 8b4c 2458 | c5f8 7749 | ba60 4b2a | 5779 0100 | 0041 ffd2 

  0x0000017957ac249c: ;   {other}
  0x0000017957ac249c: 0f1f 8400 | 0000 0000 | 8b74 2424 | 488b 5c24 | 6044 8b74 | 2468 4c8b | 6c24 704c | 8bd7 e9d7 
  0x0000017957ac24bc: 0000 0081 | f900 0010 | 000f 8709 | 2b00 004c | 63c9 498b | f844 3bd1 | 418b ea0f | 4fe9 443b 
  0x0000017957ac24dc: d50f 8295 | 2b00 003b | cd0f 828d | 2b00 0049 | 83c1 174d | 8bc1 4983 | e0f8 81f9 | 0000 1000 
  0x0000017957ac24fc: 0f87 ca23 | 0000 4d8b | 97b8 0100 | 0049 8bd2 | 4903 d049 | 3b97 c801 | 0000 0f83 | b023 0000 
  0x0000017957ac251c: 4989 97b8 | 0100 000f | 0d8a c000 | 0000 49c7 | 0201 0000 | 000f 0d8a | 0001 0000 

  0x0000017957ac2538: ;   {metadata({type array byte})}
  0x0000017957ac2538: 41c7 4208 | 1823 0000 | 4189 4a0c | 0f0d 8a40 | 0100 000f | 0d8a 8001 | 0000 498b | d248 83c2 
  0x0000017957ac2558: 1049 c1e9 | 0385 ed0f | 8477 2a00 | 003b e90f | 8cf1 1900 | 0049 8bea | 4983 c0f0 | 49c1 e803 
  0x0000017957ac2578: 488b cfc5 | f877 49ba | 604b 2a57 | 7901 0000 

  0x0000017957ac2588: ;   {other}
  0x0000017957ac2588: 41ff d20f | 1f84 0000 | 0000 004c | 8bd5 4180 | 7f40 000f | 8597 1800 | 004d 8bdd | 4d8b ca49 
  0x0000017957ac25a8: c1e9 0345 | 894d 144d | 33d3 49c1 | ea16 4d85 | d274 1a49 | c1eb 0948 | b900 00aa | 5c79 0100 
  0x0000017957ac25c8: 0049 03cb | 8039 020f | 859a 1800 | 0045 8865 | 1043 8b6c | f414 85ed | 0f85 aa2d | 0000 438b 
  0x0000017957ac25e8: 6cf4 1085 | ed0f 85cd | 2d00 0044 | 8b5b 2c45 | 85db 0f84 | 7d25 0000 | 4889 5c24 | 5089 7424 
  0x0000017957ac2608: 204b 8d14 | dcbf 0100 

  0x0000017957ac2610: ;   {oop(a 'java/security/cert/Certificate'[0] {0x0000000680472d68})}
  0x0000017957ac2610: 0000 49b9 | 682d 4780 | 0600 0000 | 4d8b c590 

  0x0000017957ac2620: ;   {optimized virtual_call}
  0x0000017957ac2620: c5f8 77e8 

  0x0000017957ac2624: ; ImmutableOopMap {[40]=Oop [48]=Oop [56]=Oop [72]=Oop [80]=Oop }
                      ;*invokevirtual putVal {reexecute=0 rethrow=0 return_oop=1}
                      ; - java.util.concurrent.ConcurrentHashMap::putIfAbsent@4
                      ; - java.lang.ClassLoader::checkCerts@62
                      ; - java.lang.ClassLoader::preDefineClass@113
                      ; - java.lang.ClassLoader::defineClass@4
                      ; - java.security.SecureClassLoader::defineClass@12
  0x0000017957ac2624: 38fe 1000 

  0x0000017957ac2628: ;   {other}
  0x0000017957ac2628: 0f1f 8400 | 180c 0002 | 4885 c074 | 1c44 8b58 

  0x0000017957ac2638: ;   {metadata('java/security/cert/Certificate'[])}
  0x0000017957ac2638: 0841 81fb | 2029 1000 | 0f85 2236 | 0000 8b68 | 0c85 ed0f | 87c7 3000 | 004c 8b6c | 2448 458b 
  0x0000017957ac2658: 5d10 438b | 5cdc 0c85 | db0f 8489 | 2d00 0045 | 3b64 dc38 | 0f84 2625 | 0000 498b | 87b8 0100 
  0x0000017957ac2678: 004c 8bd0 | 4983 c218 | 498d 3cdc | 4d3b 97c8 | 0100 000f | 8337 1f00 | 004d 8997 | b801 0000 
  0x0000017957ac2698: 410f 0d8a | c000 0000 | 48c7 0001 

  0x0000017957ac26a4: ;   {metadata('java/lang/StringBuilder')}
  0x0000017957ac26a4: 0000 00c7 | 4008 4080 | 0000 4489 | 600c 4c89 | 6010 488b | f049 8b87 | b801 0000 | 4c8b d049 
  0x0000017957ac26c4: 83c2 204d | 3b97 c801 | 0000 0f83 | 2d1f 0000 | 4d89 97b8 | 0100 0041 | 0f0d 8ac0 | 0000 0048 
  0x0000017957ac26e4: c700 0100 | 0000 410f | 0d8a 0001 

  0x0000017957ac26f0: ;   {metadata({type array byte})}
  0x0000017957ac26f0: 0000 c740 | 0818 2300 | 0041 0f0d | 8a40 0100 | 00c7 400c | 1000 0000 | 410f 0d8a | 8001 0000 
  0x0000017957ac2710: 4c89 6010 | 4c89 6018 | 4c8b de4c | 8bd0 49c1 | ea03 4489 | 5614 4c8b | c04d 33c3 | 49c1 e816 
  0x0000017957ac2730: 4d85 c00f | 84f9 1500 | 0049 c1eb | 0948 b900 | 00aa 5c79 | 0100 0049 | 03cb 8039 | 020f 851e 
  0x0000017957ac2750: 1600 0045 | 33c0 458b | 4cdc 1444 | 8866 1045 | 85c9 0f84 | 911a 0000 | 438b 4ccc | 1445 8b5c 
  0x0000017957ac2770: cc0c 438b | 54d4 0c43 | 0fbe 44cc | 10c4 427a | f7db 4503 | c341 8bc0 | 2bc2 85c0 | 0f8f 3012 
  0x0000017957ac2790: 0000 440f | be56 1043 | 0fbe 4ccc | 1044 8b46 | 0c44 3bd1 | 0f85 ce2e | 0000 8b46 | 1441 3bca 
  0x0000017957ac27b0: 0f85 a22a | 0000 478b | 4ccc 1443 | 8b4c cc0c | c4c2 29f7 | e845 8b54 | c40c 85ed | 0f8c 5e26 
  0x0000017957ac27d0: 0000 448d | 0429 453b | d00f 8251 | 2600 0085 | c976 3345 | 8bf3 4d8d | 14c4 498d | 542a 104c 
  0x0000017957ac27f0: ;   {no_reloc}
  0x0000017957ac27f0: 63c1 4f8d | 14cc 4b8d | 4ccc 10c5 | f877 49ba | a045 2a57 | 7901 0000 

  0x0000017957ac2808: ;   {other}
  0x0000017957ac2808: 41ff d20f | 1f84 0000 | 0000 0045 | 8bde 4401 | 5e0c 448b | 4e14 478b | 54cc 0c44 | 8b46 0c44 
  0x0000017957ac2828: 0fbe 5e10 | c442 22f7 | da45 8bd0 | 452b d341 | ffc2 4585 | d20f 8f34 | 0e00 0080 | 7e10 000f 
  0x0000017957ac2848: 854f 1400 | 008b 6e0c | 448d 5d01 | 4489 5e0c 

  0x0000017957ac2858: ; implicit exception: dispatches to 0x0000017957ac5ed8
  0x0000017957ac2858: 478b 5ccc | 0c41 3beb | 0f83 9e23 | 0000 4f8d | 14cc 41c6 | 442a 103a | 418b 6cdc | 2485 ed0f 
  0x0000017957ac2878: 85b7 1300 | 008b 6e14 

  0x0000017957ac2880: ; implicit exception: dispatches to 0x0000017957ac5d30
  0x0000017957ac2880: 458b 5cec | 0c44 8b46 | 0c44 0fbe | 4e10 c442 | 32f7 d345 | 8bc8 452b | ca45 85c9 | 0f8f 8a0e 
  0x0000017957ac28a0: 0000 440f | be56 1044 | 8b46 0c45 | 85d2 0f85 | 782b 0000 | 8b6e 1445 | 8b5c ec0c | 4585 c00f 
  0x0000017957ac28c0: 8c0b 2400 | 0045 3bd8 | 0f82 0224 | 0000 458b | 4cdc 2847 | 8b5c cc14 

  0x0000017957ac28d8: ; implicit exception: dispatches to 0x0000017957ac5d60
  0x0000017957ac28d8: 478b 54dc | 0c8b 4e14 

  0x0000017957ac28e0: ; implicit exception: dispatches to 0x0000017957ac5d78
  0x0000017957ac28e0: 458b 5ccc | 0c89 4c24 | 6448 897c | 2450 895c | 2424 4c89 | 6c24 4843 | 0fbe 4ccc | 1044 894c 
  0x0000017957ac2900: 2460 8b56 | 0cc4 4272 

  0x0000017957ac2908: ;   {no_reloc}
  0x0000017957ac2908: f7d2 4489 | 5424 680f | be7e 1048 | 8974 2458 | 458d 0412 | c442 42f7 | db45 8bd0 | 452b d345 
  0x0000017957ac2928: 85d2 0f8f | b00e 0000 | 488b de8b | c28b f73b | f10f 854d | 2b00 008b | 7b14 3bce | 0f85 0e28 
  0x0000017957ac2948: 0000 438b | 4ccc 1445 | 8b44 cc0c | c4e2 49f7 | e845 8b54 | fc0c 85ed | 0f8c c623 | 0000 458d 
  0x0000017957ac2968: 1c28 453b | d30f 82b9 | 2300 0045 | 85c0 762d | 4d63 c04d | 8d14 cc49 | 8d4c cc10 | 4d8d 14fc 
  0x0000017957ac2988: 498d 542a | 10c5 f877 | 49ba a045 | 2a57 7901 | 0000 41ff 

  0x0000017957ac299c: ;   {other}
  0x0000017957ac299c: d20f 1f84 | 0000 0000 | 0044 8b44 | 2468 4403 | 430c 4489 | 430c 8b7c | 2424 418b | 6cfc 2085 
  0x0000017957ac29bc: ed0f 853d | 2b00 008b | 6b14 458b | 5cec 0c44 | 0fbe 5310 | c442 2af7 | db45 8bd0 | 452b d345 
  0x0000017957ac29dc: 85d2 0f8f | a60e 0000 | 440f be43 | 1044 8b5b | 0c45 85c0 | 0f85 662b | 0000 8b6b | 1445 8b44 
  0x0000017957ac29fc: ec0c 4585 | db0f 8c6d | 2300 0045 | 3bc3 0f82 | 6423 0000 | 418b 6cfc | 3085 ed0f | 85a3 2b00 
  0x0000017957ac2a1c: 008b 7b14 

  0x0000017957ac2a20: ; implicit exception: dispatches to 0x0000017957ac5df8
  0x0000017957ac2a20: 458b 5cfc | 0c0f be6b | 1044 8b43 | 0cc4 4252 | f7d3 458b | c845 2bca | 4585 c90f | 8fe5 0e00 
  0x0000017957ac2a40: 0085 ed0f | 85cf 2b00 | 008b 6b14 

  0x0000017957ac2a4c: ; implicit exception: dispatches to 0x0000017957ac5e10
  0x0000017957ac2a4c: 458b 5cec | 0c45 85c0 | 0f8c 7a23 | 0000 453b | d80f 8271 | 2300 0049 | 8b87 b801 | 0000 4c8b 
  0x0000017957ac2a6c: d049 83c2 | 184d 3b97 | c801 0000 | 0f83 cc1b | 0000 4d89 | 97b8 0100 | 0041 0f0d | 8ac0 0000 
  0x0000017957ac2a8c: 0048 c700 | 0100 0000 

  0x0000017957ac2a94: ;   {metadata('java/lang/String')}
  0x0000017957ac2a94: c740 0878 | e800 0044 | 8960 0c4c | 8960 1048 | 8bf0 440f | be53 1044 | 8b43 148b | 4b0c 4585 
  0x0000017957ac2ab4: d20f 850d | 2700 0043 | 8b7c c40c | 4f8d 14c4 | 4c89 5424 | 784f 8d4c | c410 3bcf | 0f85 9b00 
  0x0000017957ac2ad4: 0000 4863 | c781 ff00 | 0010 000f | 879e 1f00 | 0049 8b9f | b801 0000 | 4c8d 5017 | 4983 e2f8 
  0x0000017957ac2af4: 4c8b db4d | 03da 4d3b | 9fc8 0100 | 000f 837c | 1f00 004d | 899f b801 | 0000 410f | 0d8b c000 
  0x0000017957ac2b14: 0000 48c7 | 0301 0000 | 0041 0f0d | 8b00 0100 

  0x0000017957ac2b24: ;   {metadata({type array byte})}
  0x0000017957ac2b24: 00c7 4308 | 1823 0000 | 897b 0c41 | 0f0d 8b40 | 0100 0041 | 0f0d 8b80 | 0100 0048 | 8bd3 4883 
  0x0000017957ac2b44: c210 4883 | c007 48c1 | e803 498b | c94c 8bc0 | c5f8 7749 | ba60 4b2a | 5779 0100 | 0041 ffd2 
  0x0000017957ac2b64: ;   {other}
  0x0000017957ac2b64: 0f1f 8400 | 0000 0000 | e9d8 0000 | 0085 c90f | 8ceb 2c00 | 0081 f900 | 0010 000f | 877f 2300 
  0x0000017957ac2b84: 004c 63d9 | 3bf9 8bef | 0f4f e93b | fd0f 82e1 | 2300 003b | cd0f 82d9 | 2300 0049 | 83c3 174d 
  0x0000017957ac2ba4: 8bc3 4983 | e0f8 81f9 | 0000 1000 | 0f87 bf1c | 0000 498b | 9fb8 0100 | 004c 8bd3 | 4d03 d04d 
  0x0000017957ac2bc4: 3b97 c801 | 0000 0f83 | a51c 0000 | 4d89 97b8 | 0100 0041 | 0f0d 8ac0 | 0000 0048 | c703 0100 
  0x0000017957ac2be4: 0000 410f | 0d8a 0001 

  0x0000017957ac2bec: ;   {metadata({type array byte})}
  0x0000017957ac2bec: 0000 c743 | 0818 2300 | 0089 4b0c | 410f 0d8a | 4001 0000 | 410f 0d8a | 8001 0000 | 4c8b d349 
  0x0000017957ac2c0c: 83c2 1049 | c1eb 0385 | ed0f 84f1 | 2200 003b | e90f 8c9d | 1200 0049 | 83c0 f049 | c1e8 0349 
  0x0000017957ac2c2c: 8bc9 498b | d2c5 f877 | 49ba 604b | 2a57 7901 | 0000 41ff 

  0x0000017957ac2c40: ;   {other}
  0x0000017957ac2c40: d20f 1f84 | 0000 0000 | 0041 807f | 4000 0f85 | e610 0000 | 4c8b d64c | 8bdb 49c1 | eb03 4489 
  0x0000017957ac2c60: 5e14 4c8b | db4d 33da | 49c1 eb16 | 4d85 db74 | 1a49 c1ea | 0948 b900 | 00aa 5c79 | 0100 0049 
  0x0000017957ac2c80: 03ca 8039 | 020f 8538 | 1100 004c | 8bd6 488b | 5424 284c | 8b44 2430 | 4c8b 4c24 | 388b 7c24 
  0x0000017957ac2ca0: 408b 7424 | 4448 8b4c | 2448 4c89 | 1424 6690 

  0x0000017957ac2cb0: ;   {static_call}
  0x0000017957ac2cb0: c5f8 77e8 

  0x0000017957ac2cb4: ; ImmutableOopMap {[40]=Oop [72]=Oop }
                      ;*invokestatic defineClass1 {reexecute=0 rethrow=0 return_oop=1}
                      ; - java.lang.ClassLoader::defineClass@27
                      ; - java.security.SecureClassLoader::defineClass@12
  0x0000017957ac2cb4: 2863 daff 

  0x0000017957ac2cb8: ;   {other}
  0x0000017957ac2cb8: 0f1f 8400 | a812 0003 | 4889 4424 | 3044 8b50 | 3c45 85d2 | 7418 4b8d | 1cd4 49ba | 0000 aa5c 
  0x0000017957ac2cd8: 7901 0000 | 4c89 5424 | 68e9 0f04 | 0000 4c8b | 5010 458b | 5a08 4585 | db0f 8cc5 | 2300 0044 
  0x0000017957ac2cf8: 8b50 2c45 | 85d2 0f84 | 900d 0000 | 4b8d 04d4 | 8b48 1441 | 8b7c cc0c | 440f be50 | 10c4 622a 
  0x0000017957ac2d18: f7cf 418d | 59ff 4585 | d20f 85a5 | 2b00 0049 | 8d2c cc44 | 8d5f ff44 | 3bdb 440f | 4fdb 4585 
  0x0000017957ac2d38: db0f 8cd5 | 1000 0085 | ff0f 8601 | 2300 0044 | 3bdf 0f83 | f822 0000 | 4585 db0f | 8e7f 2300 
  0x0000017957ac2d58: 0045 8d53 

  0x0000017957ac2d5c: ;   {oop(""{0x00000006804018c8})}
  0x0000017957ac2d5c: ff48 bbc8 | 1840 8006 | 0000 0049 | b800 00aa | 5c79 0100 | 004c 8944 | 2468 460f | be44 1d10 
  0x0000017957ac2d7c: 4183 f82e | 0f84 a60e | 0000 41ff | cb45 3bda | 7fe8 4183 | fb02 0f8e | 8200 0000 | 458d 53fe 
  0x0000017957ac2d9c: 4183 fb02 | 440f 4c54 | 2420 4181 | faa0 0f00 | 0041 b8a0 | 0f00 0045 | 0f47 d045 | 8bc3 452b 
  0x0000017957ac2dbc: c266 6690 | 4963 d344 | 0fbe 5415 | 1041 83fa | 2e74 730f | be54 150f | 83fa 2e74 | 6e45 8d53 
  0x0000017957ac2ddc: fe42 0fbe | 7415 1083 | fe2e 7463 | 458d 53fd | 420f be54 | 1510 83fa | 2e74 5441 | 83c3 fc45 
  0x0000017957ac2dfc: 3bd8 7fc0 | 4d8b af58 | 0400 004c 

  0x0000017957ac2e08: ; ImmutableOopMap {r10=Oop rcx=NarrowOop rbx=Oop rax=Oop rbp=Oop [40]=Oop [48]=Oop [72]=Oop }
                      ;*goto {reexecute=1 rethrow=0 return_oop=0}
                      ; - (reexecute) java.lang.StringLatin1::lastIndexOf@35
                      ; - java.lang.String::lastIndexOf@13
                      ; - java.lang.String::lastIndexOf@8
                      ; - java.lang.Class::getPackageName@47
                      ; - java.lang.ClassLoader::postDefineClass@2
                      ; - java.lang.ClassLoader::defineClass@37
                      ; - java.security.SecureClassLoader::defineClass@12
  0x0000017957ac2e08: 8b54 2430 

  0x0000017957ac2e0c: ;   {poll}
  0x0000017957ac2e0c: 4185 4500 | 4183 fb02 | 0f8f 7eff | ffff 4183 | fbff 0f8e | 0910 0000 | 460f be44 | 1d10 4183 
  0x0000017957ac2e2c: f82e 0f84 | 902a 0000 | 41ff cb41 | 83fb ff7f | e7e9 eb0f | 0000 458b | d3eb 0445 | 8d53 ff41 
  0x0000017957ac2e4c: 83fa ff0f | 8452 0200 | 0045 85d2 | 0f8c ce2a | 0000 453b | d10f 8ff9 | 2a00 0045 | 3bd1 0f84 
  0x0000017957ac2e6c: 580c 0000 | 4585 d20f | 8444 1b00 | 0049 8b9f | b801 0000 | 4c8b db49 | 83c3 184d | 3b9f c801 
  0x0000017957ac2e8c: 0000 0f83 | bc1a 0000 | 4d89 9fb8 | 0100 0041 | 0f0d 8bc0 | 0000 0048 | c703 0100 

  0x0000017957ac2ea8: ;   {metadata('java/lang/String')}
  0x0000017957ac2ea8: 0000 c743 | 0878 e800 | 0044 8963 | 0c4c 8963 | 104d 8d5c | cc10 443b | d70f 8598 | 0000 004c 
  0x0000017957ac2ec8: 63c7 81ff | 0000 1000 | 0f87 4a1c | 0000 498b | b7b8 0100 | 004d 8d50 | 1749 83e2 | f84c 8bce 
  0x0000017957ac2ee8: 4d03 ca4d | 3b8f c801 | 0000 0f83 | 281c 0000 | 4d89 8fb8 | 0100 0041 | 0f0d 89c0 | 0000 0048 
  0x0000017957ac2f08: c706 0100 | 0000 410f | 0d89 0001 

  0x0000017957ac2f14: ;   {metadata({type array byte})}
  0x0000017957ac2f14: 0000 c746 | 0818 2300 | 0089 7e0c | 410f 0d89 | 4001 0000 | 410f 0d89 | 8001 0000 | 488b d648 
  0x0000017957ac2f34: 83c2 1049 | 83c0 0749 | c1e8 0349 | 8bcb c5f8 | 7749 ba60 | 4b2a 5779 | 0100 0041 

  0x0000017957ac2f50: ;   {other}
  0x0000017957ac2f50: ffd2 0f1f | 8400 0000 | 0000 e9e2 | 0000 0041 | 81fa 0000 | 1000 0f87 | 5428 0000 | 4d63 ca41 
  0x0000017957ac2f70: 3bfa 448b | c745 0f4f | c244 8944 | 243c 413b | f80f 82ad | 2800 0045 | 3bd0 0f82 | a428 0000 
  0x0000017957ac2f90: 4983 c117 | 498b f948 | 83e7 f841 | 81fa 0000 | 1000 0f87 | 6d1a 0000 | 498b b7b8 | 0100 004c 
  0x0000017957ac2fb0: 8bc6 4c03 | c74d 3b87 | c801 0000 | 0f83 531a | 0000 4d89 | 87b8 0100 | 0041 0f0d | 88c0 0000 
  0x0000017957ac2fd0: 0048 c706 | 0100 0000 | 410f 0d88 | 0001 0000 

  0x0000017957ac2fe0: ;   {metadata({type array byte})}
  0x0000017957ac2fe0: c746 0818 | 2300 0044 | 8956 0c41 | 0f0d 8840 | 0100 0041 | 0f0d 8880 | 0100 0048 | 8bd6 4883 
  0x0000017957ac3000: c210 49c1 | e903 8b6c | 243c 85ed | 0f84 b627 | 0000 413b | ea0f 8c39 | 1100 0048 | 83c7 f048 
  0x0000017957ac3020: c1ef 0349 | 8bcb 4c8b | c7c5 f877 | 49ba 604b | 2a57 7901 | 0000 41ff 

  0x0000017957ac3038: ;   {other}
  0x0000017957ac3038: d20f 1f84 | 0000 0000 | 0041 807f | 4000 0f85 | 7110 0000 | 4c8b d34c | 8bde 49c1 | eb03 4489 
  0x0000017957ac3058: 5b14 4c8b | de4d 33da | 49c1 eb16 | 4d85 db74 | 1a49 c1ea | 0948 b900 | 00aa 5c79 | 0100 0049 
  0x0000017957ac3078: 03ca 8039 | 020f 8571 | 1000 0044 | 8863 1048 | 8bd3 4c8b | 5424 304c | 8954 2420 

  0x0000017957ac3094: ;   {optimized virtual_call}
  0x0000017957ac3094: c5f8 77e8 

  0x0000017957ac3098: ; ImmutableOopMap {[32]=Oop [40]=Oop [48]=Oop [72]=Oop }
                      ;*invokevirtual intern {reexecute=0 rethrow=0 return_oop=1}
                      ; - java.lang.Class::getPackageName@65
                      ; - java.lang.ClassLoader::postDefineClass@2
                      ; - java.lang.ClassLoader::defineClass@37
                      ; - java.security.SecureClassLoader::defineClass@12
  0x0000017957ac3098: c446 d6ff 

  0x0000017957ac309c: ;   {other}
  0x0000017957ac309c: 0f1f 8400 | 8c16 0005 | 488b d841 | 807f 4000 | 0f85 7e0f | 0000 4c8b | 5424 304c | 8bdb 49c1 
  0x0000017957ac30bc: eb03 4c8b | 4424 3045 | 8958 3c4c | 8bdb 4d33 | da49 c1eb | 164d 85db | 741f 4885 | db74 1a49 
  0x0000017957ac30dc: c1ea 0948 | b900 00aa | 5c79 0100 | 0049 03ca | 8039 020f | 8577 0f00 | 004c 8b54 | 2428 458b 
  0x0000017957ac30fc: 5238 4585 | d20f 84a9 | 1a00 004c | 8bcb 8b43 | 0c4c 8b5c | 2430 458b | 4330 85c0 | 0f84 8304 
  0x0000017957ac311c: 0000 438b | 4cd4 2885 | c90f 8492 | 0200 0045 | 8b54 cc0c | 4585 d20f | 86d7 2100 | 0044 8bd8 
  0x0000017957ac313c: 41c1 eb10 | 4433 d848 | c1e1 0341 | 81e3 ffff | ff7f 41ff | ca45 23d3 | 4d63 d246 | 8b6c 9110 
  0x0000017957ac315c: 4585 ed0f | 8458 0200 | 0043 8b6c | ec0c 413b | eb0f 840f | 0100 0085 | ed0f 8ccd | 2800 0043 
  0x0000017957ac317c: 8b4c ec18 | 85c9 0f84 | 3502 0000 | 498d 3ccc | 8b5f 0c49 | 8b97 5804 

  0x0000017957ac3194: ; ImmutableOopMap {r8=NarrowOop r9=Oop rdi=Oop [40]=Oop [48]=Oop [72]=Oop }
                      ;*if_icmpne {reexecute=1 rethrow=0 return_oop=0}
                      ; - (reexecute) java.util.concurrent.ConcurrentHashMap::get@127
                      ; - java.lang.ClassLoader::getNamedPackage@5
                      ; - java.lang.ClassLoader::postDefineClass@9
                      ; - java.lang.ClassLoader::defineClass@37
                      ; - java.security.SecureClassLoader::defineClass@12
                      ;   {poll}
  0x0000017957ac3194: 0000 8502 | 413b db74 | 1344 8b57 | 1845 85d2 | 0f84 1302 | 0000 4b8d | 3cd4 ebdc | 8b6f 104c 
  0x0000017957ac31b4: 8bd5 49c1 | e203 4d3b | d174 4e85 | ed0f 84f5 | 2800 0048 | 897c 2440 | 4489 5c24 | 3c44 8944 
  0x0000017957ac31d4: 2438 4c89 | 4c24 204d | 8d04 ec49 | 8bd1 498b | e966 6690 

  0x0000017957ac31e8: ;   {optimized virtual_call}
  0x0000017957ac31e8: c5f8 77e8 

  0x0000017957ac31ec: ; ImmutableOopMap {rbp=Oop [32]=Oop [40]=Oop [48]=Oop [56]=NarrowOop [64]=Oop [72]=Oop }
                      ;*invokevirtual equals {reexecute=0 rethrow=0 return_oop=0}
                      ; - java.util.concurrent.ConcurrentHashMap::get@149
                      ; - java.lang.ClassLoader::getNamedPackage@5
                      ; - java.lang.ClassLoader::postDefineClass@9
                      ; - java.lang.ClassLoader::defineClass@37
                      ; - java.security.SecureClassLoader::defineClass@12
  0x0000017957ac31ec: 504d f7ff 

  0x0000017957ac31f0: ;   {other}
  0x0000017957ac31f0: 0f1f 8400 | e017 0007 | 85c0 0f84 | f028 0000 | 4c8b cd44 | 8b44 2438 | 488b 7c24 | 408b 6f14 
  0x0000017957ac3210: 85ed 0f84 | a501 0000 | 458b 54ec | 0849 bb00 | 0000 0079 | 0100 004d | 03da 4d8b 

  0x0000017957ac322c: ;   {metadata('java/lang/NamedPackage')}
  0x0000017957ac322c: 5338 49bb | e8c0 0100 | 7901 0000 | 4d3b d30f | 85ce 1e00 | 004c 8b54 | 2448 458b | 5210 438b 
  0x0000017957ac324c: 6cd4 1485 | ed0f 8561 | 2700 0043 | 8b6c d410 | 85ed 0f85 | 7027 0000 | 488b 4424 | 30c5 f877 
  0x0000017957ac326c: 4881 c4b0 | 0000 005d 

  0x0000017957ac3274: ;   {poll_return}
  0x0000017957ac3274: 493b a750 | 0400 000f | 8723 2f00 | 00c3 438b | 6cec 104c | 8bd5 49c1 | e203 4d3b | d10f 8419 
  0x0000017957ac3294: 0100 0041 | 8b4c ec08 | 498d 1cec | 4c3b cb0f | 8407 0100 

  0x0000017957ac32a8: ;   {metadata('java/lang/String')}
  0x0000017957ac32a8: 0081 f978 | e800 000f | 85c6 feff | ff45 0fbe | 5110 0fbe | 6b10 443b | d50f 8549 | 2700 008b 
  0x0000017957ac32c8: 5b14 458b | 5114 418b | 54dc 0c43 | 8b4c d40c | 3bca 0f85 | 9bfe ffff | 498d 3cdc | 498d 74dc 
  0x0000017957ac32e8: 104b 8d1c | d44b 8d7c | d410 85c9 | 0f84 9d00 | 0000 8bc1 | 83e0 1f83 | e1e0 0f84 | 4b00 0000 
  0x0000017957ac3308: 488d 3c0f | 488d 340e | 48f7 d9c5 | fe6f 0c0f | c5fe 6f04 | 0ec5 f5ef | c8c4 e27d | 17c9 0f85 
  0x0000017957ac3328: 7200 0000 | 4883 c120 | 75e1 85c0 | 0f84 5d00 | 0000 c5fe | 6f4c 07e0 | c5fe 6f44 | 06e0 c5f5 
  0x0000017957ac3348: efc8 c4e2 | 7d17 c975 | 4deb 448b | c883 e1fc | 7419 488d | 3c0f 488d | 340e 48f7 | d98b 1c0f 
  0x0000017957ac3368: 3b1c 0e75 | 3148 83c1 | 0475 f2a8 | 0274 120f | b71f 0fb7 | 0e3b d975 | 1d48 8d7f | 0248 8d76 
  0x0000017957ac3388: 02a8 0174 | 0a0f b61f | 0fb6 0e3b | d975 07b8 | 0100 0000 | eb02 33c0 | c5f5 efc9 | c5fd efc0 
  0x0000017957ac33a8: ;   {no_reloc}
  0x0000017957ac33a8: 85c0 0f84 | cbfd ffff | 438b 6cec | 1485 ed0f | 855b feff | ff49 8b87 | b801 0000 | 4c8b d049 
  0x0000017957ac33c8: 83c2 184d | 3b97 c801 | 0000 0f83 | b515 0000 | 4d89 97b8 | 0100 0041 | 0f0d 8ac0 | 0000 0048 
  0x0000017957ac33e8: c700 0100 

  0x0000017957ac33ec: ;   {metadata('java/lang/NamedPackage')}
  0x0000017957ac33ec: 0000 c740 | 08e8 c001 | 0044 8960 | 0c4c 8960 | 104c 894c | 2420 4489 | 4424 3848 | 8944 2440 
  0x0000017957ac340c: 488b 5424 | 2066 6690 

  0x0000017957ac3414: ;   {optimized virtual_call}
  0x0000017957ac3414: c5f8 77e8 

  0x0000017957ac3418: ; ImmutableOopMap {[32]=Oop [40]=Oop [48]=Oop [56]=NarrowOop [64]=Oop [72]=Oop }
                      ;*invokevirtual isEmpty {reexecute=0 rethrow=0 return_oop=0}
                      ; - java.lang.NamedPackage::<init>@5
                      ; - java.lang.ClassLoader::getNamedPackage@22
                      ; - java.lang.ClassLoader::postDefineClass@9
                      ; - java.lang.ClassLoader::defineClass@37
                      ; - java.security.SecureClassLoader::defineClass@12
  0x0000017957ac3418: 2470 dfff 

  0x0000017957ac341c: ;   {other}
  0x0000017957ac341c: 0f1f 8400 | 0c1a 0008 | 85c0 0f84 | ab06 0000 | 448b 5424 | 3845 85d2 | 0f84 fe22 | 0000 49c1 
  0x0000017957ac343c: e203 4c89 | 5424 5049 | 8bd2 6690 

  0x0000017957ac3448: ;   {optimized virtual_call}
  0x0000017957ac3448: c5f8 77e8 

  0x0000017957ac344c: ; ImmutableOopMap {[32]=Oop [40]=Oop [48]=Oop [56]=NarrowOop [64]=Oop [72]=Oop [80]=Oop }
                      ;*invokevirtual isNamed {reexecute=0 rethrow=0 return_oop=0}
                      ; - java.lang.NamedPackage::<init>@12
                      ; - java.lang.ClassLoader::getNamedPackage@22
                      ; - java.lang.ClassLoader::postDefineClass@9
                      ; - java.lang.ClassLoader::defineClass@37
                      ; - java.security.SecureClassLoader::defineClass@12
  0x0000017957ac344c: 7020 ddff 

  0x0000017957ac3450: ;   {other}
  0x0000017957ac3450: 0f1f 8400 | 401a 0009 | 85c0 0f84 | 7706 0000 | 498b 87b8 | 0100 004c | 8bd0 4983 | c228 4d3b 
  0x0000017957ac3470: 97c8 0100 | 000f 8351 | 1500 004d | 8997 b801 | 0000 410f | 0d8a c000 | 0000 48c7 | 0001 0000 
  0x0000017957ac3490: ;   {metadata('java/lang/InternalError')}
  0x0000017957ac3490: 00c7 4008 | 3807 0100 | 4489 600c | 4c89 6010 | 4c89 6018 | 4c89 6020 | 4889 4424 | 6849 8b87 
  0x0000017957ac34b0: b801 0000 | 4c8b d049 | 83c2 184d | 3b97 c801 | 0000 0f83 | 2915 0000 | 4d89 97b8 | 0100 0041 
  0x0000017957ac34d0: 0f0d 8ac0 | 0000 0048 | c700 0100 

  0x0000017957ac34dc: ;   {metadata('java/lang/StringBuilder')}
  0x0000017957ac34dc: 0000 c740 | 0840 8000 | 0044 8960 | 0c4c 8960 | 1048 8be8 | 488b d590 

  0x0000017957ac34f4: ;   {optimized virtual_call}
  0x0000017957ac34f4: c5f8 77e8 

  0x0000017957ac34f8: ; ImmutableOopMap {rbp=Oop [32]=Oop [40]=Oop [48]=Oop [56]=NarrowOop [64]=Oop [72]=Oop [80]=Oop [104]=Oop }
                      ;*invokespecial <init> {reexecute=0 rethrow=0 return_oop=0}
                      ; - java.lang.NamedPackage::<init>@26
                      ; - java.lang.ClassLoader::getNamedPackage@22
                      ; - java.lang.ClassLoader::postDefineClass@9
                      ; - java.lang.ClassLoader::defineClass@37
                      ; - java.security.SecureClassLoader::defineClass@12
  0x0000017957ac34f8: 84b5 7fff 

  0x0000017957ac34fc: ;   {other}
  0x0000017957ac34fc: 0f1f 8400 | ec1a 000a 

  0x0000017957ac3504: ;   {oop("unnamed package in  "{0x00000006804f3008})}
  0x0000017957ac3504: 49b8 0830 | 4f80 0600 | 0000 488b | d54c 8b54 | 2468 4c89 | 5424 6090 

  0x0000017957ac351c: ;   {optimized virtual_call}
  0x0000017957ac351c: c5f8 77e8 

  0x0000017957ac3520: ; ImmutableOopMap {[32]=Oop [40]=Oop [48]=Oop [56]=NarrowOop [64]=Oop [72]=Oop [80]=Oop [96]=Oop [104]=Oop }
                      ;*invokevirtual append {reexecute=0 rethrow=0 return_oop=1}
                      ; - java.lang.NamedPackage::<init>@31
                      ; - java.lang.ClassLoader::getNamedPackage@22
                      ; - java.lang.ClassLoader::postDefineClass@9
                      ; - java.lang.ClassLoader::defineClass@37
                      ; - java.security.SecureClassLoader::defineClass@12
  0x0000017957ac3520: 5cb5 7fff 

  0x0000017957ac3524: ;   {other}
  0x0000017957ac3524: 0f1f 8400 | 141b 000b | 4885 c00f | 845b 2200 | 0048 8bd0 | 4c8b 4424 | 504c 8b54 | 2460 4c89 
  0x0000017957ac3544: 5424 5090 

  0x0000017957ac3548: ;   {optimized virtual_call}
  0x0000017957ac3548: c5f8 77e8 

  0x0000017957ac354c: ; ImmutableOopMap {[32]=Oop [40]=Oop [48]=Oop [56]=NarrowOop [64]=Oop [72]=Oop [80]=Oop [96]=Oop }
                      ;*invokevirtual append {reexecute=0 rethrow=0 return_oop=1}
                      ; - java.lang.NamedPackage::<init>@35
                      ; - java.lang.ClassLoader::getNamedPackage@22
                      ; - java.lang.ClassLoader::postDefineClass@9
                      ; - java.lang.ClassLoader::defineClass@37
                      ; - java.security.SecureClassLoader::defineClass@12
  0x0000017957ac354c: 30b5 7fff 

  0x0000017957ac3550: ;   {other}
  0x0000017957ac3550: 0f1f 8400 | 401b 000c | 4885 c00f | 8447 2200 | 0048 8bd0 

  0x0000017957ac3564: ;   {optimized virtual_call}
  0x0000017957ac3564: c5f8 77e8 

  0x0000017957ac3568: ; ImmutableOopMap {[32]=Oop [40]=Oop [48]=Oop [56]=NarrowOop [64]=Oop [72]=Oop [80]=Oop }
                      ;*invokevirtual toString {reexecute=0 rethrow=0 return_oop=1}
                      ; - java.lang.NamedPackage::<init>@38
                      ; - java.lang.ClassLoader::getNamedPackage@22
                      ; - java.lang.ClassLoader::postDefineClass@9
                      ; - java.lang.ClassLoader::defineClass@37
                      ; - java.security.SecureClassLoader::defineClass@12
  0x0000017957ac3568: 14b5 7fff 

  0x0000017957ac356c: ;   {other}
  0x0000017957ac356c: 0f1f 8400 | 5c1b 000d | 488b 5424 | 504c 8bc0 

  0x0000017957ac357c: ;   {optimized virtual_call}
  0x0000017957ac357c: c5f8 77e8 

  0x0000017957ac3580: ; ImmutableOopMap {[32]=Oop [40]=Oop [48]=Oop [56]=NarrowOop [64]=Oop [72]=Oop [80]=Oop }
                      ;*invokespecial <init> {reexecute=0 rethrow=0 return_oop=0}
                      ; - java.lang.NamedPackage::<init>@41
                      ; - java.lang.ClassLoader::getNamedPackage@22
                      ; - java.lang.ClassLoader::postDefineClass@9
                      ; - java.lang.ClassLoader::defineClass@37
                      ; - java.security.SecureClassLoader::defineClass@12
  0x0000017957ac3580: fcb4 7fff 

  0x0000017957ac3584: ;   {other}
  0x0000017957ac3584: 0f1f 8400 | 741b 000e | 488b 5424 | 50c5 f877 | 4881 c4b0 | 0000 005d 

  0x0000017957ac359c: ;   {runtime_call _rethrow_Java}
  0x0000017957ac359c: e9df 3883 | ff44 0fb6 | 5b11 4585 | db0f 8543 | 0c00 0044 | 8b5b 144b | 8d2c d449 | 8bd3 48c1 
  0x0000017957ac35bc: e203 807b | 1000 0f85 | 8712 0000 | 4489 4424 | 3c44 8954 | 2438 4889 | 5c24 2090 

  0x0000017957ac35d8: ;   {static_call}
  0x0000017957ac35d8: c5f8 77e8 

  0x0000017957ac35dc: ; ImmutableOopMap {rbp=Oop [32]=Oop [40]=Oop [48]=Oop [56]=NarrowOop [60]=NarrowOop [72]=Oop }
                      ;*invokestatic hashCode {reexecute=0 rethrow=0 return_oop=0}
                      ; - java.lang.String::hashCode@27
                      ; - java.util.concurrent.ConcurrentHashMap::get@1
                      ; - java.lang.ClassLoader::getNamedPackage@5
                      ; - java.lang.ClassLoader::postDefineClass@9
                      ; - java.lang.ClassLoader::defineClass@37
                      ; - java.security.SecureClassLoader::defineClass@12
  0x0000017957ac35dc: a0ba 7fff 

  0x0000017957ac35e0: ;   {other}
  0x0000017957ac35e0: 0f1f 8400 | d01b 000f | 85c0 0f84 | 4412 0000 | 4c8b 4c24 | 2041 8941 | 0c44 8b54 | 2438 448b 
  0x0000017957ac3600: 4424 3ce9 | 16fb ffff | 4183 fa04 | 0f86 de23 | 0000 c5f9 | 7ec9 4180 | 7ccc 1161 | 0f85 39ec 
  0x0000017957ac3620: ffff 4180 | 7ccc 1276 | 0f85 2dec | ffff 4180 | 7ccc 1361 | 0f85 21ec | ffff 4180 | 7ccc 142e 
  0x0000017957ac3640: 0f85 15ec 

  0x0000017957ac3644: ;   {oop(a 'jdk/internal/loader/ClassLoaders$PlatformClassLoader'{0x000000068041d320})}
  0x0000017957ac3644: ffff 48b9 | 20d3 4180 | 0600 0000 | 488b 5c24 | 2848 3bd9 | 0f85 b225 

  0x0000017957ac365c: ;   {oop(a 'jdk/internal/loader/ClassLoaders$PlatformClassLoader'{0x000000068041d320})}
  0x0000017957ac365c: 0000 48bb | 20d3 4180 | 0600 0000 | e9f3 ebff | ff4c 8b6c | 2430 e962 | efff ff44 | 894c 2458 
  0x0000017957ac367c: 488b ee48 | 897c 2450 | 895c 2424 | 4c89 6c24 | 4841 ffc0 | 488b d690 

  0x0000017957ac3694: ;   {optimized virtual_call}
  0x0000017957ac3694: c5f8 77e8 

  0x0000017957ac3698: ; ImmutableOopMap {rbp=Oop [36]=NarrowOop [40]=Oop [48]=Oop [56]=Oop [72]=Oop [80]=Oop [88]=NarrowOop }
                      ;*invokevirtual newCapacity {reexecute=0 rethrow=0 return_oop=0}
                      ; - java.lang.AbstractStringBuilder::ensureCapacityInternal@24
                      ; - java.lang.AbstractStringBuilder::append@7
                      ; - java.lang.StringBuilder::append@2
                      ; - java.net.URLStreamHandler::toExternalForm@16
                      ; - java.net.URL::toExternalForm@5
                      ; - java.net.URL::toString@1
                      ; - java.lang.ClassLoader::defineClassSourceLocation@22
                      ; - java.lang.ClassLoader::defineClass@12
                      ; - java.security.SecureClassLoader::defineClass@12
  0x0000017957ac3698: e4b3 7fff 

  0x0000017957ac369c: ;   {other}
  0x0000017957ac369c: 0f1f 8400 | 8c1c 0010 | 440f be55 | 10c4 6229 | f7c0 448b | 5424 5849 | 8bd2 48c1 | e203 6690 
  0x0000017957ac36bc: ;   {static_call}
  0x0000017957ac36bc: c5f8 77e8 

  0x0000017957ac36c0: ; ImmutableOopMap {rbp=Oop [36]=NarrowOop [40]=Oop [48]=Oop [56]=Oop [72]=Oop [80]=Oop }
                      ;*invokestatic copyOf {reexecute=0 rethrow=0 return_oop=1}
                      ; - java.lang.AbstractStringBuilder::ensureCapacityInternal@32
                      ; - java.lang.AbstractStringBuilder::append@7
                      ; - java.lang.StringBuilder::append@2
                      ; - java.net.URLStreamHandler::toExternalForm@16
                      ; - java.net.URL::toExternalForm@5
                      ; - java.net.URL::toString@1
                      ; - java.lang.ClassLoader::defineClassSourceLocation@22
                      ; - java.lang.ClassLoader::defineClass@12
                      ; - java.security.SecureClassLoader::defineClass@12
  0x0000017957ac36c0: bcb9 7fff 

  0x0000017957ac36c4: ;   {other}
  0x0000017957ac36c4: 0f1f 8400 | b41c 0011 | 488b d841 | 807f 4000 | 0f85 5c0b | 0000 488b | f54c 8bcb | 49c1 e903 
  0x0000017957ac36e4: 4489 4e14 | 4c8b d64c | 8bdb 4d33 | da49 c1eb | 164d 85db | 741f 4885 | db74 1a49 | c1ea 0948 
  0x0000017957ac3704: b900 00aa | 5c79 0100 | 0049 03ca | 8039 020f | 857d 0c00 | 004c 8b6c | 2448 8b5c | 2424 488b 
  0x0000017957ac3724: 7c24 50e9 | 17f1 ffff | 4889 7424 | 5848 897c | 2450 895c | 2424 4c89 | 6c24 4848 | 8bd6 6690 
  0x0000017957ac3744: ;   {optimized virtual_call}
  0x0000017957ac3744: c5f8 77e8 

  0x0000017957ac3748: ; ImmutableOopMap {rbp=NarrowOop [36]=NarrowOop [40]=Oop [48]=Oop [56]=Oop [72]=Oop [80]=Oop [88]=Oop }
                      ;*invokevirtual newCapacity {reexecute=0 rethrow=0 return_oop=0}
                      ; - java.lang.AbstractStringBuilder::ensureCapacityInternal@24
                      ; - java.lang.AbstractStringBuilder::append@21
                      ; - java.lang.StringBuilder::append@2
                      ; - java.net.URLStreamHandler::toExternalForm@59
                      ; - java.net.URL::toExternalForm@5
                      ; - java.net.URL::toString@1
                      ; - java.lang.ClassLoader::defineClassSourceLocation@22
                      ; - java.lang.ClassLoader::defineClass@12
                      ; - java.security.SecureClassLoader::defineClass@12
  0x0000017957ac3748: 34b3 7fff 

  0x0000017957ac374c: ;   {other}
  0x0000017957ac374c: 0f1f 8400 | 3c1d 0012 | 4c8b 5424 | 5845 0fbe | 5a10 c462 | 21f7 c048 | 8bd5 48c1 | e203 498b 
  0x0000017957ac376c: ea66 6690 

  0x0000017957ac3770: ;   {static_call}
  0x0000017957ac3770: c5f8 77e8 

  0x0000017957ac3774: ; ImmutableOopMap {rbp=Oop [36]=NarrowOop [40]=Oop [48]=Oop [56]=Oop [72]=Oop [80]=Oop }
                      ;*invokestatic copyOf {reexecute=0 rethrow=0 return_oop=1}
                      ; - java.lang.AbstractStringBuilder::ensureCapacityInternal@32
                      ; - java.lang.AbstractStringBuilder::append@21
                      ; - java.lang.StringBuilder::append@2
                      ; - java.net.URLStreamHandler::toExternalForm@59
                      ; - java.net.URL::toExternalForm@5
                      ; - java.net.URL::toString@1
                      ; - java.lang.ClassLoader::defineClassSourceLocation@22
                      ; - java.lang.ClassLoader::defineClass@12
                      ; - java.security.SecureClassLoader::defineClass@12
  0x0000017957ac3774: 08b9 7fff 

  0x0000017957ac3778: ;   {other}
  0x0000017957ac3778: 0f1f 8400 | 681d 0013 | 488b d841 | 807f 4000 | 0f85 e20a | 0000 488b | f54c 8bd3 | 49c1 ea03 
  0x0000017957ac3798: 4489 5614 | 4c8b d64c | 8bdb 4d33 | da49 c1eb | 164d 85db | 741f 4885 | db74 1a49 | c1ea 0948 
  0x0000017957ac37b8: b900 00aa | 5c79 0100 | 0049 03ca | 8039 020f | 8517 0c00 | 004c 8b6c | 2448 8b5c | 2424 488b 
  0x0000017957ac37d8: 7c24 50e9 | c2f0 ffff | 4b8d 2ccc | 488b d690 

  0x0000017957ac37e8: ;   {optimized virtual_call}
  0x0000017957ac37e8: c5f8 77e8 

  0x0000017957ac37ec: ; ImmutableOopMap {rbp=Oop [36]=NarrowOop [40]=Oop [48]=Oop [56]=Oop [72]=Oop [80]=Oop [88]=Oop [96]=NarrowOop [100]=NarrowOop }
                      ;*invokevirtual newCapacity {reexecute=0 rethrow=0 return_oop=0}
                      ; - java.lang.AbstractStringBuilder::ensureCapacityInternal@24
                      ; - java.lang.AbstractStringBuilder::append@21
                      ; - java.lang.StringBuilder::append@2
                      ; - java.net.URLStreamHandler::toExternalForm@77
                      ; - java.net.URL::toExternalForm@5
                      ; - java.net.URL::toString@1
                      ; - java.lang.ClassLoader::defineClassSourceLocation@22
                      ; - java.lang.ClassLoader::defineClass@12
                      ; - java.security.SecureClassLoader::defineClass@12
  0x0000017957ac37ec: d05d dbff 

  0x0000017957ac37f0: ;   {other}
  0x0000017957ac37f0: 0f1f 8400 | e01d 0014 | 4c8b 5424 | 5845 0fbe | 5a10 c462 | 21f7 c044 | 8b5c 2464 | 498b d348 
  0x0000017957ac3810: c1e2 0390 

  0x0000017957ac3814: ;   {static_call}
  0x0000017957ac3814: c5f8 77e8 

  0x0000017957ac3818: ; ImmutableOopMap {rbp=Oop [36]=NarrowOop [40]=Oop [48]=Oop [56]=Oop [72]=Oop [80]=Oop [88]=Oop [96]=NarrowOop }
                      ;*invokestatic copyOf {reexecute=0 rethrow=0 return_oop=1}
                      ; - java.lang.AbstractStringBuilder::ensureCapacityInternal@32
                      ; - java.lang.AbstractStringBuilder::append@21
                      ; - java.lang.StringBuilder::append@2
                      ; - java.net.URLStreamHandler::toExternalForm@77
                      ; - java.net.URL::toExternalForm@5
                      ; - java.net.URL::toString@1
                      ; - java.lang.ClassLoader::defineClassSourceLocation@22
                      ; - java.lang.ClassLoader::defineClass@12
                      ; - java.security.SecureClassLoader::defineClass@12
  0x0000017957ac3818: 245d e9ff 

  0x0000017957ac381c: ;   {other}
  0x0000017957ac381c: 0f1f 8400 | 0c1e 0015 | 488b f841 | 807f 4000 | 0f85 780a | 0000 488b | 5c24 584c | 8bdf 49c1 
  0x0000017957ac383c: eb03 4489 | 5b14 4c8b | d34c 8bdf | 4d33 da49 | c1eb 164d | 85db 741f | 4885 ff74 | 1a49 c1ea 
  0x0000017957ac385c: 0948 b900 | 00aa 5c79 | 0100 0049 | 03ca 8039 | 020f 85c2 | 0b00 000f | be73 1044 | 8b4c 2460 
  0x0000017957ac387c: 430f be4c | cc10 8b43 | 0ce9 adf0 | ffff 4889 | 5c24 5848 | 8bd3 6690 

  0x0000017957ac3894: ;   {optimized virtual_call}
  0x0000017957ac3894: c5f8 77e8 

  0x0000017957ac3898: ; ImmutableOopMap {rbp=NarrowOop [36]=NarrowOop [40]=Oop [48]=Oop [56]=Oop [72]=Oop [80]=Oop [88]=Oop }
                      ;*invokevirtual newCapacity {reexecute=0 rethrow=0 return_oop=0}
                      ; - java.lang.AbstractStringBuilder::ensureCapacityInternal@24
                      ; - java.lang.AbstractStringBuilder::append@21
                      ; - java.lang.StringBuilder::append@2
                      ; - java.net.URLStreamHandler::toExternalForm@113
                      ; - java.net.URL::toExternalForm@5
                      ; - java.net.URL::toString@1
                      ; - java.lang.ClassLoader::defineClassSourceLocation@22
                      ; - java.lang.ClassLoader::defineClass@12
                      ; - java.security.SecureClassLoader::defineClass@12
  0x0000017957ac3898: e4b1 7fff 

  0x0000017957ac389c: ;   {other}
  0x0000017957ac389c: 0f1f 8400 | 8c1e 0016 | 4c8b 5424 | 5845 0fbe | 5210 c462 | 29f7 c048 | 8bd5 48c1 | e203 488b 
  0x0000017957ac38bc: 6c24 5890 

  0x0000017957ac38c0: ;   {static_call}
  0x0000017957ac38c0: c5f8 77e8 

  0x0000017957ac38c4: ; ImmutableOopMap {rbp=Oop [36]=NarrowOop [40]=Oop [48]=Oop [56]=Oop [72]=Oop [80]=Oop }
                      ;*invokestatic copyOf {reexecute=0 rethrow=0 return_oop=1}
                      ; - java.lang.AbstractStringBuilder::ensureCapacityInternal@32
                      ; - java.lang.AbstractStringBuilder::append@21
                      ; - java.lang.StringBuilder::append@2
                      ; - java.net.URLStreamHandler::toExternalForm@113
                      ; - java.net.URL::toExternalForm@5
                      ; - java.net.URL::toString@1
                      ; - java.lang.ClassLoader::defineClassSourceLocation@22
                      ; - java.lang.ClassLoader::defineClass@12
                      ; - java.security.SecureClassLoader::defineClass@12
  0x0000017957ac38c4: b8b7 7fff 

  0x0000017957ac38c8: ;   {other}
  0x0000017957ac38c8: 0f1f 8400 | b81e 0017 | 488b f841 | 807f 4000 | 0f85 080a | 0000 488b | dd4c 8bdf | 49c1 eb03 
  0x0000017957ac38e8: 4489 5b14 | 4c8b d34c | 8bdf 4d33 | da49 c1eb | 164d 85db | 741f 4885 | ff74 1a49 | c1ea 0948 
  0x0000017957ac3908: b900 00aa | 5c79 0100 | 0049 03ca | 8039 020f | 8569 0b00 | 008b 7c24 | 24e9 bef0 | ffff 897c 
  0x0000017957ac3928: 2424 488b | eb48 8bd3 

  0x0000017957ac3930: ;   {optimized virtual_call}
  0x0000017957ac3930: c5f8 77e8 

  0x0000017957ac3934: ; ImmutableOopMap {rbp=Oop [36]=NarrowOop [40]=Oop [48]=Oop [56]=Oop [72]=Oop }
                      ;*invokevirtual newCapacity {reexecute=0 rethrow=0 return_oop=0}
                      ; - java.lang.AbstractStringBuilder::ensureCapacityInternal@24
                      ; - java.lang.AbstractStringBuilder::append@21
                      ; - java.lang.StringBuilder::append@2
                      ; - java.net.URLStreamHandler::toExternalForm@149
                      ; - java.net.URL::toExternalForm@5
                      ; - java.net.URL::toString@1
                      ; - java.lang.ClassLoader::defineClassSourceLocation@22
                      ; - java.lang.ClassLoader::defineClass@12
                      ; - java.security.SecureClassLoader::defineClass@12
  0x0000017957ac3934: 48b1 7fff 

  0x0000017957ac3938: ;   {other}
  0x0000017957ac3938: 0f1f 8400 | 281f 0018 | 440f be5d | 10c4 6221 | f7c0 448b | 5c24 2449 | 8bd3 48c1 | e203 6690 
  0x0000017957ac3958: ;   {static_call}
  0x0000017957ac3958: c5f8 77e8 

  0x0000017957ac395c: ; ImmutableOopMap {rbp=Oop [40]=Oop [48]=Oop [56]=Oop [72]=Oop }
                      ;*invokestatic copyOf {reexecute=0 rethrow=0 return_oop=1}
                      ; - java.lang.AbstractStringBuilder::ensureCapacityInternal@32
                      ; - java.lang.AbstractStringBuilder::append@21
                      ; - java.lang.StringBuilder::append@2
                      ; - java.net.URLStreamHandler::toExternalForm@149
                      ; - java.net.URL::toExternalForm@5
                      ; - java.net.URL::toString@1
                      ; - java.lang.ClassLoader::defineClassSourceLocation@22
                      ; - java.lang.ClassLoader::defineClass@12
                      ; - java.security.SecureClassLoader::defineClass@12
  0x0000017957ac395c: 20b7 7fff 

  0x0000017957ac3960: ;   {other}
  0x0000017957ac3960: 0f1f 8400 | 501f 0019 | 488b f841 | 807f 4000 | 0f85 aa09 | 0000 488b | dd4c 8bdf | 49c1 eb03 
  0x0000017957ac3980: 4489 5b14 | 4c8b d34c | 8bdf 4d33 | da49 c1eb | 164d 85db | 741f 4885 | ff74 1a49 | c1ea 0948 
  0x0000017957ac39a0: b900 00aa | 5c79 0100 | 0049 03ca | 8039 020f | 8522 0b00 | 000f be6b | 1044 8b43 | 0ce9 7ff0 
  0x0000017957ac39c0: ffff 4489 | 5c24 6844 | 8954 2460 | 4889 7424 | 5848 897c | 2450 895c | 2424 4c89 | 6c24 484b 
  0x0000017957ac39e0: 8d2c cc44 | 894c 2464 | 488b d690 

  0x0000017957ac39ec: ;   {optimized virtual_call}
  0x0000017957ac39ec: c5f8 77e8 

  0x0000017957ac39f0: ; ImmutableOopMap {rbp=Oop [36]=NarrowOop [40]=Oop [48]=Oop [56]=Oop [72]=Oop [80]=Oop [88]=Oop [96]=NarrowOop [100]=NarrowOop }
                      ;*invokevirtual newCapacity {reexecute=0 rethrow=0 return_oop=0}
                      ; - java.lang.AbstractStringBuilder::ensureCapacityInternal@24
                      ; - java.lang.AbstractStringBuilder::append@21
                      ; - java.lang.StringBuilder::append@2
                      ; - java.net.URLStreamHandler::toExternalForm@11
                      ; - java.net.URL::toExternalForm@5
                      ; - java.net.URL::toString@1
                      ; - java.lang.ClassLoader::defineClassSourceLocation@22
                      ; - java.lang.ClassLoader::defineClass@12
                      ; - java.security.SecureClassLoader::defineClass@12
  0x0000017957ac39f0: 8cb0 7fff 

  0x0000017957ac39f4: ;   {other}
  0x0000017957ac39f4: 0f1f 8400 | e41f 001a | 4c8b 5424 | 5845 0fbe | 5210 c462 | 29f7 c044 | 8b54 2460 | 498b d248 
  0x0000017957ac3a14: c1e2 0390 

  0x0000017957ac3a18: ;   {static_call}
  0x0000017957ac3a18: c5f8 77e8 

  0x0000017957ac3a1c: ; ImmutableOopMap {rbp=Oop [36]=NarrowOop [40]=Oop [48]=Oop [56]=Oop [72]=Oop [80]=Oop [88]=Oop [100]=NarrowOop }
                      ;*invokestatic copyOf {reexecute=0 rethrow=0 return_oop=1}
                      ; - java.lang.AbstractStringBuilder::ensureCapacityInternal@32
                      ; - java.lang.AbstractStringBuilder::append@21
                      ; - java.lang.StringBuilder::append@2
                      ; - java.net.URLStreamHandler::toExternalForm@11
                      ; - java.net.URL::toExternalForm@5
                      ; - java.net.URL::toString@1
                      ; - java.lang.ClassLoader::defineClassSourceLocation@22
                      ; - java.lang.ClassLoader::defineClass@12
                      ; - java.security.SecureClassLoader::defineClass@12
  0x0000017957ac3a1c: 60b6 7fff 

  0x0000017957ac3a20: ;   {other}
  0x0000017957ac3a20: 0f1f 8400 | 1020 001b | 488b d841 | 807f 4000 | 0f85 2409 | 0000 488b | 7424 584c | 8bd3 49c1 
  0x0000017957ac3a40: ea03 4489 | 5614 4c8b | d64c 8bdb | 4d33 da49 | c1eb 164d | 85db 741f | 4885 db74 | 1a49 c1ea 
  0x0000017957ac3a60: 0948 b900 | 00aa 5c79 | 0100 0049 | 03ca 8039 | 020f 85b1 | 0a00 004c | 8b6c 2448 | 8b5c 2424 
  0x0000017957ac3a80: 488b 7c24 | 5044 8b4c | 2464 448b | 5c24 68e9 | feec ffff | 488b d090 

  0x0000017957ac3a98: ;   {optimized virtual_call}
  0x0000017957ac3a98: c5f8 77e8 

  0x0000017957ac3a9c: ; ImmutableOopMap {[40]=Oop [48]=Oop [72]=Oop }
                      ;*invokevirtual initClassName {reexecute=0 rethrow=0 return_oop=1}
                      ; - java.lang.Class::getName@14
                      ; - java.lang.Class::getPackageName@40
                      ; - java.lang.ClassLoader::postDefineClass@2
                      ; - java.lang.ClassLoader::defineClass@37
                      ; - java.security.SecureClassLoader::defineClass@12
  0x0000017957ac3a9c: 4008 d8ff 

  0x0000017957ac3aa0: ;   {other}
  0x0000017957ac3aa0: 0f1f 8400 | 9020 001c | 4885 c00f | 8557 f2ff | ffba f6ff | ffff 6690 

  0x0000017957ac3ab8: ;   {runtime_call UncommonTrapBlob}
  0x0000017957ac3ab8: c5f8 77e8 

  0x0000017957ac3abc: ; ImmutableOopMap {}
                      ;*invokevirtual lastIndexOf {reexecute=0 rethrow=0 return_oop=0}
                      ; - java.lang.Class::getPackageName@47
                      ; - java.lang.ClassLoader::postDefineClass@2
                      ; - java.lang.ClassLoader::defineClass@37
                      ; - java.security.SecureClassLoader::defineClass@12
  0x0000017957ac3abc: c008 80ff 

  0x0000017957ac3ac0: ;   {other}
  0x0000017957ac3ac0: 0f1f 8400 | b020 001d | 488b d8e9 | b7f5 ffff | 8bcd e99b | e8ff ff44 | 8b54 2438 | 498b ea48 
  0x0000017957ac3ae0: c1e5 0348 | 8b54 2420 

  0x0000017957ac3ae8: ;   {optimized virtual_call}
  0x0000017957ac3ae8: c5f8 77e8 

  0x0000017957ac3aec: ; ImmutableOopMap {rbp=Oop [32]=Oop [40]=Oop [48]=Oop [56]=NarrowOop [64]=Oop [72]=Oop }
                      ;*invokevirtual intern {reexecute=0 rethrow=0 return_oop=1}
                      ; - java.lang.NamedPackage::<init>@47
                      ; - java.lang.ClassLoader::getNamedPackage@22
                      ; - java.lang.ClassLoader::postDefineClass@9
                      ; - java.lang.ClassLoader::defineClass@37
                      ; - java.security.SecureClassLoader::defineClass@12
  0x0000017957ac3aec: 703c d6ff 

  0x0000017957ac3af0: ;   {other}
  0x0000017957ac3af0: 0f1f 8400 | e020 001e | 488b d841 | 807f 4000 | 0f85 a60b | 0000 4c8b | 5424 404c | 8954 2458 
  0x0000017957ac3b10: 4c8b c34d | 8bd8 49c1 | eb03 4c8b | 5424 5845 | 895a 0c4d | 8bd8 4d33 | da49 c1eb | 164d 85db 
  0x0000017957ac3b30: 741f 4d85 | c074 1a49 | c1ea 0948 | b900 00aa | 5c79 0100 | 0049 03ca | 8039 020f | 859c 0b00 
  0x0000017957ac3b50: 0041 807f | 4000 0f85 | 140b 0000 | 448b 5424 | 3844 8954 | 2450 4c8b | 5424 5844 | 8b5c 2438 
  0x0000017957ac3b70: 4589 5a10 | 4c8b d54c | 8b5c 2458 | 4d33 d349 | c1ea 164d | 85d2 7420 | 448b 4424 | 3845 85c0 
  0x0000017957ac3b90: 7416 49c1 | eb09 4c8b | 4424 684d | 03c3 4180 | 3802 0f85 | 960b 0000 | 4c8b 5424 | 2845 8b5a 
  0x0000017957ac3bb0: 3845 85db | 0f84 c21e | 0000 4b8d | 14dc 4c8b | 4424 204c | 8b4c 2458 | 488b 6c24 | 3066 6690 
  0x0000017957ac3bd0: ;   {optimized virtual_call}
  0x0000017957ac3bd0: c5f8 77e8 

  0x0000017957ac3bd4: ; ImmutableOopMap {rbp=Oop [40]=Oop [48]=Oop [72]=Oop [80]=NarrowOop [88]=Oop }
                      ;*invokevirtual putIfAbsent {reexecute=0 rethrow=0 return_oop=1}
                      ; - java.lang.ClassLoader::getNamedPackage@32
                      ; - java.lang.ClassLoader::postDefineClass@9
                      ; - java.lang.ClassLoader::defineClass@37
                      ; - java.security.SecureClassLoader::defineClass@12
  0x0000017957ac3bd4: e80a e2ff 

  0x0000017957ac3bd8: ;   {other}
  0x0000017957ac3bd8: 0f1f 8400 | c821 001f | 4885 c00f | 8458 f6ff | ff44 8b58 | 0849 ba00 | 0000 0079 | 0100 004d 
  0x0000017957ac3bf8: 03d3 4d8b 

  0x0000017957ac3bfc: ;   {metadata('java/lang/NamedPackage')}
  0x0000017957ac3bfc: 5238 49bb | e8c0 0100 | 7901 0000 | 4d3b d30f | 8487 1e00 | 00ba deff | ffff 488b | e866 6690 
  0x0000017957ac3c1c: ;   {runtime_call UncommonTrapBlob}
  0x0000017957ac3c1c: c5f8 77e8 

  0x0000017957ac3c20: ; ImmutableOopMap {rbp=Oop }
                      ;*checkcast {reexecute=0 rethrow=0 return_oop=0}
                      ; - java.lang.ClassLoader::getNamedPackage@35
                      ; - java.lang.ClassLoader::postDefineClass@9
                      ; - java.lang.ClassLoader::defineClass@37
                      ; - java.security.SecureClassLoader::defineClass@12
  0x0000017957ac3c20: 5c07 80ff 

  0x0000017957ac3c24: ;   {other}
  0x0000017957ac3c24: 0f1f 8400 | 1422 0020 | 458b d3e9 | 17f2 ffff | 458b 54ec | 1447 8b5c | d40c 4585 | db0f 8636 
  0x0000017957ac3c44: ecff ffba | 45ff ffff | 4c8b 5424 | 284c 8954 | 2420 4c8b | 5424 304c | 8954 2428 | 4c8b 5424 
  0x0000017957ac3c64: 384c 8954 | 2430 448b | 5c24 4044 | 895c 2438 | 448b 5424 | 4444 8954 | 243c 4c89 | 6c24 4089 
  0x0000017957ac3c84: 5c24 4848 | 8974 2450 

  0x0000017957ac3c8c: ;   {runtime_call UncommonTrapBlob}
  0x0000017957ac3c8c: c5f8 77e8 

  0x0000017957ac3c90: ; ImmutableOopMap {rbp=NarrowOop [32]=Oop [40]=Oop [48]=Oop [64]=Oop [72]=NarrowOop [80]=Oop }
                      ;*ifne {reexecute=1 rethrow=0 return_oop=0}
                      ; - (reexecute) java.net.URLStreamHandler::toExternalForm@32
                      ; - java.net.URL::toExternalForm@5
                      ; - java.net.URL::toString@1
                      ; - java.lang.ClassLoader::defineClassSourceLocation@22
                      ; - java.lang.ClassLoader::defineClass@12
                      ; - java.security.SecureClassLoader::defineClass@12
  0x0000017957ac3c90: ec06 80ff 

  0x0000017957ac3c94: ;   {other}
  0x0000017957ac3c94: 0f1f 8400 | 8422 0021 | 4889 7424 | 5048 897c | 2448 895c | 2424 498b | ed48 8bd6 

  0x0000017957ac3cb0: ;   {optimized virtual_call}
  0x0000017957ac3cb0: c5f8 77e8 

  0x0000017957ac3cb4: ; ImmutableOopMap {rbp=Oop [36]=NarrowOop [40]=Oop [48]=Oop [56]=Oop [72]=Oop [80]=Oop }
                      ;*invokevirtual isLatin1 {reexecute=0 rethrow=0 return_oop=0}
                      ; - java.lang.AbstractStringBuilder::append@46
                      ; - java.lang.StringBuilder::append@2
                      ; - java.net.URLStreamHandler::toExternalForm@16
                      ; - java.net.URL::toExternalForm@5
                      ; - java.net.URL::toString@1
                      ; - java.lang.ClassLoader::defineClassSourceLocation@22
                      ; - java.lang.ClassLoader::defineClass@12
                      ; - java.security.SecureClassLoader::defineClass@12
  0x0000017957ac3cb4: c8ad 7fff 

  0x0000017957ac3cb8: ;   {other}
  0x0000017957ac3cb8: 0f1f 8400 | a822 0022 | 85c0 7418 | 488b 5424 | 5066 6690 

  0x0000017957ac3ccc: ;   {optimized virtual_call}
  0x0000017957ac3ccc: c5f8 77e8 

  0x0000017957ac3cd0: ; ImmutableOopMap {rbp=Oop [36]=NarrowOop [40]=Oop [48]=Oop [56]=Oop [72]=Oop [80]=Oop }
                      ;*invokevirtual inflate {reexecute=0 rethrow=0 return_oop=0}
                      ; - java.lang.AbstractStringBuilder::append@53
                      ; - java.lang.StringBuilder::append@2
                      ; - java.net.URLStreamHandler::toExternalForm@16
                      ; - java.net.URL::toExternalForm@5
                      ; - java.net.URL::toString@1
                      ; - java.lang.ClassLoader::defineClassSourceLocation@22
                      ; - java.lang.ClassLoader::defineClass@12
                      ; - java.security.SecureClassLoader::defineClass@12
  0x0000017957ac3cd0: acad 7fff 

  0x0000017957ac3cd4: ;   {other}
  0x0000017957ac3cd4: 0f1f 8400 | c422 0023 | 4c8b 5424 | 5045 8b5a | 1445 8b42 | 0c49 8bd3 | 48c1 e203 | 458d 5801 
  0x0000017957ac3cf4: 4589 5a0c | 41b9 3a00 | 0000 6690 

  0x0000017957ac3d00: ;   {static_call}
  0x0000017957ac3d00: c5f8 77e8 

  0x0000017957ac3d04: ; ImmutableOopMap {rbp=Oop [36]=NarrowOop [40]=Oop [48]=Oop [56]=Oop [72]=Oop [80]=Oop }
                      ;*invokestatic putCharSB {reexecute=0 rethrow=0 return_oop=0}
                      ; - java.lang.AbstractStringBuilder::append@72
                      ; - java.lang.StringBuilder::append@2
                      ; - java.net.URLStreamHandler::toExternalForm@16
                      ; - java.net.URL::toExternalForm@5
                      ; - java.net.URL::toString@1
                      ; - java.lang.ClassLoader::defineClassSourceLocation@22
                      ; - java.lang.ClassLoader::defineClass@12
                      ; - java.security.SecureClassLoader::defineClass@12
  0x0000017957ac3d04: 78b3 7fff 

  0x0000017957ac3d08: ;   {other}
  0x0000017957ac3d08: 0f1f 8400 | f822 0024 | 4c8b ed8b | 5c24 2448 | 8b7c 2448 | 488b 7424 | 50e9 4aeb | ffff 33f6 
  0x0000017957ac3d28: b9ff ffff | ffe9 43e6 | ffff 4533 | c0e9 1cea | ffff 448b | 5e14 4585 | db0f 840d | efff ff4d 
  0x0000017957ac3d48: 8b57 2849 | 8bcb 48c1 | e103 4d85 | d20f 84dd | 1400 004d | 8b5f 384b | 894c 13f8 | 4983 c2f8 
  0x0000017957ac3d68: 4d89 5728 | e9e3 eeff | ff4d 8b57 | 484d 8b5f | 58f0 8344 | 24c0 0080 | 3900 7432 | 4488 214d 
  0x0000017957ac3d88: 85d2 740f | 4b89 4c13 | f849 83c2 | f84d 8957 | 48eb 1b49 | 8bd7 c5f8 | 7749 ba00 | a41d 89f9 
  0x0000017957ac3da8: 7f00 0041 

  0x0000017957ac3dac: ;   {other}
  0x0000017957ac3dac: ffd2 0f1f | 8400 0000 | 0000 448b | 460c 448b | 5614 e993 | e9ff ff4d | 8b57 484d | 8b5f 58f0 
  0x0000017957ac3dcc: 8344 24c0 | 0080 3900 | 0f84 b1ee | ffff 4488 | 214d 85d2 | 7520 498b | d7c5 f877 | 49ba 00a4 
  0x0000017957ac3dec: 1d89 f97f | 0000 41ff 

  0x0000017957ac3df4: ;   {other}
  0x0000017957ac3df4: d20f 1f84 | 0000 0000 | 00e9 89ee | ffff 4b89 | 4c13 f849 | 83c2 f84d | 8957 48e9 | 77ee ffff 
  0x0000017957ac3e14: ;   {oop(""{0x00000006804018c8})}
  0x0000017957ac3e14: 48bb c818 | 4080 0600 | 0000 49ba | 0000 aa5c | 7901 0000 | 4c89 5424 | 6841 baff | ffff ffe9 
  0x0000017957ac3e34: 13f0 ffff | 458b 5d14 | 4585 db0f | 845c e7ff | ff4d 8b47 | 2849 8bcb | 48c1 e103 | 4d85 c00f 
  0x0000017957ac3e54: 84f7 1800 | 004d 8b5f | 384b 894c | 03f8 4983 | c0f8 4d89 | 4728 e932 | e7ff ff4d | 8b57 484d 
  0x0000017957ac3e74: 8b5f 58f0 | 8344 24c0 | 0080 3900 | 0f84 4fe7 | ffff 4488 | 214d 85d2 | 7520 498b | d7c5 f877 
  0x0000017957ac3e94: 49ba 00a4 | 1d89 f97f | 0000 41ff 

  0x0000017957ac3ea0: ;   {other}
  0x0000017957ac3ea0: d20f 1f84 | 0000 0000 | 00e9 27e7 | ffff 4b89 | 4c13 f849 | 83c2 f84d | 8957 48e9 | 15e7 ffff 
  0x0000017957ac3ec0: 4c63 c549 | 8d48 1048 | 8bd1 4883 | e2f8 488b | fb48 03fa | 48c1 e903 | 4c2b d949 | 8bcb 4833 
  0x0000017957ac3ee0: c048 83f9 | 087f 1048 | ffc9 784f | 4889 04cf | 48ff c97d | f7eb 44c5 | fdef c0e9 | 0d00 0000 
  0x0000017957ac3f00: c5fe 7f07 | c5fe 7f47 | 2048 83c7 | 4048 83e9 | 087d ed48 | 83c1 047c | 0cc5 fe7f | 0748 83c7 
  0x0000017957ac3f20: 2048 83e9 | 0448 83c1 | 047e 1048 | ffc9 c5f9 | d607 4883 | c708 48ff | c97d f349 | 8bc9 498b 
  0x0000017957ac3f40: d2c5 f877 | 49ba c044 | 2a57 7901 | 0000 41ff 

  0x0000017957ac3f50: ;   {other}
  0x0000017957ac3f50: d20f 1f84 | 0000 0000 | 00e9 ebec | ffff c4e1 | f96e c24c | 896c 2458 | 4489 7424 | 5048 895c 
  0x0000017957ac3f70: 2420 4c8b | df44 8bf6 | 4c63 c549 | 8d48 1048 | 8bd1 4883 | e2f8 498b | fa48 03fa | 498b ea48 
  0x0000017957ac3f90: c1e9 034c | 2bc9 498b | c948 33c0 | 4883 f908 | 7f10 48ff | c978 4f48 | 8904 cf48 | ffc9 7df7 
  0x0000017957ac3fb0: eb44 c5f5 | efc9 e90d | 0000 00c5 | fe7f 0fc5 | fe7f 4f20 | 4883 c740 | 4883 e908 | 7ded 4883 
  0x0000017957ac3fd0: c104 7c0c | c5fe 7f0f | 4883 c720 | 4883 e904 | 4883 c104 | 7e10 48ff | c9c5 f9d6 | 0f48 83c7 
  0x0000017957ac3ff0: 0848 ffc9 | 7df3 498b | cbc4 e1f9 | 7ec2 c5f8 | 7749 bac0 | 442a 5779 | 0100 0041 

  0x0000017957ac400c: ;   {other}
  0x0000017957ac400c: ffd2 0f1f | 8400 0000 | 0000 418b | f648 8b5c | 2420 448b | 7424 504c | 8b6c 2458 | 4c8b d5e9 
  0x0000017957ac402c: 66e5 ffff | 4c8b 5424 | 3045 8b5a | 3c45 85db | 0f84 70f0 | ffff 4d8b | 5728 498b | cb48 c1e1 
  0x0000017957ac404c: 034d 85d2 | 0f84 b618 | 0000 4d8b | 5f38 4b89 | 4c13 f849 | 83c2 f84d | 8957 28e9 | 46f0 ffff 
  0x0000017957ac406c: 4d8b 5748 | 4d8b 5f58 | f083 4424 | c000 8039 | 000f 8472 | f0ff ff44 | 8821 4d85 | d275 2049 
  0x0000017957ac408c: 8bd7 c5f8 | 7749 ba00 | a41d 89f9 | 7f00 0041 

  0x0000017957ac409c: ;   {other}
  0x0000017957ac409c: ffd2 0f1f | 8400 0000 | 0000 e94a | f0ff ff4b | 894c 13f8 | 4983 c2f8 | 4d89 5748 | e938 f0ff 
  0x0000017957ac40bc: ff44 8b5b | 1445 85db | 0f84 82ef | ffff 4d8b | 5728 498b | cb48 c1e1 | 034d 85d2 | 0f84 ba18 
  0x0000017957ac40dc: 0000 4d8b | 5f38 4b89 | 4c13 f849 | 83c2 f84d | 8957 28e9 | 58ef ffff | 4d8b 5748 | 4d8b 5f58 
  0x0000017957ac40fc: f083 4424 | c000 8039 | 000f 8478 | efff ff44 | 8821 4d85 | d275 2049 | 8bd7 c5f8 | 7749 ba00 
  0x0000017957ac411c: a41d 89f9 | 7f00 0041 

  0x0000017957ac4124: ;   {other}
  0x0000017957ac4124: ffd2 0f1f | 8400 0000 | 0000 e950 | efff ff4b | 894c 13f8 | 4983 c2f8 | 4d89 5748 | e93e efff 
  0x0000017957ac4144: ;   {oop(""{0x00000006804018c8})}
  0x0000017957ac4144: ff49 bdc8 | 1840 8006 | 0000 00e9 | 85e4 ffff | 448b c54d | 63c0 4d8d | 5010 498b | ca48 83e1 
  0x0000017957ac4164: f848 8bfe | 4803 f949 | c1ea 034d | 2bca 498b | c948 33c0 | 4883 f908 | 7f10 48ff | c978 4f48 
  0x0000017957ac4184: 8904 cf48 | ffc9 7df7 | eb44 c5fd | efc0 e90d | 0000 00c5 | fe7f 07c5 | fe7f 4720 | 4883 c740 
  0x0000017957ac41a4: 4883 e908 | 7ded 4883 | c104 7c0c | c5fe 7f07 | 4883 c720 | 4883 e904 | 4883 c104 | 7e10 48ff 
  0x0000017957ac41c4: c9c5 f9d6 | 0748 83c7 | 0848 ffc9 | 7df3 498b | cbc5 f877 | 49ba c044 | 2a57 7901 | 0000 41ff 
  0x0000017957ac41e4: ;   {other}
  0x0000017957ac41e4: d20f 1f84 | 0000 0000 | 00e9 4fee | ffff 33c0 | e925 efff | ff48 8974 | 2450 4889 | 7c24 4889 
  0x0000017957ac4204: 5c24 2449 | 8bed 488b | d666 6690 

  0x0000017957ac4210: ;   {optimized virtual_call}
  0x0000017957ac4210: c5f8 77e8 

  0x0000017957ac4214: ; ImmutableOopMap {rbp=Oop [36]=NarrowOop [40]=Oop [48]=Oop [56]=Oop [72]=Oop [80]=Oop }
                      ;*invokevirtual appendNull {reexecute=0 rethrow=0 return_oop=1}
                      ; - java.lang.AbstractStringBuilder::append@5
                      ; - java.lang.StringBuilder::append@2
                      ; - java.net.URLStreamHandler::toExternalForm@11
                      ; - java.net.URL::toExternalForm@5
                      ; - java.net.URL::toString@1
                      ; - java.lang.ClassLoader::defineClassSourceLocation@22
                      ; - java.lang.ClassLoader::defineClass@12
                      ; - java.security.SecureClassLoader::defineClass@12
  0x0000017957ac4214: 68a8 7fff 

  0x0000017957ac4218: ;   {other}
  0x0000017957ac4218: 0f1f 8400 | 0828 0025 | 4c8b ed8b | 5c24 2448 | 8b7c 2448 | 488b 7424 | 50e9 e4e5 | ffff 488b 
  0x0000017957ac4238: f544 8b5e | 1445 85db | 0f84 97f4 | ffff 4d8b | 5728 498b | cb48 c1e1 | 034d 85d2 | 0f84 b618 
  0x0000017957ac4258: 0000 4d8b | 5f38 4b89 | 4c13 f849 | 83c2 f84d | 8957 28e9 | 6df4 ffff | 488b f544 | 8b5e 1445 
  0x0000017957ac4278: 85db 0f84 | 11f5 ffff | 4d8b 5728 | 498b cb48 | c1e1 034d | 85d2 0f84 | 9c18 0000 | 4d8b 5f38 
  0x0000017957ac4298: 4b89 4c13 | f849 83c2 | f84d 8957 | 28e9 e7f4 | ffff 488b | 5c24 5844 | 8b53 1445 | 85d2 0f84 
  0x0000017957ac42b8: 7bf5 ffff | 4d8b 5f28 | 498b ca48 | c1e1 034d | 85db 0f84 | 8018 0000 | 4d8b 5738 | 4b89 4c1a 
  0x0000017957ac42d8: f849 83c3 | f84d 895f | 28e9 51f5 | ffff 488b | dd44 8b53 | 1445 85d2 | 0f84 ebf5 | ffff 4d8b 
  0x0000017957ac42f8: 5f28 498b | ca48 c1e1 | 034d 85db | 0f84 6618 | 0000 4d8b | 5738 4b89 | 4c1a f849 

  0x0000017957ac4314: ;   {no_reloc}
  0x0000017957ac4314: 83c3 f84d | 895f 28e9 | c1f5 ffff | 488b dd44 | 8b53 1445 | 85d2 0f84 | 49f6 ffff | 4d8b 5f28 
  0x0000017957ac4334: 498b ca48 | c1e1 034d | 85db 0f84 | 4c18 0000 | 4d8b 5738 | 4b89 4c1a | f849 83c3 | f84d 895f 
  0x0000017957ac4354: 28e9 1ff6 | ffff 488b | 7424 5844 | 8b5e 1445 | 85db 0f84 | cff6 ffff | 4d8b 5728 | 498b cb48 
  0x0000017957ac4374: c1e1 034d | 85d2 0f84 | 3018 0000 | 4d8b 5f38 | 4b89 4c13 | f849 83c2 | f84d 8957 | 28e9 a5f6 
  0x0000017957ac4394: ffff 4d8b | 5758 4d8b | 5f48 f083 | 4424 c000 | 8039 0074 | 3244 8821 | 4d85 db74 | 0f4b 894c 
  0x0000017957ac43b4: 1af8 4983 | c3f8 4d89 | 5f48 eb1b | 498b d7c5 | f877 49ba | 00a4 1d89 | f97f 0000 

  0x0000017957ac43d0: ;   {other}
  0x0000017957ac43d0: 41ff d20f | 1f84 0000 | 0000 0044 | 8b4e 14e9 | 35f3 ffff | 4d8b 5758 | 4d8b 5f48 | f083 4424 
  0x0000017957ac43f0: c000 8039 | 000f 84d2 | f3ff ff44 | 8821 4d85 | db75 2049 | 8bd7 c5f8 | 7749 ba00 | a41d 89f9 
  0x0000017957ac4410: 7f00 0041 

  0x0000017957ac4414: ;   {other}
  0x0000017957ac4414: ffd2 0f1f | 8400 0000 | 0000 e9aa | f3ff ff4b | 894c 1af8 | 4983 c3f8 | 4d89 5f48 | e998 f3ff 
  0x0000017957ac4434: ff4d 8b57 | 584d 8b5f | 48f0 8344 | 24c0 0080 | 3900 0f84 | 27f4 ffff | 4488 214d | 85db 7520 
  0x0000017957ac4454: 498b d7c5 | f877 49ba | 00a4 1d89 | f97f 0000 

  0x0000017957ac4464: ;   {other}
  0x0000017957ac4464: 41ff d20f | 1f84 0000 | 0000 00e9 | fff3 ffff | 4b89 4c1a | f849 83c3 | f84d 895f | 48e9 edf3 
  0x0000017957ac4484: ffff 4d8b | 5758 4d8b | 5f48 f083 | 4424 c000 | 8039 000f | 8480 f4ff | ff44 8821 | 4d85 db75 
  0x0000017957ac44a4: 2049 8bd7 | c5f8 7749 | ba00 a41d | 89f9 7f00 | 0041 ffd2 

  0x0000017957ac44b8: ;   {other}
  0x0000017957ac44b8: 0f1f 8400 | 0000 0000 | e958 f4ff | ff4b 894c | 1af8 4983 | c3f8 4d89 | 5f48 e946 | f4ff ff4d 
  0x0000017957ac44d8: 8b57 584d | 8b5f 48f0 | 8344 24c0 | 0080 3900 | 0f84 c7f4 | ffff 4488 | 214d 85db | 7520 498b 
  0x0000017957ac44f8: d7c5 f877 | 49ba 00a4 | 1d89 f97f | 0000 41ff 

  0x0000017957ac4508: ;   {other}
  0x0000017957ac4508: d20f 1f84 | 0000 0000 | 00e9 9ff4 | ffff 4b89 | 4c1a f849 | 83c3 f84d | 895f 48e9 | 8df4 ffff 
  0x0000017957ac4528: 4d8b 5758 | 4d8b 5f48 | f083 4424 | c000 8039 | 000f 8438 | f5ff ff44 | 8821 4d85 | db75 2049 
  0x0000017957ac4548: 8bd7 c5f8 | 7749 ba00 | a41d 89f9 | 7f00 0041 

  0x0000017957ac4558: ;   {other}
  0x0000017957ac4558: ffd2 0f1f | 8400 0000 | 0000 e910 | f5ff ff4b | 894c 1af8 | 4983 c3f8 | 4d89 5f48 | e9fe f4ff 
  0x0000017957ac4578: ;   {metadata('java/security/SecureClassLoader$1')}
  0x0000017957ac4578: ff48 ba50 | ba11 0079 | 0100 004c | 8944 2450 

  0x0000017957ac4588: ;   {runtime_call _new_instance_Java}
  0x0000017957ac4588: c5f8 77e8 

  0x0000017957ac458c: ; ImmutableOopMap {rbp=NarrowOop [40]=Oop [48]=Oop [56]=Oop [80]=Oop }
                      ;*new {reexecute=0 rethrow=0 return_oop=1}
                      ; - java.security.SecureClassLoader::getProtectionDomain@20
                      ; - java.security.SecureClassLoader::defineClass@9
  0x0000017957ac458c: f0e2 82ff 

  0x0000017957ac4590: ;   {other}
  0x0000017957ac4590: 0f1f 8400 | 802b 0026 | 4c8b c84c | 8b44 2450 | e922 dbff 

  0x0000017957ac45a4: ;   {metadata('java/security/SecureClassLoader$CodeSourceKey')}
  0x0000017957ac45a4: ff48 bab8 | b411 0079 | 0100 0090 

  0x0000017957ac45b0: ;   {runtime_call _new_instance_Java}
  0x0000017957ac45b0: c5f8 77e8 

  0x0000017957ac45b4: ; ImmutableOopMap {rbp=Oop [40]=Oop [48]=Oop [56]=Oop }
                      ;*new {reexecute=0 rethrow=0 return_oop=1}
                      ; - java.security.SecureClassLoader::getProtectionDomain@6
                      ; - java.security.SecureClassLoader::defineClass@9
  0x0000017957ac45b4: c8e2 82ff 

  0x0000017957ac45b8: ;   {other}
  0x0000017957ac45b8: 0f1f 8400 | a82b 0027 | 4c8b c0e9 | b2da ffff | 4889 7c24 | 4889 5c24 | 2449 8bed 

  0x0000017957ac45d4: ;   {metadata('java/lang/StringBuilder')}
  0x0000017957ac45d4: 48ba 4080 | 0000 7901 | 0000 6690 

  0x0000017957ac45e0: ;   {runtime_call _new_instance_Java}
  0x0000017957ac45e0: c5f8 77e8 

  0x0000017957ac45e4: ; ImmutableOopMap {rbp=Oop [36]=NarrowOop [40]=Oop [48]=Oop [56]=Oop [72]=Oop }
                      ;*new {reexecute=0 rethrow=0 return_oop=1}
                      ; - java.net.URLStreamHandler::toExternalForm@0
                      ; - java.net.URL::toExternalForm@5
                      ; - java.net.URL::toString@1
                      ; - java.lang.ClassLoader::defineClassSourceLocation@22
                      ; - java.lang.ClassLoader::defineClass@12
                      ; - java.security.SecureClassLoader::defineClass@12
  0x0000017957ac45e4: 98e2 82ff 

  0x0000017957ac45e8: ;   {other}
  0x0000017957ac45e8: 0f1f 8400 | d82b 0028 | 4c8b ed8b | 5c24 2448 | 8b7c 2448 | e9b5 e0ff | ff48 8974 | 2450 4889 
  0x0000017957ac4608: 7c24 4889 | 5c24 2449 | 8bed 41b8 | 1000 0000 

  0x0000017957ac4618: ;   {metadata({type array byte})}
  0x0000017957ac4618: 48ba 1823 | 0000 7901 | 0000 6690 

  0x0000017957ac4624: ;   {runtime_call _new_array_Java}
  0x0000017957ac4624: c5f8 77e8 

  0x0000017957ac4628: ; ImmutableOopMap {rbp=Oop [36]=NarrowOop [40]=Oop [48]=Oop [56]=Oop [72]=Oop [80]=Oop }
                      ;*newarray {reexecute=0 rethrow=0 return_oop=1}
                      ; - java.lang.AbstractStringBuilder::<init>@12
                      ; - java.lang.StringBuilder::<init>@3
                      ; - java.net.URLStreamHandler::toExternalForm@4
                      ; - java.net.URL::toExternalForm@5
                      ; - java.net.URL::toString@1
                      ; - java.lang.ClassLoader::defineClassSourceLocation@22
                      ; - java.lang.ClassLoader::defineClass@12
                      ; - java.security.SecureClassLoader::defineClass@12
  0x0000017957ac4628: d4b4 82ff 

  0x0000017957ac462c: ;   {other}
  0x0000017957ac462c: 0f1f 8400 | 1c2c 0029 | 4c8b ed8b | 5c24 2448 | 8b7c 2448 | 488b 7424 | 50e9 cee0 | ffff 488b 
  0x0000017957ac464c: ;   {metadata('java/lang/String')}
  0x0000017957ac464c: eb48 ba78 | e800 0079 | 0100 0090 

  0x0000017957ac4658: ;   {runtime_call _new_instance_Java}
  0x0000017957ac4658: c5f8 77e8 

  0x0000017957ac465c: ; ImmutableOopMap {rbp=Oop [40]=Oop [48]=Oop [56]=Oop [72]=Oop }
                      ;*new {reexecute=0 rethrow=0 return_oop=1}
                      ; - java.lang.StringBuilder::toString@0
                      ; - java.net.URLStreamHandler::toExternalForm@152
                      ; - java.net.URL::toExternalForm@5
                      ; - java.net.URL::toString@1
                      ; - java.lang.ClassLoader::defineClassSourceLocation@22
                      ; - java.lang.ClassLoader::defineClass@12
                      ; - java.security.SecureClassLoader::defineClass@12
  0x0000017957ac465c: 20e2 82ff 

  0x0000017957ac4660: ;   {other}
  0x0000017957ac4660: 0f1f 8400 | 502c 002a | 488b dde9 | 33e4 ffff | 4c8b 5424 | 5845 8b5a | 1045 85db | 0f84 daf4 
  0x0000017957ac4680: ffff 4d8b | 5728 498b | cb48 c1e1 | 034d 85d2 | 0f84 5a15 | 0000 4d8b | 5f38 4b89 | 4c13 f849 
  0x0000017957ac46a0: 83c2 f84d | 8957 28e9 | b0f4 ffff | 4c8b 5424 | 404c 8954 | 2458 458b | 520c 4585 | d20f 844d 
  0x0000017957ac46c0: f4ff ff4d | 8b5f 2849 | 8bca 48c1 | e103 4d85 | db0f 84f9 | 1400 004d | 8b57 384b | 894c 1af8 
  0x0000017957ac46e0: 4983 c3f8 | 4d89 5f28 | e923 f4ff | ff4d 8b57 | 584d 8b5f | 48f0 8344 | 24c0 0080 | 3900 0f84 
  0x0000017957ac4700: 4df4 ffff | 4488 214d | 85db 7520 | 498b d7c5 | f877 49ba | 00a4 1d89 | f97f 0000 

  0x0000017957ac471c: ;   {other}
  0x0000017957ac471c: 41ff d20f | 1f84 0000 | 0000 00e9 | 25f4 ffff | 4b89 4c1a | f849 83c3 | f84d 895f | 48e9 13f4 
  0x0000017957ac473c: ffff 4d8b | 5748 4d8b | 5f58 f083 | 4424 c000 | 4180 3800 | 0f84 52f4 | ffff 4588 | 204d 85d2 
  0x0000017957ac475c: 7523 498b | c849 8bd7 | c5f8 7749 | ba00 a41d | 89f9 7f00 | 0041 ffd2 

  0x0000017957ac4774: ;   {other}
  0x0000017957ac4774: 0f1f 8400 | 0000 0000 | e927 f4ff | ff4f 8944 | 13f8 4983 | c2f8 4d89 | 5748 e915 | f4ff ff89 
  0x0000017957ac4794: 4c24 7844 | 8974 245c | 4889 5c24 | 704c 8944 | 2468 4c89 | 5c24 6089 | 7424 5844 | 8954 2454 
  0x0000017957ac47b4: c5fa 114c | 2450 4c8b | 5424 304c | 8954 2420 | 488b 6c24 

  0x0000017957ac47c8: ;   {metadata('java/lang/String')}
  0x0000017957ac47c8: 2848 ba78 | e800 0079 | 0100 0090 

  0x0000017957ac47d4: ;   {runtime_call _new_instance_Java}
  0x0000017957ac47d4: c5f8 77e8 

  0x0000017957ac47d8: ; ImmutableOopMap {rbp=Oop [32]=Oop [56]=Oop [72]=Oop [80]=NarrowOop [92]=NarrowOop [96]=Oop [104]=Derived_oop_[96] [112]=Oop }
                      ;*new {reexecute=0 rethrow=0 return_oop=1}
                      ; - java.lang.StringLatin1::newString@7
                      ; - java.lang.String::substring@41
                      ; - java.lang.ClassLoader::checkCerts@21
                      ; - java.lang.ClassLoader::preDefineClass@113
                      ; - java.lang.ClassLoader::defineClass@4
                      ; - java.security.SecureClassLoader::defineClass@12
  0x0000017957ac47d8: a4e0 82ff 

  0x0000017957ac47dc: ;   {other}
  0x0000017957ac47dc: 0f1f 8400 | cc2d 002b | 4889 6c24 | 284c 8b54 | 2420 4c89 | 5424 30c5 | fa10 4c24 | 5044 8b54 
  0x0000017957ac47fc: 2454 8b74 | 2458 4c8b | 5c24 604c | 8b4c 2468 | 488b 5c24 | 7044 8b74 | 245c 8b4c | 2478 4c8b 
  0x0000017957ac481c: e84d 8bc1 | e9bd dbff 

  0x0000017957ac4824: ;   {oop(""{0x00000006804018c8})}
  0x0000017957ac4824: ff49 bdc8 | 1840 8006 | 0000 00e9 | a5dd ffff | 4c8b 4c24 | 2041 c641 | 1101 33c0 | 448b 5424 
  0x0000017957ac4844: 3844 8b44 | 243c e9cf | e8ff ff44 | 8944 243c | 4489 5424 | 3848 895c | 2420 6690 

  0x0000017957ac4860: ;   {static_call}
  0x0000017957ac4860: c5f8 77e8 

  0x0000017957ac4864: ; ImmutableOopMap {rbp=Oop [32]=Oop [40]=Oop [48]=Oop [56]=NarrowOop [60]=NarrowOop [72]=Oop }
                      ;*invokestatic hashCode {reexecute=0 rethrow=0 return_oop=0}
                      ; - java.lang.String::hashCode@37
                      ; - java.util.concurrent.ConcurrentHashMap::get@1
                      ; - java.lang.ClassLoader::getNamedPackage@5
                      ; - java.lang.ClassLoader::postDefineClass@9
                      ; - java.lang.ClassLoader::defineClass@37
                      ; - java.security.SecureClassLoader::defineClass@12
  0x0000017957ac4864: 18a8 7fff 

  0x0000017957ac4868: ;   {other}
  0x0000017957ac4868: 0f1f 8400 | 582e 002c | e973 edff | ff4c 8944 | 2468 4c89 | 5c24 604c | 894c 2458 | 894c 2424 
  0x0000017957ac4888: 4889 7424 

  0x0000017957ac488c: ;   {metadata({type array byte})}
  0x0000017957ac488c: 5048 ba18 | 2300 0079 | 0100 0044 | 8bc1 6690 

  0x0000017957ac489c: ;   {runtime_call _new_array_nozero_Java}
  0x0000017957ac489c: c5f8 77e8 

  0x0000017957ac48a0: ; ImmutableOopMap {[40]=Oop [48]=Oop [56]=Oop [72]=Oop [80]=Oop [120]=Oop [88]=Derived_oop_[120] }
                      ;*newarray {reexecute=0 rethrow=0 return_oop=1}
                      ; - java.util.Arrays::copyOfRangeByte@10
                      ; - java.util.Arrays::copyOfRange@13
                      ; - java.lang.String::<init>@32
                      ; - java.lang.String::<init>@3
                      ; - java.lang.StringBuilder::toString@5
                      ; - java.net.URLStreamHandler::toExternalForm@152
                      ; - java.net.URL::toExternalForm@5
                      ; - java.net.URL::toString@1
                      ; - java.lang.ClassLoader::defineClassSourceLocation@22
                      ; - java.lang.ClassLoader::defineClass@12
                      ; - java.security.SecureClassLoader::defineClass@12
  0x0000017957ac48a0: 5caf 82ff 

  0x0000017957ac48a4: ;   {other}
  0x0000017957ac48a4: 0f1f 8400 | 942e 002d | 488b 7424 | 508b 4c24 | 244c 8b4c | 2458 4c8b | 5c24 604c | 8b44 2468 
  0x0000017957ac48c4: 488b d8e9 | 3ce3 ffff | 4c89 8424 | 8800 0000 | 4c89 8c24 | 8000 0000 | 4c89 6c24 | 7889 4c24 
  0x0000017957ac48e4: 7044 8974 | 2454 4889 | 5c24 6848 | 897c 2460 | 8974 2450 

  0x0000017957ac48f8: ;   {metadata({type array byte})}
  0x0000017957ac48f8: 48ba 1823 | 0000 7901 | 0000 4c89 | 5c24 5844 | 8bc1 6690 

  0x0000017957ac490c: ;   {runtime_call _new_array_nozero_Java}
  0x0000017957ac490c: c5f8 77e8 

  0x0000017957ac4910: ; ImmutableOopMap {[40]=Oop [48]=Oop [56]=Oop [72]=Oop [84]=NarrowOop [88]=Oop [96]=Derived_oop_[88] [104]=Oop [120]=Oop }
                      ;*newarray {reexecute=0 rethrow=0 return_oop=1}
                      ; - java.util.Arrays::copyOfRangeByte@10
                      ; - java.util.Arrays::copyOfRange@13
                      ; - java.lang.StringLatin1::newString@16
                      ; - java.lang.String::substring@41
                      ; - java.lang.ClassLoader::checkCerts@21
                      ; - java.lang.ClassLoader::preDefineClass@113
                      ; - java.lang.ClassLoader::defineClass@4
                      ; - java.security.SecureClassLoader::defineClass@12
  0x0000017957ac4910: ecae 82ff 

  0x0000017957ac4914: ;   {other}
  0x0000017957ac4914: 0f1f 8400 | 042f 002e | 8b74 2450 | 488b 7c24 | 6048 8b5c | 2468 448b | 7424 548b | 4c24 704c 
  0x0000017957ac4934: 8b6c 2478 | 4c8b 8c24 | 8000 0000 | 4c8b 8424 | 8800 0000 | 4c8b d0e9 | 02dc ffff | 4489 5424 
  0x0000017957ac4954: 4089 7c24 | 3c89 4c24 

  0x0000017957ac495c: ;   {metadata('java/lang/String')}
  0x0000017957ac495c: 3848 ba78 | e800 0079 | 0100 0090 

  0x0000017957ac4968: ;   {runtime_call _new_instance_Java}
  0x0000017957ac4968: c5f8 77e8 

  0x0000017957ac496c: ; ImmutableOopMap {rbp=Oop [40]=Oop [48]=Oop [56]=NarrowOop [72]=Oop }
                      ;*new {reexecute=0 rethrow=0 return_oop=1}
                      ; - java.lang.StringLatin1::newString@7
                      ; - java.lang.String::substring@41
                      ; - java.lang.Class::getPackageName@62
                      ; - java.lang.ClassLoader::postDefineClass@2
                      ; - java.lang.ClassLoader::defineClass@37
                      ; - java.security.SecureClassLoader::defineClass@12
  0x0000017957ac496c: 10df 82ff 

  0x0000017957ac4970: ;   {other}
  0x0000017957ac4970: 0f1f 8400 | 602f 002f | 8b4c 2438 | 8b7c 243c | 448b 5424 | 4048 8bd8 | e92c e5ff | ff44 8944 
  0x0000017957ac4990: 2438 4c89 

  0x0000017957ac4994: ;   {metadata('java/lang/NamedPackage')}
  0x0000017957ac4994: 4c24 2048 | bae8 c001 | 0079 0100 | 0048 8b6c | 2430 6690 

  0x0000017957ac49a8: ;   {runtime_call _new_instance_Java}
  0x0000017957ac49a8: c5f8 77e8 

  0x0000017957ac49ac: ; ImmutableOopMap {rbp=Oop [32]=Oop [40]=Oop [48]=Oop [56]=NarrowOop [72]=Oop }
                      ;*new {reexecute=0 rethrow=0 return_oop=1}
                      ; - java.lang.ClassLoader::getNamedPackage@16
                      ; - java.lang.ClassLoader::postDefineClass@9
                      ; - java.lang.ClassLoader::defineClass@37
                      ; - java.security.SecureClassLoader::defineClass@12
  0x0000017957ac49ac: d0de 82ff 

  0x0000017957ac49b0: ;   {other}
  0x0000017957ac49b0: 0f1f 8400 | a02f 0030 | e94a eaff 

  0x0000017957ac49bc: ;   {oop(""{0x00000006804018c8})}
  0x0000017957ac49bc: ff48 bbc8 | 1840 8006 | 0000 00e9 | bbe6 ffff 

  0x0000017957ac49cc: ;   {metadata('java/lang/InternalError')}
  0x0000017957ac49cc: 48ba 3807 | 0100 7901 | 0000 488b | 6c24 3090 

  0x0000017957ac49dc: ;   {runtime_call _new_instance_Java}
  0x0000017957ac49dc: c5f8 77e8 

  0x0000017957ac49e0: ; ImmutableOopMap {rbp=Oop [32]=Oop [40]=Oop [48]=Oop [56]=NarrowOop [64]=Oop [72]=Oop [80]=Oop }
                      ;*new {reexecute=0 rethrow=0 return_oop=1}
                      ; - java.lang.NamedPackage::<init>@18
                      ; - java.lang.ClassLoader::getNamedPackage@22
                      ; - java.lang.ClassLoader::postDefineClass@9
                      ; - java.lang.ClassLoader::defineClass@37
                      ; - java.security.SecureClassLoader::defineClass@12
  0x0000017957ac49e0: 9cde 82ff 

  0x0000017957ac49e4: ;   {other}
  0x0000017957ac49e4: 0f1f 8400 | d42f 0031 | e9b7 eaff 

  0x0000017957ac49f0: ;   {metadata('java/lang/StringBuilder')}
  0x0000017957ac49f0: ff48 ba40 | 8000 0079 | 0100 0048 | 8b6c 2430 

  0x0000017957ac4a00: ;   {runtime_call _new_instance_Java}
  0x0000017957ac4a00: c5f8 77e8 

  0x0000017957ac4a04: ; ImmutableOopMap {rbp=Oop [32]=Oop [40]=Oop [48]=Oop [56]=NarrowOop [64]=Oop [72]=Oop [80]=Oop [104]=Oop }
                      ;*new {reexecute=0 rethrow=0 return_oop=1}
                      ; - java.lang.NamedPackage::<init>@22
                      ; - java.lang.ClassLoader::getNamedPackage@22
                      ; - java.lang.ClassLoader::postDefineClass@9
                      ; - java.lang.ClassLoader::defineClass@37
                      ; - java.security.SecureClassLoader::defineClass@12
  0x0000017957ac4a04: 78de 82ff 

  0x0000017957ac4a08: ;   {other}
  0x0000017957ac4a08: 0f1f 8400 | f82f 0032 | e9d8 eaff | ff48 897c | 2460 4c89 | 4c24 584c | 895c 2450 | 4889 5c24 
  0x0000017957ac4a28: 4044 8954 | 2438 4c8b | 5424 684c | 8954 2420 

  0x0000017957ac4a38: ;   {metadata({type array byte})}
  0x0000017957ac4a38: 48ba 1823 | 0000 7901 | 0000 448b | 4424 3890 

  0x0000017957ac4a48: ;   {runtime_call _new_array_nozero_Java}
  0x0000017957ac4a48: c5f8 77e8 

  0x0000017957ac4a4c: ; ImmutableOopMap {rbp=Oop [80]=Derived_oop_rbp [40]=Oop [48]=Oop [64]=Oop [72]=Oop }
                      ;*newarray {reexecute=0 rethrow=0 return_oop=1}
                      ; - java.util.Arrays::copyOfRangeByte@10
                      ; - java.util.Arrays::copyOfRange@13
                      ; - java.lang.StringLatin1::newString@16
                      ; - java.lang.String::substring@41
                      ; - java.lang.Class::getPackageName@62
                      ; - java.lang.ClassLoader::postDefineClass@2
                      ; - java.lang.ClassLoader::defineClass@37
                      ; - java.security.SecureClassLoader::defineClass@12
  0x0000017957ac4a4c: b0ad 82ff 

  0x0000017957ac4a50: ;   {other}
  0x0000017957ac4a50: 0f1f 8400 | 4030 0033 | 4c8b 5424 | 204c 8954 | 2468 448b | 5424 3848 | 8b5c 2440 | 4c8b 5c24 
  0x0000017957ac4a70: 504c 8b4c | 2458 488b | 7c24 6048 | 8bf0 e978 | e5ff ff48 | 8944 2458 | 4c89 4c24 | 5044 8944 
  0x0000017957ac4a90: 2424 488b 

  0x0000017957ac4a94: ;   {metadata({type array byte})}
  0x0000017957ac4a94: ee48 ba18 | 2300 0079 | 0100 0044 | 8bc7 6690 

  0x0000017957ac4aa4: ;   {runtime_call _new_array_nozero_Java}
  0x0000017957ac4aa4: c5f8 77e8 

  0x0000017957ac4aa8: ; ImmutableOopMap {rbp=Oop [36]=NarrowOop [40]=Oop [48]=Oop [56]=Oop [72]=Oop [120]=Oop [80]=Derived_oop_[120] }
                      ;*invokevirtual clone {reexecute=1 rethrow=0 return_oop=1}
                      ; - (reexecute) java.util.Arrays::copyOfRange@18
                      ; - java.lang.String::<init>@32
                      ; - java.lang.String::<init>@3
                      ; - java.lang.StringBuilder::toString@5
                      ; - java.net.URLStreamHandler::toExternalForm@152
                      ; - java.net.URL::toExternalForm@5
                      ; - java.net.URL::toString@1
                      ; - java.lang.ClassLoader::defineClassSourceLocation@22
                      ; - java.lang.ClassLoader::defineClass@12
                      ; - java.security.SecureClassLoader::defineClass@12
  0x0000017957ac4aa8: 54ad 82ff 

  0x0000017957ac4aac: ;   {other}
  0x0000017957ac4aac: 0f1f 8400 | 9c30 0034 | 4c8b d048 | 8bf5 4c8b | 4c24 5048 | 8b44 2458 | 498b dae9 | 73e0 ffff 
  0x0000017957ac4acc: 4c8b 4424 | 5848 896c | 2478 4c89 | 6c24 7044 | 8974 2468 | 4889 5c24 | 604c 8944 | 2458 8974 
  0x0000017957ac4aec: 2424 c5fa | 114c 2420 

  0x0000017957ac4af4: ;   {metadata({type array byte})}
  0x0000017957ac4af4: 48ba 1823 | 0000 7901 | 0000 4c89 | 5c24 5045 | 8bc2 6690 

  0x0000017957ac4b08: ;   {runtime_call _new_array_nozero_Java}
  0x0000017957ac4b08: c5f8 77e8 

  0x0000017957ac4b0c: ; ImmutableOopMap {[32]=NarrowOop [40]=Oop [48]=Oop [56]=Oop [72]=Oop [80]=Oop [88]=Derived_oop_[80] [96]=Oop [104]=NarrowOop [112]=Oop }
                      ;*invokevirtual clone {reexecute=1 rethrow=0 return_oop=1}
                      ; - (reexecute) java.util.Arrays::copyOfRange@18
                      ; - java.lang.StringLatin1::newString@16
                      ; - java.lang.String::substring@41
                      ; - java.lang.ClassLoader::checkCerts@21
                      ; - java.lang.ClassLoader::preDefineClass@113
                      ; - java.lang.ClassLoader::defineClass@4
                      ; - java.security.SecureClassLoader::defineClass@12
  0x0000017957ac4b0c: f0ac 82ff 

  0x0000017957ac4b10: ;   {other}
  0x0000017957ac4b10: 0f1f 8400 | 0031 0035 | 488b f8e9 | 53d9 ffff | 4c89 4424 | 584c 895c | 2450 4889 | 5c24 4089 
  0x0000017957ac4b30: 4c24 384c | 8b54 2468 | 4c89 5424 

  0x0000017957ac4b3c: ;   {metadata({type array byte})}
  0x0000017957ac4b3c: 2048 ba18 | 2300 0079 | 0100 0044 | 8bc7 6690 

  0x0000017957ac4b4c: ;   {runtime_call _new_array_nozero_Java}
  0x0000017957ac4b4c: c5f8 77e8 

  0x0000017957ac4b50: ; ImmutableOopMap {rbp=Oop [80]=Derived_oop_rbp [40]=Oop [48]=Oop [56]=NarrowOop [64]=Oop [72]=Oop }
                      ;*invokevirtual clone {reexecute=1 rethrow=0 return_oop=1}
                      ; - (reexecute) java.util.Arrays::copyOfRange@18
                      ; - java.lang.StringLatin1::newString@16
                      ; - java.lang.String::substring@41
                      ; - java.lang.Class::getPackageName@62
                      ; - java.lang.ClassLoader::postDefineClass@2
                      ; - java.lang.ClassLoader::defineClass@37
                      ; - java.security.SecureClassLoader::defineClass@12
  0x0000017957ac4b50: acac 82ff 

  0x0000017957ac4b54: ;   {other}
  0x0000017957ac4b54: 0f1f 8400 | 4431 0036 | 4c8b 5c24 | 204c 895c | 2468 488b | 5c24 404c | 8b5c 2450 | 4c8b 4424 
  0x0000017957ac4b74: 5848 8bf0 | e9b3 e3ff | ffba f6ff | ffff 498b | ed66 6690 

  0x0000017957ac4b88: ;   {runtime_call UncommonTrapBlob}
  0x0000017957ac4b88: c5f8 77e8 

  0x0000017957ac4b8c: ; ImmutableOopMap {rbp=Oop }
                      ;*invokevirtual putIfAbsent {reexecute=0 rethrow=0 return_oop=0}
                      ; - java.lang.ClassLoader::checkCerts@62
                      ; - java.lang.ClassLoader::preDefineClass@113
                      ; - java.lang.ClassLoader::defineClass@4
                      ; - java.security.SecureClassLoader::defineClass@12
  0x0000017957ac4b8c: f0f7 7fff 

  0x0000017957ac4b90: ;   {other}
  0x0000017957ac4b90: 0f1f 8400 | 8031 0037 | baf6 ffff | ff8b eb90 

  0x0000017957ac4ba0: ;   {runtime_call UncommonTrapBlob}
  0x0000017957ac4ba0: c5f8 77e8 

  0x0000017957ac4ba4: ; ImmutableOopMap {rbp=NarrowOop }
                      ;*invokevirtual toExternalForm {reexecute=0 rethrow=0 return_oop=0}
                      ; - java.net.URL::toExternalForm@5
                      ; - java.net.URL::toString@1
                      ; - java.lang.ClassLoader::defineClassSourceLocation@22
                      ; - java.lang.ClassLoader::defineClass@12
                      ; - java.security.SecureClassLoader::defineClass@12
  0x0000017957ac4ba4: d8f7 7fff 

  0x0000017957ac4ba8: ;   {other}
  0x0000017957ac4ba8: 0f1f 8400 | 9831 0038 | baf6 ffff | ff48 8beb 

  0x0000017957ac4bb8: ;   {runtime_call UncommonTrapBlob}
  0x0000017957ac4bb8: c5f8 77e8 

  0x0000017957ac4bbc: ; ImmutableOopMap {rbp=Oop }
                      ;*invokevirtual get {reexecute=0 rethrow=0 return_oop=0}
                      ; - java.lang.ClassLoader::getNamedPackage@5
                      ; - java.lang.ClassLoader::postDefineClass@9
                      ; - java.lang.ClassLoader::defineClass@37
                      ; - java.security.SecureClassLoader::defineClass@12
  0x0000017957ac4bbc: c0f7 7fff 

  0x0000017957ac4bc0: ;   {other}
  0x0000017957ac4bc0: 0f1f 8400 | b031 0039 | ba76 ffff | ff44 8b54 | 2440 4489 | 5424 2444 | 8b5c 2444 | 4489 5c24 
  0x0000017957ac4be0: 4048 895c | 2450 4489 | 7424 44c5 | fa11 4c24 | 6066 6690 

  0x0000017957ac4bf4: ;   {runtime_call UncommonTrapBlob}
  0x0000017957ac4bf4: c5f8 77e8 

  0x0000017957ac4bf8: ; ImmutableOopMap {[40]=Oop [48]=Oop [56]=Oop [68]=NarrowOop [72]=Oop [80]=Oop [96]=NarrowOop }
                      ;*iflt {reexecute=1 rethrow=0 return_oop=0}
                      ; - (reexecute) java.lang.StringLatin1::lastIndexOf@19
                      ; - java.lang.String::lastIndexOf@13
                      ; - java.lang.String::lastIndexOf@8
                      ; - java.lang.ClassLoader::checkCerts@3
                      ; - java.lang.ClassLoader::preDefineClass@113
                      ; - java.lang.ClassLoader::defineClass@4
                      ; - java.security.SecureClassLoader::defineClass@12
  0x0000017957ac4bf8: 84f7 7fff 

  0x0000017957ac4bfc: ;   {other}
  0x0000017957ac4bfc: 0f1f 8400 | ec31 003a | bae4 ffff | ff4c 8b54 | 2428 4c89 | 5424 204c | 8b54 2430 | 4c89 5424 
  0x0000017957ac4c1c: 284c 8b54 | 2438 4c89 | 5424 3044 | 8b54 2440 | 4489 5424 | 3844 8b54 | 2444 4489 | 5424 3c4c 
  0x0000017957ac4c3c: 896c 2440 | 895c 2448 | 4889 7424 | 5844 894c | 244c 6690 

  0x0000017957ac4c50: ;   {runtime_call UncommonTrapBlob}
  0x0000017957ac4c50: c5f8 77e8 

  0x0000017957ac4c54: ; ImmutableOopMap {[32]=Oop [40]=Oop [48]=Oop [64]=Oop [72]=NarrowOop [76]=NarrowOop [88]=Oop }
                      ;*bastore {reexecute=0 rethrow=0 return_oop=0}
                      ; - java.lang.AbstractStringBuilder::append@41
                      ; - java.lang.StringBuilder::append@2
                      ; - java.net.URLStreamHandler::toExternalForm@16
                      ; - java.net.URL::toExternalForm@5
                      ; - java.net.URL::toString@1
                      ; - java.lang.ClassLoader::defineClassSourceLocation@22
                      ; - java.lang.ClassLoader::defineClass@12
                      ; - java.security.SecureClassLoader::defineClass@12
  0x0000017957ac4c54: 28f7 7fff 

  0x0000017957ac4c58: ;   {other}
  0x0000017957ac4c58: 0f1f 8400 | 4832 003b | bade ffff | ff4c 8b54 | 2428 4c89 | 5424 204c | 8b54 2430 | 4c89 5424 
  0x0000017957ac4c78: 284c 8b54 | 2438 4c89 | 5424 3044 | 8b5c 2440 | 4489 5c24 | 3844 8b5c | 2444 4489 | 5c24 3c4c 
  0x0000017957ac4c98: 8944 2440 | 4c89 4c24 | 4866 6690 

  0x0000017957ac4ca4: ;   {runtime_call UncommonTrapBlob}
  0x0000017957ac4ca4: c5f8 77e8 

  0x0000017957ac4ca8: ; ImmutableOopMap {rbp=NarrowOop [32]=Oop [40]=Oop [48]=Oop [64]=Oop [72]=Oop }
                      ;*invokeinterface computeIfAbsent {reexecute=0 rethrow=0 return_oop=0}
                      ; - java.security.SecureClassLoader::getProtectionDomain@28
                      ; - java.security.SecureClassLoader::defineClass@9
  0x0000017957ac4ca8: d4f6 7fff 

  0x0000017957ac4cac: ;   {other}
  0x0000017957ac4cac: 0f1f 8400 | 9c32 003c | ba45 ffff | ff48 8b6c | 2428 6690 

  0x0000017957ac4cc0: ;   {runtime_call UncommonTrapBlob}
  0x0000017957ac4cc0: c5f8 77e8 

  0x0000017957ac4cc4: ; ImmutableOopMap {rbp=Oop [48]=Oop [56]=Oop [72]=Oop }
                      ;*ifeq {reexecute=1 rethrow=0 return_oop=0}
                      ; - (reexecute) java.lang.ClassLoader::checkName@8
                      ; - java.lang.ClassLoader::preDefineClass@1
                      ; - java.lang.ClassLoader::defineClass@4
                      ; - java.security.SecureClassLoader::defineClass@12
  0x0000017957ac4cc4: b8f6 7fff 

  0x0000017957ac4cc8: ;   {other}
  0x0000017957ac4cc8: 0f1f 8400 | b832 003d | bacc ffff | ff4c 8b54 | 2428 4c89 | 5424 204c | 8b54 2430 | 4c89 5424 
  0x0000017957ac4ce8: 284c 8b54 | 2438 4c89 | 5424 3044 | 8b54 2440 | 4489 5424 | 3844 8b5c | 2444 4489 | 5c24 3c4c 
  0x0000017957ac4d08: 896c 2440 | 895c 2448 | 4889 7424 | 5844 8944 | 244c 6690 

  0x0000017957ac4d1c: ;   {runtime_call UncommonTrapBlob}
  0x0000017957ac4d1c: c5f8 77e8 

  0x0000017957ac4d20: ; ImmutableOopMap {rbp=NarrowOop [32]=Oop [40]=Oop [48]=Oop [64]=Oop [72]=NarrowOop [88]=Oop }
                      ;*invokestatic arraycopy {reexecute=0 rethrow=0 return_oop=0}
                      ; - java.lang.String::getBytes@22
                      ; - java.lang.AbstractStringBuilder::putStringAt@15
                      ; - java.lang.AbstractStringBuilder::append@30
                      ; - java.lang.StringBuilder::append@2
                      ; - java.net.URLStreamHandler::toExternalForm@59
                      ; - java.net.URL::toExternalForm@5
                      ; - java.net.URL::toString@1
                      ; - java.lang.ClassLoader::defineClassSourceLocation@22
                      ; - java.lang.ClassLoader::defineClass@12
                      ; - java.security.SecureClassLoader::defineClass@12
  0x0000017957ac4d20: 5cf6 7fff 

  0x0000017957ac4d24: ;   {other}
  0x0000017957ac4d24: 0f1f 8400 | 1433 003e | bacc ffff | ff44 8b5c | 2440 4489 | 5c24 2044 | 8b54 2444 | 4489 5424 
  0x0000017957ac4d44: 4048 895c | 2458 448b | 5424 6844 | 8954 2444 | 894c 2460 | 897c 2464 | 4489 4424 | 6866 6690 
  0x0000017957ac4d64: ;   {runtime_call UncommonTrapBlob}
  0x0000017957ac4d64: c5f8 77e8 

  0x0000017957ac4d68: ; ImmutableOopMap {[36]=NarrowOop [40]=Oop [48]=Oop [56]=Oop [72]=Oop [88]=Oop [96]=NarrowOop [100]=NarrowOop }
                      ;*invokestatic arraycopy {reexecute=0 rethrow=0 return_oop=0}
                      ; - java.lang.String::getBytes@22
                      ; - java.lang.AbstractStringBuilder::putStringAt@15
                      ; - java.lang.AbstractStringBuilder::append@30
                      ; - java.lang.StringBuilder::append@2
                      ; - java.net.URLStreamHandler::toExternalForm@77
                      ; - java.net.URL::toExternalForm@5
                      ; - java.net.URL::toString@1
                      ; - java.lang.ClassLoader::defineClassSourceLocation@22
                      ; - java.lang.ClassLoader::defineClass@12
                      ; - java.security.SecureClassLoader::defineClass@12
  0x0000017957ac4d68: 14f6 7fff 

  0x0000017957ac4d6c: ;   {other}
  0x0000017957ac4d6c: 0f1f 8400 | 5c33 003f | bacc ffff | ff4c 8b54 | 2428 4c89 | 5424 204c | 8b54 2430 | 4c89 5424 
  0x0000017957ac4d8c: 284c 8b54 | 2438 4c89 | 5424 3044 | 8b44 2440 | 4489 4424 | 3844 8b54 | 2444 4489 | 5424 3c4c 
  0x0000017957ac4dac: 8b54 2448 | 4c89 5424 | 4089 7c24 | 4848 895c | 2458 4489 | 5c24 4c90 

  0x0000017957ac4dc4: ;   {runtime_call UncommonTrapBlob}
  0x0000017957ac4dc4: c5f8 77e8 

  0x0000017957ac4dc8: ; ImmutableOopMap {rbp=NarrowOop [32]=Oop [40]=Oop [48]=Oop [64]=Oop [72]=NarrowOop [88]=Oop }
                      ;*invokestatic arraycopy {reexecute=0 rethrow=0 return_oop=0}
                      ; - java.lang.String::getBytes@22
                      ; - java.lang.AbstractStringBuilder::putStringAt@15
                      ; - java.lang.AbstractStringBuilder::append@30
                      ; - java.lang.StringBuilder::append@2
                      ; - java.net.URLStreamHandler::toExternalForm@113
                      ; - java.net.URL::toExternalForm@5
                      ; - java.net.URL::toString@1
                      ; - java.lang.ClassLoader::defineClassSourceLocation@22
                      ; - java.lang.ClassLoader::defineClass@12
                      ; - java.security.SecureClassLoader::defineClass@12
  0x0000017957ac4dc8: b4f5 7fff 

  0x0000017957ac4dcc: ;   {other}
  0x0000017957ac4dcc: 0f1f 8400 | bc33 0040 | bacc ffff | ff4c 8b54 | 2428 4c89 | 5424 204c | 8b54 2430 | 4c89 5424 
  0x0000017957ac4dec: 284c 8b54 | 2438 4c89 | 5424 3044 | 8b5c 2440 | 4489 5c24 | 3844 8b54 | 2444 4489 | 5424 3c4c 
  0x0000017957ac4e0c: 8b54 2448 | 4c89 5424 | 4048 895c | 2450 4489 | 4424 5890 

  0x0000017957ac4e20: ;   {runtime_call UncommonTrapBlob}
  0x0000017957ac4e20: c5f8 77e8 

  0x0000017957ac4e24: ; ImmutableOopMap {rbp=NarrowOop [32]=Oop [40]=Oop [48]=Oop [64]=Oop [80]=Oop }
                      ;*invokestatic arraycopy {reexecute=0 rethrow=0 return_oop=0}
                      ; - java.lang.String::getBytes@22
                      ; - java.lang.AbstractStringBuilder::putStringAt@15
                      ; - java.lang.AbstractStringBuilder::append@30
                      ; - java.lang.StringBuilder::append@2
                      ; - java.net.URLStreamHandler::toExternalForm@149
                      ; - java.net.URL::toExternalForm@5
                      ; - java.net.URL::toString@1
                      ; - java.lang.ClassLoader::defineClassSourceLocation@22
                      ; - java.lang.ClassLoader::defineClass@12
                      ; - java.security.SecureClassLoader::defineClass@12
  0x0000017957ac4e24: 58f5 7fff 

  0x0000017957ac4e28: ;   {other}
  0x0000017957ac4e28: 0f1f 8400 | 1834 0041 | bacc ffff | ff4c 8b54 | 2428 4c89 | 5424 204c | 8b54 2430 | 4c89 5424 
  0x0000017957ac4e48: 284c 8b54 | 2438 4c89 | 5424 3044 | 8b44 2440 | 4489 4424 | 3844 8b54 | 2444 4489 | 5424 3c4c 
  0x0000017957ac4e68: 896c 2440 | 895c 2448 | 4889 7424 | 5844 895c | 244c 4489 | 4c24 6089 | 4424 6489 | 4c24 6890 
  0x0000017957ac4e88: ;   {runtime_call UncommonTrapBlob}
  0x0000017957ac4e88: c5f8 77e8 

  0x0000017957ac4e8c: ; ImmutableOopMap {[32]=Oop [40]=Oop [48]=Oop [64]=Oop [72]=NarrowOop [88]=Oop [96]=NarrowOop [100]=NarrowOop }
                      ;*invokestatic arraycopy {reexecute=0 rethrow=0 return_oop=0}
                      ; - java.lang.String::getBytes@22
                      ; - java.lang.AbstractStringBuilder::putStringAt@15
                      ; - java.lang.AbstractStringBuilder::append@30
                      ; - java.lang.StringBuilder::append@2
                      ; - java.net.URLStreamHandler::toExternalForm@11
                      ; - java.net.URL::toExternalForm@5
                      ; - java.net.URL::toString@1
                      ; - java.lang.ClassLoader::defineClassSourceLocation@22
                      ; - java.lang.ClassLoader::defineClass@12
                      ; - java.security.SecureClassLoader::defineClass@12
  0x0000017957ac4e8c: f0f4 7fff 

  0x0000017957ac4e90: ;   {other}
  0x0000017957ac4e90: 0f1f 8400 | 8034 0042 | ba6e ffff | ff44 8b5c | 2440 4489 | 5c24 2444 | 8b54 2444 | 4489 5424 
  0x0000017957ac4eb0: 4048 895c | 2450 4489 | 7424 44c5 | fa11 4c24 | 6066 6690 

  0x0000017957ac4ec4: ;   {runtime_call UncommonTrapBlob}
  0x0000017957ac4ec4: c5f8 77e8 

  0x0000017957ac4ec8: ; ImmutableOopMap {[40]=Oop [48]=Oop [56]=Oop [68]=NarrowOop [72]=Oop [80]=Oop [96]=NarrowOop }
                      ;*iflt {reexecute=1 rethrow=0 return_oop=0}
                      ; - (reexecute) java.lang.StringLatin1::lastIndexOf@19
                      ; - java.lang.String::lastIndexOf@13
                      ; - java.lang.String::lastIndexOf@8
                      ; - java.lang.ClassLoader::checkCerts@3
                      ; - java.lang.ClassLoader::preDefineClass@113
                      ; - java.lang.ClassLoader::defineClass@4
                      ; - java.security.SecureClassLoader::defineClass@12
  0x0000017957ac4ec8: b4f4 7fff 

  0x0000017957ac4ecc: ;   {other}
  0x0000017957ac4ecc: 0f1f 8400 | bc34 0043 | bace ffff | ff48 8b6c | 2428 4c8b | 5424 304c | 8954 2420 | c5fa 114c 
  0x0000017957ac4eec: 2458 895c | 245c 6690 

  0x0000017957ac4ef4: ;   {runtime_call UncommonTrapBlob}
  0x0000017957ac4ef4: c5f8 77e8 

  0x0000017957ac4ef8: ; ImmutableOopMap {rbp=Oop [32]=Oop [56]=Oop [72]=Oop [88]=NarrowOop }
                      ;*invokestatic indexOfChar {reexecute=0 rethrow=0 return_oop=0}
                      ; - java.lang.StringLatin1::indexOf@33
                      ; - java.lang.String::indexOf@17
                      ; - java.lang.String::indexOf@3
                      ; - java.lang.ClassLoader::checkName@16
                      ; - java.lang.ClassLoader::preDefineClass@1
                      ; - java.lang.ClassLoader::defineClass@4
                      ; - java.security.SecureClassLoader::defineClass@12
  0x0000017957ac4ef8: 84f4 7fff 

  0x0000017957ac4efc: ;   {other}
  0x0000017957ac4efc: 0f1f 8400 | ec34 0044 | 4c63 d9e9 | 7cdc ffff | 4983 c3fe | 498b cb49 | 8bfa 4833 | c048 83f9 
  0x0000017957ac4f1c: 087f 1048 | ffc9 784f | 4889 04cf | 48ff c97d | f7eb 44c5 | fdef c0e9 | 0d00 0000 | c5fe 7f07 
  0x0000017957ac4f3c: c5fe 7f47 | 2048 83c7 | 4048 83e9 | 087d ed48 | 83c1 047c | 0cc5 fe7f | 0748 83c7 | 2048 83e9 
  0x0000017957ac4f5c: 0448 83c1 | 047e 1048 | ffc9 c5f9 | d607 4883 | c708 48ff | c97d f3e9 | d1dc ffff | bacc ffff 
  0x0000017957ac4f7c: ff48 8b6c | 2428 4c8b | 5424 304c | 8954 2420 | 4c8b 5424 | 384c 8954 | 2428 448b | 5424 4044 
  0x0000017957ac4f9c: 8954 2430 | 448b 5c24 | 4444 895c | 2434 4c8b | 5424 484c | 8954 2438 | 4889 7424 | 4844 8944 
  0x0000017957ac4fbc: 2450 894c | 2458 6690 

  0x0000017957ac4fc4: ;   {runtime_call UncommonTrapBlob}
  0x0000017957ac4fc4: c5f8 77e8 

  0x0000017957ac4fc8: ; ImmutableOopMap {rbp=Oop [32]=Oop [40]=Oop [56]=Oop [72]=Oop [80]=NarrowOop }
                      ;*newarray {reexecute=1 rethrow=0 return_oop=0}
                      ; - (reexecute) java.util.Arrays::copyOfRangeByte@10
                      ; - java.util.Arrays::copyOfRange@13
                      ; - java.lang.String::<init>@32
                      ; - java.lang.String::<init>@3
                      ; - java.lang.StringBuilder::toString@5
                      ; - java.net.URLStreamHandler::toExternalForm@152
                      ; - java.net.URL::toExternalForm@5
                      ; - java.net.URL::toString@1
                      ; - java.lang.ClassLoader::defineClassSourceLocation@22
                      ; - java.lang.ClassLoader::defineClass@12
                      ; - java.security.SecureClassLoader::defineClass@12
  0x0000017957ac4fc8: b4f3 7fff 

  0x0000017957ac4fcc: ;   {other}
  0x0000017957ac4fcc: 0f1f 8400 | bc35 0045 | 4c63 c9e9 | f2d4 ffff | 4983 c1fe | 498b c948 | 8bfa 4833 | c048 83f9 
  0x0000017957ac4fec: 087f 1048 | ffc9 784f | 4889 04cf | 48ff c97d | f7eb 44c5 | fdef c0e9 | 0d00 0000 | c5fe 7f07 
  0x0000017957ac500c: c5fe 7f47 | 2048 83c7 | 4048 83e9 | 087d ed48 | 83c1 047c | 0cc5 fe7f | 0748 83c7 | 2048 83e9 
  0x0000017957ac502c: 0448 83c1 | 047e 1048 | ffc9 c5f9 | d607 4883 | c708 48ff | c97d f3e9 | 4ed5 ffff | ba76 ffff 
  0x0000017957ac504c: ff44 895c | 2420 4c8b | 5424 484c | 8954 2440 | 4889 4424 | 5889 4c24 | 2466 6690 

  0x0000017957ac5068: ;   {runtime_call UncommonTrapBlob}
  0x0000017957ac5068: c5f8 77e8 

  0x0000017957ac506c: ; ImmutableOopMap {[36]=NarrowOop [40]=Oop [48]=Oop [64]=Oop [88]=Oop }
                      ;*iflt {reexecute=1 rethrow=0 return_oop=0}
                      ; - (reexecute) java.lang.StringLatin1::lastIndexOf@19
                      ; - java.lang.String::lastIndexOf@13
                      ; - java.lang.String::lastIndexOf@8
                      ; - java.lang.Class::getPackageName@47
                      ; - java.lang.ClassLoader::postDefineClass@2
                      ; - java.lang.ClassLoader::defineClass@37
                      ; - java.security.SecureClassLoader::defineClass@12
  0x0000017957ac506c: 10f3 7fff 

  0x0000017957ac5070: ;   {other}
  0x0000017957ac5070: 0f1f 8400 | 6036 0046 | bacc ffff | ff89 4c24 | 2044 8b5c | 2440 4489 | 5c24 2444 | 8b54 2444 
  0x0000017957ac5090: 4489 5424 | 4048 895c | 2450 4489 | 7424 444c | 896c 2468 | c5fa 114c | 2470 6690 

  0x0000017957ac50ac: ;   {runtime_call UncommonTrapBlob}
  0x0000017957ac50ac: c5f8 77e8 

  0x0000017957ac50b0: ; ImmutableOopMap {[40]=Oop [48]=Oop [56]=Oop [68]=NarrowOop [72]=Oop [80]=Oop [104]=Oop [112]=NarrowOop }
                      ;*newarray {reexecute=1 rethrow=0 return_oop=0}
                      ; - (reexecute) java.util.Arrays::copyOfRangeByte@10
                      ; - java.util.Arrays::copyOfRange@13
                      ; - java.lang.StringLatin1::newString@16
                      ; - java.lang.String::substring@41
                      ; - java.lang.ClassLoader::checkCerts@21
                      ; - java.lang.ClassLoader::preDefineClass@113
                      ; - java.lang.ClassLoader::defineClass@4
                      ; - java.security.SecureClassLoader::defineClass@12
  0x0000017957ac50b0: ccf2 7fff 

  0x0000017957ac50b4: ;   {other}
  0x0000017957ac50b4: 0f1f 8400 | a436 0047 | ba45 ffff | ff48 8944 | 2440 6690 

  0x0000017957ac50c8: ;   {runtime_call UncommonTrapBlob}
  0x0000017957ac50c8: c5f8 77e8 

  0x0000017957ac50cc: ; ImmutableOopMap {[40]=Oop [48]=Oop [64]=Oop [72]=Oop }
                      ;*ifeq {reexecute=1 rethrow=0 return_oop=0}
                      ; - (reexecute) java.lang.Class::getPackageName@13
                      ; - java.lang.ClassLoader::postDefineClass@2
                      ; - java.lang.ClassLoader::defineClass@37
                      ; - java.security.SecureClassLoader::defineClass@12
  0x0000017957ac50cc: b0f2 7fff 

  0x0000017957ac50d0: ;   {other}
  0x0000017957ac50d0: 0f1f 8400 | c036 0048 | ba6e ffff | ff44 895c | 2420 4c8b | 5424 484c | 8954 2440 | 4889 4424 
  0x0000017957ac50f0: 5889 4c24 | 2466 6690 

  0x0000017957ac50f8: ;   {runtime_call UncommonTrapBlob}
  0x0000017957ac50f8: c5f8 77e8 

  0x0000017957ac50fc: ; ImmutableOopMap {[36]=NarrowOop [40]=Oop [48]=Oop [64]=Oop [88]=Oop }
                      ;*iflt {reexecute=1 rethrow=0 return_oop=0}
                      ; - (reexecute) java.lang.StringLatin1::lastIndexOf@19
                      ; - java.lang.String::lastIndexOf@13
                      ; - java.lang.String::lastIndexOf@8
                      ; - java.lang.Class::getPackageName@47
                      ; - java.lang.ClassLoader::postDefineClass@2
                      ; - java.lang.ClassLoader::defineClass@37
                      ; - java.security.SecureClassLoader::defineClass@12
  0x0000017957ac50fc: 80f2 7fff 

  0x0000017957ac5100: ;   {other}
  0x0000017957ac5100: 0f1f 8400 | f036 0049 | 8bcd e963 | d2ff ffba | deff ffff 

  0x0000017957ac5114: ;   {runtime_call UncommonTrapBlob}
  0x0000017957ac5114: c5f8 77e8 

  0x0000017957ac5118: ; ImmutableOopMap {rbp=NarrowOop }
                      ;*checkcast {reexecute=0 rethrow=0 return_oop=0}
                      ; - java.lang.ClassLoader::getNamedPackage@8
                      ; - java.lang.ClassLoader::postDefineClass@9
                      ; - java.lang.ClassLoader::defineClass@37
                      ; - java.security.SecureClassLoader::defineClass@12
  0x0000017957ac5118: 64f2 7fff 

  0x0000017957ac511c: ;   {other}
  0x0000017957ac511c: 0f1f 8400 | 0c37 004a | 4533 d245 | 85db 410f | 94c2 ba45 | ffff ff48 | 8b6c 2428 | 4c8b 5c24 
  0x0000017957ac513c: 304c 895c | 2420 4489 | 5424 6090 

  0x0000017957ac5148: ;   {runtime_call UncommonTrapBlob}
  0x0000017957ac5148: c5f8 77e8 

  0x0000017957ac514c: ; ImmutableOopMap {rbp=Oop [32]=Oop [56]=Oop [72]=Oop }
                      ;*ifeq {reexecute=1 rethrow=0 return_oop=0}
                      ; - (reexecute) java.lang.String::indexOf@4
                      ; - java.lang.String::indexOf@3
                      ; - java.lang.ClassLoader::checkName@16
                      ; - java.lang.ClassLoader::preDefineClass@1
                      ; - java.lang.ClassLoader::defineClass@4
                      ; - java.security.SecureClassLoader::defineClass@12
  0x0000017957ac514c: 30f2 7fff 

  0x0000017957ac5150: ;   {other}
  0x0000017957ac5150: 0f1f 8400 | 4037 004b | ba45 ffff | ff48 8b6c | 2428 4c8b | 5424 304c | 8954 2428 | 4c8b 5424 
  0x0000017957ac5170: 384c 8954 | 2430 448b | 5c24 4044 | 895c 2420 | 448b 5424 | 4444 8954 | 2438 4c8b | 5424 484c 
  0x0000017957ac5190: 8954 2440 | 4889 5c24 | 5044 8b54 | 2468 4489 | 5424 3c44 | 894c 2458 | 897c 245c | 8944 2460 
  0x0000017957ac51b0: 894c 2464 | 8974 2468 

  0x0000017957ac51b8: ;   {runtime_call UncommonTrapBlob}
  0x0000017957ac51b8: c5f8 77e8 

  0x0000017957ac51bc: ; ImmutableOopMap {rbp=Oop [36]=NarrowOop [40]=Oop [48]=Oop [64]=Oop [80]=Oop [88]=NarrowOop [92]=NarrowOop }
                      ;*if_icmpne {reexecute=1 rethrow=0 return_oop=0}
                      ; - (reexecute) java.lang.String::getBytes@5
                      ; - java.lang.AbstractStringBuilder::putStringAt@15
                      ; - java.lang.AbstractStringBuilder::append@30
                      ; - java.lang.StringBuilder::append@2
                      ; - java.net.URLStreamHandler::toExternalForm@77
                      ; - java.net.URL::toExternalForm@5
                      ; - java.net.URL::toString@1
                      ; - java.lang.ClassLoader::defineClassSourceLocation@22
                      ; - java.lang.ClassLoader::defineClass@12
                      ; - java.security.SecureClassLoader::defineClass@12
  0x0000017957ac51bc: c0f1 7fff 

  0x0000017957ac51c0: ;   {other}
  0x0000017957ac51c0: 0f1f 8400 | b037 004c | 4585 d244 | 8b4c 2420 | 410f 94c1 | ba45 ffff | ff48 8b6c | 2428 4c8b 
  0x0000017957ac51e0: 5424 304c | 8954 2420 | 4c8b 5424 | 384c 8954 | 2428 448b | 5424 4044 | 8954 2430 | 448b 5424 
  0x0000017957ac5200: 4444 8954 | 2434 4c8b | 5424 484c | 8954 2438 | 4889 7424 | 4848 895c | 2450 4489 | 4424 5889 
  0x0000017957ac5220: 4c24 5c44 | 894c 2460 

  0x0000017957ac5228: ;   {runtime_call UncommonTrapBlob}
  0x0000017957ac5228: c5f8 77e8 

  0x0000017957ac522c: ; ImmutableOopMap {rbp=Oop [32]=Oop [40]=Oop [56]=Oop [72]=Oop [80]=Oop [88]=NarrowOop }
                      ;*ifeq {reexecute=1 rethrow=0 return_oop=0}
                      ; - (reexecute) java.lang.String::<init>@19
                      ; - java.lang.String::<init>@3
                      ; - java.lang.StringBuilder::toString@5
                      ; - java.net.URLStreamHandler::toExternalForm@152
                      ; - java.net.URL::toExternalForm@5
                      ; - java.net.URL::toString@1
                      ; - java.lang.ClassLoader::defineClassSourceLocation@22
                      ; - java.lang.ClassLoader::defineClass@12
                      ; - java.security.SecureClassLoader::defineClass@12
  0x0000017957ac522c: 50f1 7fff 

  0x0000017957ac5230: ;   {other}
  0x0000017957ac5230: 0f1f 8400 | 2038 004d | 498b d7c5 | f877 49ba | 20a4 1d89 | f97f 0000 

  0x0000017957ac5248: ;   {other}
  0x0000017957ac5248: 41ff d20f | 1f84 0000 | 0000 00e9 | fcd9 ffff | ba45 ffff | ff48 8b7c | 2428 4889 | 7c24 2048 
  0x0000017957ac5268: 8b7c 2430 | 4889 7c24 | 2848 8b7c | 2438 4889 | 7c24 308b | 7c24 4089 | 7c24 388b | 6c24 444c 
  0x0000017957ac5288: 896c 2440 | 895c 243c | 4889 7424 | 5044 895c | 2458 4489 | 4c24 5c89 | 4424 6044 | 8944 2464 
  0x0000017957ac52a8: 894c 2468 | 4489 5424 | 6c66 6690 

  0x0000017957ac52b4: ;   {runtime_call UncommonTrapBlob}
  0x0000017957ac52b4: c5f8 77e8 

  0x0000017957ac52b8: ; ImmutableOopMap {[32]=Oop [40]=Oop [48]=Oop [60]=NarrowOop [64]=Oop [80]=Oop [92]=NarrowOop [96]=NarrowOop }
                      ;*if_icmpne {reexecute=1 rethrow=0 return_oop=0}
                      ; - (reexecute) java.lang.String::getBytes@5
                      ; - java.lang.AbstractStringBuilder::putStringAt@15
                      ; - java.lang.AbstractStringBuilder::append@30
                      ; - java.lang.StringBuilder::append@2
                      ; - java.net.URLStreamHandler::toExternalForm@11
                      ; - java.net.URL::toExternalForm@5
                      ; - java.net.URL::toString@1
                      ; - java.lang.ClassLoader::defineClassSourceLocation@22
                      ; - java.lang.ClassLoader::defineClass@12
                      ; - java.security.SecureClassLoader::defineClass@12
  0x0000017957ac52b8: c4f0 7fff 

  0x0000017957ac52bc: ;   {other}
  0x0000017957ac52bc: 0f1f 8400 | ac38 004e | ba45 ffff | ff89 4c24 | 2089 4c24 | 2448 895c | 2450 4489 | 7424 6044 
  0x0000017957ac52dc: 894c 2470 

  0x0000017957ac52e0: ;   {runtime_call UncommonTrapBlob}
  0x0000017957ac52e0: c5f8 77e8 

  0x0000017957ac52e4: ; ImmutableOopMap {[40]=Oop [48]=Oop [56]=Oop [72]=Oop [80]=Oop [96]=NarrowOop }
                      ;*if_icmpgt {reexecute=1 rethrow=0 return_oop=0}
                      ; - (reexecute) jdk.internal.util.Preconditions::checkFromToIndex@6
                      ; - java.lang.String::checkBoundsBeginEnd@6
                      ; - java.lang.String::substring@8
                      ; - java.lang.ClassLoader::checkCerts@21
                      ; - java.lang.ClassLoader::preDefineClass@113
                      ; - java.lang.ClassLoader::defineClass@4
                      ; - java.security.SecureClassLoader::defineClass@12
  0x0000017957ac52e4: 98f0 7fff 

  0x0000017957ac52e8: ;   {other}
  0x0000017957ac52e8: 0f1f 8400 | d838 004f | ba45 ffff | ff48 8b6c | 2428 895c | 2450 6690 

  0x0000017957ac5300: ;   {runtime_call UncommonTrapBlob}
  0x0000017957ac5300: c5f8 77e8 

  0x0000017957ac5304: ; ImmutableOopMap {rbp=Oop [48]=Oop [56]=Oop [72]=Oop }
                      ;*if_icmpne {reexecute=1 rethrow=0 return_oop=0}
                      ; - (reexecute) java.lang.ClassLoader::checkName@20
                      ; - java.lang.ClassLoader::preDefineClass@1
                      ; - java.lang.ClassLoader::defineClass@4
                      ; - java.security.SecureClassLoader::defineClass@12
  0x0000017957ac5304: 78f0 7fff 

  0x0000017957ac5308: ;   {other}
  0x0000017957ac5308: 0f1f 8400 | f838 0050 | ba45 ffff | ff48 8b6c | 2430 4c8b | 5c24 484c | 895c 2438 | 4c89 4c24 
  0x0000017957ac5328: 4044 8944 | 2448 4489 | 5424 4c90 

  0x0000017957ac5334: ;   {runtime_call UncommonTrapBlob}
  0x0000017957ac5334: c5f8 77e8 

  0x0000017957ac5338: ; ImmutableOopMap {rbp=Oop [40]=Oop [56]=Oop [64]=Oop [72]=NarrowOop }
                      ;*ifle {reexecute=1 rethrow=0 return_oop=0}
                      ; - (reexecute) java.util.concurrent.ConcurrentHashMap::get@23
                      ; - java.lang.ClassLoader::getNamedPackage@5
                      ; - java.lang.ClassLoader::postDefineClass@9
                      ; - java.lang.ClassLoader::defineClass@37
                      ; - java.security.SecureClassLoader::defineClass@12
  0x0000017957ac5338: 44f0 7fff 

  0x0000017957ac533c: ;   {other}
  0x0000017957ac533c: 0f1f 8400 | 2c39 0051 | ba45 ffff | ff4c 8b54 | 2428 4c89 | 5424 204c | 8944 2428 | 4c89 4c24 
  0x0000017957ac535c: 3089 7c24 | 3889 7424 | 3c66 6690 

  0x0000017957ac5368: ;   {runtime_call UncommonTrapBlob}
  0x0000017957ac5368: c5f8 77e8 

  0x0000017957ac536c: ; ImmutableOopMap {rbp=Oop [32]=Oop [40]=Oop [48]=Oop }
                      ;*ifnonnull {reexecute=1 rethrow=0 return_oop=0}
                      ; - (reexecute) java.security.SecureClassLoader::getProtectionDomain@1
                      ; - java.security.SecureClassLoader::defineClass@9
  0x0000017957ac536c: 10f0 7fff 

  0x0000017957ac5370: ;   {other}
  0x0000017957ac5370: 0f1f 8400 | 6039 0052 | ba45 ffff | ff66 6690 

  0x0000017957ac5380: ;   {runtime_call UncommonTrapBlob}
  0x0000017957ac5380: c5f8 77e8 

  0x0000017957ac5384: ; ImmutableOopMap {[40]=Oop [48]=Oop [56]=Oop [72]=Oop }
                      ;*if_icmpne {reexecute=1 rethrow=0 return_oop=0}
                      ; - (reexecute) java.lang.ClassLoader::checkName@30
                      ; - java.lang.ClassLoader::preDefineClass@1
                      ; - java.lang.ClassLoader::defineClass@4
                      ; - java.security.SecureClassLoader::defineClass@12
  0x0000017957ac5384: f8ef 7fff 

  0x0000017957ac5388: ;   {other}
  0x0000017957ac5388: 0f1f 8400 | 7839 0053 | ba45 ffff | ff4c 8b54 | 2428 4c89 | 5424 2048 | 895c 2450 | 4c89 6c24 
  0x0000017957ac53a8: 5844 8974 | 2460 6690 

  0x0000017957ac53b0: ;   {runtime_call UncommonTrapBlob}
  0x0000017957ac53b0: c5f8 77e8 

  0x0000017957ac53b4: ; ImmutableOopMap {rbp=NarrowOop [32]=Oop [48]=Oop [56]=Oop [72]=Oop [80]=Oop [88]=Oop [96]=NarrowOop }
                      ;*ifnull {reexecute=1 rethrow=0 return_oop=0}
                      ; - (reexecute) java.security.CodeSource::getCertificates@4
                      ; - java.lang.ClassLoader::checkCerts@34
                      ; - java.lang.ClassLoader::preDefineClass@113
                      ; - java.lang.ClassLoader::defineClass@4
                      ; - java.security.SecureClassLoader::defineClass@12
  0x0000017957ac53b4: c8ef 7fff 

  0x0000017957ac53b8: ;   {other}
  0x0000017957ac53b8: 0f1f 8400 | a839 0054 | ba45 ffff | ff4c 8b54 | 2428 4c89 | 5424 2048 | 895c 2450 | 4c89 6c24 
  0x0000017957ac53d8: 5844 8974 | 2460 6690 

  0x0000017957ac53e0: ;   {runtime_call UncommonTrapBlob}
  0x0000017957ac53e0: c5f8 77e8 

  0x0000017957ac53e4: ; ImmutableOopMap {rbp=NarrowOop [32]=Oop [48]=Oop [56]=Oop [72]=Oop [80]=Oop [88]=Oop [96]=NarrowOop }
                      ;*ifnull {reexecute=1 rethrow=0 return_oop=0}
                      ; - (reexecute) java.security.CodeSource::getCertificates@22
                      ; - java.lang.ClassLoader::checkCerts@34
                      ; - java.lang.ClassLoader::preDefineClass@113
                      ; - java.lang.ClassLoader::defineClass@4
                      ; - java.security.SecureClassLoader::defineClass@12
  0x0000017957ac53e4: 98ef 7fff 

  0x0000017957ac53e8: ;   {other}
  0x0000017957ac53e8: 0f1f 8400 | d839 0055 | ba45 ffff | ff48 8b6c | 2428 4c8b | 5424 304c | 8954 2420 | 4c8b 5424 
  0x0000017957ac5408: 384c 8954 | 2428 448b | 5424 4044 | 8954 2430 | 895c 2440 

  0x0000017957ac541c: ;   {runtime_call UncommonTrapBlob}
  0x0000017957ac541c: c5f8 77e8 

  0x0000017957ac5420: ; ImmutableOopMap {rbp=Oop [32]=Oop [40]=Oop [64]=NarrowOop [72]=Oop }
                      ;*ifnull {reexecute=1 rethrow=0 return_oop=0}
                      ; - (reexecute) java.lang.ClassLoader::defineClassSourceLocation@15
                      ; - java.lang.ClassLoader::defineClass@12
                      ; - java.security.SecureClassLoader::defineClass@12
  0x0000017957ac5420: 5cef 7fff 

  0x0000017957ac5424: ;   {other}
  0x0000017957ac5424: 0f1f 8400 | 143a 0056 | ba45 ffff | ff48 8b6c | 2428 4c8b | 5c24 304c | 895c 2420 | 4c8b 5c24 
  0x0000017957ac5444: 384c 895c | 2428 448b | 4c24 4044 | 894c 2430 | 448b 5c24 | 4444 895c | 2434 4c89 | 6c24 3889 
  0x0000017957ac5464: 5c24 4048 | 8974 2450 | 4889 7424 | 5844 8944 | 2444 4489 | 5424 6890 

  0x0000017957ac547c: ;   {runtime_call UncommonTrapBlob}
  0x0000017957ac547c: c5f8 77e8 

  0x0000017957ac5480: ; ImmutableOopMap {rbp=Oop [32]=Oop [40]=Oop [56]=Oop [64]=NarrowOop [80]=Oop [88]=Oop }
                      ;*if_icmpeq {reexecute=1 rethrow=0 return_oop=0}
                      ; - (reexecute) java.lang.AbstractStringBuilder::inflateIfNeededFor@14
                      ; - java.lang.AbstractStringBuilder::putStringAt@2
                      ; - java.lang.AbstractStringBuilder::append@30
                      ; - java.lang.StringBuilder::append@2
                      ; - java.net.URLStreamHandler::toExternalForm@59
                      ; - java.net.URL::toExternalForm@5
                      ; - java.net.URL::toString@1
                      ; - java.lang.ClassLoader::defineClassSourceLocation@22
                      ; - java.lang.ClassLoader::defineClass@12
                      ; - java.security.SecureClassLoader::defineClass@12
  0x0000017957ac5480: fcee 7fff 

  0x0000017957ac5484: ;   {other}
  0x0000017957ac5484: 0f1f 8400 | 743a 0057 | ba45 ffff | ff48 8b6c | 2428 4c8b | 5424 304c | 8954 2428 | 4c8b 5424 
  0x0000017957ac54a4: 384c 8954 | 2430 448b | 5c24 4044 | 895c 2420 | 448b 5424 | 4444 8954 | 2438 4c8b | 5424 484c 
  0x0000017957ac54c4: 8954 2440 | 4889 5c24 | 5044 8b54 | 2468 4489 | 5424 3c48 | 895c 2458 | 8944 2460 | 4489 4c24 
  0x0000017957ac54e4: 6489 7424 | 7089 4c24 | 7466 6690 

  0x0000017957ac54f0: ;   {runtime_call UncommonTrapBlob}
  0x0000017957ac54f0: c5f8 77e8 

  0x0000017957ac54f4: ; ImmutableOopMap {rbp=Oop [36]=NarrowOop [40]=Oop [48]=Oop [64]=Oop [80]=Oop [88]=Oop [100]=NarrowOop }
                      ;*if_icmpeq {reexecute=1 rethrow=0 return_oop=0}
                      ; - (reexecute) java.lang.AbstractStringBuilder::inflateIfNeededFor@14
                      ; - java.lang.AbstractStringBuilder::putStringAt@2
                      ; - java.lang.AbstractStringBuilder::append@30
                      ; - java.lang.StringBuilder::append@2
                      ; - java.net.URLStreamHandler::toExternalForm@77
                      ; - java.net.URL::toExternalForm@5
                      ; - java.net.URL::toString@1
                      ; - java.lang.ClassLoader::defineClassSourceLocation@22
                      ; - java.lang.ClassLoader::defineClass@12
                      ; - java.security.SecureClassLoader::defineClass@12
  0x0000017957ac54f4: 88ee 7fff 

  0x0000017957ac54f8: ;   {other}
  0x0000017957ac54f8: 0f1f 8400 | e83a 0058 | ba45 ffff | ff4c 8b54 | 2428 4c89 | 5424 204c | 8b54 2430 | 4c89 5424 
  0x0000017957ac5518: 284c 8b54 | 2438 4c89 | 5424 3044 | 8b54 2440 | 4489 5424 | 3844 8b5c | 2444 4489 | 5c24 3c4c 
  0x0000017957ac5538: 8b54 2448 | 4c89 5424 | 4089 7c24 | 4848 895c | 2450 6690 

  0x0000017957ac554c: ;   {runtime_call UncommonTrapBlob}
  0x0000017957ac554c: c5f8 77e8 

  0x0000017957ac5550: ; ImmutableOopMap {rbp=NarrowOop [32]=Oop [40]=Oop [48]=Oop [64]=Oop [72]=NarrowOop [80]=Oop }
                      ;*ifnull {reexecute=1 rethrow=0 return_oop=0}
                      ; - (reexecute) java.net.URLStreamHandler::toExternalForm@86
                      ; - java.net.URL::toExternalForm@5
                      ; - java.net.URL::toString@1
                      ; - java.lang.ClassLoader::defineClassSourceLocation@22
                      ; - java.lang.ClassLoader::defineClass@12
                      ; - java.security.SecureClassLoader::defineClass@12
  0x0000017957ac5550: 2cee 7fff 

  0x0000017957ac5554: ;   {other}
  0x0000017957ac5554: 0f1f 8400 | 443b 0059 | ba45 ffff | ff48 8b6c | 2428 4c8b | 5424 304c | 8954 2420 | 4c8b 5424 
  0x0000017957ac5574: 384c 8954 | 2428 448b | 5424 4044 | 8954 2430 | 448b 4c24 | 4444 894c | 2434 4c8b | 5424 484c 
  0x0000017957ac5594: 8954 2438 | 897c 2440 | 4889 5c24 | 5048 895c | 2458 4489 | 5c24 4444 | 8944 2468 

  0x0000017957ac55b0: ;   {runtime_call UncommonTrapBlob}
  0x0000017957ac55b0: c5f8 77e8 

  0x0000017957ac55b4: ; ImmutableOopMap {rbp=Oop [32]=Oop [40]=Oop [56]=Oop [64]=NarrowOop [80]=Oop [88]=Oop }
                      ;*if_icmpeq {reexecute=1 rethrow=0 return_oop=0}
                      ; - (reexecute) java.lang.AbstractStringBuilder::inflateIfNeededFor@14
                      ; - java.lang.AbstractStringBuilder::putStringAt@2
                      ; - java.lang.AbstractStringBuilder::append@30
                      ; - java.lang.StringBuilder::append@2
                      ; - java.net.URLStreamHandler::toExternalForm@113
                      ; - java.net.URL::toExternalForm@5
                      ; - java.net.URL::toString@1
                      ; - java.lang.ClassLoader::defineClassSourceLocation@22
                      ; - java.lang.ClassLoader::defineClass@12
                      ; - java.security.SecureClassLoader::defineClass@12
  0x0000017957ac55b4: c8ed 7fff 

  0x0000017957ac55b8: ;   {other}
  0x0000017957ac55b8: 0f1f 8400 | a83b 005a | ba45 ffff | ff4c 8b54 | 2428 4c89 | 5424 204c | 8b54 2430 | 4c89 5424 
  0x0000017957ac55d8: 284c 8b54 | 2438 4c89 | 5424 3044 | 8b5c 2440 | 4489 5c24 | 3844 8b54 | 2444 4489 | 5424 3c4c 
  0x0000017957ac55f8: 8b54 2448 | 4c89 5424 | 4048 895c | 2448 6690 

  0x0000017957ac5608: ;   {runtime_call UncommonTrapBlob}
  0x0000017957ac5608: c5f8 77e8 

  0x0000017957ac560c: ; ImmutableOopMap {rbp=NarrowOop [32]=Oop [40]=Oop [48]=Oop [64]=Oop [72]=Oop }
                      ;*ifnull {reexecute=1 rethrow=0 return_oop=0}
                      ; - (reexecute) java.net.URLStreamHandler::toExternalForm@122
                      ; - java.net.URL::toExternalForm@5
                      ; - java.net.URL::toString@1
                      ; - java.lang.ClassLoader::defineClassSourceLocation@22
                      ; - java.lang.ClassLoader::defineClass@12
                      ; - java.security.SecureClassLoader::defineClass@12
  0x0000017957ac560c: 70ed 7fff 

  0x0000017957ac5610: ;   {other}
  0x0000017957ac5610: 0f1f 8400 | 003c 005b | ba45 ffff | ff4c 8b54 | 2428 4c89 | 5424 204c | 8b54 2430 | 4c89 5424 
  0x0000017957ac5630: 284c 8b54 | 2438 4c89 | 5424 3044 | 8b54 2440 | 4489 5424 | 3844 8b5c | 2444 4489 | 5c24 3c4c 
  0x0000017957ac5650: 8b54 2448 | 4c89 5424 | 4048 895c | 2450 4889 | 5c24 5844 | 8944 2460 

  0x0000017957ac5668: ;   {runtime_call UncommonTrapBlob}
  0x0000017957ac5668: c5f8 77e8 

  0x0000017957ac566c: ; ImmutableOopMap {[32]=Oop [40]=Oop [48]=Oop [64]=Oop [80]=Oop [88]=Oop }
                      ;*if_icmpeq {reexecute=1 rethrow=0 return_oop=0}
                      ; - (reexecute) java.lang.AbstractStringBuilder::inflateIfNeededFor@14
                      ; - java.lang.AbstractStringBuilder::putStringAt@2
                      ; - java.lang.AbstractStringBuilder::append@30
                      ; - java.lang.StringBuilder::append@2
                      ; - java.net.URLStreamHandler::toExternalForm@149
                      ; - java.net.URL::toExternalForm@5
                      ; - java.net.URL::toString@1
                      ; - java.lang.ClassLoader::defineClassSourceLocation@22
                      ; - java.lang.ClassLoader::defineClass@12
                      ; - java.security.SecureClassLoader::defineClass@12
  0x0000017957ac566c: 10ed 7fff 

  0x0000017957ac5670: ;   {other}
  0x0000017957ac5670: 0f1f 8400 | 603c 005c | ba45 ffff | ff48 8b6c | 2428 488b | 7c24 3048 | 897c 2420 | 488b 7c24 
  0x0000017957ac5690: 3848 897c | 2428 8b44 | 2440 8944 | 2430 8b7c | 2444 897c | 2434 4c89 | 6c24 3889 | 5c24 4048 
  0x0000017957ac56b0: 8974 2450 | 4489 5c24 | 4448 8974 | 2458 4489 | 4424 6044 | 894c 2464 | 4489 5424 | 7089 4c24 
  0x0000017957ac56d0: 7466 6690 

  0x0000017957ac56d4: ;   {runtime_call UncommonTrapBlob}
  0x0000017957ac56d4: c5f8 77e8 

  0x0000017957ac56d8: ; ImmutableOopMap {rbp=Oop [32]=Oop [40]=Oop [56]=Oop [64]=NarrowOop [80]=Oop [88]=Oop [100]=NarrowOop }
                      ;*if_icmpeq {reexecute=1 rethrow=0 return_oop=0}
                      ; - (reexecute) java.lang.AbstractStringBuilder::inflateIfNeededFor@14
                      ; - java.lang.AbstractStringBuilder::putStringAt@2
                      ; - java.lang.AbstractStringBuilder::append@30
                      ; - java.lang.StringBuilder::append@2
                      ; - java.net.URLStreamHandler::toExternalForm@11
                      ; - java.net.URL::toExternalForm@5
                      ; - java.net.URL::toString@1
                      ; - java.lang.ClassLoader::defineClassSourceLocation@22
                      ; - java.lang.ClassLoader::defineClass@12
                      ; - java.security.SecureClassLoader::defineClass@12
  0x0000017957ac56d8: a4ec 7fff 

  0x0000017957ac56dc: ;   {other}
  0x0000017957ac56dc: 0f1f 8400 | cc3c 005d | ba45 ffff | ff89 4c24 | 2089 4c24 | 2448 895c | 2450 4489 | 7424 6044 
  0x0000017957ac56fc: 894c 2470 | 4489 4c24 | 7466 6690 

  0x0000017957ac5708: ;   {runtime_call UncommonTrapBlob}
  0x0000017957ac5708: c5f8 77e8 

  0x0000017957ac570c: ; ImmutableOopMap {[40]=Oop [48]=Oop [56]=Oop [72]=Oop [80]=Oop [96]=NarrowOop }
                      ;*if_icmple {reexecute=1 rethrow=0 return_oop=0}
                      ; - (reexecute) jdk.internal.util.Preconditions::checkFromToIndex@11
                      ; - java.lang.String::checkBoundsBeginEnd@6
                      ; - java.lang.String::substring@8
                      ; - java.lang.ClassLoader::checkCerts@21
                      ; - java.lang.ClassLoader::preDefineClass@113
                      ; - java.lang.ClassLoader::defineClass@4
                      ; - java.security.SecureClassLoader::defineClass@12
  0x0000017957ac570c: 70ec 7fff 

  0x0000017957ac5710: ;   {other}
  0x0000017957ac5710: 0f1f 8400 | 003d 005e | ba45 ffff | ff4c 8b54 | 2428 4c89 | 5424 2090 

  0x0000017957ac5728: ;   {runtime_call UncommonTrapBlob}
  0x0000017957ac5728: c5f8 77e8 

  0x0000017957ac572c: ; ImmutableOopMap {[32]=Oop [48]=Oop [56]=Oop [72]=Oop }
                      ;*ifne {reexecute=1 rethrow=0 return_oop=0}
                      ; - (reexecute) java.lang.ClassLoader::compareCerts@7
                      ; - java.lang.ClassLoader::checkCerts@80
                      ; - java.lang.ClassLoader::preDefineClass@113
                      ; - java.lang.ClassLoader::defineClass@4
                      ; - java.security.SecureClassLoader::defineClass@12
  0x0000017957ac572c: 50ec 7fff 

  0x0000017957ac5730: ;   {other}
  0x0000017957ac5730: 0f1f 8400 | 203d 005f | baf6 ffff | ff66 6690 

  0x0000017957ac5740: ;   {runtime_call UncommonTrapBlob}
  0x0000017957ac5740: c5f8 77e8 

  0x0000017957ac5744: ; ImmutableOopMap {}
                      ;*invokevirtual isNamed {reexecute=0 rethrow=0 return_oop=0}
                      ; - java.lang.NamedPackage::<init>@12
                      ; - java.lang.ClassLoader::getNamedPackage@22
                      ; - java.lang.ClassLoader::postDefineClass@9
                      ; - java.lang.ClassLoader::defineClass@37
                      ; - java.security.SecureClassLoader::defineClass@12
  0x0000017957ac5744: 38ec 7fff 

  0x0000017957ac5748: ;   {other}
  0x0000017957ac5748: 0f1f 8400 | 383d 0060 | 4c89 5424 | 504c 896c | 2420 488b | eb44 8bee | 498b d7c5 | f877 49ba 
  0x0000017957ac5768: 20a4 1d89 | f97f 0000 

  0x0000017957ac5770: ;   {other}
  0x0000017957ac5770: 41ff d20f | 1f84 0000 | 0000 0041 | 8bf5 488b | dd4c 8b6c | 2420 4c8b | 5424 50e9 | 11ce ffff 
  0x0000017957ac5790: baf6 ffff | ff66 6690 

  0x0000017957ac5798: ;   {runtime_call UncommonTrapBlob}
  0x0000017957ac5798: c5f8 77e8 

  0x0000017957ac579c: ; ImmutableOopMap {[56]=NarrowOop }
                      ;*invokevirtual append {reexecute=0 rethrow=0 return_oop=0}
                      ; - java.lang.NamedPackage::<init>@35
                      ; - java.lang.ClassLoader::getNamedPackage@22
                      ; - java.lang.ClassLoader::postDefineClass@9
                      ; - java.lang.ClassLoader::defineClass@37
                      ; - java.security.SecureClassLoader::defineClass@12
  0x0000017957ac579c: e0eb 7fff 

  0x0000017957ac57a0: ;   {other}
  0x0000017957ac57a0: 0f1f 8400 | 903d 0061 | baf6 ffff | ff66 6690 

  0x0000017957ac57b0: ;   {runtime_call UncommonTrapBlob}
  0x0000017957ac57b0: c5f8 77e8 

  0x0000017957ac57b4: ; ImmutableOopMap {}
                      ;*invokevirtual toString {reexecute=0 rethrow=0 return_oop=0}
                      ; - java.lang.NamedPackage::<init>@38
                      ; - java.lang.ClassLoader::getNamedPackage@22
                      ; - java.lang.ClassLoader::postDefineClass@9
                      ; - java.lang.ClassLoader::defineClass@37
                      ; - java.security.SecureClassLoader::defineClass@12
  0x0000017957ac57b4: c8eb 7fff 

  0x0000017957ac57b8: ;   {other}
  0x0000017957ac57b8: 0f1f 8400 | a83d 0062 | 4d63 cae9 | a7d7 ffff | 4983 c1fe | 498b c948 | 8bfa 4833 | c048 83f9 
  0x0000017957ac57d8: 087f 1048 | ffc9 784f | 4889 04cf | 48ff c97d | f7eb 44c5 | fdef c0e9 | 0d00 0000 | c5fe 7f07 
  0x0000017957ac57f8: c5fe 7f47 | 2048 83c7 | 4048 83e9 | 087d ed48 | 83c1 047c | 0cc5 fe7f | 0748 83c7 | 2048 83e9 
  0x0000017957ac5818: 0448 83c1 | 047e 1048 | ffc9 c5f9 | d607 4883 | c708 48ff | c97d f3e9 | 0dd8 ffff | bacc ffff 
  0x0000017957ac5838: ff44 8954 | 2420 4c8b | 5424 484c | 8954 2440 | 4889 5c24 | 6089 4c24 | 2466 6690 

  0x0000017957ac5854: ;   {runtime_call UncommonTrapBlob}
  0x0000017957ac5854: c5f8 77e8 

  0x0000017957ac5858: ; ImmutableOopMap {[36]=NarrowOop [40]=Oop [48]=Oop [64]=Oop [96]=Oop }
                      ;*newarray {reexecute=1 rethrow=0 return_oop=0}
                      ; - (reexecute) java.util.Arrays::copyOfRangeByte@10
                      ; - java.util.Arrays::copyOfRange@13
                      ; - java.lang.StringLatin1::newString@16
                      ; - java.lang.String::substring@41
                      ; - java.lang.Class::getPackageName@62
                      ; - java.lang.ClassLoader::postDefineClass@2
                      ; - java.lang.ClassLoader::defineClass@37
                      ; - java.security.SecureClassLoader::defineClass@12
  0x0000017957ac5858: 24eb 7fff 

  0x0000017957ac585c: ;   {other}
  0x0000017957ac585c: 0f1f 8400 | 4c3e 0063 | ba45 ffff | ff48 8b6c | 2428 4c8b | 5424 304c | 8954 2420 | 4c8b 5424 
  0x0000017957ac587c: 384c 8954 | 2428 448b | 5424 4044 | 8954 2430 | 448b 5c24 | 4444 895c | 2434 4c8b | 5424 484c 
  0x0000017957ac589c: 8954 2438 | 4889 7424 | 4844 8944 | 2450 894c | 2458 894c | 245c 6690 

  0x0000017957ac58b4: ;   {runtime_call UncommonTrapBlob}
  0x0000017957ac58b4: c5f8 77e8 

  0x0000017957ac58b8: ; ImmutableOopMap {rbp=Oop [32]=Oop [40]=Oop [56]=Oop [72]=Oop [80]=NarrowOop }
                      ;*if_icmpge {reexecute=1 rethrow=0 return_oop=0}
                      ; - (reexecute) java.util.Arrays::checkLength@2
                      ; - java.util.Arrays::copyOfRangeByte@2
                      ; - java.util.Arrays::copyOfRange@13
                      ; - java.lang.String::<init>@32
                      ; - java.lang.String::<init>@3
                      ; - java.lang.StringBuilder::toString@5
                      ; - java.net.URLStreamHandler::toExternalForm@152
                      ; - java.net.URL::toExternalForm@5
                      ; - java.net.URL::toString@1
                      ; - java.lang.ClassLoader::defineClassSourceLocation@22
                      ; - java.lang.ClassLoader::defineClass@12
                      ; - java.security.SecureClassLoader::defineClass@12
  0x0000017957ac58b8: c4ea 7fff 

  0x0000017957ac58bc: ;   {other}
  0x0000017957ac58bc: 0f1f 8400 | ac3e 0064 | 458b d3e9 | 7fd5 ffff | 4585 d244 | 8b54 2420 | 410f 94c2 | ba45 ffff 
  0x0000017957ac58dc: ff48 8b6c | 2430 4c8b | 5c24 484c | 895c 2438 | 4889 4424 | 5089 5c24 | 5844 8954 | 245c 6690 
  0x0000017957ac58fc: ;   {runtime_call UncommonTrapBlob}
  0x0000017957ac58fc: c5f8 77e8 

  0x0000017957ac5900: ; ImmutableOopMap {rbp=Oop [40]=Oop [56]=Oop [80]=Oop }
                      ;*ifeq {reexecute=1 rethrow=0 return_oop=0}
                      ; - (reexecute) java.lang.String::lastIndexOf@4
                      ; - java.lang.String::lastIndexOf@8
                      ; - java.lang.Class::getPackageName@47
                      ; - java.lang.ClassLoader::postDefineClass@2
                      ; - java.lang.ClassLoader::defineClass@37
                      ; - java.security.SecureClassLoader::defineClass@12
  0x0000017957ac5900: 7cea 7fff 

  0x0000017957ac5904: ;   {other}
  0x0000017957ac5904: 0f1f 8400 | f43e 0065 | 498b d7c5 | f877 49ba | 20a4 1d89 | f97f 0000 

  0x0000017957ac591c: ;   {other}
  0x0000017957ac591c: 41ff d20f | 1f84 0000 | 0000 00e9 | 86d7 ffff | ba45 ffff | ff44 8954 | 2420 4489 | 5424 244c 
  0x0000017957ac593c: 8b54 2448 | 4c89 5424 | 4048 8944 | 2458 4489 | 4c24 6490 

  0x0000017957ac5950: ;   {runtime_call UncommonTrapBlob}
  0x0000017957ac5950: c5f8 77e8 

  0x0000017957ac5954: ; ImmutableOopMap {[40]=Oop [48]=Oop [64]=Oop [88]=Oop }
                      ;*if_icmpgt {reexecute=1 rethrow=0 return_oop=0}
                      ; - (reexecute) jdk.internal.util.Preconditions::checkFromToIndex@6
                      ; - java.lang.String::checkBoundsBeginEnd@6
                      ; - java.lang.String::substring@8
                      ; - java.lang.Class::getPackageName@62
                      ; - java.lang.ClassLoader::postDefineClass@2
                      ; - java.lang.ClassLoader::defineClass@37
                      ; - java.security.SecureClassLoader::defineClass@12
  0x0000017957ac5954: 28ea 7fff 

  0x0000017957ac5958: ;   {other}
  0x0000017957ac5958: 0f1f 8400 | 483f 0066 | ba45 ffff | ff44 8954 | 2420 4489 | 5424 244c | 8b54 2448 | 4c89 5424 
  0x0000017957ac5978: 4048 8944 | 2458 4489 | 4c24 6444 | 894c 2468 

  0x0000017957ac5988: ;   {runtime_call UncommonTrapBlob}
  0x0000017957ac5988: c5f8 77e8 

  0x0000017957ac598c: ; ImmutableOopMap {[40]=Oop [48]=Oop [64]=Oop [88]=Oop }
                      ;*if_icmple {reexecute=1 rethrow=0 return_oop=0}
                      ; - (reexecute) jdk.internal.util.Preconditions::checkFromToIndex@11
                      ; - java.lang.String::checkBoundsBeginEnd@6
                      ; - java.lang.String::substring@8
                      ; - java.lang.Class::getPackageName@62
                      ; - java.lang.ClassLoader::postDefineClass@2
                      ; - java.lang.ClassLoader::defineClass@37
                      ; - java.security.SecureClassLoader::defineClass@12
  0x0000017957ac598c: f0e9 7fff 

  0x0000017957ac5990: ;   {other}
  0x0000017957ac5990: 0f1f 8400 | 803f 0067 | 498b d7c5 | f877 49ba | 20a4 1d89 | f97f 0000 

  0x0000017957ac59a8: ;   {other}
  0x0000017957ac59a8: 41ff d20f | 1f84 0000 | 0000 00e9 | 94d6 ffff | ba45 ffff | ff44 8954 | 2438 6690 

  0x0000017957ac59c4: ;   {runtime_call UncommonTrapBlob}
  0x0000017957ac59c4: c5f8 77e8 

  0x0000017957ac59c8: ; ImmutableOopMap {rbp=NarrowOop [40]=Oop [48]=Oop [56]=NarrowOop }
                      ;*ifnull {reexecute=1 rethrow=0 return_oop=0}
                      ; - (reexecute) java.security.CodeSource::getCertificates@4
                      ; - java.lang.ClassLoader::postDefineClass@24
                      ; - java.lang.ClassLoader::defineClass@37
                      ; - java.security.SecureClassLoader::defineClass@12
  0x0000017957ac59c8: b4e9 7fff 

  0x0000017957ac59cc: ;   {other}
  0x0000017957ac59cc: 0f1f 8400 | bc3f 0068 | ba45 ffff | ff44 8954 | 2438 6690 

  0x0000017957ac59e0: ;   {runtime_call UncommonTrapBlob}
  0x0000017957ac59e0: c5f8 77e8 

  0x0000017957ac59e4: ; ImmutableOopMap {rbp=NarrowOop [40]=Oop [48]=Oop [56]=NarrowOop }
                      ;*ifnull {reexecute=1 rethrow=0 return_oop=0}
                      ; - (reexecute) java.security.CodeSource::getCertificates@22
                      ; - java.lang.ClassLoader::postDefineClass@24
                      ; - java.lang.ClassLoader::defineClass@37
                      ; - java.security.SecureClassLoader::defineClass@12
  0x0000017957ac59e4: 98e9 7fff 

  0x0000017957ac59e8: ;   {other}
  0x0000017957ac59e8: 0f1f 8400 | d83f 0069 | bae4 ffff | ff48 8b6c | 2428 c5fa | 114c 2454 

  0x0000017957ac5a00: ;   {runtime_call UncommonTrapBlob}
  0x0000017957ac5a00: c5f8 77e8 

  0x0000017957ac5a04: ; ImmutableOopMap {rbp=Oop [48]=Oop [56]=Oop [72]=Oop [84]=NarrowOop }
                      ;*baload {reexecute=0 rethrow=0 return_oop=0}
                      ; - jdk.internal.util.ArraysSupport::mismatch@82
                      ; - java.lang.String::startsWith@70
                      ; - java.lang.String::startsWith@3
                      ; - java.lang.ClassLoader::preDefineClass@43
                      ; - java.lang.ClassLoader::defineClass@4
                      ; - java.security.SecureClassLoader::defineClass@12
  0x0000017957ac5a04: 78e9 7fff 

  0x0000017957ac5a08: ;   {other}
  0x0000017957ac5a08: 0f1f 8400 | f83f 006a | ba45 ffff | ff48 8b4c | 2448 4889 | 4c24 3844 | 8944 2450 | 4c89 4c24 
  0x0000017957ac5a28: 5844 896c | 2454 4489 | 5c24 6044 | 8954 2464 

  0x0000017957ac5a38: ;   {runtime_call UncommonTrapBlob}
  0x0000017957ac5a38: c5f8 77e8 

  0x0000017957ac5a3c: ; ImmutableOopMap {[40]=Oop [48]=Oop [56]=Oop [80]=NarrowOop [84]=NarrowOop [88]=Oop }
                      ;*if_icmpne {reexecute=1 rethrow=0 return_oop=0}
                      ; - (reexecute) java.lang.String::equals@33
                      ; - java.util.concurrent.ConcurrentHashMap::get@73
                      ; - java.lang.ClassLoader::getNamedPackage@5
                      ; - java.lang.ClassLoader::postDefineClass@9
                      ; - java.lang.ClassLoader::defineClass@37
                      ; - java.security.SecureClassLoader::defineClass@12
  0x0000017957ac5a3c: 40e9 7fff 

  0x0000017957ac5a40: ;   {other}
  0x0000017957ac5a40: 0f1f 8400 | 3040 006b | ba45 ffff | ff4c 8b54 | 2448 4c89 | 5424 3844 | 8944 2450 | 4c89 4c24 
  0x0000017957ac5a60: 5844 896c | 2454 4489 | 5c24 6090 

  0x0000017957ac5a6c: ;   {runtime_call UncommonTrapBlob}
  0x0000017957ac5a6c: c5f8 77e8 

  0x0000017957ac5a70: ; ImmutableOopMap {[40]=Oop [48]=Oop [56]=Oop [80]=NarrowOop [84]=NarrowOop [88]=Oop }
                      ;*ifge {reexecute=1 rethrow=0 return_oop=0}
                      ; - (reexecute) java.util.concurrent.ConcurrentHashMap::get@86
                      ; - java.lang.ClassLoader::getNamedPackage@5
                      ; - java.lang.ClassLoader::postDefineClass@9
                      ; - java.lang.ClassLoader::defineClass@37
                      ; - java.security.SecureClassLoader::defineClass@12
  0x0000017957ac5a70: 0ce9 7fff 

  0x0000017957ac5a74: ;   {other}
  0x0000017957ac5a74: 0f1f 8400 | 6440 006c | baf6 ffff | ff48 8b6c | 2420 6690 

  0x0000017957ac5a88: ;   {runtime_call UncommonTrapBlob}
  0x0000017957ac5a88: c5f8 77e8 

  0x0000017957ac5a8c: ; ImmutableOopMap {rbp=Oop [88]=Oop }
                      ;*invokevirtual putIfAbsent {reexecute=0 rethrow=0 return_oop=0}
                      ; - java.lang.ClassLoader::getNamedPackage@32
                      ; - java.lang.ClassLoader::postDefineClass@9
                      ; - java.lang.ClassLoader::defineClass@37
                      ; - java.security.SecureClassLoader::defineClass@12
  0x0000017957ac5a8c: f0e8 7fff 

  0x0000017957ac5a90: ;   {other}
  0x0000017957ac5a90: 0f1f 8400 | 8040 006d | 488b e8ba | 54ff ffff | 4c8b 5424 | 484c 8954 | 2438 6690 

  0x0000017957ac5aac: ;   {runtime_call UncommonTrapBlob}
  0x0000017957ac5aac: c5f8 77e8 

  0x0000017957ac5ab0: ; ImmutableOopMap {rbp=Oop [40]=Oop [48]=Oop [56]=Oop [80]=NarrowOop [88]=Oop }
                      ;*ifnull {reexecute=1 rethrow=0 return_oop=0}
                      ; - (reexecute) java.lang.ClassLoader::getNamedPackage@42
                      ; - java.lang.ClassLoader::postDefineClass@9
                      ; - java.lang.ClassLoader::defineClass@37
                      ; - java.security.SecureClassLoader::defineClass@12
  0x0000017957ac5ab0: cce8 7fff 

  0x0000017957ac5ab4: ;   {other}
  0x0000017957ac5ab4: 0f1f 8400 | a440 006e | ba45 ffff | ff4c 8b54 | 2448 4c89 | 5424 3844 | 8944 2450 | 4c89 4c24 
  0x0000017957ac5ad4: 5848 897c | 2460 4489 | 5c24 5490 

  0x0000017957ac5ae0: ;   {runtime_call UncommonTrapBlob}
  0x0000017957ac5ae0: c5f8 77e8 

  0x0000017957ac5ae4: ; ImmutableOopMap {rbp=NarrowOop [40]=Oop [48]=Oop [56]=Oop [80]=NarrowOop [88]=Oop [96]=Oop }
                      ;*ifnull {reexecute=1 rethrow=0 return_oop=0}
                      ; - (reexecute) java.util.concurrent.ConcurrentHashMap::get@143
                      ; - java.lang.ClassLoader::getNamedPackage@5
                      ; - java.lang.ClassLoader::postDefineClass@9
                      ; - java.lang.ClassLoader::defineClass@37
                      ; - java.security.SecureClassLoader::defineClass@12
  0x0000017957ac5ae4: 98e8 7fff 

  0x0000017957ac5ae8: ;   {other}
  0x0000017957ac5ae8: 0f1f 8400 | d840 006f | ba45 ffff | ff48 8b6c | 2430 8944 | 2460 6690 

  0x0000017957ac5b00: ;   {runtime_call UncommonTrapBlob}
  0x0000017957ac5b00: c5f8 77e8 

  0x0000017957ac5b04: ; ImmutableOopMap {rbp=Oop [32]=Oop [40]=Oop [56]=NarrowOop [64]=Oop [72]=Oop }
                      ;*ifeq {reexecute=1 rethrow=0 return_oop=0}
                      ; - (reexecute) java.util.concurrent.ConcurrentHashMap::get@152
                      ; - java.lang.ClassLoader::getNamedPackage@5
                      ; - java.lang.ClassLoader::postDefineClass@9
                      ; - java.lang.ClassLoader::defineClass@37
                      ; - java.security.SecureClassLoader::defineClass@12
  0x0000017957ac5b04: 78e8 7fff 

  0x0000017957ac5b08: ;   {other}
  0x0000017957ac5b08: 0f1f 8400 | f840 0070 | 498b d7c5 | f877 49ba | 20a4 1d89 | f97f 0000 

  0x0000017957ac5b20: ;   {other}
  0x0000017957ac5b20: 41ff d20f | 1f84 0000 | 0000 00e9 | addb ffff | 498b d7c5 | f877 49ba | 20a4 1d89 | f97f 0000 
  0x0000017957ac5b40: ;   {other}
  0x0000017957ac5b40: 41ff d20f | 1f84 0000 | 0000 00e9 | 41dc ffff | 498b d7c5 | f877 49ba | 20a4 1d89 | f97f 0000 
  0x0000017957ac5b60: ;   {other}
  0x0000017957ac5b60: 41ff d20f | 1f84 0000 | 0000 00e9 | c7dc ffff | 498b d7c5 | f877 49ba | 20a4 1d89 | f97f 0000 
  0x0000017957ac5b80: ;   {other}
  0x0000017957ac5b80: 41ff d20f | 1f84 0000 | 0000 00e9 | 51dd ffff | 498b d7c5 | f877 49ba | 20a4 1d89 | f97f 0000 
  0x0000017957ac5ba0: ;   {other}
  0x0000017957ac5ba0: 41ff d20f | 1f84 0000 | 0000 00e9 | c9dd ffff | 498b d7c5 | f877 49ba | 20a4 1d89 | f97f 0000 
  0x0000017957ac5bc0: ;   {other}
  0x0000017957ac5bc0: 41ff d20f | 1f84 0000 | 0000 00e9 | 6bde ffff | 498b d7c5 | f877 49ba | 20a4 1d89 | f97f 0000 
  0x0000017957ac5be0: ;   {other}
  0x0000017957ac5be0: 41ff d20f | 1f84 0000 | 0000 00e9 | 20df ffff | 498b d7c5 | f877 49ba | 20a4 1d89 | f97f 0000 
  0x0000017957ac5c00: ;   {other}
  0x0000017957ac5c00: 41ff d20f | 1f84 0000 | 0000 00e9 | 4cdf ffff | ba37 0100 | 0048 8beb | 4c8b 5424 | 384c 8954 
  0x0000017957ac5c20: 2428 6690 

  0x0000017957ac5c24: ;   {runtime_call UncommonTrapBlob}
  0x0000017957ac5c24: c5f8 77e8 

  0x0000017957ac5c28: ; ImmutableOopMap {rbp=Oop [40]=Oop [48]=Oop }
                      ;*new {reexecute=0 rethrow=0 return_oop=0}
                      ; - java.lang.ClassLoader::preDefineClass@56
                      ; - java.lang.ClassLoader::defineClass@4
                      ; - java.security.SecureClassLoader::defineClass@12
  0x0000017957ac5c28: 54e7 7fff 

  0x0000017957ac5c2c: ;   {other}
  0x0000017957ac5c2c: 0f1f 8400 | 1c42 0071 | bade ffff | ff48 8b6c | 2428 4c8b | 5424 304c | 8954 2420 | 4c8b 5424 
  0x0000017957ac5c4c: 384c 8954 | 2428 4889 | 4424 3890 

  0x0000017957ac5c58: ;   {runtime_call UncommonTrapBlob}
  0x0000017957ac5c58: c5f8 77e8 

  0x0000017957ac5c5c: ; ImmutableOopMap {rbp=Oop [32]=Oop [40]=Oop [56]=Oop }
                      ;*checkcast {reexecute=0 rethrow=0 return_oop=0}
                      ; - java.security.SecureClassLoader::getProtectionDomain@33
                      ; - java.security.SecureClassLoader::defineClass@9
  0x0000017957ac5c5c: 20e7 7fff 

  0x0000017957ac5c60: ;   {other}
  0x0000017957ac5c60: 0f1f 8400 | 5042 0072 | bade ffff | ff48 8b6c | 2428 4c8b | 5424 384c | 8954 2428 | 448b 5c24 
  0x0000017957ac5c80: 4044 895c | 2438 448b | 5424 4444 | 8954 243c | 4c8b 5424 | 484c 8954 | 2440 4c8b | 5424 504c 
  0x0000017957ac5ca0: 8954 2448 | 4889 4424 | 5066 6690 

  0x0000017957ac5cac: ;   {runtime_call UncommonTrapBlob}
  0x0000017957ac5cac: c5f8 77e8 

  0x0000017957ac5cb0: ; ImmutableOopMap {rbp=Oop [40]=Oop [48]=Oop [64]=Oop [72]=Oop [80]=Oop }
                      ;*checkcast {reexecute=0 rethrow=0 return_oop=0}
                      ; - java.lang.ClassLoader::checkCerts@65
                      ; - java.lang.ClassLoader::preDefineClass@113
                      ; - java.lang.ClassLoader::defineClass@4
                      ; - java.security.SecureClassLoader::defineClass@12
  0x0000017957ac5cb0: cce6 7fff 

  0x0000017957ac5cb4: ;   {other}
  0x0000017957ac5cb4: 0f1f 8400 | a442 0073 | baf6 ffff | ff49 8be8 | 4c89 4c24 | 2066 6690 

  0x0000017957ac5ccc: ;   {runtime_call UncommonTrapBlob}
  0x0000017957ac5ccc: c5f8 77e8 

  0x0000017957ac5cd0: ; ImmutableOopMap {rbp=Oop [32]=Oop }
                      ;*invokeinterface computeIfAbsent {reexecute=0 rethrow=0 return_oop=0}
                      ; - java.security.SecureClassLoader::getProtectionDomain@28
                      ; - java.security.SecureClassLoader::defineClass@9
  0x0000017957ac5cd0: ace6 7fff 

  0x0000017957ac5cd4: ;   {other}
  0x0000017957ac5cd4: 0f1f 8400 | c442 0074 | baf4 ffff | ff48 8b6c | 2428 4c8b | 5424 304c | 8954 2420 

  0x0000017957ac5cf0: ;   {runtime_call UncommonTrapBlob}
  0x0000017957ac5cf0: c5f8 77e8 

  0x0000017957ac5cf4: ; ImmutableOopMap {rbp=Oop [32]=Oop [56]=Oop }
                      ;*checkcast {reexecute=0 rethrow=0 return_oop=0}
                      ; - java.security.SecureClassLoader::getProtectionDomain@33
                      ; - java.security.SecureClassLoader::defineClass@9
  0x0000017957ac5cf4: 88e6 7fff 

  0x0000017957ac5cf8: ;   {other}
  0x0000017957ac5cf8: 0f1f 8400 | e842 0075 | baf6 ffff | ff66 6690 

  0x0000017957ac5d08: ;   {runtime_call UncommonTrapBlob}
  0x0000017957ac5d08: c5f8 77e8 

  0x0000017957ac5d0c: ; ImmutableOopMap {}
                      ;*arraylength {reexecute=0 rethrow=0 return_oop=0}
                      ; - java.lang.String::isEmpty@4
                      ; - java.lang.ClassLoader::checkName@5
                      ; - java.lang.ClassLoader::preDefineClass@1
                      ; - java.lang.ClassLoader::defineClass@4
                      ; - java.security.SecureClassLoader::defineClass@12
  0x0000017957ac5d0c: 70e6 7fff 

  0x0000017957ac5d10: ;   {other}
  0x0000017957ac5d10: 0f1f 8400 | 0043 0076 | baf6 ffff | ff66 6690 

  0x0000017957ac5d20: ;   {runtime_call UncommonTrapBlob}
  0x0000017957ac5d20: c5f8 77e8 

  0x0000017957ac5d24: ; ImmutableOopMap {}
                      ;*arraylength {reexecute=0 rethrow=0 return_oop=0}
                      ; - java.lang.AbstractStringBuilder::ensureCapacityInternal@4
                      ; - java.lang.AbstractStringBuilder::append@7
                      ; - java.lang.StringBuilder::append@2
                      ; - java.net.URLStreamHandler::toExternalForm@16
                      ; - java.net.URL::toExternalForm@5
                      ; - java.net.URL::toString@1
                      ; - java.lang.ClassLoader::defineClassSourceLocation@22
                      ; - java.lang.ClassLoader::defineClass@12
                      ; - java.security.SecureClassLoader::defineClass@12
  0x0000017957ac5d24: 58e6 7fff 

  0x0000017957ac5d28: ;   {other}
  0x0000017957ac5d28: 0f1f 8400 | 1843 0077 | baf6 ffff | ff66 6690 

  0x0000017957ac5d38: ;   {runtime_call UncommonTrapBlob}
  0x0000017957ac5d38: c5f8 77e8 

  0x0000017957ac5d3c: ; ImmutableOopMap {}
                      ;*arraylength {reexecute=0 rethrow=0 return_oop=0}
                      ; - java.lang.AbstractStringBuilder::ensureCapacityInternal@4
                      ; - java.lang.AbstractStringBuilder::append@21
                      ; - java.lang.StringBuilder::append@2
                      ; - java.net.URLStreamHandler::toExternalForm@59
                      ; - java.net.URL::toExternalForm@5
                      ; - java.net.URL::toString@1
                      ; - java.lang.ClassLoader::defineClassSourceLocation@22
                      ; - java.lang.ClassLoader::defineClass@12
                      ; - java.security.SecureClassLoader::defineClass@12
  0x0000017957ac5d3c: 40e6 7fff 

  0x0000017957ac5d40: ;   {other}
  0x0000017957ac5d40: 0f1f 8400 | 3043 0078 | baf6 ffff | ff41 8be8 

  0x0000017957ac5d50: ;   {runtime_call UncommonTrapBlob}
  0x0000017957ac5d50: c5f8 77e8 

  0x0000017957ac5d54: ; ImmutableOopMap {}
                      ;*invokestatic arraycopy {reexecute=0 rethrow=0 return_oop=0}
                      ; - java.lang.String::getBytes@22
                      ; - java.lang.AbstractStringBuilder::putStringAt@15
                      ; - java.lang.AbstractStringBuilder::append@30
                      ; - java.lang.StringBuilder::append@2
                      ; - java.net.URLStreamHandler::toExternalForm@59
                      ; - java.net.URL::toExternalForm@5
                      ; - java.net.URL::toString@1
                      ; - java.lang.ClassLoader::defineClassSourceLocation@22
                      ; - java.lang.ClassLoader::defineClass@12
                      ; - java.security.SecureClassLoader::defineClass@12
  0x0000017957ac5d54: 28e6 7fff 

  0x0000017957ac5d58: ;   {other}
  0x0000017957ac5d58: 0f1f 8400 | 4843 0079 | baf6 ffff | ff66 6690 

  0x0000017957ac5d68: ;   {runtime_call UncommonTrapBlob}
  0x0000017957ac5d68: c5f8 77e8 

  0x0000017957ac5d6c: ; ImmutableOopMap {}
                      ;*arraylength {reexecute=0 rethrow=0 return_oop=0}
                      ; - java.lang.String::length@4
                      ; - java.lang.AbstractStringBuilder::append@10
                      ; - java.lang.StringBuilder::append@2
                      ; - java.net.URLStreamHandler::toExternalForm@77
                      ; - java.net.URL::toExternalForm@5
                      ; - java.net.URL::toString@1
                      ; - java.lang.ClassLoader::defineClassSourceLocation@22
                      ; - java.lang.ClassLoader::defineClass@12
                      ; - java.security.SecureClassLoader::defineClass@12
  0x0000017957ac5d6c: 10e6 7fff 

  0x0000017957ac5d70: ;   {other}
  0x0000017957ac5d70: 0f1f 8400 | 6043 007a | baf6 ffff | ff66 6690 

  0x0000017957ac5d80: ;   {runtime_call UncommonTrapBlob}
  0x0000017957ac5d80: c5f8 77e8 

  0x0000017957ac5d84: ; ImmutableOopMap {}
                      ;*arraylength {reexecute=0 rethrow=0 return_oop=0}
                      ; - java.lang.AbstractStringBuilder::ensureCapacityInternal@4
                      ; - java.lang.AbstractStringBuilder::append@21
                      ; - java.lang.StringBuilder::append@2
                      ; - java.net.URLStreamHandler::toExternalForm@77
                      ; - java.net.URL::toExternalForm@5
                      ; - java.net.URL::toString@1
                      ; - java.lang.ClassLoader::defineClassSourceLocation@22
                      ; - java.lang.ClassLoader::defineClass@12
                      ; - java.security.SecureClassLoader::defineClass@12
  0x0000017957ac5d84: f8e5 7fff 

  0x0000017957ac5d88: ;   {other}
  0x0000017957ac5d88: 0f1f 8400 | 7843 007b | baf6 ffff | ff66 6690 

  0x0000017957ac5d98: ;   {runtime_call UncommonTrapBlob}
  0x0000017957ac5d98: c5f8 77e8 

  0x0000017957ac5d9c: ; ImmutableOopMap {}
                      ;*arraylength {reexecute=0 rethrow=0 return_oop=0}
                      ; - java.lang.String::getBytes@21
                      ; - java.lang.AbstractStringBuilder::putStringAt@15
                      ; - java.lang.AbstractStringBuilder::append@30
                      ; - java.lang.StringBuilder::append@2
                      ; - java.net.URLStreamHandler::toExternalForm@77
                      ; - java.net.URL::toExternalForm@5
                      ; - java.net.URL::toString@1
                      ; - java.lang.ClassLoader::defineClassSourceLocation@22
                      ; - java.lang.ClassLoader::defineClass@12
                      ; - java.security.SecureClassLoader::defineClass@12
  0x0000017957ac5d9c: e0e5 7fff 

  0x0000017957ac5da0: ;   {other}
  0x0000017957ac5da0: 0f1f 8400 | 9043 007c | baf6 ffff | ff89 4c24 | 2044 8944 | 2424 6690 

  0x0000017957ac5db8: ;   {runtime_call UncommonTrapBlob}
  0x0000017957ac5db8: c5f8 77e8 

  0x0000017957ac5dbc: ; ImmutableOopMap {[32]=NarrowOop }
                      ;*invokestatic arraycopy {reexecute=0 rethrow=0 return_oop=0}
                      ; - java.lang.String::getBytes@22
                      ; - java.lang.AbstractStringBuilder::putStringAt@15
                      ; - java.lang.AbstractStringBuilder::append@30
                      ; - java.lang.StringBuilder::append@2
                      ; - java.net.URLStreamHandler::toExternalForm@77
                      ; - java.net.URL::toExternalForm@5
                      ; - java.net.URL::toString@1
                      ; - java.lang.ClassLoader::defineClassSourceLocation@22
                      ; - java.lang.ClassLoader::defineClass@12
                      ; - java.security.SecureClassLoader::defineClass@12
  0x0000017957ac5dbc: c0e5 7fff 

  0x0000017957ac5dc0: ;   {other}
  0x0000017957ac5dc0: 0f1f 8400 | b043 007d | baf6 ffff | ff66 6690 

  0x0000017957ac5dd0: ;   {runtime_call UncommonTrapBlob}
  0x0000017957ac5dd0: c5f8 77e8 

  0x0000017957ac5dd4: ; ImmutableOopMap {}
                      ;*arraylength {reexecute=0 rethrow=0 return_oop=0}
                      ; - java.lang.AbstractStringBuilder::ensureCapacityInternal@4
                      ; - java.lang.AbstractStringBuilder::append@21
                      ; - java.lang.StringBuilder::append@2
                      ; - java.net.URLStreamHandler::toExternalForm@113
                      ; - java.net.URL::toExternalForm@5
                      ; - java.net.URL::toString@1
                      ; - java.lang.ClassLoader::defineClassSourceLocation@22
                      ; - java.lang.ClassLoader::defineClass@12
                      ; - java.security.SecureClassLoader::defineClass@12
  0x0000017957ac5dd4: a8e5 7fff 

  0x0000017957ac5dd8: ;   {other}
  0x0000017957ac5dd8: 0f1f 8400 | c843 007e | baf6 ffff | ff41 8beb 

  0x0000017957ac5de8: ;   {runtime_call UncommonTrapBlob}
  0x0000017957ac5de8: c5f8 77e8 

  0x0000017957ac5dec: ; ImmutableOopMap {}
                      ;*invokestatic arraycopy {reexecute=0 rethrow=0 return_oop=0}
                      ; - java.lang.String::getBytes@22
                      ; - java.lang.AbstractStringBuilder::putStringAt@15
                      ; - java.lang.AbstractStringBuilder::append@30
                      ; - java.lang.StringBuilder::append@2
                      ; - java.net.URLStreamHandler::toExternalForm@113
                      ; - java.net.URL::toExternalForm@5
                      ; - java.net.URL::toString@1
                      ; - java.lang.ClassLoader::defineClassSourceLocation@22
                      ; - java.lang.ClassLoader::defineClass@12
                      ; - java.security.SecureClassLoader::defineClass@12
  0x0000017957ac5dec: 90e5 7fff 

  0x0000017957ac5df0: ;   {other}
  0x0000017957ac5df0: 0f1f 8400 | e043 007f | baf6 ffff | ff66 6690 

  0x0000017957ac5e00: ;   {runtime_call UncommonTrapBlob}
  0x0000017957ac5e00: c5f8 77e8 

  0x0000017957ac5e04: ; ImmutableOopMap {}
                      ;*arraylength {reexecute=0 rethrow=0 return_oop=0}
                      ; - java.lang.AbstractStringBuilder::ensureCapacityInternal@4
                      ; - java.lang.AbstractStringBuilder::append@21
                      ; - java.lang.StringBuilder::append@2
                      ; - java.net.URLStreamHandler::toExternalForm@149
                      ; - java.net.URL::toExternalForm@5
                      ; - java.net.URL::toString@1
                      ; - java.lang.ClassLoader::defineClassSourceLocation@22
                      ; - java.lang.ClassLoader::defineClass@12
                      ; - java.security.SecureClassLoader::defineClass@12
  0x0000017957ac5e04: 78e5 7fff 

  0x0000017957ac5e08: ;   {other}
  0x0000017957ac5e08: 0f1f 8400 | f843 0080 | baf6 ffff | ff41 8be8 

  0x0000017957ac5e18: ;   {runtime_call UncommonTrapBlob}
  0x0000017957ac5e18: c5f8 77e8 

  0x0000017957ac5e1c: ; ImmutableOopMap {}
                      ;*invokestatic arraycopy {reexecute=0 rethrow=0 return_oop=0}
                      ; - java.lang.String::getBytes@22
                      ; - java.lang.AbstractStringBuilder::putStringAt@15
                      ; - java.lang.AbstractStringBuilder::append@30
                      ; - java.lang.StringBuilder::append@2
                      ; - java.net.URLStreamHandler::toExternalForm@149
                      ; - java.net.URL::toExternalForm@5
                      ; - java.net.URL::toString@1
                      ; - java.lang.ClassLoader::defineClassSourceLocation@22
                      ; - java.lang.ClassLoader::defineClass@12
                      ; - java.security.SecureClassLoader::defineClass@12
  0x0000017957ac5e1c: 60e5 7fff 

  0x0000017957ac5e20: ;   {other}
  0x0000017957ac5e20: 0f1f 8400 | 1044 0081 | baf6 ffff | ff66 6690 

  0x0000017957ac5e30: ;   {runtime_call UncommonTrapBlob}
  0x0000017957ac5e30: c5f8 77e8 

  0x0000017957ac5e34: ; ImmutableOopMap {}
                      ;*arraylength {reexecute=0 rethrow=0 return_oop=0}
                      ; - java.util.Arrays::copyOfRange@6
                      ; - java.lang.String::<init>@32
                      ; - java.lang.String::<init>@3
                      ; - java.lang.StringBuilder::toString@5
                      ; - java.net.URLStreamHandler::toExternalForm@152
                      ; - java.net.URL::toExternalForm@5
                      ; - java.net.URL::toString@1
                      ; - java.lang.ClassLoader::defineClassSourceLocation@22
                      ; - java.lang.ClassLoader::defineClass@12
                      ; - java.security.SecureClassLoader::defineClass@12
  0x0000017957ac5e34: 48e5 7fff 

  0x0000017957ac5e38: ;   {other}
  0x0000017957ac5e38: 0f1f 8400 | 2844 0082 | baf6 ffff | ff66 6690 

  0x0000017957ac5e48: ;   {runtime_call UncommonTrapBlob}
  0x0000017957ac5e48: c5f8 77e8 

  0x0000017957ac5e4c: ; ImmutableOopMap {}
                      ;*invokevirtual getPackageName {reexecute=0 rethrow=0 return_oop=0}
                      ; - java.lang.ClassLoader::postDefineClass@2
                      ; - java.lang.ClassLoader::defineClass@37
                      ; - java.security.SecureClassLoader::defineClass@12
  0x0000017957ac5e4c: 30e5 7fff 

  0x0000017957ac5e50: ;   {other}
  0x0000017957ac5e50: 0f1f 8400 | 4044 0083 | baf6 ffff | ff66 6690 

  0x0000017957ac5e60: ;   {runtime_call UncommonTrapBlob}
  0x0000017957ac5e60: c5f8 77e8 

  0x0000017957ac5e64: ; ImmutableOopMap {}
                      ;*invokevirtual hashCode {reexecute=0 rethrow=0 return_oop=0}
                      ; - java.util.concurrent.ConcurrentHashMap::get@1
                      ; - java.lang.ClassLoader::getNamedPackage@5
                      ; - java.lang.ClassLoader::postDefineClass@9
                      ; - java.lang.ClassLoader::defineClass@37
                      ; - java.security.SecureClassLoader::defineClass@12
  0x0000017957ac5e64: 18e5 7fff 

  0x0000017957ac5e68: ;   {other}
  0x0000017957ac5e68: 0f1f 8400 | 5844 0084 | baf6 ffff | ff66 6690 

  0x0000017957ac5e78: ;   {runtime_call UncommonTrapBlob}
  0x0000017957ac5e78: c5f8 77e8 

  0x0000017957ac5e7c: ; ImmutableOopMap {}
                      ;*arraylength {reexecute=0 rethrow=0 return_oop=0}
                      ; - java.lang.String::length@4
                      ; - java.lang.AbstractStringBuilder::append@10
                      ; - java.lang.StringBuilder::append@2
                      ; - java.net.URLStreamHandler::toExternalForm@11
                      ; - java.net.URL::toExternalForm@5
                      ; - java.net.URL::toString@1
                      ; - java.lang.ClassLoader::defineClassSourceLocation@22
                      ; - java.lang.ClassLoader::defineClass@12
                      ; - java.security.SecureClassLoader::defineClass@12
  0x0000017957ac5e7c: 00e5 7fff 

  0x0000017957ac5e80: ;   {other}
  0x0000017957ac5e80: 0f1f 8400 | 7044 0085 | baf6 ffff | ff66 6690 

  0x0000017957ac5e90: ;   {runtime_call UncommonTrapBlob}
  0x0000017957ac5e90: c5f8 77e8 

  0x0000017957ac5e94: ; ImmutableOopMap {}
                      ;*arraylength {reexecute=0 rethrow=0 return_oop=0}
                      ; - java.lang.AbstractStringBuilder::ensureCapacityInternal@4
                      ; - java.lang.AbstractStringBuilder::append@21
                      ; - java.lang.StringBuilder::append@2
                      ; - java.net.URLStreamHandler::toExternalForm@11
                      ; - java.net.URL::toExternalForm@5
                      ; - java.net.URL::toString@1
                      ; - java.lang.ClassLoader::defineClassSourceLocation@22
                      ; - java.lang.ClassLoader::defineClass@12
                      ; - java.security.SecureClassLoader::defineClass@12
  0x0000017957ac5e94: e8e4 7fff 

  0x0000017957ac5e98: ;   {other}
  0x0000017957ac5e98: 0f1f 8400 | 8844 0086 | baf6 ffff | ff66 6690 

  0x0000017957ac5ea8: ;   {runtime_call UncommonTrapBlob}
  0x0000017957ac5ea8: c5f8 77e8 

  0x0000017957ac5eac: ; ImmutableOopMap {}
                      ;*arraylength {reexecute=0 rethrow=0 return_oop=0}
                      ; - java.lang.String::getBytes@21
                      ; - java.lang.AbstractStringBuilder::putStringAt@15
                      ; - java.lang.AbstractStringBuilder::append@30
                      ; - java.lang.StringBuilder::append@2
                      ; - java.net.URLStreamHandler::toExternalForm@11
                      ; - java.net.URL::toExternalForm@5
                      ; - java.net.URL::toString@1
                      ; - java.lang.ClassLoader::defineClassSourceLocation@22
                      ; - java.lang.ClassLoader::defineClass@12
                      ; - java.security.SecureClassLoader::defineClass@12
  0x0000017957ac5eac: d0e4 7fff 

  0x0000017957ac5eb0: ;   {other}
  0x0000017957ac5eb0: 0f1f 8400 | a044 0087 | baf6 ffff | ff44 894c | 2420 894c | 2424 6690 

  0x0000017957ac5ec8: ;   {runtime_call UncommonTrapBlob}
  0x0000017957ac5ec8: c5f8 77e8 

  0x0000017957ac5ecc: ; ImmutableOopMap {[32]=NarrowOop }
                      ;*invokestatic arraycopy {reexecute=0 rethrow=0 return_oop=0}
                      ; - java.lang.String::getBytes@22
                      ; - java.lang.AbstractStringBuilder::putStringAt@15
                      ; - java.lang.AbstractStringBuilder::append@30
                      ; - java.lang.StringBuilder::append@2
                      ; - java.net.URLStreamHandler::toExternalForm@11
                      ; - java.net.URL::toExternalForm@5
                      ; - java.net.URL::toString@1
                      ; - java.lang.ClassLoader::defineClassSourceLocation@22
                      ; - java.lang.ClassLoader::defineClass@12
                      ; - java.security.SecureClassLoader::defineClass@12
  0x0000017957ac5ecc: b0e4 7fff 

  0x0000017957ac5ed0: ;   {other}
  0x0000017957ac5ed0: 0f1f 8400 | c044 0088 | baf6 ffff | ff66 6690 

  0x0000017957ac5ee0: ;   {runtime_call UncommonTrapBlob}
  0x0000017957ac5ee0: c5f8 77e8 

  0x0000017957ac5ee4: ; ImmutableOopMap {}
                      ;*bastore {reexecute=0 rethrow=0 return_oop=0}
                      ; - java.lang.AbstractStringBuilder::append@41
                      ; - java.lang.StringBuilder::append@2
                      ; - java.net.URLStreamHandler::toExternalForm@16
                      ; - java.net.URL::toExternalForm@5
                      ; - java.net.URL::toString@1
                      ; - java.lang.ClassLoader::defineClassSourceLocation@22
                      ; - java.lang.ClassLoader::defineClass@12
                      ; - java.security.SecureClassLoader::defineClass@12
  0x0000017957ac5ee4: 98e4 7fff 

  0x0000017957ac5ee8: ;   {other}
  0x0000017957ac5ee8: 0f1f 8400 | d844 0089 | 4d85 d244 | 8b54 2420 | 410f 94c2 | ba45 ffff | ff4c 8b5c | 2448 4c89 
  0x0000017957ac5f08: 5c24 3848 | 8944 2440 | 4489 5424 | 4866 6690 

  0x0000017957ac5f18: ;   {runtime_call UncommonTrapBlob}
  0x0000017957ac5f18: c5f8 77e8 

  0x0000017957ac5f1c: ; ImmutableOopMap {[40]=Oop [48]=Oop [56]=Oop [64]=Oop }
                      ;*ifeq {reexecute=1 rethrow=0 return_oop=0}
                      ; - (reexecute) java.lang.Class::getPackageName@29
                      ; - java.lang.ClassLoader::postDefineClass@2
                      ; - java.lang.ClassLoader::defineClass@37
                      ; - java.security.SecureClassLoader::defineClass@12
  0x0000017957ac5f1c: 60e4 7fff 

  0x0000017957ac5f20: ;   {other}
  0x0000017957ac5f20: 0f1f 8400 | 1045 008a | baf6 ffff | ff66 6690 

  0x0000017957ac5f30: ;   {runtime_call UncommonTrapBlob}
  0x0000017957ac5f30: c5f8 77e8 

  0x0000017957ac5f34: ; ImmutableOopMap {}
                      ;*arraylength {reexecute=0 rethrow=0 return_oop=0}
                      ; - java.lang.String::length@4
                      ; - java.lang.String::lastIndexOf@3
                      ; - java.lang.Class::getPackageName@47
                      ; - java.lang.ClassLoader::postDefineClass@2
                      ; - java.lang.ClassLoader::defineClass@37
                      ; - java.security.SecureClassLoader::defineClass@12
  0x0000017957ac5f34: 48e4 7fff 

  0x0000017957ac5f38: ;   {other}
  0x0000017957ac5f38: 0f1f 8400 | 2845 008b | ba45 ffff | ff48 8b6c | 2428 4c89 | 5424 2090 

  0x0000017957ac5f50: ;   {runtime_call UncommonTrapBlob}
  0x0000017957ac5f50: c5f8 77e8 

  0x0000017957ac5f54: ; ImmutableOopMap {rbp=Oop [32]=Oop [56]=Oop [72]=Oop }
                      ;*ifnull {reexecute=1 rethrow=0 return_oop=0}
                      ; - (reexecute) java.lang.ClassLoader::checkName@1
                      ; - java.lang.ClassLoader::preDefineClass@1
                      ; - java.lang.ClassLoader::defineClass@4
                      ; - java.security.SecureClassLoader::defineClass@12
  0x0000017957ac5f54: 28e4 7fff 

  0x0000017957ac5f58: ;   {other}
  0x0000017957ac5f58: 0f1f 8400 | 4845 008c | ba45 ffff | ff48 8b6c | 2428 4c8b | 5424 384c | 8954 2428 | 448b 5424 
  0x0000017957ac5f78: 4044 8954 | 2438 448b | 5c24 4444 | 895c 243c | 4c8b 5424 | 484c 8954 | 2440 4889 | 5c24 484c 
  0x0000017957ac5f98: 896c 2458 | 4489 7424 | 5466 6690 

  0x0000017957ac5fa4: ;   {runtime_call UncommonTrapBlob}
  0x0000017957ac5fa4: c5f8 77e8 

  0x0000017957ac5fa8: ; ImmutableOopMap {rbp=Oop [40]=Oop [48]=Oop [64]=Oop [72]=Oop [84]=NarrowOop [88]=Oop }
                      ;*ifnull {reexecute=1 rethrow=0 return_oop=0}
                      ; - (reexecute) java.lang.ClassLoader::checkCerts@30
                      ; - java.lang.ClassLoader::preDefineClass@113
                      ; - java.lang.ClassLoader::defineClass@4
                      ; - java.security.SecureClassLoader::defineClass@12
  0x0000017957ac5fa8: d4e3 7fff 

  0x0000017957ac5fac: ;   {other}
  0x0000017957ac5fac: 0f1f 8400 | 9c45 008d | ba45 ffff | ff48 8b6c | 2428 4c8b | 5424 304c | 8954 2420 | 4c8b 5424 
  0x0000017957ac5fcc: 384c 8954 | 2428 448b | 5424 4044 | 8954 2430 | 448b 4424 | 4444 8944 | 2434 4489 | 5c24 4490 
  0x0000017957ac5fec: ;   {runtime_call UncommonTrapBlob}
  0x0000017957ac5fec: c5f8 77e8 

  0x0000017957ac5ff0: ; ImmutableOopMap {rbp=Oop [32]=Oop [40]=Oop [68]=NarrowOop [72]=Oop }
                      ;*ifnull {reexecute=1 rethrow=0 return_oop=0}
                      ; - (reexecute) java.lang.ClassLoader::defineClassSourceLocation@8
                      ; - java.lang.ClassLoader::defineClass@12
                      ; - java.security.SecureClassLoader::defineClass@12
  0x0000017957ac5ff0: 8ce3 7fff 

  0x0000017957ac5ff4: ;   {other}
  0x0000017957ac5ff4: 0f1f 8400 | e445 008e | ba45 ffff | ff48 8b6c | 2428 4c8b | 5424 304c | 8954 2420 | 4c8b 5424 
  0x0000017957ac6014: 384c 8954 | 2428 448b | 5424 4044 | 8954 2430 | 448b 5c24 | 4444 895c | 2434 4c89 | 6c24 3889 
  0x0000017957ac6034: 5c24 4048 | 8974 2448 | 4489 4c24 | 5066 6690 

  0x0000017957ac6044: ;   {runtime_call UncommonTrapBlob}
  0x0000017957ac6044: c5f8 77e8 

  0x0000017957ac6048: ; ImmutableOopMap {rbp=Oop [32]=Oop [40]=Oop [56]=Oop [64]=NarrowOop [72]=Oop [80]=NarrowOop }
                      ;*ifnull {reexecute=1 rethrow=0 return_oop=0}
                      ; - (reexecute) java.net.URLStreamHandler::toExternalForm@68
                      ; - java.net.URL::toExternalForm@5
                      ; - java.net.URL::toString@1
                      ; - java.lang.ClassLoader::defineClassSourceLocation@22
                      ; - java.lang.ClassLoader::defineClass@12
                      ; - java.security.SecureClassLoader::defineClass@12
  0x0000017957ac6048: 34e3 7fff 

  0x0000017957ac604c: ;   {other}
  0x0000017957ac604c: 0f1f 8400 | 3c46 008f | ba45 ffff | ff48 8b6c | 2430 4489 | 5424 2090 

  0x0000017957ac6064: ;   {runtime_call UncommonTrapBlob}
  0x0000017957ac6064: c5f8 77e8 

  0x0000017957ac6068: ; ImmutableOopMap {rbp=Oop [32]=NarrowOop }
                      ;*ifnull {reexecute=1 rethrow=0 return_oop=0}
                      ; - (reexecute) java.lang.ClassLoader::postDefineClass@17
                      ; - java.lang.ClassLoader::defineClass@37
                      ; - java.security.SecureClassLoader::defineClass@12
  0x0000017957ac6068: 14e3 7fff 

  0x0000017957ac606c: ;   {other}
  0x0000017957ac606c: 0f1f 8400 | 5c46 0090 | ba45 ffff | ff4c 8b54 | 2448 4c89 | 5424 3844 | 8944 2450 | 4c89 4c24 
  0x0000017957ac608c: 5844 896c | 2454 4489 | 5c24 6090 

  0x0000017957ac6098: ;   {runtime_call UncommonTrapBlob}
  0x0000017957ac6098: c5f8 77e8 

  0x0000017957ac609c: ; ImmutableOopMap {rbp=NarrowOop [40]=Oop [48]=Oop [56]=Oop [80]=NarrowOop [84]=NarrowOop [88]=Oop }
                      ;*ifnull {reexecute=1 rethrow=0 return_oop=0}
                      ; - (reexecute) java.util.concurrent.ConcurrentHashMap::get@67
                      ; - java.lang.ClassLoader::getNamedPackage@5
                      ; - java.lang.ClassLoader::postDefineClass@9
                      ; - java.lang.ClassLoader::defineClass@37
                      ; - java.security.SecureClassLoader::defineClass@12
  0x0000017957ac609c: e0e2 7fff 

  0x0000017957ac60a0: ;   {other}
  0x0000017957ac60a0: 0f1f 8400 | 9046 0091 | baf6 ffff | ff66 6690 

  0x0000017957ac60b0: ;   {runtime_call UncommonTrapBlob}
  0x0000017957ac60b0: c5f8 77e8 

  0x0000017957ac60b4: ; ImmutableOopMap {}
                      ;*arraylength {reexecute=0 rethrow=0 return_oop=0}
                      ; - java.lang.String::isEmpty@4
                      ; - java.net.URLStreamHandler::toExternalForm@29
                      ; - java.net.URL::toExternalForm@5
                      ; - java.net.URL::toString@1
                      ; - java.lang.ClassLoader::defineClassSourceLocation@22
                      ; - java.lang.ClassLoader::defineClass@12
                      ; - java.security.SecureClassLoader::defineClass@12
  0x0000017957ac60b4: c8e2 7fff 

  0x0000017957ac60b8: ;   {other}
  0x0000017957ac60b8: 0f1f 8400 | a846 0092 | eb58 eb56 | eb54 eb52 | eb50 eb4e | eb4c eb4a | eb48 eb46 | eb44 eb42 
  0x0000017957ac60d8: eb40 eb3e | eb3c eb3a | eb38 eb36 | eb34 eb32 | eb30 eb2e | eb2c eb2a | eb28 eb26 | eb24 eb22 
  0x0000017957ac60f8: eb20 eb1e | eb1c eb1a | eb18 eb16 | eb14 eb12 | eb10 eb0e | eb0c eb0a | eb08 eb06 | eb04 eb02 
  0x0000017957ac6118: eb00 488b | d0e9 6fd4 | ffff ba97 | ffff ff44 | 8b54 2440 | 4489 5424 | 2066 6690 

  0x0000017957ac6134: ;   {runtime_call UncommonTrapBlob}
  0x0000017957ac6134: c5f8 77e8 

  0x0000017957ac6138: ; ImmutableOopMap {rbp=Oop [36]=NarrowOop [40]=Oop [48]=Oop [56]=Oop [72]=Oop }
                      ;*invokevirtual clone {reexecute=1 rethrow=0 return_oop=0}
                      ; - (reexecute) java.util.Arrays::copyOfRange@18
                      ; - java.lang.String::<init>@32
                      ; - java.lang.String::<init>@3
                      ; - java.lang.StringBuilder::toString@5
                      ; - java.net.URLStreamHandler::toExternalForm@152
                      ; - java.net.URL::toExternalForm@5
                      ; - java.net.URL::toString@1
                      ; - java.lang.ClassLoader::defineClassSourceLocation@22
                      ; - java.lang.ClassLoader::defineClass@12
                      ; - java.security.SecureClassLoader::defineClass@12
  0x0000017957ac6138: 44e2 7fff 

  0x0000017957ac613c: ;   {other}
  0x0000017957ac613c: 0f1f 8400 | 2c47 0093 | ba97 ffff | ff48 8b6c | 2428 448b | 5c24 4044 | 895c 2424 | 448b 5424 
  0x0000017957ac615c: 4444 8954 | 2440 4c8b | 5424 604c | 8954 2450 | 4c8b 5424 | 704c 8954 | 2460 6690 

  0x0000017957ac6178: ;   {runtime_call UncommonTrapBlob}
  0x0000017957ac6178: c5f8 77e8 

  0x0000017957ac617c: ; ImmutableOopMap {rbp=Oop [32]=NarrowOop [48]=Oop [56]=Oop [72]=Oop [80]=Oop [96]=Oop [104]=NarrowOop [112]=Oop }
                      ;*invokevirtual clone {reexecute=1 rethrow=0 return_oop=0}
                      ; - (reexecute) java.util.Arrays::copyOfRange@18
                      ; - java.lang.StringLatin1::newString@16
                      ; - java.lang.String::substring@41
                      ; - java.lang.ClassLoader::checkCerts@21
                      ; - java.lang.ClassLoader::preDefineClass@113
                      ; - java.lang.ClassLoader::defineClass@4
                      ; - java.security.SecureClassLoader::defineClass@12
  0x0000017957ac617c: 00e2 7fff 

  0x0000017957ac6180: ;   {other}
  0x0000017957ac6180: 0f1f 8400 | 7047 0094 | ba97 ffff | ff48 8b6c | 2430 6690 

  0x0000017957ac6194: ;   {runtime_call UncommonTrapBlob}
  0x0000017957ac6194: c5f8 77e8 

  0x0000017957ac6198: ; ImmutableOopMap {rbp=Oop [40]=Oop [56]=NarrowOop [64]=Oop [72]=Oop }
                      ;*invokevirtual clone {reexecute=1 rethrow=0 return_oop=0}
                      ; - (reexecute) java.util.Arrays::copyOfRange@18
                      ; - java.lang.StringLatin1::newString@16
                      ; - java.lang.String::substring@41
                      ; - java.lang.Class::getPackageName@62
                      ; - java.lang.ClassLoader::postDefineClass@2
                      ; - java.lang.ClassLoader::defineClass@37
                      ; - java.security.SecureClassLoader::defineClass@12
  0x0000017957ac6198: e4e1 7fff 

  0x0000017957ac619c: ;   {other}
  0x0000017957ac619c: 0f1f 8400 | 8c47 0095 

  0x0000017957ac61a4: ;   {internal_word}
  0x0000017957ac61a4: 49ba 7432 | ac57 7901 | 0000 4d89 | 9768 0400 

  0x0000017957ac61b4: ;   {runtime_call SafepointBlob}
  0x0000017957ac61b4: 00e9 c6f2 

  0x0000017957ac61b8: ;   {runtime_call StubRoutines (final stubs)}
  0x0000017957ac61b8: 7fff e821 | 037e ffe9 | 5abe ffff | f4f4 f4f4 
[Stub Code]
  0x0000017957ac61c8: ;   {no_reloc}
  0x0000017957ac61c8: 48bb 1039 | 0600 7901 

  0x0000017957ac61d0: ;   {runtime_call I2C/C2I adapters}
  0x0000017957ac61d0: 0000 e994 

  0x0000017957ac61d4: ;   {static_stub}
  0x0000017957ac61d4: 4c7f ff48 | bb00 0000 | 0000 0000 

  0x0000017957ac61e0: ;   {runtime_call nmethod}
  0x0000017957ac61e0: 00e9 fbff 

  0x0000017957ac61e4: ;   {static_stub}
  0x0000017957ac61e4: ffff 48bb | 0000 0000 | 0000 0000 

  0x0000017957ac61f0: ;   {runtime_call nmethod}
  0x0000017957ac61f0: e9fb ffff 

  0x0000017957ac61f4: ;   {static_stub}
  0x0000017957ac61f4: ff48 bb00 | 0000 0000 

  0x0000017957ac61fc: ;   {runtime_call nmethod}
  0x0000017957ac61fc: 0000 00e9 | fbff ffff 

  0x0000017957ac6204: ;   {static_stub}
  0x0000017957ac6204: 48bb 0000 | 0000 0000 

  0x0000017957ac620c: ;   {runtime_call nmethod}
  0x0000017957ac620c: 0000 e9fb 

  0x0000017957ac6210: ;   {static_stub}
  0x0000017957ac6210: ffff ff48 | bb00 0000 | 0000 0000 

  0x0000017957ac621c: ;   {runtime_call nmethod}
  0x0000017957ac621c: 00e9 fbff 

  0x0000017957ac6220: ;   {static_stub}
  0x0000017957ac6220: ffff 48bb | 0000 0000 | 0000 0000 

  0x0000017957ac622c: ;   {runtime_call nmethod}
  0x0000017957ac622c: e9fb ffff 

  0x0000017957ac6230: ;   {static_stub}
  0x0000017957ac6230: ff48 bb70 | 5540 0079 

  0x0000017957ac6238: ;   {runtime_call I2C/C2I adapters}
  0x0000017957ac6238: 0100 00e9 | aef3 7cff 

  0x0000017957ac6240: ;   {static_stub}
  0x0000017957ac6240: 48bb 0000 | 0000 0000 

  0x0000017957ac6248: ;   {runtime_call nmethod}
  0x0000017957ac6248: 0000 e9fb 

  0x0000017957ac624c: ;   {static_stub}
  0x0000017957ac624c: ffff ff48 | bb00 0000 | 0000 0000 

  0x0000017957ac6258: ;   {runtime_call nmethod}
  0x0000017957ac6258: 00e9 fbff 

  0x0000017957ac625c: ;   {static_stub}
  0x0000017957ac625c: ffff 48bb | 0000 0000 | 0000 0000 

  0x0000017957ac6268: ;   {runtime_call nmethod}
  0x0000017957ac6268: e9fb ffff 

  0x0000017957ac626c: ;   {static_stub}
  0x0000017957ac626c: ff48 bb00 | 0000 0000 

  0x0000017957ac6274: ;   {runtime_call nmethod}
  0x0000017957ac6274: 0000 00e9 | fbff ffff 

  0x0000017957ac627c: ;   {static_stub}
  0x0000017957ac627c: 48bb 0000 | 0000 0000 

  0x0000017957ac6284: ;   {runtime_call nmethod}
  0x0000017957ac6284: 0000 e9fb 

  0x0000017957ac6288: ;   {static_stub}
  0x0000017957ac6288: ffff ff48 | bb00 0000 | 0000 0000 

  0x0000017957ac6294: ;   {runtime_call nmethod}
  0x0000017957ac6294: 00e9 fbff 

  0x0000017957ac6298: ;   {static_stub}
  0x0000017957ac6298: ffff 48bb | 0000 0000 | 0000 0000 

  0x0000017957ac62a4: ;   {runtime_call nmethod}
  0x0000017957ac62a4: e9fb ffff 

  0x0000017957ac62a8: ;   {static_stub}
  0x0000017957ac62a8: ff48 bb00 | 0000 0000 

  0x0000017957ac62b0: ;   {runtime_call nmethod}
  0x0000017957ac62b0: 0000 00e9 | fbff ffff 

  0x0000017957ac62b8: ;   {static_stub}
  0x0000017957ac62b8: 48bb 0000 | 0000 0000 

  0x0000017957ac62c0: ;   {runtime_call nmethod}
  0x0000017957ac62c0: 0000 e9fb 

  0x0000017957ac62c4: ;   {static_stub}
  0x0000017957ac62c4: ffff ff48 | bb00 0000 | 0000 0000 

  0x0000017957ac62d0: ;   {runtime_call nmethod}
  0x0000017957ac62d0: 00e9 fbff 

  0x0000017957ac62d4: ;   {static_stub}
  0x0000017957ac62d4: ffff 48bb | 0000 0000 | 0000 0000 

  0x0000017957ac62e0: ;   {runtime_call nmethod}
  0x0000017957ac62e0: e9fb ffff 

  0x0000017957ac62e4: ;   {static_stub}
  0x0000017957ac62e4: ff48 bb00 | 0000 0000 

  0x0000017957ac62ec: ;   {runtime_call nmethod}
  0x0000017957ac62ec: 0000 00e9 | fbff ffff 

  0x0000017957ac62f4: ;   {static_stub}
  0x0000017957ac62f4: 48bb 0000 | 0000 0000 

  0x0000017957ac62fc: ;   {runtime_call nmethod}
  0x0000017957ac62fc: 0000 e9fb 

  0x0000017957ac6300: ;   {static_stub}
  0x0000017957ac6300: ffff ff48 | bb00 0000 | 0000 0000 

  0x0000017957ac630c: ;   {runtime_call nmethod}
  0x0000017957ac630c: 00e9 fbff 

  0x0000017957ac6310: ;   {runtime_call ExceptionBlob}
  0x0000017957ac6310: ffff e9e9 | 8782 ffe8 | 0000 0000 | 4883 2c24 

  0x0000017957ac6320: ;   {runtime_call DeoptimizationBlob}
  0x0000017957ac6320: 05e9 fae3 | 7fff f4f4 
[/MachCode]


Compiled method (c2) 326894 4004   !   4       java.net.URLClassLoader::findClass (47 bytes)
 total in heap  [0x0000017957a39a10,0x0000017957a4a820] = 69136
 relocation     [0x0000017957a39b70,0x0000017957a3a3f8] = 2184
 constants      [0x0000017957a3a400,0x0000017957a3a420] = 32
 main code      [0x0000017957a3a420,0x0000017957a43228] = 36360
 stub code      [0x0000017957a43228,0x0000017957a434c8] = 672
 oops           [0x0000017957a434c8,0x0000017957a43518] = 80
 metadata       [0x0000017957a43518,0x0000017957a43938] = 1056
 scopes data    [0x0000017957a43938,0x0000017957a48c50] = 21272
 scopes pcs     [0x0000017957a48c50,0x0000017957a49c10] = 4032
 dependencies   [0x0000017957a49c10,0x0000017957a49c80] = 112
 handler table  [0x0000017957a49c80,0x0000017957a4a6e8] = 2664
 nul chk table  [0x0000017957a4a6e8,0x0000017957a4a820] = 312


[Constant Pool]
             Address          hex4                    hex8      
  0x0000017957a3a400:   0x3f400000      0xf4f4f4f43f400000      
  0x0000017957a3a404:   0xf4f4f4f4                              
  0x0000017957a3a408:   0xf4f4f4f4      0xf4f4f4f4f4f4f4f4      
  0x0000017957a3a40c:   0xf4f4f4f4                              
  0x0000017957a3a410:   0xf4f4f4f4      0xf4f4f4f4f4f4f4f4      
  0x0000017957a3a414:   0xf4f4f4f4                              
  0x0000017957a3a418:   0xf4f4f4f4      0xf4f4f4f4f4f4f4f4      
  0x0000017957a3a41c:   0xf4f4f4f4                              

[MachCode]
[Entry Point]
  # {method} {0x000001796a05c518} 'findClass' '(Ljava/lang/String;)Ljava/lang/Class;' in 'java/net/URLClassLoader'
  # this:     rdx:rdx   = 'java/net/URLClassLoader'
  # parm0:    r8:r8     = 'java/lang/String'
  #           [sp+0x100]  (sp of caller)
  0x0000017957a3a420: ;   {no_reloc}
  0x0000017957a3a420: 448b 5208 | 49bb 0000 | 0000 7901 | 0000 4d03 | d349 3bc2 

  0x0000017957a3a434: ;   {runtime_call ic_miss_stub}
  0x0000017957a3a434: 0f85 4643 | 88ff 6690 | 0f1f 4000 
[Verified Entry Point]
  0x0000017957a3a440: 8984 2400 | 80ff ff55 | 4881 ecf0 | 0000 0090 | 4181 7f20 | 0600 0000 | 0f85 bb8d | 0000 4c89 
  0x0000017957a3a460: 4424 6048 | 8954 2468 | 448b 5258 | 4585 d20f | 84a4 2a00 | 004b 8d2c | d448 8bd5 | 4c89 4424 
  0x0000017957a3a480: 2066 6690 

  0x0000017957a3a484: ;   {static_call}
  0x0000017957a3a484: c5f8 77e8 

  0x0000017957a3a488: ; ImmutableOopMap {rbp=Oop [32]=Oop [96]=Oop [104]=Oop }
                      ;*invokestatic ensureMaterializedForStackWalk {reexecute=0 rethrow=0 return_oop=0}
                      ; - java.security.AccessController::executePrivileged@5
                      ; - java.security.AccessController::doPrivileged@13
                      ; - java.net.URLClassLoader::findClass@13
  0x0000017957a3a488: 5407 e2ff 

  0x0000017957a3a48c: ;   {other}
  0x0000017957a3a48c: 0f1f 8400 | 7c0a 0000 | 488b dd4c | 8b6c 2460 

  0x0000017957a3a49c: ; implicit exception: dispatches to 0x0000017957a41c70
  0x0000017957a3a49c: 450f be5d | 1045 85db | 0f85 ca54 | 0000 458b | 5d14 438b | 74dc 0c85 | f60f 86a9 | 0300 0044 
  0x0000017957a3a4bc: 8d46 ff44 | 3bc6 0f83 | 9851 0000 | 448d 4efd | 4b8d 3cdc | 4380 7cdc | 102e 0f84 | b429 0000 
  0x0000017957a3a4dc: 4183 f901 | 0f8e a251 | 0000 bd01 | 0000 0044 | 8bd6 442b | d541 83c2 | fd33 c944 | 3bcd 440f 
  0x0000017957a3a4fc: 4cd1 4181 | faa0 0f00 | 00ba a00f | 0000 440f | 47d2 4403 | d541 8bc3 | 418b d045 | 8bf1 eb06 
  0x0000017957a3a51c: 0f1f 4000 | 8be9 4c63 | cd46 0fbe | 440f 1041 | 83f8 2e74 | 5c46 0fbe | 5c0f 1141 | 83fb 2e74 
  0x0000017957a3a53c: 4946 0fbe | 440f 1241 | 83f8 2e74 | 4146 0fbe | 5c0f 1341 | 83fb 2e74 | 2e8d 4d04 | 413b ca7c 
  0x0000017957a3a55c: c34d 8b97 | 5804 0000 

  0x0000017957a3a564: ; ImmutableOopMap {rbx=Oop rdi=Oop rax=NarrowOop r13=Oop [104]=Oop }
                      ;*if_icmpne {reexecute=1 rethrow=0 return_oop=0}
                      ; - (reexecute) java.lang.StringLatin1::replace@28
                      ; - java.lang.String::replace@18
                      ; - java.net.URLClassLoader$1::run@8
                      ; - java.net.URLClassLoader$1::run@1
                      ; - java.security.AccessController::executePrivileged@29
                      ; - java.security.AccessController::doPrivileged@13
                      ; - java.net.URLClassLoader::findClass@13
                      ;   {poll}
  0x0000017957a3a564: 83c5 0341 | 8502 413b | ce0f 8dcd | 0200 008b | e944 8bd8 | 448b c245 | 8bce e968 | ffff ff83 
  0x0000017957a3a584: c502 ffc5 | eb03 83c5 | 0244 8bd8 | 448b c245 | 8bce 3bee | 0f8d c602 | 0000 81fe | 0000 1000 
  0x0000017957a3a5a4: 0f87 b337 | 0000 4d8b | 97b8 0100 | 0048 63ce | 4883 c117 | 4883 e1f8 | 498b d248 | 03d1 493b 
  0x0000017957a3a5c4: 97c8 0100 | 000f 838e | 3700 0049 | 8997 b801 | 0000 0f0d | 8ac0 0000 | 0049 c702 | 0100 0000 
  0x0000017957a3a5e4: 0f0d 8a00 

  0x0000017957a3a5e8: ;   {metadata({type array byte})}
  0x0000017957a3a5e8: 0100 0041 | c742 0818 | 2300 0041 | 8972 0c0f | 0d8a 4001 | 0000 0f0d | 8a80 0100 | 0085 ed0f 
  0x0000017957a3a608: 8ec6 0000 | 008d 4dff | 3bce 0f83 | 8455 0000 | 85f6 0f86 | 7c55 0000 | 430f be54 | dc10 4188 
  0x0000017957a3a628: 5210 83f9 | 010f 8e9d | 5500 004d | 8bf2 c4e1 | f96e cfc4 | c179 6ec1 | 41ba d007 | 0000 ba01 
  0x0000017957a3a648: 0000 008b | c52b c2ff | c833 ff3b | ca0f 4cc7 | 3dd0 0700 | 0041 0f47 | c203 c266 | 0f1f 8400 
  0x0000017957a3a668: 0000 0000 | 6666 6690 | 4863 fac4 | c1f9 7ec9 | 450f be4c | 3910 4588 | 4c3e 10c4 | c1f9 7ec9 
  0x0000017957a3a688: 450f be4c | 3911 4588 | 4c3e 1183 | c202 3bd0 | 7cd6 4d8b | 8f58 0400 

  0x0000017957a3a6a0: ; ImmutableOopMap {r11=NarrowOop rbx=Oop r13=Oop r14=Oop xmm1=Oop [104]=Oop }
                      ;*goto {reexecute=1 rethrow=0 return_oop=0}
                      ; - (reexecute) java.lang.StringLatin1::replace@76
                      ; - java.lang.String::replace@18
                      ; - java.net.URLClassLoader$1::run@8
                      ; - java.net.URLClassLoader$1::run@1
                      ; - java.security.AccessController::executePrivileged@29
                      ; - java.security.AccessController::doPrivileged@13
                      ; - java.net.URLClassLoader::findClass@13
                      ;   {poll}
  0x0000017957a3a6a0: 0041 8501 | 3bd1 7ca3 | c4c1 797e | c1c4 e1f9 | 7ecf 4d8b | d63b d57d | 1a41 8bc0 | 4863 ca44 
  0x0000017957a3a6c0: 0fbe 440f | 1045 8844 | 0a10 ffc2 | 3bd5 7cec | 448b c03b | ee0f 8d17 | 0100 003b | ee0f 83a4 
  0x0000017957a3a6e0: 5100 0044 | 3bc6 0f83 | 9b51 0000 | 448d 5d01 | 4c63 c542 | 0fbe 4c07 | 1083 f92e | 0f84 5e15 
  0x0000017957a3a700: 0000 4388 | 4c02 108d | 4d01 413b | cb7d 048b | e9eb dd41 | 3bc9 0f8d | b000 0000 | ffc5 e97f 
  0x0000017957a3a720: 0000 0041 | b82f 0000 | 000f 1f80 | 0000 0000 | 4588 4412 | 110f be4c | 1712 83f9 | 2e74 4d41 
  0x0000017957a3a740: 884c 1212 | 440f be44 | 1713 4183 | f82e 742d | 4588 4412 | 1383 c504 | 413b eb7d | 3648 63d5 
  0x0000017957a3a760: 0fbe 4c17 | 1083 f92e | 741b 4188 | 4c12 1044 | 0fbe 4417 | 1141 83f8 | 2e75 b5eb | a641 b82f 
  0x0000017957a3a780: 0000 00eb | cbb9 2f00 | 0000 ebde | b92f 0000 | 00eb ac4d | 8b87 5804 

  0x0000017957a3a798: ; ImmutableOopMap {r10=Oop rbx=Oop rdi=Oop r13=Oop [104]=Oop }
                      ;*goto {reexecute=1 rethrow=0 return_oop=0}
                      ; - (reexecute) java.lang.StringLatin1::replace@113
                      ; - java.lang.String::replace@18
                      ; - java.net.URLClassLoader$1::run@8
                      ; - java.net.URLClassLoader$1::run@1
                      ; - java.security.AccessController::executePrivileged@29
                      ; - java.security.AccessController::doPrivileged@13
                      ; - java.net.URLClassLoader::findClass@13
                      ;   {poll}
  0x0000017957a3a798: 0000 4185 | 0041 3be9 | 7d2c 448b | de44 2bdd | 4183 c3fd | 4533 c044 | 3bcd 450f | 4cd8 4181 
  0x0000017957a3a7b8: fba0 0f00 | 0041 b8a0 | 0f00 0045 | 0f47 d844 | 03dd eb91 | 8be9 3bee | 7d20 6690 | 4c63 dd46 
  0x0000017957a3a7d8: 0fbe 441f | 1041 83f8 | 2e0f 8465 | 1500 0047 | 8844 1a10 | ffc5 3bee | 7ce2 4d8b | 9fb8 0100 
  0x0000017957a3a7f8: 004d 8bc3 | 4983 c018 | 4d3b 87c8 | 0100 000f | 83cd 3500 | 004d 8987 | b801 0000 | 410f 0d88 
  0x0000017957a3a818: c000 0000 | 49c7 0301 

  0x0000017957a3a820: ;   {metadata('java/lang/String')}
  0x0000017957a3a820: 0000 0041 | c743 0878 | e800 0045 | 8963 0c4d | 8963 104d | 8bc2 49c1 | e803 4589 | 4314 eb2e 
  0x0000017957a3a840: 448b d844 | 8bc2 458b | ce3b ce7d | 1766 6690 | 0fbe 540f | 1083 fa2e | 0f84 7b49 | 0000 ffc1 
  0x0000017957a3a860: 3bce 7cec | 4d8b d349 | c1e2 034d | 8bdd 418b | 4a0c 85c9 | 0f86 9b05 | 0000 450f | be43 10c4 
  0x0000017957a3a880: 623a f7c9 | 4963 f141 | 83f8 010f | 84c7 5300 | 0045 85c9 | 0f8c 4053 | 0000 488d | 4606 8be8 
  0x0000017957a3a8a0: 85ed 0f8c | 5c53 0000 | 488b f848 | c1ff 208b | d7c4 e269 | f7ed 85ed | 0f8c ca53 | 0000 81fd 
  0x0000017957a3a8c0: 0000 1000 | 0f87 164e | 0000 4863 | d581 fd00 | 0010 000f | 8787 3300 | 0049 8bbf | b801 0000 
  0x0000017957a3a8e0: 4883 c217 | 4883 e2f8 | 4c8b f74c | 03f2 4d3b | b7c8 0100 | 000f 8365 | 3300 004d | 89b7 b801 
  0x0000017957a3a900: 0000 410f | 0d8e c000 | 0000 48c7 | 0701 0000 | 0041 0f0d | 8e00 0100 

  0x0000017957a3a918: ;   {metadata({type array byte})}
  0x0000017957a3a918: 00c7 4708 | 1823 0000 | 896f 0c41 | 0f0d 8e40 | 0100 0041 | 0f0d 8e80 | 0100 0041 | 8d51 063b 
  0x0000017957a3a938: ea0f 82a9 | 4d00 0049 | 63d1 4585 | c90f 8f05 | 0100 00c6 | 4417 102e | c644 1711 | 63c6 4417 
  0x0000017957a3a958: 126c c644 | 1713 61c6 | 4417 1473 | c644 1715 | 7345 85c0 | 0f85 b652 | 0000 3be9 | 0f82 a24d 
  0x0000017957a3a978: 0000 85c9 | 7629 4983 | c210 488b | d748 83c2 | 104c 63c1 | 498b cac5 | f877 49ba | c044 2a57 
  0x0000017957a3a998: 7901 0000 

  0x0000017957a3a99c: ;   {other}
  0x0000017957a3a99c: 41ff d20f | 1f84 0000 | 0000 0049 | 8b87 b801 | 0000 4c8b | d049 83c2 | 184d 3b97 | c801 0000 
  0x0000017957a3a9bc: 0f83 2533 | 0000 4d89 | 97b8 0100 | 0041 0f0d | 8ac0 0000 | 0048 c700 | 0100 0000 

  0x0000017957a3a9d8: ;   {metadata('java/lang/String')}
  0x0000017957a3a9d8: c740 0878 | e800 0044 | 8960 0c44 | 8960 104c | 8bd7 49c1 | ea03 4489 | 5014 4889 | 4424 504c 
  0x0000017957a3a9f8: 8b54 2468 | 458b 5254 | 4585 d20f | 8437 4c00 | 0048 895c | 2428 4c89 | 6c24 604f | 8d1c d44c 
  0x0000017957a3aa18: 895c 2420 | 4489 5424 | 3049 8bd3 | 4533 c090 

  0x0000017957a3aa28: ;   {optimized virtual_call}
  0x0000017957a3aa28: c5f8 77e8 

  0x0000017957a3aa2c: ; ImmutableOopMap {[32]=Oop [40]=Oop [48]=NarrowOop [80]=Oop [96]=Oop [104]=Oop }
                      ;*invokevirtual getLoader {reexecute=0 rethrow=0 return_oop=1}
                      ; - jdk.internal.loader.URLClassPath::getResource@42
                      ; - java.net.URLClassLoader$1::run@26
                      ; - java.net.URLClassLoader$1::run@1
                      ; - java.security.AccessController::executePrivileged@29
                      ; - java.security.AccessController::doPrivileged@13
                      ; - java.net.URLClassLoader::findClass@13
  0x0000017957a3aa2c: d06a 0200 

  0x0000017957a3aa30: ;   {other}
  0x0000017957a3aa30: 0f1f 8400 | 2010 0004 | 4885 c00f | 8414 0100 | 0049 b900 | 00aa 5c79 | 0100 0045 | 33d2 eb2b 
  0x0000017957a3aa50: c644 1715 | 73c6 4417 | 1473 c644 | 1713 61c6 | 4417 126c | c644 1711 | 63c6 4417 | 102e e9f6 
  0x0000017957a3aa70: feff ff4c | 8b4c 2438 | 448b d544 

  0x0000017957a3aa7c: ;   {metadata('jdk/internal/loader/URLClassPath$JarLoader')}
  0x0000017957a3aa7c: 8b40 0841 | 81f8 700c | 2100 0f85 | a024 0000 | 4c8b c045 | 8b58 1845 | 85db 0f84 | 2f01 0000 
  0x0000017957a3aa9c: 438b 4cdc 

  0x0000017957a3aaa0: ;   {metadata('java/util/jar/JarFile')}
  0x0000017957a3aaa0: 0881 f908 | 1419 000f | 8534 3800 | 004c 8944 | 2448 4489 | 5424 404c | 894c 2438 | 4b8d 14dc 
  0x0000017957a3aac0: 4c8b 4424 | 5048 8b6c | 2460 6690 

  0x0000017957a3aacc: ;   {optimized virtual_call}
  0x0000017957a3aacc: c5f8 77e8 

  0x0000017957a3aad0: ; ImmutableOopMap {rbp=Oop [32]=Oop [40]=Oop [48]=NarrowOop [72]=Oop [80]=Oop [96]=Oop [104]=Oop }
                      ;*invokevirtual getEntry {reexecute=0 rethrow=0 return_oop=1}
                      ; - java.util.jar.JarFile::getJarEntry@2
                      ; - jdk.internal.loader.URLClassPath$JarLoader::getResource@22
                      ; - jdk.internal.loader.URLClassPath::getResource@53
                      ; - java.net.URLClassLoader$1::run@26
                      ; - java.net.URLClassLoader$1::run@1
                      ; - java.security.AccessController::executePrivileged@29
                      ; - java.security.AccessController::doPrivileged@13
                      ; - java.net.URLClassLoader::findClass@13
  0x0000017957a3aad0: eccd 1f00 

  0x0000017957a3aad4: ;   {other}
  0x0000017957a3aad4: 0f1f 8400 | c410 0005 | 4885 c00f | 849a 2300 | 0044 8b50 

  0x0000017957a3aae8: ;   {metadata('java/util/jar/JarFile$JarFileEntry')}
  0x0000017957a3aae8: 0841 81fa | d032 3100 | 0f85 8a70 | 0000 488b | f848 8b54 | 2448 4c8b | 4424 5045 | 33c9 6690 
  0x0000017957a3ab08: ;   {optimized virtual_call}
  0x0000017957a3ab08: c5f8 77e8 

  0x0000017957a3ab0c: ; ImmutableOopMap {rbp=Oop [32]=Oop [40]=Oop [48]=NarrowOop [80]=Oop [96]=Oop [104]=Oop }
                      ;*invokevirtual checkResource {reexecute=0 rethrow=0 return_oop=1}
                      ; - jdk.internal.loader.URLClassPath$JarLoader::getResource@34
                      ; - jdk.internal.loader.URLClassPath::getResource@53
                      ; - java.net.URLClassLoader$1::run@26
                      ; - java.net.URLClassLoader$1::run@1
                      ; - java.security.AccessController::executePrivileged@29
                      ; - java.security.AccessController::doPrivileged@13
                      ; - java.net.URLClassLoader::findClass@13
  0x0000017957a3ab0c: d002 0400 

  0x0000017957a3ab10: ;   {other}
  0x0000017957a3ab10: 0f1f 8400 | 0011 0006 | 4c8b e848 | 85c0 0f85 | 8101 0000 | 8b6c 2440 | ffc5 488b | 5424 2044 
  0x0000017957a3ab30: 8bc5 4c8b | 5424 604c | 8954 2440 

  0x0000017957a3ab3c: ;   {optimized virtual_call}
  0x0000017957a3ab3c: c5f8 77e8 

  0x0000017957a3ab40: ; ImmutableOopMap {[32]=Oop [40]=Oop [48]=NarrowOop [64]=Oop [80]=Oop [96]=Oop [104]=Oop }
                      ;*invokevirtual getLoader {reexecute=0 rethrow=0 return_oop=1}
                      ; - jdk.internal.loader.URLClassPath::getResource@42
                      ; - java.net.URLClassLoader$1::run@26
                      ; - java.net.URLClassLoader$1::run@1
                      ; - java.security.AccessController::executePrivileged@29
                      ; - java.security.AccessController::doPrivileged@13
                      ; - java.net.URLClassLoader::findClass@13
  0x0000017957a3ab40: bc69 0200 

  0x0000017957a3ab44: ;   {other}
  0x0000017957a3ab44: 0f1f 8400 | 3411 0007 | 4885 c00f | 851e ffff | ff49 8b87 | b801 0000 | 4c8b d049 | 83c2 284d 
  0x0000017957a3ab64: 3b97 c801 | 0000 0f83 | c731 0000 | 4d89 97b8 | 0100 0041 | 0f0d 8ac0 | 0000 0048 | c700 0100 
  0x0000017957a3ab84: ;   {metadata('java/lang/ClassNotFoundException')}
  0x0000017957a3ab84: 0000 c740 | 0888 9306 | 0044 8960 | 0c4c 8960 | 104c 8960 | 184c 8960 | 2048 8be8 | 488b d54c 
  0x0000017957a3aba4: 8b44 2460 

  0x0000017957a3aba8: ;   {optimized virtual_call}
  0x0000017957a3aba8: c5f8 77e8 

  0x0000017957a3abac: ; ImmutableOopMap {rbp=Oop }
                      ;*invokespecial <init> {reexecute=0 rethrow=0 return_oop=0}
                      ; - java.net.URLClassLoader::findClass@41
  0x0000017957a3abac: 508d f6ff 

  0x0000017957a3abb0: ;   {other}
  0x0000017957a3abb0: 0f1f 8400 | a011 0008 | 488b d5c5 | f877 4881 | c4f0 0000 

  0x0000017957a3abc4: ;   {runtime_call _rethrow_Java}
  0x0000017957a3abc4: 005d e9b5 | c28b ff49 | 8b87 b801 | 0000 4c8b | d849 83c3 | 104d 3b9f | c801 0000 | 0f83 af2d 
  0x0000017957a3abe4: 0000 4d89 | 9fb8 0100 | 0041 0f0d | 8bc0 0000 | 0048 c700 | 0100 0000 

  0x0000017957a3abfc: ;   {metadata('jdk/internal/loader/URLClassPath$JarLoader$1')}
  0x0000017957a3abfc: c740 0840 | 2e21 0044 | 8960 0c45 | 8b58 2849 | 8bd8 48c1 | eb03 8958 | 0c45 85db | 0f84 0223 
  0x0000017957a3ac1c: 0000 4889 | 4424 584c | 8944 2448 | 4489 5424 | 404c 894c | 2438 4b8d | 2cdc 488b | d566 6690 
  0x0000017957a3ac3c: ;   {static_call}
  0x0000017957a3ac3c: c5f8 77e8 

  0x0000017957a3ac40: ; ImmutableOopMap {rbp=Oop [32]=Oop [40]=Oop [48]=NarrowOop [72]=Oop [80]=Oop [88]=Oop [96]=Oop [104]=Oop }
                      ;*invokestatic ensureMaterializedForStackWalk {reexecute=0 rethrow=0 return_oop=0}
                      ; - java.security.AccessController::executePrivileged@5
                      ; - java.security.AccessController::doPrivileged@13
                      ; - jdk.internal.loader.URLClassPath$JarLoader::ensureOpen@19
                      ; - jdk.internal.loader.URLClassPath$JarLoader::getResource@1
                      ; - jdk.internal.loader.URLClassPath::getResource@53
                      ; - java.net.URLClassLoader$1::run@26
                      ; - java.net.URLClassLoader$1::run@1
                      ; - java.security.AccessController::executePrivileged@29
                      ; - java.security.AccessController::doPrivileged@13
                      ; - java.net.URLClassLoader::findClass@13
  0x0000017957a3ac40: 3c44 88ff 

  0x0000017957a3ac44: ;   {other}
  0x0000017957a3ac44: 0f1f 8400 | 3412 0009 | 448b 5424 | 404c 8b44 | 2448 488b | 4424 584c | 8944 2448 | 4489 5424 
  0x0000017957a3ac64: 4048 8bd0 | 4c8b 5424 | 604c 8954 | 2458 6690 

  0x0000017957a3ac74: ;   {optimized virtual_call}
  0x0000017957a3ac74: c5f8 77e8 

  0x0000017957a3ac78: ; ImmutableOopMap {rbp=Oop [32]=Oop [40]=Oop [48]=NarrowOop [72]=Oop [80]=Oop [88]=Oop [96]=Oop [104]=Oop }
                      ;*invokevirtual run {reexecute=0 rethrow=0 return_oop=1}
                      ; - jdk.internal.loader.URLClassPath$JarLoader$1::run@1
                      ; - java.security.AccessController::executePrivileged@29
                      ; - java.security.AccessController::doPrivileged@13
                      ; - jdk.internal.loader.URLClassPath$JarLoader::ensureOpen@19
                      ; - jdk.internal.loader.URLClassPath$JarLoader::getResource@1
                      ; - jdk.internal.loader.URLClassPath::getResource@53
                      ; - java.net.URLClassLoader$1::run@26
                      ; - java.net.URLClassLoader$1::run@1
                      ; - java.security.AccessController::executePrivileged@29
                      ; - java.security.AccessController::doPrivileged@13
                      ; - java.net.URLClassLoader::findClass@13
  0x0000017957a3ac78: 043e 88ff 

  0x0000017957a3ac7c: ;   {other}
  0x0000017957a3ac7c: 0f1f 8400 | 6c12 000a | 4c8b 4424 | 4845 8b58 | 1845 85db | 0f84 fc49 | 0000 4c8b | 4c24 3844 
  0x0000017957a3ac9c: 8b54 2440 | e9f7 fdff | ffc5 f877 | 49ba d030 | 5889 f97f | 0000 41ff 

  0x0000017957a3acb4: ;   {other}
  0x0000017957a3acb4: d20f 1f84 | 0000 0000 | 0048 8944 | 2470 4c8b | 5424 6045 | 8b5a 1447 | 8b4c dc0c | 450f be52 
  0x0000017957a3acd4: 10c4 c22a | f7c9 8d59 | ff45 85d2 | 0f85 3a51 | 0000 458d | 51ff 443b | d344 0f4f | d34b 8d1c 
  0x0000017957a3acf4: dc45 85d2 | 0f8c 0c01 | 0000 4585 | c90f 862d | 4c00 0045 | 3bd1 0f83 | 244c 0000 | 4585 d20f 
  0x0000017957a3ad14: 8e43 4e00 | 0041 8d7a | ff41 8bf3 | 418b d14c | 8bc3 460f | be4c 1310 | 4183 f92e | 0f84 5b01 
  0x0000017957a3ad34: 0000 41ff | ca44 3bd7 | 7fe5 4183 | fa02 0f8e | 8f00 0000 | 418d 7afe | 4533 c941 | 83fa 0241 
  0x0000017957a3ad54: 0f4c f981 | ffa0 0f00 | 0041 bba0 | 0f00 0041 | 0f47 fb45 | 8bda 442b | df66 6690 | 4963 da45 
  0x0000017957a3ad74: 0fbe 4c18 | 1041 83f9 | 2e0f 84fe | 0000 0045 | 0fbe 4c18 | 0f41 83f9 | 2e0f 84f6 | 0000 0041 
  0x0000017957a3ad94: 8d7a fe41 | 0fbe 5c38 | 1083 fb2e | 0f84 de00 | 0000 418d | 5afd 450f | be4c 1810 | 4183 f92e 
  0x0000017957a3adb4: ;   {no_reloc}
  0x0000017957a3adb4: 0f84 d400 | 0000 4183 | c2fc 453b | d37f ad4d | 8b9f 5804 

  0x0000017957a3adc8: ; ImmutableOopMap {r8=Oop rsi=NarrowOop r13=Oop [40]=Oop [96]=Oop [104]=Oop }
                      ;*goto {reexecute=1 rethrow=0 return_oop=0}
                      ; - (reexecute) java.lang.StringLatin1::lastIndexOf@35
                      ; - java.lang.String::lastIndexOf@13
                      ; - java.lang.String::lastIndexOf@8
                      ; - java.net.URLClassLoader::defineClass@7
                      ; - java.net.URLClassLoader$1::run@43
                      ; - java.net.URLClassLoader$1::run@1
                      ; - java.security.AccessController::executePrivileged@29
                      ; - java.security.AccessController::doPrivileged@13
                      ; - java.net.URLClassLoader::findClass@13
                      ;   {poll}
  0x0000017957a3adc8: 0000 4185 | 0341 83fa | 020f 8f71 | ffff ff41 | 83fa ff7e | 2449 8bd8 | 470f be5c | 1010 4183 
  0x0000017957a3ade8: fb2e 0f84 | a400 0000 | 41ff ca41 | 83fa ff7f | e444 8bde | 448b caeb | 0944 8bde | 448b ca49 
  0x0000017957a3ae08: 8bd8 41ba | ffff ffff | e985 0000 | 0049 8b87 | b801 0000 | 4c8b d049 | 83c2 184d | 3b97 c801 
  0x0000017957a3ae28: 0000 0f83 | e23f 0000 | 4d89 97b8 | 0100 0041 | 0f0d 8ac0 | 0000 0048 | c700 0100 

  0x0000017957a3ae44: ;   {metadata('java/lang/String')}
  0x0000017957a3ae44: 0000 c740 | 0878 e800 | 0044 8960 | 0c44 8960 

  0x0000017957a3ae54: ;   {oop([B{0x00000006804f3300})}
  0x0000017957a3ae54: 10c7 4014 | 60e6 09d0 

  0x0000017957a3ae5c: ;   {oop(".class"{0x00000006804f2e10})}
  0x0000017957a3ae5c: 49ba 102e | 4f80 0600 | 0000 458b | 5a0c 4489 | 580c 450f | b65a 1144 | 8858 1148 | 8944 2450 
  0x0000017957a3ae7c: e976 fbff | ff41 8bfa | 448b d7eb | 0841 ffca | eb03 448b | d349 8bd8 | 448b de44 | 8bca 458b 
  0x0000017957a3ae9c: ;   {metadata('jdk/internal/loader/URLClassPath$JarLoader$2')}
  0x0000017957a3ae9c: 4508 4181 | f830 2421 | 000f 8533 | 2a00 004d | 8bc5 418b | 7820 418b | 7cfc 1c89 | bc24 9000 
  0x0000017957a3aebc: 0000 8bbc | 2490 0000 | 0048 8bf7 | 48c1 e603 | 4183 faff | 0f84 7f2a | 0000 4585 | d20f 8c81 
  0x0000017957a3aedc: 4f00 0044 | 3bd1 0f8f | 5c50 0000 | 443b d10f | 8449 0e00 | 0045 85d2 | 0f84 2234 | 0000 4d8b 
  0x0000017957a3aefc: b7b8 0100 | 004d 8bc6 | 4983 c018 | 4d3b 87c8 | 0100 000f | 8356 3300 | 004d 8987 | b801 0000 
  0x0000017957a3af1c: 410f 0d88 | c000 0000 | 49c7 0601 

  0x0000017957a3af28: ;   {metadata('java/lang/String')}
  0x0000017957a3af28: 0000 0041 | c746 0878 | e800 0045 | 8966 0c4d | 8966 104f | 8d44 dc10 | 453b d10f | 85d4 0000 
  0x0000017957a3af48: 004d 63d1 | 4181 f900 | 0010 000f | 8784 4100 | 004c 8944 | 2430 4c89 | 7424 7848 | 8974 2420 
  0x0000017957a3af68: 488b eb44 | 895c 2458 | 4c89 6c24 | 4049 8b9f | b801 0000 | 4c89 5424 | 4849 83c2 | 1749 83e2 
  0x0000017957a3af88: f84c 8bdb | 4d03 da4d | 3b9f c801 | 0000 0f83 | 6241 0000 | 4d89 9fb8 | 0100 0041 | 0f0d 8bc0 
  0x0000017957a3afa8: 0000 0048 | c703 0100 | 0000 410f | 0d8b 0001 

  0x0000017957a3afb8: ;   {metadata({type array byte})}
  0x0000017957a3afb8: 0000 c743 | 0818 2300 | 0044 894b | 0c41 0f0d | 8b40 0100 | 0041 0f0d | 8b80 0100 | 0048 8bd3 
  0x0000017957a3afd8: 4883 c210 | 4c8b 4424 | 4849 83c0 | 0749 c1e8 | 0348 8b4c | 2430 c5f8 | 7749 ba60 | 4b2a 5779 
  0x0000017957a3aff8: 0100 0041 

  0x0000017957a3affc: ;   {other}
  0x0000017957a3affc: ffd2 0f1f | 8400 0000 | 0000 4c8b | 6c24 404c | 8b74 2478 | 4c8b cb48 | 8b74 2420 | e9dc 0000 
  0x0000017957a3b01c: 0041 81fa | 0000 1000 | 0f87 8a4c | 0000 4963 | ca45 3bca | 418b e941 | 0f4f ea44 | 3bcd 0f82 
  0x0000017957a3b03c: e54c 0000 | 443b d50f | 82dc 4c00 | 0048 83c1 | 174c 8bd9 | 4983 e3f8 | 4181 fa00 | 0010 000f 
  0x0000017957a3b05c: 871b 3d00 | 004d 8b8f | b801 0000 | 498b f949 | 03fb 493b | bfc8 0100 | 000f 8301 | 3d00 0049 
  0x0000017957a3b07c: 89bf b801 | 0000 0f0d | 8fc0 0000 | 0049 c701 | 0100 0000 | 0f0d 8f00 

  0x0000017957a3b094: ;   {metadata({type array byte})}
  0x0000017957a3b094: 0100 0041 | c741 0818 | 2300 0045 | 8951 0c0f | 0d8f 4001 | 0000 0f0d | 8f80 0100 | 0049 8bd1 
  0x0000017957a3b0b4: 4883 c210 | 48c1 e903 | 85ed 0f84 | f84b 0000 | 413b ea0f | 8c52 2700 | 0049 8bd9 | 4983 c3f0 
  0x0000017957a3b0d4: 49c1 eb03 | 498b c84d | 8bc3 c5f8 | 7749 ba60 | 4b2a 5779 | 0100 0041 

  0x0000017957a3b0ec: ;   {other}
  0x0000017957a3b0ec: ffd2 0f1f | 8400 0000 | 0000 4c8b | cb41 807f | 4000 0f85 | 7026 0000 | 4d8b d949 | c1eb 0345 
  0x0000017957a3b10c: 895e 144d | 8bd6 4d8b | d94d 33da | 49c1 eb16 | 4d85 db74 | 1a49 c1ea | 0948 b900 | 00aa 5c79 
  0x0000017957a3b12c: 0100 0049 | 03ca 8039 | 020f 8570 | 2600 0045 | 8866 104c | 89b4 24c8 | 0000 0045 

  0x0000017957a3b148: ;   {metadata('jdk/internal/loader/URLClassPath$JarLoader$2')}
  0x0000017957a3b148: 8b5d 0841 | 81fb 3024 | 2100 0f85 | 8c48 0000 | 4d8b d54c | 8954 2478 

  0x0000017957a3b160: ;   {oop(a 'java/lang/Class'{0x00000006804ebe88} = 'jdk/internal/access/SharedSecrets')}
  0x0000017957a3b160: 49ba 88be | 4e80 0600 | 0000 458b | 92d4 0000 | 0047 8b44 | d408 4c8b | 5c24 7845 | 8b5b 2043 
  0x0000017957a3b180: 8b4c dc18 

  0x0000017957a3b184: ;   {metadata('java/util/jar/JavaUtilJarAccessImpl')}
  0x0000017957a3b184: 4181 f8a0 | 5b31 000f | 8597 4800 | 0085 c90f | 8423 4700 | 004d 8d1c | cc48 8d9c | 24e0 0000 
  0x0000017957a3b1a4: 0049 8b03 | a802 0f85 | 2300 0000 | 4883 c801 | 4889 03f0 | 490f b11b | 0f84 3700 | 0000 482b 
  0x0000017957a3b1c4: c448 2507 | f0ff ff48 | 8903 e924 | 0000 004c | 8bd0 4833 | c0f0 4d0f | b17a 3e48 | c703 0300 
  0x0000017957a3b1e4: 0000 7411 | 4c3b f875 | 1549 ff82 | 8600 0000 | 4833 c075 | 0949 ff87 | 5005 0000 | 33c0 0f85 
  0x0000017957a3b204: 7048 0000 | 418b 6ccc | 3085 ed0f | 856f 4d00 | 0045 0fb6 | 54cc 1245 | 85d2 0f85 | 731c 0000 
  0x0000017957a3b224: 488d 8424 | e000 0000 | 4883 3800 | 0f84 7900 | 0000 4d8b | 1341 f6c2 | 020f 8462 | 0000 0049 
  0x0000017957a3b244: 83ba 8600 | 0000 0074 | 0949 ff8a | 8600 0000 | eb4b 498b | 8296 0000 | 0049 0b82 | 8e00 0000 
  0x0000017957a3b264: 750a 49c7 | 423e 0000 | 0000 eb3d | 4983 ba9e | 0000 0000 | 7422 4833 | c049 c742 

  0x0000017957a3b280: ;   {no_reloc}
  0x0000017957a3b280: 3e00 0000 | 00f0 8304 | 2400 4983 | ba9e 0000 | 0000 750d | f04d 0fb1 | 7a3e 7505 | 83c8 01eb 
  0x0000017957a3b2a0: 0ca8 00eb | 084c 8b10 | f04d 0fb1 | 1375 0a49 | ff8f 5005 | 0000 4533 | d20f 8534 | 4800 004c 
  0x0000017957a3b2c0: 8b54 2478 | 458b 5a20 

  0x0000017957a3b2c8: ; implicit exception: dispatches to 0x0000017957a41d48
  0x0000017957a3b2c8: 438b 6cdc | 1845 8b54 

  0x0000017957a3b2d0: ;   {metadata('java/util/jar/JarFile')}
  0x0000017957a3b2d0: ec08 4181 | fa08 1419 | 000f 8545 | 4800 004d | 8d14 ec4d | 8bc2 418b | 7828 85ff | 0f84 650a 
  0x0000017957a3b2f0: 0000 418b | 6cfc 0c41 | 807f 4000 | 0f85 4024 | 0000 418b | 4cec 084d | 8b54 fc20 

  0x0000017957a3b30c: ;   {oop(a 'java/lang/Class'{0x00000006804ebd80} = 'java/lang/ref/SoftReference')}
  0x0000017957a3b30c: 49bb 80bd | 4e80 0600 | 0000 4d8b | 5b70 4d3b | d30f 8563 

  0x0000017957a3b320: ;   {metadata('java/util/jar/Manifest')}
  0x0000017957a3b320: 1b00 0081 | f9a0 e104 | 000f 859d | 6800 004d | 8d14 ec4c | 8994 2488 | 0000 004c | 8b74 2468 
  0x0000017957a3b340: 458b 4638 | 4585 c00f | 84a3 4500 | 004c 8b9c | 24c8 0000 | 0041 8b43 | 0c85 c00f | 8409 0900 
  0x0000017957a3b360: 0047 8b4c | c428 4585 | c90f 8494 | 0400 0047 | 8b44 cc0c | 4585 c00f | 8623 4b00 | 0044 8bd0 
  0x0000017957a3b380: 41c1 ea10 | 4433 d049 | c1e1 0341 | 81e2 ffff | ff7f 41ff | c845 23c2 | 4d63 c047 | 8b44 8110 
  0x0000017957a3b3a0: 4585 c00f | 845a 0400 | 0043 8b6c | c40c 413b | ea0f 846f | 0700 0085 | ed0f 8ca1 | 5000 0047 
  0x0000017957a3b3c0: 8b44 c418 | 4585 c00f | 8436 0400 | 004b 8d0c | c444 8b41 | 0c49 8bbf | 5804 0000 | c5fb 1044 
  0x0000017957a3b3e0: ; ImmutableOopMap {r11=Oop rcx=Oop rsi=Oop r13=Oop r14=Oop xmm0=Oop [40]=Oop [96]=Oop [120]=Oop [136]=Oop [144]=NarrowOop }
                      ;*if_icmpne {reexecute=1 rethrow=0 return_oop=0}
                      ; - (reexecute) java.util.concurrent.ConcurrentHashMap::get@127
                      ; - java.lang.ClassLoader::getDefinedPackage@13
                      ; - java.net.URLClassLoader::getAndVerifyPackage@2
                      ; - java.net.URLClassLoader::defineClass@46
                      ; - java.net.URLClassLoader$1::run@43
                      ; - java.net.URLClassLoader$1::run@1
                      ; - java.security.AccessController::executePrivileged@29
                      ; - java.security.AccessController::doPrivileged@13
                      ; - java.net.URLClassLoader::findClass@13
                      ;   {poll}
  0x0000017957a3b3e0: 2460 8507 | 453b c274 | 1344 8b41 | 1845 85c0 | 0f84 0d04 | 0000 4b8d | 0cc4 ebd5 | 8b69 104c 
  0x0000017957a3b400: 8bc5 49c1 | e003 4d3b | c374 7385 | ed0f 84b5 | 5000 0048 | 898c 2498 | 0000 0044 | 8994 2494 
  0x0000017957a3b420: 0000 004c | 899c 2480 | 0000 0048 | 8974 2420 | 4c89 6c24 | 404c 8974 | 2468 4d8d | 04ec 498b 
  0x0000017957a3b440: d34c 895c | 2438 498b | ee66 6690 

  0x0000017957a3b44c: ;   {optimized virtual_call}
  0x0000017957a3b44c: c5f8 77e8 

  0x0000017957a3b450: ; ImmutableOopMap {rbp=Oop [32]=Oop [40]=Oop [56]=Oop [64]=Oop [96]=Oop [104]=Oop [120]=Oop [128]=Oop [136]=Oop [144]=NarrowOop [152]=Oop }
                      ;*invokevirtual equals {reexecute=0 rethrow=0 return_oop=0}
                      ; - java.util.concurrent.ConcurrentHashMap::get@149
                      ; - java.lang.ClassLoader::getDefinedPackage@13
                      ; - java.net.URLClassLoader::getAndVerifyPackage@2
                      ; - java.net.URLClassLoader::defineClass@46
                      ; - java.net.URLClassLoader$1::run@43
                      ; - java.net.URLClassLoader$1::run@1
                      ; - java.security.AccessController::executePrivileged@29
                      ; - java.security.AccessController::doPrivileged@13
                      ; - java.net.URLClassLoader::findClass@13
  0x0000017957a3b450: ecca ffff 

  0x0000017957a3b454: ;   {other}
  0x0000017957a3b454: 0f1f 8400 | 441a 000d | 85c0 0f84 | d050 0000 | 4c8b f54c | 8b6c 2440 | 4c8b 5c24 | 3848 8b8c 
  0x0000017957a3b474: 2498 0000 | 0048 8b74 | 2420 8b69 | 1485 ed0f | 847a 0300 | 0045 0fb6 | 4311 418b | 430c eb19 
  0x0000017957a3b494: 488b f543 | 8b6c c414 | 85ed 0f84 | 5f03 0000 | 418b 430c | 450f b643 | 1145 8b4c 

  0x0000017957a3b4b0: ;   {metadata('java/lang/Package')}
  0x0000017957a3b4b0: ec08 4181 | f9e8 bd01 | 000f 8509 | 6600 0041 | 8b5b 1445 | 8b54 dc0c | 4d8d 0cec | 458b 4910 
  0x0000017957a3b4d0: 4585 d20f | 86e3 4800 | 0045 8b56 | 3845 85d2 | 0f84 8e48 | 0000 85c0 | 0f84 cd18 | 0000 438b 
  0x0000017957a3b4f0: 4cd4 2885 | c90f 84b7 | 0100 0045 | 8b44 cc0c | 4585 c00f | 86fa 4b00 | 0044 8bd0 | 41c1 ea10 
  0x0000017957a3b510: 4433 d048 | c1e1 0341 | 81e2 ffff | ff7f 41ff | c845 23c2 | 4d63 c046 | 8b44 8110 | 4585 c00f 
  0x0000017957a3b530: 847d 0100 | 0043 8b6c | c40c 413b | ea0f 84a7 | 0400 0085 | ed0f 8c99 | 5200 0047 | 8b44 c418 
  0x0000017957a3b550: 4585 c00f | 8459 0100 | 004b 8d1c | c48b 4b0c | 498b af58 | 0400 004c 

  0x0000017957a3b568: ; ImmutableOopMap {r11=Oop r8=Oop r9=NarrowOop rbx=Oop rsi=Oop r13=Oop r14=Oop [40]=Oop [96]=Oop [120]=Oop [136]=Oop [144]=NarrowOop }
                      ;*if_icmpne {reexecute=1 rethrow=0 return_oop=0}
                      ; - (reexecute) java.util.concurrent.ConcurrentHashMap::get@127
                      ; - java.lang.ClassLoader::definePackage@47
                      ; - java.lang.ClassLoader::getDefinedPackage@32
                      ; - java.net.URLClassLoader::getAndVerifyPackage@2
                      ; - java.net.URLClassLoader::defineClass@46
                      ; - java.net.URLClassLoader$1::run@43
                      ; - java.net.URLClassLoader$1::run@1
                      ; - java.security.AccessController::executePrivileged@29
                      ; - java.security.AccessController::doPrivileged@13
                      ; - java.net.URLClassLoader::findClass@13
  0x0000017957a3b568: 8b44 2460 

  0x0000017957a3b56c: ;   {poll}
  0x0000017957a3b56c: 8545 0041 | 3bca 7413 | 448b 4318 | 4585 c00f | 8431 0100 | 004b 8d1c | c4eb d68b | 6b10 4c8b 
  0x0000017957a3b58c: c549 c1e0 | 034d 3bc3 | 0f84 db00 | 0000 85ed | 0f84 0853 | 0000 4889 | 9c24 a800 | 0000 4489 
  0x0000017957a3b5ac: 9424 a000 | 0000 4489 | 8c24 9400 | 0000 4c8b | 9424 8800 | 0000 4c89 | 9424 9800 | 0000 4c8b 
  0x0000017957a3b5cc: 5424 784c | 8994 2488 | 0000 004c | 899c 2480 | 0000 0048 | 8974 2420 | 448b 9c24 | 9000 0000 
  0x0000017957a3b5ec: 4489 5c24 | 784c 896c | 2440 4c89 | 7424 684d | 8d04 ec48 | 8b94 2480 | 0000 0048 | 8b6c 2460 
  0x0000017957a3b60c: ;   {optimized virtual_call}
  0x0000017957a3b60c: c5f8 77e8 

  0x0000017957a3b610: ; ImmutableOopMap {rbp=Oop [32]=Oop [40]=Oop [64]=Oop [96]=Oop [104]=Oop [120]=NarrowOop [128]=Oop [136]=Oop [148]=NarrowOop [152]=Oop [168]=Oop }
                      ;*invokevirtual equals {reexecute=0 rethrow=0 return_oop=0}
                      ; - java.util.concurrent.ConcurrentHashMap::get@149
                      ; - java.lang.ClassLoader::definePackage@47
                      ; - java.lang.ClassLoader::getDefinedPackage@32
                      ; - java.net.URLClassLoader::getAndVerifyPackage@2
                      ; - java.net.URLClassLoader::defineClass@46
                      ; - java.net.URLClassLoader$1::run@43
                      ; - java.net.URLClassLoader$1::run@1
                      ; - java.security.AccessController::executePrivileged@29
                      ; - java.security.AccessController::doPrivileged@13
                      ; - java.net.URLClassLoader::findClass@13
  0x0000017957a3b610: 2cc9 ffff 

  0x0000017957a3b614: ;   {other}
  0x0000017957a3b614: 0f1f 8400 | 041c 000f | 85c0 0f84 | f852 0000 | 4c8b 7424 | 684c 8b6c | 2440 448b | 5424 7844 
  0x0000017957a3b634: 8994 2490 | 0000 004c | 8b9c 2480 | 0000 004c | 8b84 2488 | 0000 004c | 8944 2478 | 4c8b 8424 
  0x0000017957a3b654: 9800 0000 | 4c89 8424 | 8800 0000 | 448b 8c24 | 9400 0000 | 488b 9c24 | a800 0000 | 488b 7424 
  0x0000017957a3b674: 208b 6b14 | 85ed 7436 | 458b 44ec 

  0x0000017957a3b680: ;   {metadata('java/lang/Package')}
  0x0000017957a3b680: 0841 81f8 | e8bd 0100 | 0f85 8665 | 0000 4d8d | 14ec 4c89 | 9424 8000 | 0000 4889 | 7424 20e9 
  0x0000017957a3b6a0: c200 0000 | c4e1 f97e | c643 8b6c | c414 85ed | 75ca 418b | 6e38 4d8b | 97b8 0100 | 004d 8bc2 
  0x0000017957a3b6c0: 4983 c018 | 4d3b 87c8 | 0100 000f | 835f 3a00 | 004d 8987 | b801 0000 | 410f 0d88 | c000 0000 
  0x0000017957a3b6e0: 49c7 0201 

  0x0000017957a3b6e4: ;   {metadata('java/lang/ClassLoader$$Lambda+0x0000017901065d68')}
  0x0000017957a3b6e4: 0000 0041 | c742 0868 | 5d06 014d | 8962 1049 | 8bce 48c1 | e903 4189 | 4a0c 4589 | 4a10 85ed 
  0x0000017957a3b704: 0f84 9e49 | 0000 4c89 | 5c24 5848 | 8974 2420 | 4c89 6c24 | 404c 8974 | 2468 498d | 14ec 4d8b 
  0x0000017957a3b724: c34d 8bca | 4c89 5c24 | 3849 8bee 

  0x0000017957a3b730: ;   {optimized virtual_call}
  0x0000017957a3b730: c5f8 77e8 

  0x0000017957a3b734: ; ImmutableOopMap {rbp=Oop [32]=Oop [40]=Oop [56]=Oop [64]=Oop [88]=Oop [96]=Oop [104]=Oop [120]=Oop [136]=Oop [144]=NarrowOop }
                      ;*invokevirtual compute {reexecute=0 rethrow=0 return_oop=1}
                      ; - java.lang.ClassLoader::definePackage@78
                      ; - java.lang.ClassLoader::getDefinedPackage@32
                      ; - java.net.URLClassLoader::getAndVerifyPackage@2
                      ; - java.net.URLClassLoader::defineClass@46
                      ; - java.net.URLClassLoader$1::run@43
                      ; - java.net.URLClassLoader$1::run@1
                      ; - java.security.AccessController::executePrivileged@29
                      ; - java.security.AccessController::doPrivileged@13
                      ; - java.net.URLClassLoader::findClass@13
  0x0000017957a3b734: 4833 88ff 

  0x0000017957a3b738: ;   {other}
  0x0000017957a3b738: 0f1f 8400 | 281d 0010 

  0x0000017957a3b740: ; implicit exception: dispatches to 0x0000017957a41ec0
  0x0000017957a3b740: 448b 5808 

  0x0000017957a3b744: ;   {metadata('java/lang/Package')}
  0x0000017957a3b744: 4181 fbe8 | bd01 000f | 85cb 6300 | 0048 8984 | 2480 0000 | 004c 8bf5 | 4c8b 6c24 | 404c 8b5c 
  0x0000017957a3b764: 2438 488b | ac24 8800 | 0000 4c89 | 5c24 584c | 896c 2440 | 4c89 7424 | 6848 8b94 | 2480 0000 
  0x0000017957a3b784: 004c 8b54 | 2460 4c89 | 5424 304c | 8974 2438 | 4c89 5c24 | 4866 6690 

  0x0000017957a3b79c: ;   {optimized virtual_call}
  0x0000017957a3b79c: c5f8 77e8 

  0x0000017957a3b7a0: ; ImmutableOopMap {rbp=Oop [32]=Oop [40]=Oop [48]=Oop [56]=Oop [64]=Oop [72]=Oop [88]=Oop [96]=Oop [104]=Oop [120]=Oop [128]=Oop [144]=NarrowOop }
                      ;*invokevirtual isSealed {reexecute=0 rethrow=0 return_oop=0}
                      ; - java.net.URLClassLoader::getAndVerifyPackage@14
                      ; - java.net.URLClassLoader::defineClass@46
                      ; - java.net.URLClassLoader$1::run@43
                      ; - java.net.URLClassLoader$1::run@1
                      ; - java.security.AccessController::executePrivileged@29
                      ; - java.security.AccessController::doPrivileged@13
                      ; - java.net.URLClassLoader::findClass@13
  0x0000017957a3b7a0: 9c77 1200 

  0x0000017957a3b7a4: ;   {other}
  0x0000017957a3b7a4: 0f1f 8400 | 941d 0011 | 85c0 0f85 | bc49 0000 | 4885 ed0f | 84f7 4900 | 0048 896c | 2450 488b 
  0x0000017957a3b7c4: 5424 384c | 8b44 2448 | 4c8b cd4c | 8944 2430 | 4c8b 5424 | 604c 8954 | 2438 488b | ea66 6690 
  0x0000017957a3b7e4: ;   {optimized virtual_call}
  0x0000017957a3b7e4: c5f8 77e8 

  0x0000017957a3b7e8: ; ImmutableOopMap {rbp=Oop [32]=Oop [40]=Oop [48]=Oop [56]=Oop [64]=Oop [72]=Oop [80]=Oop [88]=Oop [96]=Oop [104]=Oop [120]=Oop [128]=Oop [144]=NarrowOop }
                      ;*invokevirtual isSealed {reexecute=0 rethrow=0 return_oop=0}
                      ; - java.net.URLClassLoader::getAndVerifyPackage@68
                      ; - java.net.URLClassLoader::defineClass@46
                      ; - java.net.URLClassLoader$1::run@43
                      ; - java.net.URLClassLoader$1::run@1
                      ; - java.security.AccessController::executePrivileged@29
                      ; - java.security.AccessController::doPrivileged@13
                      ; - java.net.URLClassLoader::findClass@13
  0x0000017957a3b7e8: d416 2000 

  0x0000017957a3b7ec: ;   {other}
  0x0000017957a3b7ec: 0f1f 8400 | dc1d 0012 | 85c0 0f85 | 004a 0000 | 4c8b 6c24 

  0x0000017957a3b800: ;   {metadata('java/lang/IllegalArgumentException')}
  0x0000017957a3b800: 40eb 6a48 | bdc0 9a06 | 0079 0100 | 004c 8b94 | 2488 0000 | 004d 85d2 | 0f84 da1a | 0000 4c89 
  0x0000017957a3b820: 5c24 4848 | 8974 2420 | 4c89 6c24 | 404c 8974 | 2468 498b | d64d 8bc3 | 4c8b 8c24 | 8800 0000 
  0x0000017957a3b840: 488b fe4c | 8b54 2460 | 4c89 5424 | 304c 8954 | 2438 4c89 | 7424 5090 

  0x0000017957a3b858: ;   {optimized virtual_call}
  0x0000017957a3b858: c5f8 77e8 

  0x0000017957a3b85c: ; ImmutableOopMap {[32]=Oop [40]=Oop [48]=Oop [56]=Oop [64]=Oop [72]=Oop [80]=Oop [96]=Oop [104]=Oop [120]=Oop [136]=Oop [144]=NarrowOop }
                      ;*invokevirtual definePackage {reexecute=0 rethrow=0 return_oop=1}
                      ; - java.net.URLClassLoader::defineClass@64
                      ; - java.net.URLClassLoader$1::run@43
                      ; - java.net.URLClassLoader$1::run@1
                      ; - java.security.AccessController::executePrivileged@29
                      ; - java.security.AccessController::doPrivileged@13
                      ; - java.net.URLClassLoader::findClass@13
  0x0000017957a3b85c: c093 65f8 

  0x0000017957a3b860: ;   {other}
  0x0000017957a3b860: 0f1f 8400 | 501e 0013 | 4c8b 6c24 | 404c 896c | 2440 498b | d54c 896c | 2430 4c8b | 5424 604c 
  0x0000017957a3b880: 8954 2438 

  0x0000017957a3b884: ;   {optimized virtual_call}
  0x0000017957a3b884: c5f8 77e8 

  0x0000017957a3b888: ; ImmutableOopMap {[32]=Oop [40]=Oop [48]=Oop [56]=Oop [64]=Oop [96]=Oop [104]=Oop [144]=NarrowOop }
                      ;*invokevirtual getByteBuffer {reexecute=0 rethrow=0 return_oop=1}
                      ; - java.net.URLClassLoader::defineClass@132
                      ; - java.net.URLClassLoader$1::run@43
                      ; - java.net.URLClassLoader$1::run@1
                      ; - java.security.AccessController::executePrivileged@29
                      ; - java.security.AccessController::doPrivileged@13
                      ; - java.net.URLClassLoader::findClass@13
  0x0000017957a3b888: b4fd 0f00 

  0x0000017957a3b88c: ;   {other}
  0x0000017957a3b88c: 0f1f 8400 | 7c1e 0014 | 4885 c00f | 8567 4600 | 0048 8b54 | 2430 448b 

  0x0000017957a3b8a4: ;   {metadata('jdk/internal/loader/URLClassPath$JarLoader$2')}
  0x0000017957a3b8a4: 5a08 4181 | fb30 2421 | 000f 8550 | 2000 0048 | 8954 2430 

  0x0000017957a3b8b8: ;   {optimized virtual_call}
  0x0000017957a3b8b8: c5f8 77e8 

  0x0000017957a3b8bc: ; ImmutableOopMap {[32]=Oop [40]=Oop [48]=Oop [56]=Oop [64]=Oop [96]=Oop [104]=Oop [144]=NarrowOop }
                      ;*invokevirtual getBytes {reexecute=0 rethrow=0 return_oop=1}
                      ; - java.net.URLClassLoader::defineClass@179
                      ; - java.net.URLClassLoader$1::run@43
                      ; - java.net.URLClassLoader$1::run@1
                      ; - java.security.AccessController::executePrivileged@29
                      ; - java.security.AccessController::doPrivileged@13
                      ; - java.net.URLClassLoader::findClass@13
  0x0000017957a3b8bc: e0d7 0c00 

  0x0000017957a3b8c0: ;   {other}
  0x0000017957a3b8c0: 0f1f 8400 | b01e 0015 | 4889 4424 | 5048 8b54 | 2440 448b 

  0x0000017957a3b8d4: ;   {metadata('jdk/internal/loader/URLClassPath$JarLoader$2')}
  0x0000017957a3b8d4: 5a08 4181 | fb30 2421 | 000f 854b | 2000 004c | 8b54 2460 | 4c89 5424 | 3066 6690 

  0x0000017957a3b8f0: ;   {optimized virtual_call}
  0x0000017957a3b8f0: c5f8 77e8 

  0x0000017957a3b8f4: ; ImmutableOopMap {[32]=Oop [40]=Oop [48]=Oop [64]=Oop [80]=Oop [96]=Oop [104]=Oop [144]=NarrowOop }
                      ;*invokevirtual getCodeSigners {reexecute=0 rethrow=0 return_oop=1}
                      ; - java.net.URLClassLoader::defineClass@185
                      ; - java.net.URLClassLoader$1::run@43
                      ; - java.net.URLClassLoader$1::run@1
                      ; - java.security.AccessController::executePrivileged@29
                      ; - java.security.AccessController::doPrivileged@13
                      ; - java.net.URLClassLoader::findClass@13
  0x0000017957a3b8f4: e8e6 e2ff 

  0x0000017957a3b8f8: ;   {other}
  0x0000017957a3b8f8: 0f1f 8400 | e81e 0016 | 4885 c00f | 859b 4000 | 0049 8b87 | b801 0000 | 4c8b d049 | 83c2 284d 
  0x0000017957a3b918: 3b97 c801 | 0000 0f83 | fa27 0000 | 4d89 97b8 | 0100 0041 | 0f0d 8ac0 | 0000 0048 | c700 0100 
  0x0000017957a3b938: ;   {metadata('java/security/CodeSource')}
  0x0000017957a3b938: 0000 c740 | 0828 5c00 | 0044 8960 | 0c4c 8960 | 104c 8960 | 184c 8960 | 2048 8944 | 2458 488b 
  0x0000017957a3b958: d04c 8b44 | 2420 4533 | c94c 8b54 | 2460 4c89 | 5424 2090 

  0x0000017957a3b96c: ;   {optimized virtual_call}
  0x0000017957a3b96c: c5f8 77e8 

  0x0000017957a3b970: ; ImmutableOopMap {[32]=Oop [40]=Oop [64]=Oop [80]=Oop [88]=Oop [96]=Oop [104]=Oop }
                      ;*invokespecial <init> {reexecute=0 rethrow=0 return_oop=0}
                      ; - java.net.URLClassLoader::defineClass@198
                      ; - java.net.URLClassLoader$1::run@43
                      ; - java.net.URLClassLoader$1::run@1
                      ; - java.security.AccessController::executePrivileged@29
                      ; - java.security.AccessController::doPrivileged@13
                      ; - java.net.URLClassLoader::findClass@13
  0x0000017957a3b970: ec49 edff 

  0x0000017957a3b974: ;   {other}
  0x0000017957a3b974: 0f1f 8400 | 641f 0017 

  0x0000017957a3b97c: ;   {oop(a 'jdk/internal/perf/PerfCounter'{0x00000006804ec458})}
  0x0000017957a3b97c: 48ba 58c4 | 4e80 0600 | 0000 4c8b | 4424 7090 

  0x0000017957a3b98c: ;   {optimized virtual_call}
  0x0000017957a3b98c: c5f8 77e8 

  0x0000017957a3b990: ; ImmutableOopMap {[32]=Oop [40]=Oop [64]=Oop [80]=Oop [88]=Oop [96]=Oop [104]=Oop }
                      ;*invokevirtual addElapsedTimeFrom {reexecute=0 rethrow=0 return_oop=0}
                      ; - java.net.URLClassLoader::defineClass@207
                      ; - java.net.URLClassLoader$1::run@43
                      ; - java.net.URLClassLoader$1::run@1
                      ; - java.security.AccessController::executePrivileged@29
                      ; - java.security.AccessController::doPrivileged@13
                      ; - java.net.URLClassLoader::findClass@13
  0x0000017957a3b990: ac45 f5ff 

  0x0000017957a3b994: ;   {other}
  0x0000017957a3b994: 0f1f 8400 | 841f 0018 | 4c8b 4c24 | 5041 8b71 | 0c48 8b54 | 2468 4c8b | 4424 2033 | ff48 8b4c 
  0x0000017957a3b9b4: 2458 6690 

  0x0000017957a3b9b8: ;   {optimized virtual_call}
  0x0000017957a3b9b8: c5f8 77e8 

  0x0000017957a3b9bc: ; ImmutableOopMap {[32]=Oop [40]=Oop [64]=Oop [96]=Oop [104]=Oop }
                      ;*invokevirtual defineClass {reexecute=0 rethrow=0 return_oop=1}
                      ; - java.net.URLClassLoader::defineClass@220
                      ; - java.net.URLClassLoader$1::run@43
                      ; - java.net.URLClassLoader$1::run@1
                      ; - java.security.AccessController::executePrivileged@29
                      ; - java.security.AccessController::doPrivileged@13
                      ; - java.net.URLClassLoader::findClass@13
  0x0000017957a3b9bc: 4066 0800 

  0x0000017957a3b9c0: ;   {other}
  0x0000017957a3b9c0: 0f1f 8400 | b01f 0019 | 4885 c00f | 8484 f1ff | ffc5 f877 | 4881 c4f0 | 0000 005d 

  0x0000017957a3b9dc: ;   {poll_return}
  0x0000017957a3b9dc: 493b a750 | 0400 000f | 871a 7800 | 00c3 438b | 6cc4 1048 | 8bcd 48c1 | e103 493b | cb0f 84aa 
  0x0000017957a3b9fc: fcff ff41 | 8b4c ec08 | 498d 1cec | 4c3b db0f | 8498 fcff 

  0x0000017957a3ba10: ;   {metadata('java/lang/String')}
  0x0000017957a3ba10: ff81 f978 | e800 000f | 852e fbff | ffc4 e1f9 | 6ec6 410f | be4b 100f | be6b 103b | cd0f 85ed 
  0x0000017957a3ba30: 4b00 008b | 5b14 418b | 5314 418b | 7cdc 0c41 | 8b4c d40c | 3bcf 0f85 | fffa ffff | 498d 3cdc 
  0x0000017957a3ba50: 498d 74dc | 1049 8d1c | d449 8d7c | d410 85c9 | 0f84 9d00 | 0000 8bc1 | 83e0 1f83 | e1e0 0f84 
  0x0000017957a3ba70: 4b00 0000 | 488d 3c0f | 488d 340e | 48f7 d9c5 | fe6f 0c0f | c5fe 6f14 | 0ec5 f5ef | cac4 e27d 
  0x0000017957a3ba90: 17c9 0f85 | 7200 0000 | 4883 c120 | 75e1 85c0 | 0f84 5d00 | 0000 c5fe | 6f4c 07e0 | c5fe 6f54 
  0x0000017957a3bab0: 06e0 c5f5 | efca c4e2 | 7d17 c975 | 4deb 448b | c883 e1fc | 7419 488d | 3c0f 488d | 340e 48f7 
  0x0000017957a3bad0: d98b 1c0f | 3b1c 0e75 | 3148 83c1 | 0475 f2a8 | 0274 120f | b71f 0fb7 | 0e3b d975 | 1d48 8d7f 
  0x0000017957a3baf0: 0248 8d76 | 02a8 0174 | 0a0f b61f | 0fb6 0e3b | d975 07b8 | 0100 0000 | eb02 33c0 | c5f5 efc9 
  0x0000017957a3bb10: ;   {no_reloc}
  0x0000017957a3bb10: c5ed efd2 | 85c0 0f85 | 88fb ffff | c4e1 f97e | c6e9 25fa | ffff 438b | 6cc4 104c | 8bcd 49c1 
  0x0000017957a3bb30: e103 4d3b | cb0f 845c | f9ff ff41 | 8b4c ec08 | 4d8d 0cec | 4d3b d90f | 844a f9ff 

  0x0000017957a3bb4c: ;   {metadata('java/lang/String')}
  0x0000017957a3bb4c: ff81 f978 | e800 000f | 8566 f8ff | ff41 0fbe | 4b10 410f | be69 103b | cd0f 8586 | 4800 0048 
  0x0000017957a3bb6c: 8bee 458b | 4914 418b | 5314 438b | 7ccc 0c41 | 8b4c d40c | 3bcf 0f85 | 37f8 ffff | 4b8d 1ccc 
  0x0000017957a3bb8c: 4b8d 74cc | 104d 8d0c | d449 8d7c | d410 85c9 | 0f84 9d00 | 0000 8bc1 | 83e0 1f83 | e1e0 0f84 
  0x0000017957a3bbac: 4b00 0000 | 488d 3c0f | 488d 340e | 48f7 d9c5 | fe6f 040f | c5fe 6f0c | 0ec5 fdef | c1c4 e27d 
  0x0000017957a3bbcc: 17c0 0f85 | 7200 0000 | 4883 c120 | 75e1 85c0 | 0f84 5d00 | 0000 c5fe | 6f44 07e0 | c5fe 6f4c 
  0x0000017957a3bbec: 06e0 c5fd | efc1 c4e2 | 7d17 c075 | 4deb 448b | c883 e1fc | 7419 488d | 3c0f 488d | 340e 48f7 
  0x0000017957a3bc0c: d98b 1c0f | 3b1c 0e75 | 3148 83c1 | 0475 f2a8 | 0274 120f | b71f 0fb7 | 0e3b d975 | 1d48 8d7f 
  0x0000017957a3bc2c: 0248 8d76 | 02a8 0174 | 0a0f b61f | 0fb6 0e3b | d975 07b8 | 0100 0000 | eb02 33c0 | c5fd efc0 
  0x0000017957a3bc4c: ;   {no_reloc}
  0x0000017957a3bc4c: c5f5 efc9 | 85c0 0f85 | 3cf8 ffff | 488b f5e9 | 5ff7 ffff | b92f 0000 | 00e9 98ea | ffff 450f 
  0x0000017957a3bc6c: b64b 1145 | 85c9 0f85 | e71c 0000 | 458b 4b14 | 4b8d 2cc4 | 498b d148 | c1e2 0341 | 807b 1000 
  0x0000017957a3bc8c: 0f85 e226 | 0000 4489 | 4424 244c | 8b94 2488 | 0000 004c | 8954 2450 | 4c8b 5424 | 784c 8954 
  0x0000017957a3bcac: 2448 48ff | b424 c800 | 0000 488f | 4424 3848 | 8974 2430 | 448b 9c24 | 9000 0000 | 4489 5c24 
  0x0000017957a3bccc: 204c 896c | 2440 4c8b | 5424 604c | 8954 2458 

  0x0000017957a3bcdc: ;   {static_call}
  0x0000017957a3bcdc: c5f8 77e8 

  0x0000017957a3bce0: ; ImmutableOopMap {rbp=Oop [32]=NarrowOop [36]=NarrowOop [40]=Oop [48]=Oop [56]=Oop [64]=Oop [72]=Oop [80]=Oop [88]=Oop [96]=Oop [104]=Oop }
                      ;*invokestatic hashCode {reexecute=0 rethrow=0 return_oop=0}
                      ; - java.lang.String::hashCode@27
                      ; - java.util.concurrent.ConcurrentHashMap::get@1
                      ; - java.lang.ClassLoader::getDefinedPackage@13
                      ; - java.net.URLClassLoader::getAndVerifyPackage@2
                      ; - java.net.URLClassLoader::defineClass@46
                      ; - java.net.URLClassLoader$1::run@43
                      ; - java.net.URLClassLoader$1::run@1
                      ; - java.security.AccessController::executePrivileged@29
                      ; - java.security.AccessController::doPrivileged@13
                      ; - java.net.URLClassLoader::findClass@13
  0x0000017957a3bce0: dcfe dfff 

  0x0000017957a3bce4: ;   {other}
  0x0000017957a3bce4: 0f1f 8400 | d422 001a | 85c0 0f84 | 3726 0000 | 4c8b 5c24 | 3841 8943 | 0c4c 8b74 | 2468 4c8b 
  0x0000017957a3bd04: 6c24 4044 | 8b54 2420 | 4489 9424 | 9000 0000 | 4c8b 4424 | 484c 8944 | 2478 4c8b | 4424 504c 
  0x0000017957a3bd24: 8984 2488 | 0000 0044 | 8b44 2424 | 488b 7424 | 30e9 27f6 | ffff 4c8b | 5424 604c | 8994 24c8 
  0x0000017957a3bd44: 0000 00e9 | fbf3 ffff | 41b8 2f00 | 0000 e990 | eaff ff4c | 8944 2430 | 4889 7424 | 2044 8b94 
  0x0000017957a3bd64: 2490 0000 | 0044 8954 | 2458 4c89 | 6c24 4049 | 8bd0 4c8b | 5424 604c | 8954 2450 | 488b 6c24 
  0x0000017957a3bd84: 5066 6690 

  0x0000017957a3bd88: ;   {optimized virtual_call}
  0x0000017957a3bd88: c5f8 77e8 

  0x0000017957a3bd8c: ; ImmutableOopMap {rbp=Oop [32]=Oop [40]=Oop [48]=Oop [64]=Oop [80]=Oop [88]=NarrowOop [96]=Oop [104]=Oop [120]=Oop [144]=NarrowOop [200]=Oop }
                      ;*invokevirtual getManEntry {reexecute=0 rethrow=0 return_oop=1}
                      ; - java.util.jar.JarFile::getManifestFromReference@27
                      ; - java.util.jar.JarFile::getManifest@1
                      ; - jdk.internal.loader.URLClassPath$JarLoader$2::getManifest@22
                      ; - java.net.URLClassLoader::defineClass@34
                      ; - java.net.URLClassLoader$1::run@43
                      ; - java.net.URLClassLoader$1::run@1
                      ; - java.security.AccessController::executePrivileged@29
                      ; - java.security.AccessController::doPrivileged@13
                      ; - java.net.URLClassLoader::findClass@13
  0x0000017957a3bd8c: 7018 5bf8 

  0x0000017957a3bd90: ;   {other}
  0x0000017957a3bd90: 0f1f 8400 | 8023 001b | 4885 c00f | 8461 1a00 | 004c 8b44 | 2430 450f | b658 1245 | 85db 0f85 
  0x0000017957a3bdb0: 7d02 0000 | 498b e849 | 8bd0 4c8b | c066 6690 

  0x0000017957a3bdc0: ;   {optimized virtual_call}
  0x0000017957a3bdc0: c5f8 77e8 

  0x0000017957a3bdc4: ; ImmutableOopMap {rbp=Oop [32]=Oop [40]=Oop [64]=Oop [80]=Oop [88]=NarrowOop [96]=Oop [104]=Oop [120]=Oop [144]=NarrowOop [200]=Oop }
                      ;*invokespecial getInputStream {reexecute=0 rethrow=0 return_oop=1}
                      ; - java.util.jar.JarFile::getManifestFromReference@130
                      ; - java.util.jar.JarFile::getManifest@1
                      ; - jdk.internal.loader.URLClassPath$JarLoader$2::getManifest@22
                      ; - java.net.URLClassLoader::defineClass@34
                      ; - java.net.URLClassLoader$1::run@43
                      ; - java.net.URLClassLoader$1::run@1
                      ; - java.security.AccessController::executePrivileged@29
                      ; - java.security.AccessController::doPrivileged@13
                      ; - java.net.URLClassLoader::findClass@13
  0x0000017957a3bdc4: f834 fcff 

  0x0000017957a3bdc8: ;   {other}
  0x0000017957a3bdc8: 0f1f 8400 | b823 001c | 4889 4424 | 3049 8b87 | b801 0000 | 4c8b d049 | 83c2 184d | 3b97 c801 
  0x0000017957a3bde8: 0000 0f83 | fc36 0000 | 4d89 97b8 | 0100 0041 | 0f0d 8ac0 | 0000 0048 | c700 0100 

  0x0000017957a3be04: ;   {metadata('java/util/jar/Manifest')}
  0x0000017957a3be04: 0000 c740 | 08a0 e104 | 0044 8960 | 0c4c 8960 | 104c 8bd8 | 4c8b c545 | 8b48 1449 | 8baf b801 
  0x0000017957a3be24: 0000 4c8b | d549 83c2 | 104d 3b97 | c801 0000 | 0f83 db36 | 0000 4d89 | 97b8 0100 | 0041 0f0d 
  0x0000017957a3be44: 8ac0 0000 | 0048 c745 | 0001 0000 

  0x0000017957a3be50: ;   {metadata('java/util/jar/Attributes')}
  0x0000017957a3be50: 00c7 4508 | 4088 1600 | 4489 650c | 4c89 4424 | 504c 895c | 2448 4489 | 4c24 5cba | 1000 0000 
  0x0000017957a3be70: ;   {static_call}
  0x0000017957a3be70: c5f8 77e8 

  0x0000017957a3be74: ; ImmutableOopMap {rbp=Oop [32]=Oop [40]=Oop [48]=Oop [64]=Oop [72]=Oop [80]=Oop [88]=NarrowOop [92]=NarrowOop [96]=Oop [104]=Oop [120]=Oop [200]=Oop }
                      ;*invokestatic newLinkedHashMap {reexecute=0 rethrow=0 return_oop=1}
                      ; - java.util.jar.Attributes::<init>@6
                      ; - java.util.jar.Attributes::<init>@3
                      ; - java.util.jar.Manifest::<init>@9
                      ; - java.util.jar.Manifest::<init>@4
                      ; - java.util.jar.JarFile::getManifestFromReference@143
                      ; - java.util.jar.JarFile::getManifest@1
                      ; - jdk.internal.loader.URLClassPath$JarLoader$2::getManifest@22
                      ; - java.net.URLClassLoader::defineClass@34
                      ; - java.net.URLClassLoader$1::run@43
                      ; - java.net.URLClassLoader$1::run@1
                      ; - java.security.AccessController::executePrivileged@29
                      ; - java.security.AccessController::doPrivileged@13
                      ; - java.net.URLClassLoader::findClass@13
  0x0000017957a3be74: a81e 5bf8 

  0x0000017957a3be78: ;   {other}
  0x0000017957a3be78: 0f1f 8400 | 6824 001d | 488b f841 | 807f 4000 | 0f85 3930 | 0000 4c8b | d74d 8bda | 49c1 eb03 
  0x0000017957a3be98: 4489 5d0c | 4c8b dd4d | 33d3 488b | dd48 c1eb | 0349 c1ea | 1644 8b44 | 245c 49c1 | e003 4c89 
  0x0000017957a3beb8: 8424 8000 | 0000 4d85 | d274 1f48 | 85ff 741a | 49c1 eb09 | 48b9 0000 | aa5c 7901 | 0000 4903 
  0x0000017957a3bed8: cb80 3902 | 0f85 0431 | 0000 4180 | 7f40 000f | 8562 2f00 | 004c 8b44 | 2448 4189 | 580c 4c8b 
  0x0000017957a3bef8: d54d 8bd8 | 4d33 d349 | c1ea 164d | 85d2 741a | 49c1 eb09 | 48b9 0000 | aa5c 7901 | 0000 4903 
  0x0000017957a3bf18: cb80 3902 | 0f85 1630 | 0000 4d8b | 8fb8 0100 | 004d 8bd1 | 4983 c230 | 4d3b 97c8 | 0100 000f 
  0x0000017957a3bf38: 830f 3600 | 004d 8997 | b801 0000 | 410f 0d8a | c000 0000 | 49c7 0101 

  0x0000017957a3bf50: ;   {metadata('java/util/HashMap')}
  0x0000017957a3bf50: 0000 0041 | c741 0868 | a908 0045 | 8961 0c4d | 8961 104d | 8961 184d | 8961 2849 | c741 2000 
  0x0000017957a3bf70: 0040 3f41 | 807f 4000 | 0f85 122f | 0000 4d8b | d04d 8bd9 | 4d33 da49 | 8bc9 48c1 | e903 4189 
  0x0000017957a3bf90: 4810 49c1 | eb16 4d85 | db74 1a49 | c1ea 0948 | b900 00aa | 5c79 0100 | 0049 03ca | 8039 020f 
  0x0000017957a3bfb0: 85da 2f00 | 0049 8be8 | 498b d04c | 8b44 2430 | 4c8b 8c24 | 8000 0000 | 4c8b 5424 | 604c 8954 
  0x0000017957a3bfd0: 2448 6690 

  0x0000017957a3bfd4: ;   {optimized virtual_call}
  0x0000017957a3bfd4: c5f8 77e8 

  0x0000017957a3bfd8: ; ImmutableOopMap {rbp=Oop [32]=Oop [40]=Oop [48]=Oop [64]=Oop [72]=Oop [80]=Oop [88]=NarrowOop [96]=Oop [104]=Oop [120]=Oop [200]=Oop }
                      ;*invokevirtual read {reexecute=0 rethrow=0 return_oop=0}
                      ; - java.util.jar.Manifest::<init>@29
                      ; - java.util.jar.Manifest::<init>@4
                      ; - java.util.jar.JarFile::getManifestFromReference@143
                      ; - java.util.jar.JarFile::getManifest@1
                      ; - jdk.internal.loader.URLClassPath$JarLoader$2::getManifest@22
                      ; - java.net.URLClassLoader::defineClass@34
                      ; - java.net.URLClassLoader$1::run@43
                      ; - java.net.URLClassLoader$1::run@1
                      ; - java.security.AccessController::executePrivileged@29
                      ; - java.security.AccessController::doPrivileged@13
                      ; - java.net.URLClassLoader::findClass@13
  0x0000017957a3bfd8: c4a1 60f8 

  0x0000017957a3bfdc: ;   {other}
  0x0000017957a3bfdc: 0f1f 8400 | cc25 001e | 4180 7f40 | 000f 850f | 2f00 004c | 8bd5 4589 | 6214 4c8b | 5c24 3045 
  0x0000017957a3bffc: ;   {metadata('java/util/zip/ZipFile$ZipFileInflaterInputStream')}
  0x0000017957a3bffc: 8b43 0841 | 81f8 c0a4 | 3100 0f85 | a849 0000 | 498b ea49 | 8bd3 4c8b | 5424 484c | 8954 2430 
  0x0000017957a3c01c: ;   {optimized virtual_call}
  0x0000017957a3c01c: c5f8 77e8 

  0x0000017957a3c020: ; ImmutableOopMap {rbp=Oop [32]=Oop [40]=Oop [48]=Oop [64]=Oop [80]=Oop [88]=NarrowOop [96]=Oop [104]=Oop [120]=Oop [200]=Oop }
                      ;*invokevirtual close {reexecute=0 rethrow=0 return_oop=0}
                      ; - java.util.jar.JarFile::getManifestFromReference@152
                      ; - java.util.jar.JarFile::getManifest@1
                      ; - jdk.internal.loader.URLClassPath$JarLoader$2::getManifest@22
                      ; - java.net.URLClassLoader::defineClass@34
                      ; - java.net.URLClassLoader$1::run@43
                      ; - java.net.URLClassLoader$1::run@1
                      ; - java.security.AccessController::executePrivileged@29
                      ; - java.security.AccessController::doPrivileged@13
                      ; - java.net.URLClassLoader::findClass@13
  0x0000017957a3c020: 3c94 fbff 

  0x0000017957a3c024: ;   {other}
  0x0000017957a3c024: 0f1f 8400 | 1426 001f | e96e 0c00 | 0048 8944 | 2430 498b | e849 8bd0 | 4c8b c04c | 8b54 2450 
  0x0000017957a3c044: 4c89 5424 | 4866 6690 

  0x0000017957a3c04c: ;   {optimized virtual_call}
  0x0000017957a3c04c: c5f8 77e8 

  0x0000017957a3c050: ; ImmutableOopMap {rbp=Oop [32]=Oop [40]=Oop [48]=Oop [64]=Oop [72]=Oop [88]=NarrowOop [96]=Oop [104]=Oop [120]=Oop [144]=NarrowOop [200]=Oop }
                      ;*invokevirtual getBytes {reexecute=0 rethrow=0 return_oop=1}
                      ; - java.util.jar.JarFile::getManifestFromReference@44
                      ; - java.util.jar.JarFile::getManifest@1
                      ; - jdk.internal.loader.URLClassPath$JarLoader$2::getManifest@22
                      ; - java.net.URLClassLoader::defineClass@34
                      ; - java.net.URLClassLoader$1::run@43
                      ; - java.net.URLClassLoader$1::run@1
                      ; - java.security.AccessController::executePrivileged@29
                      ; - java.security.AccessController::doPrivileged@13
                      ; - java.net.URLClassLoader::findClass@13
  0x0000017957a3c050: 2c2a 88ff 

  0x0000017957a3c054: ;   {other}
  0x0000017957a3c054: 0f1f 8400 | 4426 0020 | 4889 8424 | 8000 0000 | 4c8b dd41 | 0fb6 6b11 | 85ed 0f85 | 9c49 0000 
  0x0000017957a3c074: 4c89 9c24 | 8800 0000 | 498b d348 | 8b6c 2448 

  0x0000017957a3c084: ;   {optimized virtual_call}
  0x0000017957a3c084: c5f8 77e8 

  0x0000017957a3c088: ; ImmutableOopMap {rbp=Oop [32]=Oop [40]=Oop [48]=Oop [64]=Oop [88]=NarrowOop [96]=Oop [104]=Oop [120]=Oop [128]=Oop [136]=Oop [200]=Oop }
                      ;*invokevirtual getManifestNum {reexecute=0 rethrow=0 return_oop=0}
                      ; - java.util.zip.ZipFile$1::getManifestNum@1
                      ; - java.util.jar.JarFile::getManifestFromReference@59
                      ; - java.util.jar.JarFile::getManifest@1
                      ; - jdk.internal.loader.URLClassPath$JarLoader$2::getManifest@22
                      ; - java.net.URLClassLoader::defineClass@34
                      ; - java.net.URLClassLoader$1::run@43
                      ; - java.net.URLClassLoader$1::run@1
                      ; - java.security.AccessController::executePrivileged@29
                      ; - java.security.AccessController::doPrivileged@13
                      ; - java.net.URLClassLoader::findClass@13
  0x0000017957a3c088: f429 88ff 

  0x0000017957a3c08c: ;   {other}
  0x0000017957a3c08c: 0f1f 8400 | 7c26 0021 | 83f8 010f | 85bf 4900 | 004d 8b9f | b801 0000 | 4d8b d349 | 83c2 404d 
  0x0000017957a3c0ac: 3b97 c801 | 0000 0f83 | a831 0000 | 4d89 97b8 | 0100 0041 | 0f0d 8ac0 | 0000 0049 | c703 0100 
  0x0000017957a3c0cc: ;   {metadata('java/util/jar/JarVerifier')}
  0x0000017957a3c0cc: 0000 41c7 | 4308 789e | 1600 4589 | 630c 4d89 | 6310 4d89 | 6318 4d89 | 6320 4d89 | 6328 4d89 
  0x0000017957a3c0ec: 6330 4d89 | 6338 4c8b | 5424 3045 

  0x0000017957a3c0f8: ;   {metadata('java/util/jar/JarFile$JarFileEntry')}
  0x0000017957a3c0f8: 8b4a 0841 | 81f9 d032 | 3100 0f85 | 9045 0000 | 41c6 430e | 0145 8b52 | 6045 8953 | 3041 c643 
  0x0000017957a3c118: 0d01 4d8b | c249 c1e0 | 034d 8bcb | 498b db4d | 8bd8 4d33 | d94c 8b84 | 2480 0000 | 0049 8bc8 
  0x0000017957a3c138: 48c1 e903 | 8bf9 49c1 | eb16 4d85 | db74 1f45 | 85d2 741a | 49c1 e909 | 48b9 0000 | aa5c 7901 
  0x0000017957a3c158: 0000 4903 | c980 3902 | 0f85 c72a | 0000 4180 | 7f40 000f | 8564 2200 | 004c 8bc3 | 448b cf45 
  0x0000017957a3c178: 8948 2c48 | 8b9c 2480 | 0000 004c | 8bd3 4d8b | d84d 33d3 | 49c1 ea16 | 4d85 d274 | 1f48 85db 
  0x0000017957a3c198: 741a 49c1 | eb09 48b9 | 0000 aa5c | 7901 0000 | 4903 cb80 | 3902 0f85 | ca2a 0000 | 498b afb8 
  0x0000017957a3c1b8: 0100 004c | 8bd5 4983 | c230 4d3b | 97c8 0100 | 000f 83b5 | 3000 004d | 8997 b801 | 0000 410f 
  0x0000017957a3c1d8: 0d8a c000 | 0000 48c7 | 4500 0100 

  0x0000017957a3c1e4: ;   {metadata('java/util/Hashtable')}
  0x0000017957a3c1e4: 0000 c745 | 08b8 d300 | 0044 8965 | 0c4c 8965 | 104c 8965 | 184c 8965 | 204c 8965 | 284c 8984 
  0x0000017957a3c204: 2490 0000 | 0044 894c 

  0x0000017957a3c20c: ;   {section_word}
  0x0000017957a3c20c: 2430 c5fa | 1005 eae1 | ffff 4c8b | 5424 604c | 8954 2448 

  0x0000017957a3c220: ;   {static_call}
  0x0000017957a3c220: c5f8 77e8 

  0x0000017957a3c224: ; ImmutableOopMap {rbp=Oop [32]=Oop [40]=Oop [48]=NarrowOop [64]=Oop [72]=Oop [88]=NarrowOop [96]=Oop [104]=Oop [120]=Oop [128]=Oop [136]=Oop [144]=Oop [200]=Oop }
                      ;*invokestatic isNaN {reexecute=0 rethrow=0 return_oop=0}
                      ; - java.util.Hashtable::<init>@47
                      ; - java.util.Hashtable::<init>@5
                      ; - java.util.jar.JarVerifier::<init>@39
                      ; - java.util.jar.JarFile::getManifestFromReference@78
                      ; - java.util.jar.JarFile::getManifest@1
                      ; - jdk.internal.loader.URLClassPath$JarLoader$2::getManifest@22
                      ; - java.net.URLClassLoader::defineClass@34
                      ; - java.net.URLClassLoader$1::run@43
                      ; - java.net.URLClassLoader$1::run@1
                      ; - java.security.AccessController::executePrivileged@29
                      ; - java.security.AccessController::doPrivileged@13
                      ; - java.net.URLClassLoader::findClass@13
  0x0000017957a3c224: 582e 88ff 

  0x0000017957a3c228: ;   {other}
  0x0000017957a3c228: 0f1f 8400 | 1828 0022 | 85c0 0f85 | d444 0000 | c745 1400 | 0040 3f4d | 8b97 b801 | 0000 4d8b 
  0x0000017957a3c248: da49 83c3 | 404d 3b9f | c801 0000 | 0f83 8630 | 0000 4d89 | 9fb8 0100 | 0041 0f0d | 8bc0 0000 
  0x0000017957a3c268: 0049 c702 | 0100 0000 | 410f 0d8b | 0001 0000 

  0x0000017957a3c278: ;   {metadata('java/util/Hashtable$Entry'[])}
  0x0000017957a3c278: 41c7 4208 | a87f 1300 | 410f 0d8b | 4001 0000 | 41c7 420c | 0b00 0000 | 410f 0d8b | 8001 0000 
  0x0000017957a3c298: 4d89 6210 | 4d89 6218 | 4d89 6220 | 4d89 6228 | 4d89 6230 | 4d89 6238 | 498b da41 | 807f 4000 
  0x0000017957a3c2b8: 0f85 9321 | 0000 4c8b | d349 c1ea | 0344 8955 | 1c4c 8bd3 | 4c8b dd4d | 33d3 488b | fd48 c1ef 
  0x0000017957a3c2d8: 0349 c1ea | 164d 85d2 | 741a 49c1 | eb09 48b9 | 0000 aa5c | 7901 0000 | 4903 cb80 | 3902 0f85 
  0x0000017957a3c2f8: 0e25 0000 | 4180 7f40 | 000f 850b | 2100 004c | 8b94 2490 | 0000 0041 | 897a 14c7 | 4510 0800 
  0x0000017957a3c318: 0000 4c8b | d54c 8b9c | 2490 0000 | 004d 33d3 | 49c1 ea16 | 4d85 d274 | 1a49 c1eb | 0948 b900 
  0x0000017957a3c338: 00aa 5c79 | 0100 0049 | 03cb 8039 | 020f 856e | 2400 0049 | 8baf b801 | 0000 4c8b | d549 83c2 
  0x0000017957a3c358: 304d 3b97 | c801 0000 | 0f83 522f | 0000 4d89 | 97b8 0100 | 0041 0f0d | 8ac0 0000 

  0x0000017957a3c374: ;   {no_reloc}
  0x0000017957a3c374: 0048 c745 | 0001 0000 

  0x0000017957a3c37c: ;   {metadata('java/util/Hashtable')}
  0x0000017957a3c37c: 00c7 4508 | b8d3 0000 | 4489 650c | 4c89 6510 | 4c89 6518 | 4c89 6520 | 4c89 6528 

  0x0000017957a3c398: ;   {section_word}
  0x0000017957a3c398: c5fa 1005 | 60e0 ffff | 4c8b 5424 | 604c 8954 | 2448 6690 

  0x0000017957a3c3ac: ;   {static_call}
  0x0000017957a3c3ac: c5f8 77e8 

  0x0000017957a3c3b0: ; ImmutableOopMap {rbp=Oop [32]=Oop [40]=Oop [48]=NarrowOop [64]=Oop [72]=Oop [88]=NarrowOop [96]=Oop [104]=Oop [120]=Oop [128]=Oop [136]=Oop [144]=Oop [200]=Oop }
                      ;*invokestatic isNaN {reexecute=0 rethrow=0 return_oop=0}
                      ; - java.util.Hashtable::<init>@47
                      ; - java.util.Hashtable::<init>@5
                      ; - java.util.jar.JarVerifier::<init>@50
                      ; - java.util.jar.JarFile::getManifestFromReference@78
                      ; - java.util.jar.JarFile::getManifest@1
                      ; - jdk.internal.loader.URLClassPath$JarLoader$2::getManifest@22
                      ; - java.net.URLClassLoader::defineClass@34
                      ; - java.net.URLClassLoader$1::run@43
                      ; - java.net.URLClassLoader$1::run@1
                      ; - java.security.AccessController::executePrivileged@29
                      ; - java.security.AccessController::doPrivileged@13
                      ; - java.net.URLClassLoader::findClass@13
  0x0000017957a3c3b0: cc2c 88ff 

  0x0000017957a3c3b4: ;   {other}
  0x0000017957a3c3b4: 0f1f 8400 | a429 0023 | 85c0 0f85 | 9043 0000 | c745 1400 | 0040 3f4d | 8b97 b801 | 0000 4d8b 
  0x0000017957a3c3d4: da49 83c3 | 404d 3b9f | c801 0000 | 0f83 4a2f | 0000 4d89 | 9fb8 0100 | 0041 0f0d | 8bc0 0000 
  0x0000017957a3c3f4: 0049 c702 | 0100 0000 | 410f 0d8b | 0001 0000 

  0x0000017957a3c404: ;   {metadata('java/util/Hashtable$Entry'[])}
  0x0000017957a3c404: 41c7 4208 | a87f 1300 | 410f 0d8b | 4001 0000 | 41c7 420c | 0b00 0000 | 410f 0d8b | 8001 0000 
  0x0000017957a3c424: 4d89 6210 | 4d89 6218 | 4d89 6220 | 4d89 6228 | 4d89 6230 | 4d89 6238 | 498b da41 | 807f 4000 
  0x0000017957a3c444: 0f85 7d20 | 0000 4c8b | d34d 8bda | 49c1 eb03 | 4489 5d1c | 4c8b dd4d | 33d3 488b | dd48 c1eb 
  0x0000017957a3c464: 0349 c1ea | 164d 85d2 | 741a 49c1 | eb09 48b9 | 0000 aa5c | 7901 0000 | 4903 cb80 | 3902 0f85 
  0x0000017957a3c484: 2424 0000 | 4180 7f40 | 000f 85f5 | 1f00 004c | 8b94 2490 | 0000 0041 | 895a 10c7 | 4510 0800 
  0x0000017957a3c4a4: 0000 4c8b | d54c 8b9c | 2490 0000 | 004d 33d3 | 49c1 ea16 | 4d85 d274 | 1a49 c1eb | 0948 b900 
  0x0000017957a3c4c4: 00aa 5c79 | 0100 0049 | 03cb 8039 | 020f 8584 | 2300 0049 | 8baf b801 | 0000 4c8b | d549 83c2 
  0x0000017957a3c4e4: 304d 3b97 | c801 0000 | 0f83 162e | 0000 4d89 | 97b8 0100 | 0041 0f0d | 8ac0 0000 

  0x0000017957a3c500: ;   {no_reloc}
  0x0000017957a3c500: 0048 c745 | 0001 0000 

  0x0000017957a3c508: ;   {metadata('java/util/Hashtable')}
  0x0000017957a3c508: 00c7 4508 | b8d3 0000 | 4489 650c | 4c89 6510 | 4c89 6518 | 4c89 6520 | 4c89 6528 

  0x0000017957a3c524: ;   {section_word}
  0x0000017957a3c524: c5fa 1005 | d4de ffff | 4c8b 5424 | 604c 8954 | 2448 6690 

  0x0000017957a3c538: ;   {static_call}
  0x0000017957a3c538: c5f8 77e8 

  0x0000017957a3c53c: ; ImmutableOopMap {rbp=Oop [32]=Oop [40]=Oop [48]=NarrowOop [64]=Oop [72]=Oop [88]=NarrowOop [96]=Oop [104]=Oop [120]=Oop [128]=Oop [136]=Oop [144]=Oop [200]=Oop }
                      ;*invokestatic isNaN {reexecute=0 rethrow=0 return_oop=0}
                      ; - java.util.Hashtable::<init>@47
                      ; - java.util.Hashtable::<init>@4
                      ; - java.util.jar.JarVerifier::<init>@63
                      ; - java.util.jar.JarFile::getManifestFromReference@78
                      ; - java.util.jar.JarFile::getManifest@1
                      ; - jdk.internal.loader.URLClassPath$JarLoader$2::getManifest@22
                      ; - java.net.URLClassLoader::defineClass@34
                      ; - java.net.URLClassLoader$1::run@43
                      ; - java.net.URLClassLoader$1::run@1
                      ; - java.security.AccessController::executePrivileged@29
                      ; - java.security.AccessController::doPrivileged@13
                      ; - java.net.URLClassLoader::findClass@13
  0x0000017957a3c53c: 402b 88ff 

  0x0000017957a3c540: ;   {other}
  0x0000017957a3c540: 0f1f 8400 | 302b 0024 | 85c0 0f85 | 4c42 0000 | c745 1400 | 0040 3f4d | 8b97 b801 | 0000 4d8b 
  0x0000017957a3c560: da49 83c3 | 404d 3b9f | c801 0000 | 0f83 022f | 0000 4d89 | 9fb8 0100 | 0041 0f0d | 8bc0 0000 
  0x0000017957a3c580: 0049 c702 | 0100 0000 | 410f 0d8b | 0001 0000 

  0x0000017957a3c590: ;   {metadata('java/util/Hashtable$Entry'[])}
  0x0000017957a3c590: 41c7 4208 | a87f 1300 | 410f 0d8b | 4001 0000 | 41c7 420c | 0b00 0000 | 410f 0d8b | 8001 0000 
  0x0000017957a3c5b0: 4d89 6210 | 4d89 6218 | 4d89 6220 | 4d89 6228 | 4d89 6230 | 4d89 6238 | 4180 7f40 | 000f 85b2 
  0x0000017957a3c5d0: 2000 004d | 8bda 49c1 | eb03 4489 | 5d1c 4c8b | 9c24 9000 | 0000 4d8b | c349 c1e8 | 0344 8944 
  0x0000017957a3c5f0: 245c 488b | dd48 c1eb | 034c 8bdd | 4d33 d349 | c1ea 164d | 85d2 741a | 49c1 eb09 | 48b9 0000 
  0x0000017957a3c610: aa5c 7901 | 0000 4903 | cb80 3902 | 0f85 1825 | 0000 4180 | 7f40 000f | 8597 1f00 | 004c 8b94 
  0x0000017957a3c630: 2490 0000 | 0041 895a | 18c7 4510 | 0800 0000 | 4c8b d54c | 8b9c 2490 | 0000 004d | 33d3 49c1 
  0x0000017957a3c650: ea16 4d85 | d274 1a49 | c1eb 0948 | b900 00aa | 5c79 0100 | 0049 03cb | 8039 020f | 85e3 2200 
  0x0000017957a3c670: 004d 8b97 | b801 0000 | 4d8b da49 | 83c3 184d | 3b9f c801 | 0000 0f83 | 982d 0000 

  0x0000017957a3c68c: ;   {no_reloc}
  0x0000017957a3c68c: 4d89 9fb8 | 0100 0041 | 0f0d 8bc0 | 0000 0049 | c702 0100 

  0x0000017957a3c6a0: ;   {metadata('java/util/ArrayList')}
  0x0000017957a3c6a0: 0000 41c7 | 4208 d089 | 0b00 4589 | 620c 4589 

  0x0000017957a3c6b0: ;   {oop(a 'java/lang/Object'[0] {0x0000000680479788})}
  0x0000017957a3c6b0: 6210 41c7 | 4214 f1f2 | 08d0 4180 | 7f40 000f | 857f 1f00 | 004d 8bc2 | 49c1 e803 | 4c8b 9c24 
  0x0000017957a3c6d0: 9000 0000 | 4589 431c | 4d33 d349 | c1ea 164d | 85d2 741a | 49c1 eb09 | 48b9 0000 | aa5c 7901 
  0x0000017957a3c6f0: 0000 4903 | cb80 3902 | 0f85 a722 | 0000 4d8b | 9fb8 0100 | 004d 8bd3 | 4983 c218 | 4d3b 97c8 
  0x0000017957a3c710: 0100 000f | 83e4 2c00 | 004d 8997 | b801 0000 | 410f 0d8a | c000 0000 | 49c7 0301 

  0x0000017957a3c72c: ;   {metadata('java/io/ByteArrayOutputStream')}
  0x0000017957a3c72c: 0000 0041 | c743 08a0 | 0022 0045 | 8963 0c4d | 8963 1049 | 8beb 498b | 87b8 0100 | 004c 8bd0 
  0x0000017957a3c74c: 4983 c230 | 4d3b 97c8 | 0100 000f | 836f 2c00 | 004d 8997 | b801 0000 | 410f 0d8a | c000 0000 
  0x0000017957a3c76c: 48c7 0001 | 0000 0041 | 0f0d 8a00 

  0x0000017957a3c778: ;   {metadata({type array byte})}
  0x0000017957a3c778: 0100 00c7 | 4008 1823 | 0000 410f | 0d8a 4001 | 0000 c740 | 0c20 0000 | 0041 0f0d | 8a80 0100 
  0x0000017957a3c798: 004c 8960 | 104c 8960 | 184c 8960 | 204c 8960 | 2848 8bdd | 48c1 eb03 | 4c8b d849 | c1eb 0344 
  0x0000017957a3c7b8: 895d 104c | 8bd0 4c8b | dd4d 33d3 | 49c1 ea16 | 4d85 d274 | 1a49 c1eb | 0948 b900 | 00aa 5c79 
  0x0000017957a3c7d8: 0100 0049 | 03cb 8039 | 020f 85b1 | 2200 0041 | 807f 4000 | 0f85 511d | 0000 4c8b | 9424 9000 
  0x0000017957a3c7f8: 0000 4189 | 5a24 4c8b | d54c 8b9c | 2490 0000 | 004d 33d3 | 49c1 ea16 | 4d85 d274 | 1a49 c1eb 
  0x0000017957a3c818: 0948 b900 | 00aa 5c79 | 0100 0049 | 03cb 8039 | 020f 85c7 | 2100 004d | 8b97 b801 | 0000 4d8b 
  0x0000017957a3c838: da49 83c3 | 184d 3b9f | c801 0000 | 0f83 5b2b | 0000 4d89 | 9fb8 0100 | 0041 0f0d | 8bc0 0000 
  0x0000017957a3c858: 0049 c702 | 0100 0000 

  0x0000017957a3c860: ;   {metadata('java/util/ArrayList')}
  0x0000017957a3c860: 41c7 4208 | d089 0b00 | 4589 620c | 4589 6210 

  0x0000017957a3c870: ;   {oop(a 'java/lang/Object'[0] {0x0000000680479788})}
  0x0000017957a3c870: 41c7 4214 | f1f2 08d0 | 4180 7f40 | 000f 8580 | 1d00 004d | 8bc2 49c1 | e803 4c8b | 9c24 9000 
  0x0000017957a3c890: 0000 4589 | 4334 4d33 | d349 c1ea | 164d 85d2 | 741a 49c1 | eb09 48b9 | 0000 aa5c | 7901 0000 
  0x0000017957a3c8b0: 4903 cb80 | 3902 0f85 | 2d22 0000 | 4d8b 97b8 | 0100 004d | 8bda 4983 | c330 4d3b | 9fc8 0100 
  0x0000017957a3c8d0: 000f 8375 | 2b00 004d | 899f b801 | 0000 410f | 0d8b c000 | 0000 49c7 | 0201 0000 

  0x0000017957a3c8ec: ;   {metadata('java/util/HashMap')}
  0x0000017957a3c8ec: 0041 c742 | 0868 a908 | 0045 8962 | 0c4d 8962 | 104d 8962 | 184d 8962 | 2849 c742 | 2000 0040 
  0x0000017957a3c90c: 3f41 807f | 4000 0f85 | 6a1c 0000 | 498b da4c | 8b94 2490 | 0000 004c | 8bc3 49c1 | e803 4c8b 
  0x0000017957a3c92c: 9c24 9000 | 0000 4589 | 4338 4c8b | db4d 33da | 49c1 eb16 | 4d85 db74 | 1a49 c1ea | 0948 b900 
  0x0000017957a3c94c: 00aa 5c79 | 0100 0049 | 03ca 8039 | 020f 85e8 | 2000 0041 | 807f 4000 | 0f85 941b | 0000 4c8b 
  0x0000017957a3c96c: 8424 8800 | 0000 448b | 5c24 5c45 | 8958 304c | 8b94 2490 | 0000 004d | 8bd8 4d33 | d349 c1ea 
  0x0000017957a3c98c: 164d 85d2 | 741a 49c1 | eb09 48b9 | 0000 aa5c | 7901 0000 | 4903 cb80 | 3902 0f85 | 511f 0000 
  0x0000017957a3c9ac: 498b 87b8 | 0100 004c | 8bd0 4983 | c218 4d3b | 97c8 0100 | 000f 8391 | 2900 004d | 8997 b801 
  0x0000017957a3c9cc: 0000 410f | 0d8a c000 | 0000 48c7 | 0001 0000 

  0x0000017957a3c9dc: ;   {metadata('java/util/jar/Manifest')}
  0x0000017957a3c9dc: 00c7 4008 | a0e1 0400 | 4489 600c | 4c89 6010 | 4c89 4424 | 504c 8bd0 | 4c89 9424 | 8800 0000 
  0x0000017957a3c9fc: 4c8b 5424 | 5045 8b52 | 3044 8954 | 245c 498b | 87b8 0100 | 004c 8bd0 | 4983 c220 | 448b 5c24 
  0x0000017957a3ca1c: 5c49 c1e3 | 034c 895c | 2448 4d3b | 97c8 0100 | 000f 834e | 2900 004d | 8997 b801 | 0000 410f 
  0x0000017957a3ca3c: 0d8a c000 | 0000 48c7 | 0001 0000 

  0x0000017957a3ca48: ;   {metadata('java/io/ByteArrayInputStream')}
  0x0000017957a3ca48: 00c7 4008 | a023 0500 | 4489 600c | 4c89 6010 | 4c89 6018 | 4c8b d044 | 8b44 2430 | 4589 4218 
  0x0000017957a3ca68: 4c8b 9c24 | 8000 0000 

  0x0000017957a3ca70: ; implicit exception: dispatches to 0x0000017957a42030
  0x0000017957a3ca70: 458b 5b0c | 4589 5a14 | 4c89 5424 | 304c 8b54 | 2450 458b | 5a14 4489 | 9c24 8000 | 0000 498b 
  0x0000017957a3ca90: afb8 0100 | 004c 8bd5 | 4983 c210 | 4d3b 97c8 | 0100 000f | 83f3 2900 | 004d 8997 | b801 0000 
  0x0000017957a3cab0: 410f 0d8a | c000 0000 | 48c7 4500 | 0100 0000 

  0x0000017957a3cac0: ;   {metadata('java/util/jar/Attributes')}
  0x0000017957a3cac0: c745 0840 | 8816 0044 | 8965 0cba | 1000 0000 

  0x0000017957a3cad0: ;   {static_call}
  0x0000017957a3cad0: c5f8 77e8 

  0x0000017957a3cad4: ; ImmutableOopMap {rbp=Oop [32]=Oop [40]=Oop [48]=Oop [64]=Oop [72]=Oop [80]=Oop [88]=NarrowOop [92]=NarrowOop [96]=Oop [104]=Oop [120]=Oop [128]=NarrowOop [136]=Oop [200]=Oop }
                      ;*invokestatic newLinkedHashMap {reexecute=0 rethrow=0 return_oop=1}
                      ; - java.util.jar.Attributes::<init>@6
                      ; - java.util.jar.Attributes::<init>@3
                      ; - java.util.jar.Manifest::<init>@9
                      ; - java.util.jar.JarFile::getManifestFromReference@121
                      ; - java.util.jar.JarFile::getManifest@1
                      ; - jdk.internal.loader.URLClassPath$JarLoader$2::getManifest@22
                      ; - java.net.URLClassLoader::defineClass@34
                      ; - java.net.URLClassLoader$1::run@43
                      ; - java.net.URLClassLoader$1::run@1
                      ; - java.security.AccessController::executePrivileged@29
                      ; - java.security.AccessController::doPrivileged@13
                      ; - java.net.URLClassLoader::findClass@13
  0x0000017957a3cad4: a825 88ff 

  0x0000017957a3cad8: ;   {other}
  0x0000017957a3cad8: 0f1f 8400 | c830 0025 | 488b d841 | 807f 4000 | 0f85 d01b | 0000 4c8b | db49 c1eb | 0344 895d 
  0x0000017957a3caf8: 0c4c 8bd3 | 4c8b dd4d | 33d3 448b | 8424 8000 | 0000 49c1 | e003 4c89 | 8424 9000 | 0000 49c1 
  0x0000017957a3cb18: ea16 488b | fd48 c1ef | 034d 85d2 | 741f 4885 | db74 1a49 | c1eb 0948 | b900 00aa | 5c79 0100 
  0x0000017957a3cb38: 0049 03cb | 8039 020f | 858f 2100 | 0041 807f | 4000 0f85 | a51b 0000 | 4c8b 9424 | 8800 0000 
  0x0000017957a3cb58: 4189 7a0c | 4c8b d54c | 8b9c 2488 | 0000 004d | 33d3 49c1 | ea16 4d85 | d274 1a49 | c1eb 0948 
  0x0000017957a3cb78: b900 00aa | 5c79 0100 | 0049 03cb | 8039 020f | 854f 2000 | 004d 8b97 | b801 0000 | 4d8b da49 
  0x0000017957a3cb98: 83c3 304d | 3b9f c801 | 0000 0f83 | 1c29 0000 | 4d89 9fb8 | 0100 0041 | 0f0d 8bc0 | 0000 0049 
  0x0000017957a3cbb8: c702 0100 

  0x0000017957a3cbbc: ;   {metadata('java/util/HashMap')}
  0x0000017957a3cbbc: 0000 41c7 | 4208 68a9 | 0800 4589 | 620c 4d89 | 6210 4d89 | 6218 4d89 | 6228 49c7 | 4220 0000 
  0x0000017957a3cbdc: 403f 4180 | 7f40 000f | 854b 1b00 | 004c 8b84 | 2488 0000 | 004d 8bd8 | 498b e84d | 8bc2 49c1 
  0x0000017957a3cbfc: e803 4489 | 4510 4d33 | d349 c1ea | 164d 85d2 | 741a 49c1 | eb09 48b9 | 0000 aa5c | 7901 0000 
  0x0000017957a3cc1c: 4903 cb80 | 3902 0f85 | 631f 0000 | 488b d54c | 8b44 2430 | 4c8b 8c24 | 9000 0000 | 4c8b 5424 
  0x0000017957a3cc3c: 604c 8954 | 2430 6690 

  0x0000017957a3cc44: ;   {optimized virtual_call}
  0x0000017957a3cc44: c5f8 77e8 

  0x0000017957a3cc48: ; ImmutableOopMap {rbp=Oop [32]=Oop [40]=Oop [48]=Oop [64]=Oop [72]=Oop [80]=Oop [88]=NarrowOop [92]=NarrowOop [96]=Oop [104]=Oop [120]=Oop [200]=Oop }
                      ;*invokevirtual read {reexecute=0 rethrow=0 return_oop=0}
                      ; - java.util.jar.Manifest::<init>@29
                      ; - java.util.jar.JarFile::getManifestFromReference@121
                      ; - java.util.jar.JarFile::getManifest@1
                      ; - jdk.internal.loader.URLClassPath$JarLoader$2::getManifest@22
                      ; - java.net.URLClassLoader::defineClass@34
                      ; - java.net.URLClassLoader$1::run@43
                      ; - java.net.URLClassLoader$1::run@1
                      ; - java.security.AccessController::executePrivileged@29
                      ; - java.security.AccessController::doPrivileged@13
                      ; - java.net.URLClassLoader::findClass@13
  0x0000017957a3cc48: 341e 88ff 

  0x0000017957a3cc4c: ;   {other}
  0x0000017957a3cc4c: 0f1f 8400 | 3c32 0026 | 4180 7f40 | 000f 8520 | 1b00 004c | 8bc5 8b4c | 245c 4189 | 4814 4c8b 
  0x0000017957a3cc6c: 5424 484d | 8bd8 4d33 | d349 c1ea | 164d 85d2 | 741e 85c9 | 741a 49c1 | eb09 48b9 | 0000 aa5c 
  0x0000017957a3cc8c: 7901 0000 | 4903 cb80 | 3902 0f85 | 8920 0000 | 498b e84d | 8b87 b801 | 0000 4d8b | d049 83c2 
  0x0000017957a3ccac: 284d 3b97 | c801 0000 | 0f83 7a25 | 0000 4d89 | 97b8 0100 | 0041 0f0d | 8ac0 0000 | 0049 c700 
  0x0000017957a3cccc: 0100 0000 

  0x0000017957a3ccd0: ;   {metadata('java/lang/ref/SoftReference')}
  0x0000017957a3ccd0: 41c7 4008 | 90df 0300 | 4589 600c | 4d89 6010 | 4d89 6018 | 4d89 6020 | 4c8b d549 | c1ea 0345 
  0x0000017957a3ccf0: 8950 0c41 | 807f 4000 | 0f85 9114 

  0x0000017957a3ccfc: ;   {oop(a 'java/lang/ref/ReferenceQueue$Null'{0x0000000680408280})}
  0x0000017957a3ccfc: 0000 41c7 | 4010 5010 | 08d0 4d8b | d049 8bf8 | 48c1 ef03 

  0x0000017957a3cd10: ;   {oop(a 'java/lang/ref/ReferenceQueue$Null'{0x0000000680408280})}
  0x0000017957a3cd10: 49bb 8082 | 4080 0600 | 0000 4d33 | da49 c1eb | 164d 85db | 741a 49c1 | ea09 48b9 | 0000 aa5c 
  0x0000017957a3cd30: 7901 0000 | 4903 ca80 | 3902 0f85 | 8614 0000 | f083 4424 | c000 4180 | 7f40 000f | 85f4 1300 
  0x0000017957a3cd50: 004c 8b4c | 2450 4189 

  0x0000017957a3cd58: ;   {oop(a 'java/lang/Class'{0x00000006804ebd80} = 'java/lang/ref/SoftReference')}
  0x0000017957a3cd58: 7928 49ba | 80bd 4e80 | 0600 0000 | 4d8b 5270 | 4d89 5020 | 4d8b d04d | 8bd9 4d33 | d349 c1ea 
  0x0000017957a3cd78: 164d 85d2 | 7416 49c1 | eb09 4c8b | 4424 384d | 03c3 4180 | 3802 0f85 | 8214 0000 | 4c8b 6c24 
  0x0000017957a3cd98: 4044 8b5c | 2458 4489 | 9c24 9000 | 0000 4c8b | 5c24 2048 | 89ac 2488 | 0000 0049 | 8bf3 e980 
  0x0000017957a3cdb8: e5ff ff45 | 85c0 0f85 | 6c0f 0000 | 4b8d 2cd4 | 488b d348 | c1e2 0341 | 807b 1000 | 0f85 ab22 
  0x0000017957a3cdd8: 0000 4489 | 5424 5844 | 894c 2424 | 4c8b 9424 | 8800 0000 | 4c89 5424 | 504c 8b54 | 2478 4c89 
  0x0000017957a3cdf8: 5424 484c | 895c 2438 | 4889 7424 | 3044 8b94 | 2490 0000 | 0044 8954 | 2420 4c89 | 6c24 404c 
  0x0000017957a3ce18: 8974 2468 

  0x0000017957a3ce1c: ;   {static_call}
  0x0000017957a3ce1c: c5f8 77e8 

  0x0000017957a3ce20: ; ImmutableOopMap {rbp=Oop [32]=NarrowOop [36]=NarrowOop [40]=Oop [48]=Oop [56]=Oop [64]=Oop [72]=Oop [80]=Oop [88]=NarrowOop [96]=Oop [104]=Oop }
                      ;*invokestatic hashCode {reexecute=0 rethrow=0 return_oop=0}
                      ; - java.lang.String::hashCode@27
                      ; - java.util.concurrent.ConcurrentHashMap::get@1
                      ; - java.lang.ClassLoader::definePackage@47
                      ; - java.lang.ClassLoader::getDefinedPackage@32
                      ; - java.net.URLClassLoader::getAndVerifyPackage@2
                      ; - java.net.URLClassLoader::defineClass@46
                      ; - java.net.URLClassLoader$1::run@43
                      ; - java.net.URLClassLoader$1::run@1
                      ; - java.security.AccessController::executePrivileged@29
                      ; - java.security.AccessController::doPrivileged@13
                      ; - java.net.URLClassLoader::findClass@13
  0x0000017957a3ce20: 5c22 88ff 

  0x0000017957a3ce24: ;   {other}
  0x0000017957a3ce24: 0f1f 8400 | 1434 0027 | 85c0 0f84 | 0322 0000 | 4c8b 5c24 | 3841 8943 | 0c4c 8b74 | 2468 4c8b 
  0x0000017957a3ce44: 6c24 4044 | 8b44 2420 | 4489 8424 | 9000 0000 | 4c8b 5424 | 484c 8954 | 2478 4c8b | 5424 504c 
  0x0000017957a3ce64: 8994 2488 | 0000 0044 | 8b4c 2424 | 448b 5424 | 5848 8b74 | 2430 e96f | e6ff ff33 | c0e9 92dc 
  0x0000017957a3ce84: ffff 4d89 | 5cfc 20e9 | 93e4 ffff | 33ed e9ff | d6ff ff4c | 895c 2430 | 894c 2450 | 4889 7424 
  0x0000017957a3cea4: 2044 8b94 | 2490 0000 | 0044 8954 | 2458 4c89 | 6c24 4049 | 8bd3 41b8 | 0100 0000 | 488b 6c24 
  0x0000017957a3cec4: 6066 6690 

  0x0000017957a3cec8: ;   {optimized virtual_call}
  0x0000017957a3cec8: c5f8 77e8 

  0x0000017957a3cecc: ; ImmutableOopMap {rbp=Oop [32]=Oop [40]=Oop [48]=Oop [64]=Oop [80]=NarrowOop [88]=NarrowOop [96]=Oop [104]=Oop [120]=Oop [200]=Oop }
                      ;*invokevirtual getManifestName {reexecute=0 rethrow=0 return_oop=1}
                      ; - java.util.zip.ZipFile$1::getManifestName@2
                      ; - java.util.jar.JarFile::maybeInstantiateVerifier@20
                      ; - java.util.jar.JarFile::ensureInitialization@1
                      ; - java.util.jar.JavaUtilJarAccessImpl::ensureInitialization@1
                      ; - jdk.internal.loader.URLClassPath$JarLoader$2::getManifest@10
                      ; - java.net.URLClassLoader::defineClass@34
                      ; - java.net.URLClassLoader$1::run@43
                      ; - java.net.URLClassLoader$1::run@1
                      ; - java.security.AccessController::executePrivileged@29
                      ; - java.security.AccessController::doPrivileged@13
                      ; - java.net.URLClassLoader::findClass@13
  0x0000017957a3cecc: b001 53f8 

  0x0000017957a3ced0: ;   {other}
  0x0000017957a3ced0: 0f1f 8400 | c034 0028 | 4885 c00f | 85b0 3e00 | 0044 8b44 | 2450 4788 | 64c4 1243 | 8b6c c430 
  0x0000017957a3cef0: 85ed 0f85 | f43e 0000 | 4c8b 6c24 | 4044 8b5c | 2458 4489 | 9c24 9000 | 0000 4c8b | 5c24 3048 
  0x0000017957a3cf10: 8b74 2420 | e90b e3ff | ff33 dbe9 | 77d5 ffff | 33ed 4c89 | 4c24 38e9 | 2fdd ffff 

  0x0000017957a3cf2c: ;   {metadata('jdk/internal/loader/URLClassPath$FileLoader')}
  0x0000017957a3cf2c: 4181 f830 | 5634 010f | 85e3 4100 | 0044 8954 | 2440 4c89 | 4c24 384c | 8bd0 4c89 | 5424 5849 
  0x0000017957a3cf4c: 8b87 b801 | 0000 4c8b | d049 83c2 | 404d 3b97 | c801 0000 | 0f83 e632 | 0000 4d89 | 97b8 0100 
  0x0000017957a3cf6c: 0041 0f0d | 8ac0 0000 | 0048 c700 | 0100 0000 

  0x0000017957a3cf7c: ;   {metadata('java/net/URL')}
  0x0000017957a3cf7c: c740 0880 | a901 0044 | 8960 0c4c | 8960 104c | 8960 184c | 8960 204c | 8960 284c | 8960 304c 
  0x0000017957a3cf9c: 8960 384c | 8bd0 4c89 | 5424 704c | 8b54 2458 | 418b 6a0c | 488b 5424 | 5045 33c0 

  0x0000017957a3cfb8: ;   {static_call}
  0x0000017957a3cfb8: c5f8 77e8 

  0x0000017957a3cfbc: ; ImmutableOopMap {rbp=NarrowOop [32]=Oop [40]=Oop [48]=NarrowOop [80]=Oop [88]=Oop [96]=Oop [104]=Oop [112]=Oop }
                      ;*invokestatic encodePath {reexecute=0 rethrow=0 return_oop=1}
                      ; - jdk.internal.loader.URLClassPath$FileLoader::getResource@10
                      ; - jdk.internal.loader.URLClassPath::getResource@53
                      ; - java.net.URLClassLoader$1::run@26
                      ; - java.net.URLClassLoader$1::run@1
                      ; - java.security.AccessController::executePrivileged@29
                      ; - java.security.AccessController::doPrivileged@13
                      ; - java.net.URLClassLoader::findClass@13
  0x0000017957a3cfbc: a0e5 49f8 

  0x0000017957a3cfc0: ;   {other}
  0x0000017957a3cfc0: 0f1f 8400 | b035 0029 | 4c8b c549 | c1e0 0348 | 8b54 2470 | 4c8b c833 | ff48 8b6c | 2460 6690 
  0x0000017957a3cfe0: ;   {optimized virtual_call}
  0x0000017957a3cfe0: c5f8 77e8 

  0x0000017957a3cfe4: ; ImmutableOopMap {rbp=Oop [32]=Oop [40]=Oop [48]=NarrowOop [80]=Oop [88]=Oop [96]=Oop [104]=Oop [112]=Oop }
                      ;*invokespecial <init> {reexecute=0 rethrow=0 return_oop=0}
                      ; - java.net.URL::<init>@4
                      ; - jdk.internal.loader.URLClassPath$FileLoader::getResource@13
                      ; - jdk.internal.loader.URLClassPath::getResource@53
                      ; - java.net.URLClassLoader$1::run@26
                      ; - java.net.URLClassLoader$1::run@1
                      ; - java.security.AccessController::executePrivileged@29
                      ; - java.security.AccessController::doPrivileged@13
                      ; - java.net.URLClassLoader::findClass@13
  0x0000017957a3cfe4: d8c2 aef8 

  0x0000017957a3cfe8: ;   {other}
  0x0000017957a3cfe8: 0f1f 8400 | d835 002a | 4c8b 5424 | 5845 8b42 | 184c 8b54 | 2470 458b | 5a1c 438b | 6cc4 1c45 
  0x0000017957a3d008: 85db 0f84 | d640 0000 | 4c8b c549 | c1e0 034b | 8d14 dc48 | 8b6c 2460 

  0x0000017957a3d020: ;   {optimized virtual_call}
  0x0000017957a3d020: c5f8 77e8 

  0x0000017957a3d024: ; ImmutableOopMap {rbp=Oop [32]=Oop [40]=Oop [48]=NarrowOop [80]=Oop [88]=Oop [96]=Oop [104]=Oop [112]=Oop }
                      ;*invokevirtual startsWith {reexecute=0 rethrow=0 return_oop=0}
                      ; - jdk.internal.loader.URLClassPath$FileLoader::getResource@31
                      ; - jdk.internal.loader.URLClassPath::getResource@53
                      ; - java.net.URLClassLoader$1::run@26
                      ; - java.net.URLClassLoader$1::run@1
                      ; - java.security.AccessController::executePrivileged@29
                      ; - java.security.AccessController::doPrivileged@13
                      ; - java.net.URLClassLoader::findClass@13
  0x0000017957a3d024: 389b efff 

  0x0000017957a3d028: ;   {other}
  0x0000017957a3d028: 0f1f 8400 | 1836 002b | 85c0 0f84 | 5609 0000 

  0x0000017957a3d038: ;   {oop(".."{0x0000000680558a08})}
  0x0000017957a3d038: 49b8 088a | 5580 0600 | 0000 488b | 5424 5090 

  0x0000017957a3d048: ;   {optimized virtual_call}
  0x0000017957a3d048: c5f8 77e8 

  0x0000017957a3d04c: ; ImmutableOopMap {rbp=Oop [32]=Oop [40]=Oop [48]=NarrowOop [80]=Oop [88]=Oop [96]=Oop [104]=Oop [112]=Oop }
                      ;*invokevirtual contains {reexecute=0 rethrow=0 return_oop=0}
                      ; - jdk.internal.loader.URLClassPath$FileLoader::getResource@50
                      ; - jdk.internal.loader.URLClassPath::getResource@53
                      ; - java.net.URLClassLoader$1::run@26
                      ; - java.net.URLClassLoader$1::run@1
                      ; - java.security.AccessController::executePrivileged@29
                      ; - java.security.AccessController::doPrivileged@13
                      ; - java.net.URLClassLoader::findClass@13
  0x0000017957a3d04c: b0af bcf8 

  0x0000017957a3d050: ;   {other}
  0x0000017957a3d050: 0f1f 8400 | 4036 002c | 4c8b 5424 | 5845 8b52 | 1444 8954 | 2478 85c0 | 0f84 6009 | 0000 498b 
  0x0000017957a3d070: 87b8 0100 | 004c 8bd0 | 4983 c220 | 4d3b 97c8 | 0100 000f | 8329 3300 | 004d 8997 | b801 0000 
  0x0000017957a3d090: 410f 0d8a | c000 0000 | 48c7 0001 

  0x0000017957a3d09c: ;   {metadata('java/io/File')}
  0x0000017957a3d09c: 0000 00c7 | 4008 10f6 | 0400 4489 | 600c 4c89 | 6010 4c89 | 6018 4c8b | d04c 8994 | 2480 0000 
  0x0000017957a3d0bc: 0048 8b54 | 2450 41b8 | 2f00 0000 | 41b9 5c00 | 0000 6690 

  0x0000017957a3d0d0: ;   {optimized virtual_call}
  0x0000017957a3d0d0: c5f8 77e8 

  0x0000017957a3d0d4: ; ImmutableOopMap {rbp=Oop [32]=Oop [40]=Oop [48]=NarrowOop [80]=Oop [88]=Oop [96]=Oop [104]=Oop [112]=Oop [120]=NarrowOop [128]=Oop }
                      ;*invokevirtual replace {reexecute=0 rethrow=0 return_oop=1}
                      ; - jdk.internal.loader.URLClassPath$FileLoader::getResource@70
                      ; - jdk.internal.loader.URLClassPath::getResource@53
                      ; - java.net.URLClassLoader$1::run@26
                      ; - java.net.URLClassLoader$1::run@1
                      ; - java.security.AccessController::executePrivileged@29
                      ; - java.security.AccessController::doPrivileged@13
                      ; - java.net.URLClassLoader::findClass@13
  0x0000017957a3d0d4: a819 88ff 

  0x0000017957a3d0d8: ;   {other}
  0x0000017957a3d0d8: 0f1f 8400 | c836 002d | 4889 8424 | 8800 0000 | 4180 7f40 | 000f 8559 | 2600 004c | 8b94 2480 
  0x0000017957a3d0f8: 0000 0045 | 8962 144c | 8b94 2488 | 0000 0045 | 8b52 1444 | 8b44 2478 

  0x0000017957a3d110: ; implicit exception: dispatches to 0x0000017957a42640
  0x0000017957a3d110: 478b 44c4 | 1044 8944 | 2478 478b | 44c4 1447 | 8b5c c40c | 4585 db0f | 8673 4000 | 0047 8b54 
  0x0000017957a3d130: d40c 4c8b | 9c24 8800 | 0000 450f 

  0x0000017957a3d13c: ;   {oop(a 'java/io/WinNTFileSystem'{0x0000000680448720})}
  0x0000017957a3d13c: be43 1049 | bb20 8744 | 8006 0000 | 0045 0fb7 | 5b0c 4489 | 5c24 7cc4 | 423a f7da | 4489 9c24 
  0x0000017957a3d15c: 9000 0000 | 4585 db0f | 8ee4 0100 

  0x0000017957a3d168: ;   {oop(a 'java/io/WinNTFileSystem'{0x0000000680448720})}
  0x0000017957a3d168: 0049 ba20 | 8744 8006 | 0000 0045 | 0fb7 520e | 4489 9424 | 9400 0000 | 41ba 0300 | 0000 4533 
  0x0000017957a3d188: c045 33c9 | 4489 9424 | b000 0000 | 4489 8424 | ac00 0000 | 4489 8c24 | a800 0000 | eb3d 6666 
  0x0000017957a3d1a8: 0f1f 8400 | 0000 0000 | 4183 f83a | 0f84 3305 | 0000 448b | 9424 ac00 | 0000 41ff | c244 8994 
  0x0000017957a3d1c8: 24ac 0000 | 0044 3b94 | 2490 0000 | 000f 8d83 | 0100 0044 | 8984 24a8 | 0000 004c | 8b94 2488 
  0x0000017957a3d1e8: 0000 0045 | 8b5a 1445 | 8bcb 4180 | 7a10 000f | 8567 2e00 | 0043 8b6c | dc0c 448b | 9c24 ac00 
  0x0000017957a3d208: 0000 443b | dd0f 83a1 | 3300 004f | 8d14 cc47 | 0fb6 541a | 1045 8bc2 | 443b 8424 | 9400 0000 
  0x0000017957a3d228: 0f84 b21f | 0000 443b | 4424 7c0f | 8577 ffff | ff44 8b9c | 24a8 0000 | 0044 3b5c | 247c 0f85 
  0x0000017957a3d248: 64ff ffff | ba45 ffff | ff48 8b6c | 2460 4c8b | 5424 284c | 8954 2420 | 448b 5c24 | 3044 895c 
  0x0000017957a3d268: ;   {no_reloc}
  0x0000017957a3d268: 2428 448b | 5424 4044 | 8954 242c | 4c8b 5424 | 504c 8954 | 2438 4c8b | 5424 684c | 8954 2448 
  0x0000017957a3d288: 4c8b 5424 | 584c 8954 | 2450 4c8b | 5424 704c | 8954 2458 | 4c8b 9424 | 8000 0000 | 4c89 5424 
  0x0000017957a3d2a8: 684c 8954 | 2470 4c8b | 9424 8800 | 0000 4c89 | 9424 8000 | 0000 448b | 9c24 9000 | 0000 4489 
  0x0000017957a3d2c8: 9c24 8800 | 0000 448b | 9424 9400 | 0000 4489 | 9424 8c00 | 0000 4489 | 8424 9400 | 0000 6690 
  0x0000017957a3d2e8: ;   {runtime_call UncommonTrapBlob}
  0x0000017957a3d2e8: c5f8 77e8 

  0x0000017957a3d2ec: ; ImmutableOopMap {rbp=Oop [32]=Oop [40]=NarrowOop [56]=Oop [72]=Oop [80]=Oop [88]=Oop [104]=Oop [112]=Oop [120]=NarrowOop [128]=Oop }
                      ;*if_icmpne {reexecute=1 rethrow=0 return_oop=0}
                      ; - (reexecute) java.io.WinNTFileSystem::normalize@74
                      ; - java.io.File::<init>@73
                      ; - jdk.internal.loader.URLClassPath$FileLoader::getResource@73
                      ; - jdk.internal.loader.URLClassPath::getResource@53
                      ; - java.net.URLClassLoader$1::run@26
                      ; - java.net.URLClassLoader$1::run@1
                      ; - java.security.AccessController::executePrivileged@29
                      ; - java.security.AccessController::doPrivileged@13
                      ; - java.net.URLClassLoader::findClass@13
  0x0000017957a3d2ec: 9070 88ff 

  0x0000017957a3d2f0: ;   {other}
  0x0000017957a3d2f0: 0f1f 8400 | e038 002e | 4c89 5c24 | 4848 8974 | 2420 4c89 | 6c24 404c | 8974 2468 | 498b d64d 
  0x0000017957a3d310: 8bc3 4533 | c933 ff33 | f633 c945 | 33d2 4c89 | 1424 4c89 | 5424 084c | 8954 2410 | 4c8b 5424 
  0x0000017957a3d330: 604c 8954 | 2430 6690 

  0x0000017957a3d338: ;   {optimized virtual_call}
  0x0000017957a3d338: c5f8 77e8 

  0x0000017957a3d33c: ; ImmutableOopMap {[32]=Oop [40]=Oop [48]=Oop [64]=Oop [72]=Oop [96]=Oop [104]=Oop [120]=Oop [144]=NarrowOop }
                      ;*invokevirtual definePackage {reexecute=0 rethrow=0 return_oop=1}
                      ; - java.net.URLClassLoader::defineClass@81
                      ; - java.net.URLClassLoader$1::run@43
                      ; - java.net.URLClassLoader$1::run@1
                      ; - java.security.AccessController::executePrivileged@29
                      ; - java.security.AccessController::doPrivileged@13
                      ; - java.net.URLClassLoader::findClass@13
  0x0000017957a3d33c: 4017 88ff 

  0x0000017957a3d340: ;   {other}
  0x0000017957a3d340: 0f1f 8400 | 3039 002f | e91b e5ff | ff41 ba03 | 0000 0045 | 33c0 4489 | 9424 b000 | 0000 443b 
  0x0000017957a3d360: 4424 7c0f | 8416 2200 | 004c 8b8c | 2488 0000 | 0044 8b5c | 2478 4d8b | c349 c1e0 

  0x0000017957a3d37c: ;   {oop(a 'java/io/WinNTFileSystem'{0x0000000680448720})}
  0x0000017957a3d37c: 0348 ba20 | 8744 8006 | 0000 0048 | 8b6c 2460 

  0x0000017957a3d38c: ;   {optimized virtual_call}
  0x0000017957a3d38c: c5f8 77e8 

  0x0000017957a3d390: ; ImmutableOopMap {rbp=Oop [32]=Oop [40]=Oop [48]=NarrowOop [80]=Oop [88]=Oop [96]=Oop [104]=Oop [112]=Oop [128]=Oop }
                      ;*invokevirtual resolve {reexecute=0 rethrow=0 return_oop=1}
                      ; - java.io.File::<init>@76
                      ; - jdk.internal.loader.URLClassPath$FileLoader::getResource@73
                      ; - jdk.internal.loader.URLClassPath::getResource@53
                      ; - java.net.URLClassLoader$1::run@26
                      ; - java.net.URLClassLoader$1::run@1
                      ; - java.security.AccessController::executePrivileged@29
                      ; - java.security.AccessController::doPrivileged@13
                      ; - java.net.URLClassLoader::findClass@13
  0x0000017957a3d390: ec16 88ff 

  0x0000017957a3d394: ;   {other}
  0x0000017957a3d394: 0f1f 8400 | 8439 0030 | 4889 4424 | 7841 807f | 4000 0f85 | 3424 0000 | 4c8b 5424 | 784d 8bda 
  0x0000017957a3d3b4: 49c1 eb03 | 4c8b 9424 | 8000 0000 | 4589 5a10 | 4c8b 5c24 | 784d 33da | 49c1 eb16 | 4d85 db0f 
  0x0000017957a3d3d4: 84b2 2300 | 004c 8b5c | 2478 4d85 | db0f 84b2 | 2300 0049 | c1ea 0948 | b900 00aa | 5c79 0100 
  0x0000017957a3d3f4: 0049 03ca | 8039 020f | 851e 2400 | 004c 8b54 | 2478 458b | 5214 458b | c247 8b5c | d40c 418b 
  0x0000017957a3d414: cb4c 8b54 | 2478 450f | be52 10c4 | 422a f7db | 4489 9c24 | 8800 0000 | 4585 db0f | 844b 4000 
  0x0000017957a3d434: ;   {oop(a 'java/io/WinNTFileSystem'{0x0000000680448720})}
  0x0000017957a3d434: 0049 bb20 | 8744 8006 | 0000 0045 | 0fb7 4b0c | 4489 8c24 | 8c00 0000 | 4585 d20f | 854b 3a00 
  0x0000017957a3d454: 0085 c90f | 86a3 3d00 | 0047 0fb6 | 54c4 1044 | 8994 2490 | 0000 0044 | 8b94 2488 | 0000 0041 
  0x0000017957a3d474: 83fa 010f | 8e7b 2c00 | 004c 8b54 | 2478 458b | 5214 458b | ca4c 8b54 | 2478 4180 | 7a10 000f 
  0x0000017957a3d494: 8533 3a00 | 0043 8b6c | cc0c 83fd | 010f 86dd | 3d00 0045 | 8bd1 470f | b65c d411 | 458b c344 
  0x0000017957a3d4b4: 8b94 2490 | 0000 0044 | 3b94 248c | 0000 000f | 841f 4000 | 0041 83c2 | 9f41 83fa | 1a0f 829d 
  0x0000017957a3d4d4: 0000 0044 | 8b9c 2490 | 0000 0041 | 83fb 410f | 8caf 2900 | 0041 83fb | 5a0f 8e81 | 0000 00ba 
  0x0000017957a3d4f4: 45ff ffff | 488b 6c24 | 604c 8b54 | 2428 4c89 | 5424 2044 | 8b5c 2430 | 4489 5c24 | 2844 8b54 
  0x0000017957a3d514: 2440 4489 | 5424 2c4c | 8b54 2450 | 4c89 5424 | 384c 8b54 | 2468 4c89 | 5424 484c | 8b54 2458 
  0x0000017957a3d534: ;   {no_reloc}
  0x0000017957a3d534: 4c89 5424 | 504c 8b54 | 2470 4c89 | 5424 584c | 8b94 2480 | 0000 004c | 8954 2468 | 4c8b 5424 
  0x0000017957a3d554: 784c 8954 | 2470 4489 | 8424 8000 | 0000 6690 

  0x0000017957a3d564: ;   {runtime_call UncommonTrapBlob}
  0x0000017957a3d564: c5f8 77e8 

  0x0000017957a3d568: ; ImmutableOopMap {rbp=Oop [32]=Oop [40]=NarrowOop [56]=Oop [72]=Oop [80]=Oop [88]=Oop [104]=Oop [112]=Oop }
                      ;*if_icmpgt {reexecute=1 rethrow=0 return_oop=0}
                      ; - (reexecute) java.io.WinNTFileSystem::isLetter@21
                      ; - java.io.WinNTFileSystem::prefixLength@58
                      ; - java.io.File::<init>@104
                      ; - jdk.internal.loader.URLClassPath$FileLoader::getResource@73
                      ; - jdk.internal.loader.URLClassPath::getResource@53
                      ; - java.net.URLClassLoader$1::run@26
                      ; - java.net.URLClassLoader$1::run@1
                      ; - java.security.AccessController::executePrivileged@29
                      ; - java.security.AccessController::doPrivileged@13
                      ; - java.net.URLClassLoader::findClass@13
  0x0000017957a3d568: 146e 88ff 

  0x0000017957a3d56c: ;   {other}
  0x0000017957a3d56c: 0f1f 8400 | 5c3b 0031 | 4183 f83a | 0f85 1a29 | 0000 448b | 9424 8800 | 0000 4183 | fa02 0f8e 
  0x0000017957a3d58c: 0c3e 0000 | 4c8b 5424 | 7845 0fbe | 4210 458b | 5a14 4585 | c00f 854d | 3900 0043 | 8b6c dc0c 
  0x0000017957a3d5ac: 83fd 020f | 864b 3d00 | 0047 0fb6 | 54dc 1245 | 8bda 443b | 9c24 8c00 | 0000 0f85 | 403e 0000 
  0x0000017957a3d5cc: 448b 8424 | b000 0000 | 4c8b 9424 | 8000 0000 | 4589 420c | 498b d248 | 8b6c 2460 

  0x0000017957a3d5e8: ;   {optimized virtual_call}
  0x0000017957a3d5e8: c5f8 77e8 

  0x0000017957a3d5ec: ; ImmutableOopMap {rbp=Oop [32]=Oop [40]=Oop [48]=NarrowOop [80]=Oop [88]=Oop [96]=Oop [104]=Oop [112]=Oop }
                      ;*invokevirtual getCanonicalFile {reexecute=0 rethrow=0 return_oop=1}
                      ; - jdk.internal.loader.URLClassPath$FileLoader::getResource@76
                      ; - jdk.internal.loader.URLClassPath::getResource@53
                      ; - java.net.URLClassLoader$1::run@26
                      ; - java.net.URLClassLoader$1::run@1
                      ; - java.security.AccessController::executePrivileged@29
                      ; - java.security.AccessController::doPrivileged@13
                      ; - java.net.URLClassLoader::findClass@13
  0x0000017957a3d5ec: 9014 88ff 

  0x0000017957a3d5f0: ;   {other}
  0x0000017957a3d5f0: 0f1f 8400 | e03b 0032 

  0x0000017957a3d5f8: ; implicit exception: dispatches to 0x0000017957a42440
  0x0000017957a3d5f8: 448b 5810 | 4889 4424 | 784c 8b54 | 2458 458b | 5214 438b | 6cd4 1045 | 85db 0f84 | 483b 0000 
  0x0000017957a3d618: 4c8b c549 | c1e0 034b | 8d14 dc48 | 8b6c 2460 

  0x0000017957a3d628: ;   {optimized virtual_call}
  0x0000017957a3d628: c5f8 77e8 

  0x0000017957a3d62c: ; ImmutableOopMap {rbp=Oop [32]=Oop [40]=Oop [48]=NarrowOop [80]=Oop [88]=Oop [96]=Oop [104]=Oop [112]=Oop [120]=Oop }
                      ;*invokevirtual startsWith {reexecute=0 rethrow=0 return_oop=0}
                      ; - jdk.internal.loader.URLClassPath$FileLoader::getResource@93
                      ; - jdk.internal.loader.URLClassPath::getResource@53
                      ; - java.net.URLClassLoader$1::run@26
                      ; - java.net.URLClassLoader$1::run@1
                      ; - java.security.AccessController::executePrivileged@29
                      ; - java.security.AccessController::doPrivileged@13
                      ; - java.net.URLClassLoader::findClass@13
  0x0000017957a3d62c: 5014 88ff 

  0x0000017957a3d630: ;   {other}
  0x0000017957a3d630: 0f1f 8400 | 203c 0033 | 85c0 0f84 | 4e03 0000 | 488b 5424 | 7848 8b6c | 2460 6690 

  0x0000017957a3d64c: ;   {optimized virtual_call}
  0x0000017957a3d64c: c5f8 77e8 

  0x0000017957a3d650: ; ImmutableOopMap {rbp=Oop [32]=Oop [40]=Oop [48]=NarrowOop [80]=Oop [88]=Oop [96]=Oop [104]=Oop [112]=Oop [120]=Oop }
                      ;*invokevirtual exists {reexecute=0 rethrow=0 return_oop=0}
                      ; - jdk.internal.loader.URLClassPath$FileLoader::getResource@125
                      ; - jdk.internal.loader.URLClassPath::getResource@53
                      ; - java.net.URLClassLoader$1::run@26
                      ; - java.net.URLClassLoader$1::run@1
                      ; - java.security.AccessController::executePrivileged@29
                      ; - java.security.AccessController::doPrivileged@13
                      ; - java.net.URLClassLoader::findClass@13
  0x0000017957a3d650: cc2a 51f8 

  0x0000017957a3d654: ;   {other}
  0x0000017957a3d654: 0f1f 8400 | 443c 0034 | 85c0 0f84 | 2a03 0000 | 498b 87b8 | 0100 004c | 8bd0 4983 | c220 4d3b 
  0x0000017957a3d674: 97c8 0100 | 000f 8352 | 2d00 004d | 8997 b801 | 0000 410f | 0d8a c000 | 0000 48c7 | 0001 0000 
  0x0000017957a3d694: ;   {metadata('jdk/internal/loader/URLClassPath$FileLoader$1')}
  0x0000017957a3d694: 00c7 4008 | a858 3401 | 4489 600c | 4c89 6010 | 4c89 6018 | 4c8b 5424 | 504d 8bda | 49c1 eb03 
  0x0000017957a3d6b4: 4489 5810 | 4c8b 5424 | 584d 8bda | 49c1 eb03 | 4489 581c | 4c8b 5424 | 704d 8bda | 49c1 eb03 
  0x0000017957a3d6d4: 4489 5814 | 4c8b 5424 | 784d 8bda | 49c1 eb03 | 4489 5818 | e92b d4ff | ff44 8b9c | 24ac 0000 
  0x0000017957a3d6f4: 0041 83fb 

  0x0000017957a3d6f8: ;   {oop(a 'java/io/WinNTFileSystem'{0x0000000680448720})}
  0x0000017957a3d6f8: 017e 3948 | ba20 8744 | 8006 0000 | 004c 8b84 | 2488 0000 | 0044 8b8c | 2490 0000 | 0033 ff48 
  0x0000017957a3d718: 8b6c 2460 

  0x0000017957a3d71c: ;   {optimized virtual_call}
  0x0000017957a3d71c: c5f8 77e8 

  0x0000017957a3d720: ; ImmutableOopMap {rbp=Oop [32]=Oop [40]=Oop [48]=NarrowOop [80]=Oop [88]=Oop [96]=Oop [104]=Oop [112]=Oop [120]=NarrowOop [128]=Oop }
                      ;*invokevirtual normalize {reexecute=0 rethrow=0 return_oop=1}
                      ; - java.io.WinNTFileSystem::normalize@111
                      ; - java.io.File::<init>@73
                      ; - jdk.internal.loader.URLClassPath$FileLoader::getResource@73
                      ; - jdk.internal.loader.URLClassPath::getResource@53
                      ; - java.net.URLClassLoader$1::run@26
                      ; - java.net.URLClassLoader$1::run@1
                      ; - java.security.AccessController::executePrivileged@29
                      ; - java.security.AccessController::doPrivileged@13
                      ; - java.net.URLClassLoader::findClass@13
  0x0000017957a3d720: 5c13 88ff 

  0x0000017957a3d724: ;   {other}
  0x0000017957a3d724: 0f1f 8400 | 143d 0035 | 4c8b c8e9 | 3dfc ffff | 41bb 3a00 | 0000 458b | c3e9 78fa | ffff 85ed 
  0x0000017957a3d744: 0f84 b8db | ffff 4d8b | 5728 488b | cd48 c1e1 | 034d 85d2 | 0f84 6628 | 0000 4d8b | 5f38 4b89 
  0x0000017957a3d764: 4c13 f849 | 83c2 f84d | 8957 28e9 | 8edb ffff | 458b 5614 | 4585 d20f | 8483 d9ff | ff4d 8b5f 
  0x0000017957a3d784: 2849 8bca | 48c1 e103 | 4d85 db0f | 8463 2800 | 004d 8b57 | 384b 894c | 1af8 4983 | c3f8 4d89 
  0x0000017957a3d7a4: 5f28 e959 | d9ff ff4d | 8b57 584d | 8b5f 48f0 | 8344 24c0 | 0080 3900 | 0f84 79d9 | ffff 4488 
  0x0000017957a3d7c4: 214d 85db | 7526 488b | ee49 8bd7 | c5f8 7749 | ba00 a41d | 89f9 7f00 | 0041 ffd2 

  0x0000017957a3d7e0: ;   {other}
  0x0000017957a3d7e0: 0f1f 8400 | 0000 0000 | 488b f5e9 | 4bd9 ffff | 4b89 4c1a | f849 83c3 | f84d 895f | 48e9 39d9 
  0x0000017957a3d800: ffff 4c8b | 6c24 404c | 8b54 2420 | 4533 db49 | 8bf2 4c89 | 9c24 8800 | 0000 e91c | dbff ffc4 
  0x0000017957a3d820: e1f9 6ec2 | 4d8b d04c | 8974 2430 | 4889 7424 | 204c 63c5 | 4d8d 5810 | 498b d348 | 83e2 f849 
  0x0000017957a3d840: 8bf9 4803 | fa49 8be9 | 49c1 eb03 | 492b cb48 | 33c0 4883 | f908 7f10 | 48ff c978 | 4f48 8904 
  0x0000017957a3d860: cf48 ffc9 | 7df7 eb44 | c5f5 efc9 | e90d 0000 | 00c5 fe7f | 0fc5 fe7f | 4f20 4883 | c740 4883 
  0x0000017957a3d880: e908 7ded | 4883 c104 | 7c0c c5fe | 7f0f 4883 | c720 4883 | e904 4883 | c104 7e10 | 48ff c9c5 
  0x0000017957a3d8a0: f9d6 0f48 | 83c7 0848 | ffc9 7df3 | 498b cac4 | e1f9 7ec2 | c5f8 7749 | bac0 442a | 5779 0100 
  0x0000017957a3d8c0: 0041 ffd2 

  0x0000017957a3d8c4: ;   {other}
  0x0000017957a3d8c4: 0f1f 8400 | 0000 0000 | 4c8b 7424 | 304c 8bcd | 488b 7424 | 20e9 1bd8 

  0x0000017957a3d8dc: ;   {metadata('jdk/internal/loader/URLClassPath$FileLoader$1')}
  0x0000017957a3d8dc: ffff 4181 | f8a8 5834 | 010f 8555 | 3d00 004d | 8bc5 418b | 781c 418b | 54fc 0c89 | 9424 9000 
  0x0000017957a3d8fc: 0000 e9bb | d5ff ff48 | 8b6c 2438 | 6690 c5f8 | 7748 b8a8 | 5834 0179 

  0x0000017957a3d914: ;   {virtual_call}
  0x0000017957a3d914: 0100 00e8 

  0x0000017957a3d918: ; ImmutableOopMap {rbp=Oop [32]=Oop [40]=Oop [48]=Oop [64]=Oop [96]=Oop [104]=Oop [144]=NarrowOop }
                      ;*invokevirtual getBytes {reexecute=0 rethrow=0 return_oop=1}
                      ; - java.net.URLClassLoader::defineClass@179
                      ; - java.net.URLClassLoader$1::run@43
                      ; - java.net.URLClassLoader$1::run@1
                      ; - java.security.AccessController::executePrivileged@29
                      ; - java.security.AccessController::doPrivileged@13
                      ; - java.net.URLClassLoader::findClass@13
  0x0000017957a3d918: 04da 0c00 

  0x0000017957a3d91c: ;   {other}
  0x0000017957a3d91c: 0f1f 8400 | 0c3f 0036 | 4889 4424 | 50e9 9fdf | ffff 488b | 6c24 6066 | 6690 c5f8 | 7748 b880 
  0x0000017957a3d93c: 7c21 7179 

  0x0000017957a3d940: ;   {virtual_call}
  0x0000017957a3d940: 0100 00e8 

  0x0000017957a3d944: ; ImmutableOopMap {rbp=Oop [32]=Oop [40]=Oop [64]=Oop [80]=Oop [96]=Oop [104]=Oop [144]=NarrowOop }
                      ;*invokevirtual getCodeSigners {reexecute=0 rethrow=0 return_oop=1}
                      ; - java.net.URLClassLoader::defineClass@185
                      ; - java.net.URLClassLoader$1::run@43
                      ; - java.net.URLClassLoader$1::run@1
                      ; - java.security.AccessController::executePrivileged@29
                      ; - java.security.AccessController::doPrivileged@13
                      ; - java.net.URLClassLoader::findClass@13
  0x0000017957a3d944: e95a 88ff 

  0x0000017957a3d948: ;   {other}
  0x0000017957a3d948: 0f1f 8400 | 383f 0037 | e9ab dfff | ff48 8974 | 2420 e90e | dfff ff33 | c0e9 fbd9 | ffff 448b 
  0x0000017957a3d968: 5808 49ba | 0000 0000 | 7901 0000 | 4d03 d34d 

  0x0000017957a3d978: ;   {metadata('java/lang/Exception')}
  0x0000017957a3d978: 8b52 4049 | bb20 c000 | 0079 0100 | 004d 3bd3 | 0f85 fe35 | 0000 33c0 | e983 d1ff | ff4c 8944 
  0x0000017957a3d998: 2448 4489 | 5424 4049 

  0x0000017957a3d9a0: ;   {metadata('jdk/internal/loader/URLClassPath$JarLoader$1')}
  0x0000017957a3d9a0: 8be9 48ba | 402e 2100 | 7901 0000 

  0x0000017957a3d9ac: ;   {runtime_call _new_instance_Java}
  0x0000017957a3d9ac: c5f8 77e8 

  0x0000017957a3d9b0: ; ImmutableOopMap {[32]=Oop [40]=Oop [48]=NarrowOop [72]=Oop [80]=Oop [96]=Oop [104]=Oop }
                      ;*new {reexecute=0 rethrow=0 return_oop=1}
                      ; - jdk.internal.loader.URLClassPath$JarLoader::ensureOpen@7
                      ; - jdk.internal.loader.URLClassPath$JarLoader::getResource@1
                      ; - jdk.internal.loader.URLClassPath::getResource@53
                      ; - java.net.URLClassLoader$1::run@26
                      ; - java.net.URLClassLoader$1::run@1
                      ; - java.security.AccessController::executePrivileged@29
                      ; - java.security.AccessController::doPrivileged@13
                      ; - java.net.URLClassLoader::findClass@13
  0x0000017957a3d9b0: cc4e 8bff 

  0x0000017957a3d9b4: ;   {other}
  0x0000017957a3d9b4: 0f1f 8400 | a43f 0038 | 4c8b cd44 | 8b54 2440 | 4c8b 4424 | 48e9 39d2 | ffff 498b | 87b8 0100 
  0x0000017957a3d9d4: 004c 8bd0 | 4983 c220 | 4d3b 97c8 | 0100 000f | 8389 3300 | 004d 8997 | b801 0000 | 410f 0d8a 
  0x0000017957a3d9f4: c000 0000 | 48c7 0001 

  0x0000017957a3d9fc: ;   {metadata('java/io/File')}
  0x0000017957a3d9fc: 0000 00c7 | 4008 10f6 | 0400 4489 | 600c 4c89 | 6010 4c89 | 6018 4c8b | d04c 8994 | 2480 0000 
  0x0000017957a3da1c: 0048 8b54 | 2450 41b8 | 2f00 0000 | 41b9 5c00 | 0000 6690 

  0x0000017957a3da30: ;   {optimized virtual_call}
  0x0000017957a3da30: c5f8 77e8 

  0x0000017957a3da34: ; ImmutableOopMap {rbp=Oop [32]=Oop [40]=Oop [48]=NarrowOop [80]=Oop [88]=Oop [96]=Oop [104]=Oop [112]=Oop [120]=NarrowOop [128]=Oop }
                      ;*invokevirtual replace {reexecute=0 rethrow=0 return_oop=1}
                      ; - jdk.internal.loader.URLClassPath$FileLoader::getResource@115
                      ; - jdk.internal.loader.URLClassPath::getResource@53
                      ; - java.net.URLClassLoader$1::run@26
                      ; - java.net.URLClassLoader$1::run@1
                      ; - java.security.AccessController::executePrivileged@29
                      ; - java.security.AccessController::doPrivileged@13
                      ; - java.net.URLClassLoader::findClass@13
  0x0000017957a3da34: 48ba e9ff 

  0x0000017957a3da38: ;   {other}
  0x0000017957a3da38: 0f1f 8400 | 2840 0039 | 4889 8424 | 8800 0000 | 4180 7f40 | 000f 851e | 2800 004c | 8b94 2480 
  0x0000017957a3da58: 0000 0045 | 8962 144c | 8b94 2488 | 0000 0045 | 8b5a 1444 | 8b54 2478 

  0x0000017957a3da70: ; implicit exception: dispatches to 0x0000017957a42954
  0x0000017957a3da70: 478b 44d4 | 1044 8944 | 2478 478b | 54c4 1447 | 8b44 d40c | 4585 c00f | 86f3 3b00 | 0047 8b5c 
  0x0000017957a3da90: dc0c 4c8b | 9424 8800 | 0000 450f 

  0x0000017957a3da9c: ;   {oop(a 'java/io/WinNTFileSystem'{0x0000000680448720})}
  0x0000017957a3da9c: be52 1049 | b820 8744 | 8006 0000 | 0045 0fb7 | 400c 4489 | 4424 7cc4 | 422a f7db | 4489 9c24 
  0x0000017957a3dabc: 9000 0000 | 4585 db0f | 8ef7 1a00 

  0x0000017957a3dac8: ;   {oop(a 'java/io/WinNTFileSystem'{0x0000000680448720})}
  0x0000017957a3dac8: 0049 ba20 | 8744 8006 | 0000 0045 | 0fb7 520e | 4489 9424 | 9400 0000 | 41bb 0300 | 0000 4533 
  0x0000017957a3dae8: d245 33c0 | 4489 9c24 | b000 0000 | 4489 9424 | ac00 0000 | 4489 8424 | a800 0000 | eb3d 6666 
  0x0000017957a3db08: 0f1f 8400 | 0000 0000 | 4183 f83a | 0f84 ad05 | 0000 448b | 9c24 ac00 | 0000 41ff | c344 899c 
  0x0000017957a3db28: 24ac 0000 | 0044 3b9c | 2490 0000 | 000f 8df0 | 0200 0044 | 8984 24a8 | 0000 004c | 8b94 2488 
  0x0000017957a3db48: 0000 0045 | 8b5a 1445 | 8bcb 4180 | 7a10 000f | 854e 3100 | 0043 8b6c | dc0c 448b | 9424 ac00 
  0x0000017957a3db68: 0000 443b | d50f 83c1 | 3200 004f | 8d14 dc44 | 8b9c 24ac | 0000 0047 | 0fb6 541a | 1045 8bc2 
  0x0000017957a3db88: 443b 8424 | 9400 0000 | 0f84 401a | 0000 443b | 4424 7c0f | 856f ffff | ff44 8b94 | 24a8 0000 
  0x0000017957a3dba8: 0044 3b54 | 247c 0f85 | 5cff ffff | ba45 ffff | ff48 8b6c | 2460 4c8b | 5424 284c | 8954 2420 
  0x0000017957a3dbc8: ;   {no_reloc}
  0x0000017957a3dbc8: 448b 5424 | 3044 8954 | 2428 4c8b | 5424 5044 | 8b5c 2440 | 4489 5c24 | 2c4c 8954 | 2438 4c8b 
  0x0000017957a3dbe8: 5424 684c | 8954 2448 | 4c8b 5424 | 584c 8954 | 2450 4c8b | 5424 704c | 8954 2458 | 4c8b 9424 
  0x0000017957a3dc08: 8000 0000 | 4c89 5424 | 684c 8954 | 2470 4c8b | 9424 8800 | 0000 4c89 | 9424 8000 | 0000 448b 
  0x0000017957a3dc28: 9c24 9000 | 0000 4489 | 9c24 8800 | 0000 448b | 9424 9400 | 0000 4489 | 9424 8c00 | 0000 4489 
  0x0000017957a3dc48: 8424 9400 | 0000 6690 

  0x0000017957a3dc50: ;   {runtime_call UncommonTrapBlob}
  0x0000017957a3dc50: c5f8 77e8 

  0x0000017957a3dc54: ; ImmutableOopMap {rbp=Oop [32]=Oop [40]=NarrowOop [56]=Oop [72]=Oop [80]=Oop [88]=Oop [104]=Oop [112]=Oop [120]=NarrowOop [128]=Oop }
                      ;*if_icmpne {reexecute=1 rethrow=0 return_oop=0}
                      ; - (reexecute) java.io.WinNTFileSystem::normalize@74
                      ; - java.io.File::<init>@73
                      ; - jdk.internal.loader.URLClassPath$FileLoader::getResource@118
                      ; - jdk.internal.loader.URLClassPath::getResource@53
                      ; - java.net.URLClassLoader$1::run@26
                      ; - java.net.URLClassLoader$1::run@1
                      ; - java.security.AccessController::executePrivileged@29
                      ; - java.security.AccessController::doPrivileged@13
                      ; - java.net.URLClassLoader::findClass@13
  0x0000017957a3dc54: 2867 88ff 

  0x0000017957a3dc58: ;   {other}
  0x0000017957a3dc58: 0f1f 8400 | 4842 003a | 896c 2444 | 4889 7424 | 4844 894c | 2440 4489 | 4424 3c89 | 4c24 384c 
  0x0000017957a3dc78: 895c 2430 | 4c89 5424 | 2848 895c | 2420 4c89 | 6c24 6048 | 8b6c 2468 

  0x0000017957a3dc90: ;   {metadata({type array byte})}
  0x0000017957a3dc90: 48ba 1823 | 0000 7901 | 0000 448b | 4424 4448 | 8944 2458 

  0x0000017957a3dca4: ;   {runtime_call _new_array_Java}
  0x0000017957a3dca4: c5f8 77e8 

  0x0000017957a3dca8: ; ImmutableOopMap {rbp=Oop [32]=Oop [40]=Oop [48]=Oop [96]=Oop [104]=Oop }
                      ;*invokevirtual allocateUninitializedArray0 {reexecute=0 rethrow=0 return_oop=1}
                      ; - jdk.internal.misc.Unsafe::allocateUninitializedArray@51
                      ; - java.lang.StringConcatHelper::newArray@33
                      ; - java.lang.StringConcatHelper::simpleConcat@61
                      ; - java.lang.String::concat@11
                      ; - java.net.URLClassLoader$1::run@13
                      ; - java.net.URLClassLoader$1::run@1
                      ; - java.security.AccessController::executePrivileged@29
                      ; - java.security.AccessController::doPrivileged@13
                      ; - java.net.URLClassLoader::findClass@13
  0x0000017957a3dca8: 541e 8bff 

  0x0000017957a3dcac: ;   {other}
  0x0000017957a3dcac: 0f1f 8400 | 9c42 003b | 4c8b 6c24 | 6048 8b5c | 2420 4c8b | 5424 284c | 8b5c 2430 | 8b4c 2438 
  0x0000017957a3dccc: 448b 4424 | 3c44 8b4c | 2440 488b | 7424 488b | 6c24 4448 | 8bf8 e94c | ccff ff48 | 897c 2428 
  0x0000017957a3dcec: 4889 5c24 | 204c 896c | 2460 488b 

  0x0000017957a3dcf8: ;   {metadata('java/lang/String')}
  0x0000017957a3dcf8: 6c24 6848 | ba78 e800 | 0079 0100 | 004c 896c | 2438 6690 

  0x0000017957a3dd0c: ;   {runtime_call _new_instance_Java}
  0x0000017957a3dd0c: c5f8 77e8 

  0x0000017957a3dd10: ; ImmutableOopMap {rbp=Oop [32]=Oop [40]=Oop [56]=Oop [96]=Oop [104]=Oop }
                      ;*new {reexecute=0 rethrow=0 return_oop=1}
                      ; - java.lang.StringConcatHelper::newString@6
                      ; - java.lang.StringConcatHelper::simpleConcat@90
                      ; - java.lang.String::concat@11
                      ; - java.net.URLClassLoader$1::run@13
                      ; - java.net.URLClassLoader$1::run@1
                      ; - java.security.AccessController::executePrivileged@29
                      ; - java.security.AccessController::doPrivileged@13
                      ; - java.net.URLClassLoader::findClass@13
  0x0000017957a3dd10: 6c4b 8bff 

  0x0000017957a3dd14: ;   {other}
  0x0000017957a3dd14: 0f1f 8400 | 0443 003c | 4c8b 6c24 | 3848 8b5c | 2420 488b | 7c24 28e9 | b7cc ffff | 33c0 e9b7 
  0x0000017957a3dd34: ;   {metadata('java/lang/ClassNotFoundException')}
  0x0000017957a3dd34: d7ff ff48 | ba88 9306 | 0079 0100 | 0048 8b6c | 2460 6690 

  0x0000017957a3dd48: ;   {runtime_call _new_instance_Java}
  0x0000017957a3dd48: c5f8 77e8 

  0x0000017957a3dd4c: ; ImmutableOopMap {rbp=Oop [96]=Oop }
                      ;*new {reexecute=0 rethrow=0 return_oop=1}
                      ; - java.net.URLClassLoader::findClass@36
  0x0000017957a3dd4c: 304b 8bff 

  0x0000017957a3dd50: ;   {other}
  0x0000017957a3dd50: 0f1f 8400 | 4043 003d | e940 ceff | ff48 897c | 2440 4489 | 4c24 3c44 | 8944 2438 | 8974 2434 
  0x0000017957a3dd70: 4489 5c24 | 3048 895c | 2428 4c89 | 6c24 604c | 8b54 2468 | 4c89 5424 

  0x0000017957a3dd88: ;   {metadata({type array byte})}
  0x0000017957a3dd88: 2048 ba18 | 2300 0079 | 0100 0044 | 8bc6 4c89 | 6c24 504c | 896c 2458 

  0x0000017957a3dda0: ;   {runtime_call _new_array_Java}
  0x0000017957a3dda0: c5f8 77e8 

  0x0000017957a3dda4: ; ImmutableOopMap {[32]=Oop [40]=Oop [48]=NarrowOop [64]=Oop [80]=Oop [88]=Oop [96]=Oop [104]=Oop }
                      ;*invokevirtual allocateUninitializedArray0 {reexecute=0 rethrow=0 return_oop=1}
                      ; - jdk.internal.misc.Unsafe::allocateUninitializedArray@51
                      ; - java.lang.StringConcatHelper::newArray@33
                      ; - java.lang.StringLatin1::replace@49
                      ; - java.lang.String::replace@18
                      ; - java.net.URLClassLoader$1::run@8
                      ; - java.net.URLClassLoader$1::run@1
                      ; - java.security.AccessController::executePrivileged@29
                      ; - java.security.AccessController::doPrivileged@13
                      ; - java.net.URLClassLoader::findClass@13
  0x0000017957a3dda4: 581d 8bff 

  0x0000017957a3dda8: ;   {other}
  0x0000017957a3dda8: 0f1f 8400 | 9843 003e | 4c8b 6c24 | 5048 8b5c | 2428 448b | 5c24 308b | 7424 3444 | 8b44 2438 
  0x0000017957a3ddc8: 448b 4c24 | 3c48 8b7c | 2440 4c8b | d0e9 2bc8 | ffff 4c89 | 5424 2848 | 895c 2420 | 4c89 6c24 
  0x0000017957a3dde8: 6048 8b6c 

  0x0000017957a3ddec: ;   {metadata('java/lang/String')}
  0x0000017957a3ddec: 2468 48ba | 78e8 0000 | 7901 0000 | 4c89 6c24 | 384c 896c | 2440 6690 

  0x0000017957a3de04: ;   {runtime_call _new_instance_Java}
  0x0000017957a3de04: c5f8 77e8 

  0x0000017957a3de08: ; ImmutableOopMap {rbp=Oop [32]=Oop [40]=Oop [56]=Oop [64]=Oop [96]=Oop [104]=Oop }
                      ;*new {reexecute=0 rethrow=0 return_oop=1}
                      ; - java.lang.StringLatin1::replace@116
                      ; - java.lang.String::replace@18
                      ; - java.net.URLClassLoader$1::run@8
                      ; - java.net.URLClassLoader$1::run@1
                      ; - java.security.AccessController::executePrivileged@29
                      ; - java.security.AccessController::doPrivileged@13
                      ; - java.net.URLClassLoader::findClass@13
  0x0000017957a3de08: 744a 8bff 

  0x0000017957a3de0c: ;   {other}
  0x0000017957a3de0c: 0f1f 8400 | fc43 003f | 4c8b 6c24 | 3848 8b5c | 2420 4c8b | 5424 284c | 8bd8 e908 | caff ff45 
  0x0000017957a3de2c: 8bd0 443b | 5424 7c0f | 84e9 2100 | 004c 8b8c | 2488 0000 | 0044 8b54 | 2478 4d8b | c249 c1e0 
  0x0000017957a3de4c: ;   {oop(a 'java/io/WinNTFileSystem'{0x0000000680448720})}
  0x0000017957a3de4c: 0348 ba20 | 8744 8006 | 0000 0048 | 8b6c 2460 

  0x0000017957a3de5c: ;   {optimized virtual_call}
  0x0000017957a3de5c: c5f8 77e8 

  0x0000017957a3de60: ; ImmutableOopMap {rbp=Oop [32]=Oop [40]=Oop [48]=NarrowOop [80]=Oop [88]=Oop [96]=Oop [104]=Oop [112]=Oop [128]=Oop }
                      ;*invokevirtual resolve {reexecute=0 rethrow=0 return_oop=1}
                      ; - java.io.File::<init>@76
                      ; - jdk.internal.loader.URLClassPath$FileLoader::getResource@118
                      ; - jdk.internal.loader.URLClassPath::getResource@53
                      ; - java.net.URLClassLoader$1::run@26
                      ; - java.net.URLClassLoader$1::run@1
                      ; - java.security.AccessController::executePrivileged@29
                      ; - java.security.AccessController::doPrivileged@13
                      ; - java.net.URLClassLoader::findClass@13
  0x0000017957a3de60: fcb0 a0f8 

  0x0000017957a3de64: ;   {other}
  0x0000017957a3de64: 0f1f 8400 | 5444 0040 | 4889 4424 | 7841 807f | 4000 0f85 | 8c24 0000 | 4c8b 5424 | 7849 c1ea 
  0x0000017957a3de84: 034c 8b9c | 2480 0000 | 0045 8953 | 104d 8bd3 | 4c8b 5c24 | 784d 33da | 49c1 eb16 | 4d85 db0f 
  0x0000017957a3dea4: 8407 2400 | 004c 8b5c | 2478 4d85 | db0f 8407 | 2400 0049 | c1ea 0948 | b900 00aa | 5c79 0100 
  0x0000017957a3dec4: 0049 03ca | 8039 020f | 8576 2400 | 004c 8b54 | 2478 458b | 5214 458b | c247 8b5c | d40c 418b 
  0x0000017957a3dee4: cb4c 8b54 | 2478 450f | be5a 10c4 | 6222 f7d1 | 4489 9424 | 8800 0000 | 4585 d20f | 845b 3a00 
  0x0000017957a3df04: ;   {oop(a 'java/io/WinNTFileSystem'{0x0000000680448720})}
  0x0000017957a3df04: 0049 ba20 | 8744 8006 | 0000 0045 | 0fb7 4a0c | 4489 8c24 | 8c00 0000 | 4585 db0f | 8543 3600 
  0x0000017957a3df24: 0044 8bd9 | 4585 db0f | 86af 3700 | 0045 8bd0 | 470f b654 | d410 4489 | 9424 9000 | 0000 448b 
  0x0000017957a3df44: 9c24 8800 | 0000 4183 | fb01 0f8e | 842d 0000 | 4c8b 5424 | 7845 8b52 | 1445 8bca | 4c8b 5424 
  0x0000017957a3df64: 7841 807a | 1000 0f85 | 2036 0000 | 458b d143 | 8b6c d40c | 83fd 010f | 86e3 3700 | 0047 0fb6 
  0x0000017957a3df84: 5cd4 1145 | 8bc3 448b | 9c24 9000 | 0000 443b | 9c24 8c00 | 0000 0f84 | 283a 0000 | 4183 c39f 
  0x0000017957a3dfa4: 4183 fb1a | 0f82 9e00 | 0000 448b | 9424 9000 | 0000 4183 | fa41 0f8c | 9428 0000 | 4183 fa5a 
  0x0000017957a3dfc4: 0f8e 8200 | 0000 ba45 | ffff ff48 | 8b6c 2460 | 4c8b 5424 | 284c 8954 | 2420 448b | 5424 3044 
  0x0000017957a3dfe4: 8954 2428 | 4c8b 5424 | 5044 8b5c | 2440 4489 | 5c24 2c4c | 8954 2438 | 4c8b 5424 | 684c 8954 
  0x0000017957a3e004: ;   {no_reloc}
  0x0000017957a3e004: 2448 4c8b | 5424 584c | 8954 2450 | 4c8b 5424 | 704c 8954 | 2458 4c8b | 9424 8000 | 0000 4c89 
  0x0000017957a3e024: 5424 684c | 8b54 2478 | 4c89 5424 | 7044 8984 | 2480 0000 | 0066 6690 

  0x0000017957a3e03c: ;   {runtime_call UncommonTrapBlob}
  0x0000017957a3e03c: c5f8 77e8 

  0x0000017957a3e040: ; ImmutableOopMap {rbp=Oop [32]=Oop [40]=NarrowOop [56]=Oop [72]=Oop [80]=Oop [88]=Oop [104]=Oop [112]=Oop }
                      ;*if_icmpgt {reexecute=1 rethrow=0 return_oop=0}
                      ; - (reexecute) java.io.WinNTFileSystem::isLetter@21
                      ; - java.io.WinNTFileSystem::prefixLength@58
                      ; - java.io.File::<init>@104
                      ; - jdk.internal.loader.URLClassPath$FileLoader::getResource@118
                      ; - jdk.internal.loader.URLClassPath::getResource@53
                      ; - java.net.URLClassLoader$1::run@26
                      ; - java.net.URLClassLoader$1::run@1
                      ; - java.security.AccessController::executePrivileged@29
                      ; - java.security.AccessController::doPrivileged@13
                      ; - java.net.URLClassLoader::findClass@13
  0x0000017957a3e040: 3c63 88ff 

  0x0000017957a3e044: ;   {other}
  0x0000017957a3e044: 0f1f 8400 | 3446 0041 | 4183 f83a | 0f85 fe27 | 0000 448b | 9c24 8800 | 0000 4183 | fb02 0f8e 
  0x0000017957a3e064: 1438 0000 | 4c8b 5424 | 7845 0fbe | 5210 4c8b | 5c24 7845 | 8b43 1445 | 85d2 0f85 | 3435 0000 
  0x0000017957a3e084: ; implicit exception: dispatches to 0x0000017957a428a0
  0x0000017957a3e084: 438b 6cc4 | 0c83 fd02 | 0f86 4e37 | 0000 470f | b654 c412 | 458b da44 | 3b9c 248c | 0000 000f 
  0x0000017957a3e0a4: 8543 3800 | 0044 8b9c | 24b0 0000 | 004c 8b94 | 2480 0000 | 0045 895a | 0c4c 8954 | 2478 e979 
  0x0000017957a3e0c4: f5ff ff44 | 8b94 24ac | 0000 0041 | 83fa 017e 

  0x0000017957a3e0d4: ;   {oop(a 'java/io/WinNTFileSystem'{0x0000000680448720})}
  0x0000017957a3e0d4: 3b48 ba20 | 8744 8006 | 0000 004c | 8b84 2488 | 0000 0044 | 8b8c 2490 | 0000 0033 | ff48 8b6c 
  0x0000017957a3e0f4: 2460 6690 

  0x0000017957a3e0f8: ;   {optimized virtual_call}
  0x0000017957a3e0f8: c5f8 77e8 

  0x0000017957a3e0fc: ; ImmutableOopMap {rbp=Oop [32]=Oop [40]=Oop [48]=NarrowOop [80]=Oop [88]=Oop [96]=Oop [104]=Oop [112]=Oop [120]=NarrowOop [128]=Oop }
                      ;*invokevirtual normalize {reexecute=0 rethrow=0 return_oop=1}
                      ; - java.io.WinNTFileSystem::normalize@111
                      ; - java.io.File::<init>@73
                      ; - jdk.internal.loader.URLClassPath$FileLoader::getResource@118
                      ; - jdk.internal.loader.URLClassPath::getResource@53
                      ; - java.net.URLClassLoader$1::run@26
                      ; - java.net.URLClassLoader$1::run@1
                      ; - java.security.AccessController::executePrivileged@29
                      ; - java.security.AccessController::doPrivileged@13
                      ; - java.net.URLClassLoader::findClass@13
  0x0000017957a3e0fc: 8009 88ff 

  0x0000017957a3e100: ;   {other}
  0x0000017957a3e100: 0f1f 8400 | f046 0042 | 4c8b c8e9 | 31fd ffff | 41ba 3a00 | 0000 458b | c2e9 fcf9 

  0x0000017957a3e11c: ;   {metadata('java/security/CodeSource')}
  0x0000017957a3e11c: ffff 48ba | 285c 0000 | 7901 0000 | 488b 6c24 | 6066 6690 

  0x0000017957a3e130: ;   {runtime_call _new_instance_Java}
  0x0000017957a3e130: c5f8 77e8 

  0x0000017957a3e134: ; ImmutableOopMap {rbp=Oop [32]=Oop [40]=Oop [64]=Oop [80]=Oop [96]=Oop [104]=Oop [144]=NarrowOop }
                      ;*new {reexecute=0 rethrow=0 return_oop=1}
                      ; - java.net.URLClassLoader::defineClass@190
                      ; - java.net.URLClassLoader$1::run@43
                      ; - java.net.URLClassLoader$1::run@1
                      ; - java.security.AccessController::executePrivileged@29
                      ; - java.security.AccessController::doPrivileged@13
                      ; - java.net.URLClassLoader::findClass@13
  0x0000017957a3e134: 4847 8bff 

  0x0000017957a3e138: ;   {other}
  0x0000017957a3e138: 0f1f 8400 | 2847 0043 | e90c d8ff | ff4c 8b4c | 2450 458b | 5928 4585 | db0f 84ff | ebff ff4d 
  0x0000017957a3e158: 8b57 2849 | 8bcb 48c1 | e103 4d85 | d20f 84f1 | 2600 0049 | 8bf0 488b | 5c24 504d | 8b5f 384b 
  0x0000017957a3e178: 894c 13f8 | 4983 c2f8 | 4d89 5728 | 4c8b cb4c | 8bc6 e9c7 | ebff ff45 | 8b58 1045 | 85db 0f84 
  0x0000017957a3e198: 62eb ffff | 4d8b 5728 | 498b cb48 | c1e1 034d | 85d2 0f84 | d426 0000 | 4d8b 5f38 | 4b89 4c13 
  0x0000017957a3e1b8: f849 83c2 | f84d 8957 | 28e9 38eb | ffff 498b | d84d 8b57 | 484d 8b5f | 58f0 8344 | 24c0 0080 
  0x0000017957a3e1d8: 3900 7432 | 4488 214d | 85d2 740f | 4b89 4c13 | f849 83c2 | f84d 8957 | 48eb 1b49 | 8bd7 c5f8 
  0x0000017957a3e1f8: 7749 ba00 | a41d 89f9 | 7f00 0041 

  0x0000017957a3e204: ;   {other}
  0x0000017957a3e204: ffd2 0f1f | 8400 0000 | 0000 4c8b | c3e9 2aeb | ffff 4d8b | 5748 4d8b | 5f58 f083 | 4424 c000 
  0x0000017957a3e224: 4180 3800 | 0f84 66eb | ffff 4588 | 204d 85d2 | 7523 498b | c849 8bd7 | c5f8 7749 | ba00 a41d 
  0x0000017957a3e244: 89f9 7f00 | 0041 ffd2 

  0x0000017957a3e24c: ;   {other}
  0x0000017957a3e24c: 0f1f 8400 | 0000 0000 | e93b ebff | ff4f 8944 | 13f8 4983 | c2f8 4d89 | 5748 e929 | ebff ff48 
  0x0000017957a3e26c: 8974 2450 | 897c 2448 | 4489 5424 | 2448 895c | 2430 4489 | 4c24 2041 | 8beb 4c89 

  0x0000017957a3e288: ;   {metadata('java/lang/String')}
  0x0000017957a3e288: 6c24 4048 | ba78 e800 | 0079 0100 | 004c 8b54 | 2460 4c89 | 5424 5890 

  0x0000017957a3e2a0: ;   {runtime_call _new_instance_Java}
  0x0000017957a3e2a0: c5f8 77e8 

  0x0000017957a3e2a4: ; ImmutableOopMap {rbp=NarrowOop [40]=Oop [48]=Oop [64]=Oop [72]=NarrowOop [80]=Oop [88]=Oop [96]=Oop [104]=Oop }
                      ;*new {reexecute=0 rethrow=0 return_oop=1}
                      ; - java.lang.StringLatin1::newString@7
                      ; - java.lang.String::substring@41
                      ; - java.net.URLClassLoader::defineClass@28
                      ; - java.net.URLClassLoader$1::run@43
                      ; - java.net.URLClassLoader$1::run@1
                      ; - java.security.AccessController::executePrivileged@29
                      ; - java.security.AccessController::doPrivileged@13
                      ; - java.net.URLClassLoader::findClass@13
  0x0000017957a3e2a4: d845 8bff 

  0x0000017957a3e2a8: ;   {other}
  0x0000017957a3e2a8: 0f1f 8400 | 9848 0044 | 4c8b 6c24 | 4044 8bdd | 448b 4c24 | 2048 8b5c | 2430 448b | 5424 2444 
  0x0000017957a3e2c8: 8b44 2448 | 4489 8424 | 9000 0000 | 4c8b f048 | 8b74 2450 | e95a ccff | ffba 66ff | ffff 488b 
  0x0000017957a3e2e8: 6c24 604c | 8b4c 2428 | 4c89 4c24 | 208b 4c24 | 3089 4c24 | 2844 8954 | 242c 4c89 | 4424 3844 
  0x0000017957a3e308: 895c 2448 

  0x0000017957a3e30c: ;   {runtime_call UncommonTrapBlob}
  0x0000017957a3e30c: c5f8 77e8 

  0x0000017957a3e310: ; ImmutableOopMap {rbp=Oop [32]=Oop [40]=NarrowOop [56]=Oop [72]=NarrowOop [80]=Oop [104]=Oop }
                      ;*invokevirtual getEntry {reexecute=0 rethrow=0 return_oop=0}
                      ; - java.util.jar.JarFile::getJarEntry@2
                      ; - jdk.internal.loader.URLClassPath$JarLoader::getResource@22
                      ; - jdk.internal.loader.URLClassPath::getResource@53
                      ; - java.net.URLClassLoader$1::run@26
                      ; - java.net.URLClassLoader$1::run@1
                      ; - java.security.AccessController::executePrivileged@29
                      ; - java.security.AccessController::doPrivileged@13
                      ; - java.net.URLClassLoader::findClass@13
  0x0000017957a3e310: 6c60 88ff 

  0x0000017957a3e314: ;   {other}
  0x0000017957a3e314: 0f1f 8400 | 0449 0045 

  0x0000017957a3e31c: ;   {oop(""{0x00000006804018c8})}
  0x0000017957a3e31c: 49be c818 | 4080 0600 | 0000 e914 | ceff ff4c | 8b5c 2438 | 41c6 4311 | 0133 c04c | 8b74 2468 
  0x0000017957a3e33c: 4c8b 6c24 | 4044 8b44 | 2420 4489 | 8424 9000 | 0000 4c8b | 4424 484c | 8944 2478 | 4c8b 4424 
  0x0000017957a3e35c: 504c 8984 | 2488 0000 | 0044 8b44 | 2424 488b | 7424 30e9 | edcf ffff | 4489 4424 | 244c 8b94 
  0x0000017957a3e37c: 2488 0000 | 004c 8954 | 2450 4c8b | 5424 784c | 8954 2448 | 48ff b424 | c800 0000 | 488f 4424 
  0x0000017957a3e39c: 3848 8974 | 2430 448b | 9424 9000 | 0000 4489 | 5424 204c | 896c 2440 | 4c8b 5424 | 604c 8954 
  0x0000017957a3e3bc: 2458 6690 

  0x0000017957a3e3c0: ;   {static_call}
  0x0000017957a3e3c0: c5f8 77e8 

  0x0000017957a3e3c4: ; ImmutableOopMap {rbp=Oop [32]=NarrowOop [36]=NarrowOop [40]=Oop [48]=Oop [56]=Oop [64]=Oop [72]=Oop [80]=Oop [88]=Oop [96]=Oop [104]=Oop }
                      ;*invokestatic hashCode {reexecute=0 rethrow=0 return_oop=0}
                      ; - java.lang.String::hashCode@37
                      ; - java.util.concurrent.ConcurrentHashMap::get@1
                      ; - java.lang.ClassLoader::getDefinedPackage@13
                      ; - java.net.URLClassLoader::getAndVerifyPackage@2
                      ; - java.net.URLClassLoader::defineClass@46
                      ; - java.net.URLClassLoader$1::run@43
                      ; - java.net.URLClassLoader$1::run@1
                      ; - java.security.AccessController::executePrivileged@29
                      ; - java.security.AccessController::doPrivileged@13
                      ; - java.net.URLClassLoader::findClass@13
  0x0000017957a3e3c4: b80c 88ff 

  0x0000017957a3e3c8: ;   {other}
  0x0000017957a3e3c8: 0f1f 8400 | b849 0046 | e917 d9ff | ff4c 8bc3 | 458b 582c | 4585 db0f | 848f ddff | ff4d 8b57 
  0x0000017957a3e3e8: 2849 8bcb | 48c1 e103 | 4d85 d20f | 84af 2600 | 004d 8b5f | 384b 894c | 13f8 4983 | c2f8 4d89 
  0x0000017957a3e408: 5728 4c8b | c3e9 62dd | ffff 4c8b | 9424 9000 | 0000 458b | 5214 4585 | d20f 84e0 | deff ff4d 
  0x0000017957a3e428: 8b5f 2849 | 8bca 48c1 | e103 4d85 | db0f 84ad | 2600 004d | 8b57 384b | 894c 1af8 | 4983 c3f8 
  0x0000017957a3e448: 4d89 5f28 | e9b6 deff | ff44 8b5d | 1c45 85db | 0f84 60de | ffff 4d8b | 5728 498b | cb48 c1e1 
  0x0000017957a3e468: 034d 85d2 | 0f84 5626 | 0000 4d8b | 5f38 4b89 | 4c13 f849 | 83c2 f84d | 8957 28e9 | 36de ffff 
  0x0000017957a3e488: 4c8b 9424 | 9000 0000 | 458b 5a10 | 4585 db0f | 84f6 dfff | ff4d 8b57 | 2849 8bcb | 48c1 e103 
  0x0000017957a3e4a8: 4d85 d20f | 8477 2600 | 004d 8b5f | 384b 894c | 13f8 4983 | c2f8 4d89 | 5728 e9cc 

  0x0000017957a3e4c4: ;   {no_reloc}
  0x0000017957a3e4c4: dfff ff44 | 8b55 1c45 | 85d2 0f84 | 76df ffff | 4d8b 5f28 | 498b ca48 | c1e1 034d | 85db 0f84 
  0x0000017957a3e4e4: 2026 0000 | 4d8b 5738 | 4b89 4c1a | f849 83c3 | f84d 895f | 28e9 4cdf | ffff 4c8b | 8424 8800 
  0x0000017957a3e504: 0000 458b | 5030 4585 | d20f 845f | e4ff ff49 | 8bd8 4d8b | 5f28 498b | ca48 c1e1 | 034d 85db 
  0x0000017957a3e524: 0f84 1e26 | 0000 4d8b | 5738 4b89 | 4c1a f849 | 83c3 f84d | 895f 284c | 8bc3 e92f | e4ff ff4c 
  0x0000017957a3e544: 8b94 2490 | 0000 0045 | 8b52 2445 | 85d2 0f84 | 9ae2 ffff | 4d8b 5f28 | 498b ca48 | c1e1 034d 
  0x0000017957a3e564: 85db 0f84 | 3c26 0000 | 4d8b 5738 | 4b89 4c1a | f849 83c3 | f84d 895f | 28e9 70e2 | ffff 498b 
  0x0000017957a3e584: da4c 8b94 | 2490 0000 | 0045 8b52 | 3845 85d2 | 0f84 81e3 | ffff 4d8b | 5f28 498b | ca48 c1e1 
  0x0000017957a3e5a4: 034d 85db | 0f84 1a26 | 0000 4d8b | 5738 4b89 | 4c1a f849 | 83c3 f84d | 895f 28e9 | 57e3 ffff 
  0x0000017957a3e5c4: ;   {no_reloc}
  0x0000017957a3e5c4: 4c8b 9424 | 9000 0000 | 458b 5218 | 4585 d20f | 8454 e0ff | ff4d 8b5f | 2849 8bca | 48c1 e103 
  0x0000017957a3e5e4: 4d85 db0f | 84fb 2500 | 004d 8b57 | 384b 894c | 1af8 4983 | c3f8 4d89 | 5f28 e92a | e0ff ff49 
  0x0000017957a3e604: 8bda 4c8b | 9424 9000 | 0000 458b | 5234 4585 | d274 254d | 8b5f 2849 | 8bca 48c1 | e103 4d85 
  0x0000017957a3e624: db0f 843d | 2500 004d | 8b57 384b | 894c 1af8 | 4983 c3f8 | 4d89 5f28 | 4c8b d3e9 | 3fe2 ffff 
  0x0000017957a3e644: 498b da4c | 8b94 2490 | 0000 0045 | 8b52 1c45 | 85d2 7425 | 4d8b 5f28 | 498b ca48 | c1e1 034d 
  0x0000017957a3e664: 85db 0f84 | 1c25 0000 | 4d8b 5738 | 4b89 4c1a | f849 83c3 | f84d 895f | 284c 8bd3 | e940 e0ff 
  0x0000017957a3e684: ff49 8bda | 448b 5d1c | 4585 db74 | 254d 8b57 | 2849 8bcb | 48c1 e103 | 4d85 d20f | 8463 2500 
  0x0000017957a3e6a4: 004d 8b5f | 384b 894c | 13f8 4983 | c2f8 4d89 | 5728 4c8b | d3e9 15df | ffff 448b | 550c 4585 
  0x0000017957a3e6c4: ;   {no_reloc}
  0x0000017957a3e6c4: d20f 8423 | e4ff ff4d | 8b5f 2849 | 8bca 48c1 | e103 4d85 | db0f 8489 | 2500 004d | 8b57 384b 
  0x0000017957a3e6e4: 894c 1af8 | 4983 c3f8 | 4d89 5f28 | e9f9 e3ff | ff4c 8b94 | 2488 0000 | 0045 8b5a | 0c45 85db 
  0x0000017957a3e704: 0f84 46e4 | ffff 4d8b | 5728 498b | cb48 c1e1 | 034d 85d2 | 0f84 0a25 | 0000 4d8b | 5f38 4b89 
  0x0000017957a3e724: 4c13 f849 | 83c2 f84d | 8957 28e9 | 1ce4 ffff | 4c8b 8424 | 8800 0000 | 458b 5810 | 4585 db0f 
  0x0000017957a3e744: 84a8 e4ff | ff49 8bfa | 498b d84d | 8b57 2849 | 8bcb 48c1 | e103 4d85 | d20f 84e5 | 2400 004d 
  0x0000017957a3e764: 8b5f 384b | 894c 13f8 | 4983 c2f8 | 4d89 5728 | 4c8b c34c | 8bd7 e972 | e4ff ff4c | 8bc5 458b 
  0x0000017957a3e784: 5814 4585 | db0f 84d3 | e4ff ff4d | 8b57 2849 | 8bcb 48c1 | e103 4d85 | d20f 84e5 | 2400 004d 
  0x0000017957a3e7a4: 8b5f 384b | 894c 13f8 | 4983 c2f8 | 4d89 5728 | e9a9 e4ff | ff4d 8b57 | 484d 8b5f | 58f0 8344 
  0x0000017957a3e7c4: ;   {no_reloc}
  0x0000017957a3e7c4: 24c0 0080 | 3900 0f84 | 7bdb ffff | 4488 214d | 85d2 7520 | 498b d7c5 | f877 49ba | 00a4 1d89 
  0x0000017957a3e7e4: f97f 0000 

  0x0000017957a3e7e8: ;   {other}
  0x0000017957a3e7e8: 41ff d20f | 1f84 0000 | 0000 00e9 | 53db ffff | 4b89 4c13 | f849 83c2 | f84d 8957 | 48e9 41db 
  0x0000017957a3e808: ffff 4d8b | 5758 4d8b | 5f48 f083 | 4424 c000 | 8039 000f | 84db daff | ff44 8821 | 4d85 db75 
  0x0000017957a3e828: 2049 8bd7 | c5f8 7749 | ba00 a41d | 89f9 7f00 | 0041 ffd2 

  0x0000017957a3e83c: ;   {other}
  0x0000017957a3e83c: 0f1f 8400 | 0000 0000 | e9b3 daff | ff4b 894c | 1af8 4983 | c3f8 4d89 | 5f48 e9a1 | daff ff4d 
  0x0000017957a3e85c: 8b57 484d | 8b5f 58f0 | 8344 24c0 | 0080 3900 | 0f84 65dc | ffff 4488 | 214d 85d2 | 7520 498b 
  0x0000017957a3e87c: d7c5 f877 | 49ba 00a4 | 1d89 f97f | 0000 41ff 

  0x0000017957a3e88c: ;   {other}
  0x0000017957a3e88c: d20f 1f84 | 0000 0000 | 00e9 3ddc | ffff 4b89 | 4c13 f849 | 83c2 f84d | 8957 48e9 | 2bdc ffff 
  0x0000017957a3e8ac: 4d8b 5758 | 4d8b 5f48 | f083 4424 | c000 8039 | 000f 84c5 | dbff ff44 | 8821 4d85 | db75 2049 
  0x0000017957a3e8cc: 8bd7 c5f8 | 7749 ba00 | a41d 89f9 | 7f00 0041 

  0x0000017957a3e8dc: ;   {other}
  0x0000017957a3e8dc: ffd2 0f1f | 8400 0000 | 0000 e99d | dbff ff4b | 894c 1af8 | 4983 c3f8 | 4d89 5f48 | e98b dbff 
  0x0000017957a3e8fc: ff4d 8b57 | 484d 8b5f | 58f0 8344 | 24c0 0080 | 3900 0f84 | 98e0 ffff | 4488 214d | 85d2 7526 
  0x0000017957a3e91c: 498b d849 | 8bd7 c5f8 | 7749 ba00 | a41d 89f9 | 7f00 0041 

  0x0000017957a3e930: ;   {other}
  0x0000017957a3e930: ffd2 0f1f | 8400 0000 | 0000 4c8b | c3e9 6ae0 | ffff 4b89 | 4c13 f849 | 83c2 f84d | 8957 48e9 
  0x0000017957a3e950: 58e0 ffff | 4d8b 5748 | 4d8b 5f58 | f083 4424 | c000 8039 | 000f 8406 | ddff ff44 | 8821 4d85 
  0x0000017957a3e970: d275 2049 | 8bd7 c5f8 | 7749 ba00 | a41d 89f9 | 7f00 0041 

  0x0000017957a3e984: ;   {other}
  0x0000017957a3e984: ffd2 0f1f | 8400 0000 | 0000 e9de | dcff ff4b | 894c 13f8 | 4983 c2f8 | 4d89 5748 | e9cc dcff 
  0x0000017957a3e9a4: ff4d 8b57 | 584d 8b5f | 48f0 8344 | 24c0 0080 | 3900 0f84 | 42dd ffff | 4488 214d | 85db 7520 
  0x0000017957a3e9c4: 498b d7c5 | f877 49ba | 00a4 1d89 | f97f 0000 

  0x0000017957a3e9d4: ;   {other}
  0x0000017957a3e9d4: 41ff d20f | 1f84 0000 | 0000 00e9 | 1add ffff | 4b89 4c1a | f849 83c3 | f84d 895f | 48e9 08dd 
  0x0000017957a3e9f4: ffff 4d8b | 5748 4d8b | 5f58 f083 | 4424 c000 | 8039 000f | 8422 deff | ff44 8821 | 4d85 d275 
  0x0000017957a3ea14: 2049 8bd7 | c5f8 7749 | ba00 a41d | 89f9 7f00 | 0041 ffd2 

  0x0000017957a3ea28: ;   {other}
  0x0000017957a3ea28: 0f1f 8400 | 0000 0000 | e9fa ddff | ff4b 894c | 13f8 4983 | c2f8 4d89 | 5748 e9e8 | ddff ff4d 
  0x0000017957a3ea48: 8b57 484d | 8b5f 58f0 | 8344 24c0 | 0080 3900 | 0f84 01df | ffff 4488 | 214d 85d2 | 7520 498b 
  0x0000017957a3ea68: d7c5 f877 | 49ba 00a4 | 1d89 f97f | 0000 41ff 

  0x0000017957a3ea78: ;   {other}
  0x0000017957a3ea78: d20f 1f84 | 0000 0000 | 00e9 d9de | ffff 4b89 | 4c13 f849 | 83c2 f84d | 8957 48e9 | c7de ffff 
  0x0000017957a3ea98: 4d8b 5758 | 4d8b 5f48 | f083 4424 | c000 8039 | 000f 8438 | ddff ff44 | 8821 4d85 | db75 2049 
  0x0000017957a3eab8: 8bd7 c5f8 | 7749 ba00 | a41d 89f9 | 7f00 0041 

  0x0000017957a3eac8: ;   {other}
  0x0000017957a3eac8: ffd2 0f1f | 8400 0000 | 0000 e910 | ddff ff4b | 894c 1af8 | 4983 c3f8 | 4d89 5f48 | e9fe dcff 
  0x0000017957a3eae8: ff4d 8b57 | 584d 8b5f | 48f0 8344 | 24c0 0080 | 3900 0f84 | bcdd ffff | 4488 214d | 85db 7520 
  0x0000017957a3eb08: 498b d7c5 | f877 49ba | 00a4 1d89 | f97f 0000 

  0x0000017957a3eb18: ;   {other}
  0x0000017957a3eb18: 41ff d20f | 1f84 0000 | 0000 00e9 | 94dd ffff | 4b89 4c1a | f849 83c3 | f84d 895f | 48e9 82dd 
  0x0000017957a3eb38: ffff 4d8b | 5758 4d8b | 5f48 f083 | 4424 c000 | 8039 000f | 84d1 daff | ff44 8821 | 4d85 db75 
  0x0000017957a3eb58: 2049 8bd7 | c5f8 7749 | ba00 a41d | 89f9 7f00 | 0041 ffd2 

  0x0000017957a3eb6c: ;   {other}
  0x0000017957a3eb6c: 0f1f 8400 | 0000 0000 | e9a9 daff | ff4b 894c | 1af8 4983 | c3f8 4d89 | 5f48 e997 | daff ff4d 
  0x0000017957a3eb8c: 8b57 484d | 8b5f 58f0 | 8344 24c0 | 0080 3900 | 0f84 86e0 | ffff 4488 | 214d 85d2 | 7520 498b 
  0x0000017957a3ebac: d7c5 f877 | 49ba 00a4 | 1d89 f97f | 0000 41ff 

  0x0000017957a3ebbc: ;   {other}
  0x0000017957a3ebbc: d20f 1f84 | 0000 0000 | 00e9 5ee0 | ffff 4b89 | 4c13 f849 | 83c2 f84d | 8957 48e9 | 4ce0 ffff 
  0x0000017957a3ebdc: 4d8b 5748 | 4d8b 5f58 | f083 4424 | c000 8039 | 000f 849a | dfff ff44 | 8821 4d85 | d275 2049 
  0x0000017957a3ebfc: 8bd7 c5f8 | 7749 ba00 | a41d 89f9 | 7f00 0041 

  0x0000017957a3ec0c: ;   {other}
  0x0000017957a3ec0c: ffd2 0f1f | 8400 0000 | 0000 e972 | dfff ff4b | 894c 13f8 | 4983 c2f8 | 4d89 5748 | e960 dfff 
  0x0000017957a3ec2c: ff4d 8b57 | 584d 8b5f | 48f0 8344 | 24c0 0080 | 3900 0f84 | 22d5 ffff | 4488 214d | 85db 7520 
  0x0000017957a3ec4c: 498b d7c5 | f877 49ba | 00a4 1d89 | f97f 0000 

  0x0000017957a3ec5c: ;   {other}
  0x0000017957a3ec5c: 41ff d20f | 1f84 0000 | 0000 00e9 | fad4 ffff | 4b89 4c1a | f849 83c3 | f84d 895f | 48e9 e8d4 
  0x0000017957a3ec7c: ffff 418b | e949 8bf8 | 4d8b 5758 | 4d8b 5f48 | f083 4424 | c000 8039 | 0074 3244 | 8821 4d85 
  0x0000017957a3ec9c: db74 0f4b | 894c 1af8 | 4983 c3f8 | 4d89 5f48 | eb1b 498b | d7c5 f877 | 49ba 00a4 | 1d89 f97f 
  0x0000017957a3ecbc: 0000 41ff 

  0x0000017957a3ecc0: ;   {other}
  0x0000017957a3ecc0: d20f 1f84 | 0000 0000 | 004c 8bc7 | 448b cde9 | e0d4 ffff | 4d8b 5758 | 4d8b 5f48 | f083 4424 
  0x0000017957a3ece0: c000 8039 | 000f 845a | deff ff44 | 8821 4d85 | db75 2049 | 8bd7 c5f8 | 7749 ba00 | a41d 89f9 
  0x0000017957a3ed00: 7f00 0041 

  0x0000017957a3ed04: ;   {other}
  0x0000017957a3ed04: ffd2 0f1f | 8400 0000 | 0000 e932 | deff ff4b | 894c 1af8 | 4983 c3f8 | 4d89 5f48 | e920 deff 
  0x0000017957a3ed24: ff4d 8b57 | 484d 8b5f | 58f0 8344 | 24c0 0080 | 3900 0f84 | 60df ffff | 4488 214d | 85d2 7526 
  0x0000017957a3ed44: 498b d849 | 8bd7 c5f8 | 7749 ba00 | a41d 89f9 | 7f00 0041 

  0x0000017957a3ed58: ;   {other}
  0x0000017957a3ed58: ffd2 0f1f | 8400 0000 | 0000 4c8b | c3e9 32df | ffff 4b89 | 4c13 f849 | 83c2 f84d | 8957 48e9 
  0x0000017957a3ed78: 20df ffff | 4c89 9c24 | 8800 0000 | 4889 8c24 | 8000 0000 | 4c89 4424 | 784c 8974 | 2458 4889 
  0x0000017957a3ed98: 7424 5044 | 8b9c 2490 | 0000 0044 | 895c 244c | 4489 5424 | 484c 896c 

  0x0000017957a3edb0: ;   {metadata({type array byte})}
  0x0000017957a3edb0: 2440 48ba | 1823 0000 | 7901 0000 | 4889 5c24 | 3045 8bc2 

  0x0000017957a3edc4: ;   {runtime_call _new_array_nozero_Java}
  0x0000017957a3edc4: c5f8 77e8 

  0x0000017957a3edc8: ; ImmutableOopMap {[40]=Oop [48]=Oop [120]=Derived_oop_[48] [64]=Oop [76]=NarrowOop [80]=Oop [88]=Oop [96]=Oop [104]=Oop }
                      ;*newarray {reexecute=0 rethrow=0 return_oop=1}
                      ; - java.util.Arrays::copyOfRangeByte@10
                      ; - java.util.Arrays::copyOfRange@13
                      ; - java.lang.StringLatin1::newString@16
                      ; - java.lang.String::substring@41
                      ; - java.net.URLClassLoader::defineClass@28
                      ; - java.net.URLClassLoader$1::run@43
                      ; - java.net.URLClassLoader$1::run@1
                      ; - java.security.AccessController::executePrivileged@29
                      ; - java.security.AccessController::doPrivileged@13
                      ; - java.net.URLClassLoader::findClass@13
  0x0000017957a3edc8: 340a 8bff 

  0x0000017957a3edcc: ;   {other}
  0x0000017957a3edcc: 0f1f 8400 | bc53 0047 | 4c8b 6c24 | 4044 8b54 | 2448 448b | 5c24 4c44 | 899c 2490 | 0000 004c 
  0x0000017957a3edec: 8b74 2458 | 4c8b 4424 | 7848 8b8c | 2480 0000 | 004c 8b9c | 2488 0000 | 004c 8bc8 | 488b 7424 
  0x0000017957a3ee0c: 50e9 9fc2 | ffff 4889 | 5c24 204c | 896c 2460 | 488b 6c24 

  0x0000017957a3ee20: ;   {metadata('java/lang/String')}
  0x0000017957a3ee20: 6848 ba78 | e800 0079 | 0100 004c | 896c 2430 

  0x0000017957a3ee30: ;   {runtime_call _new_instance_Java}
  0x0000017957a3ee30: c5f8 77e8 

  0x0000017957a3ee34: ; ImmutableOopMap {rbp=Oop [32]=Oop [48]=Oop [96]=Oop [104]=Oop }
                      ;*new {reexecute=0 rethrow=0 return_oop=1}
                      ; - java.lang.StringConcatHelper::simpleConcat@17
                      ; - java.lang.String::concat@11
                      ; - java.net.URLClassLoader$1::run@13
                      ; - java.net.URLClassLoader$1::run@1
                      ; - java.security.AccessController::executePrivileged@29
                      ; - java.security.AccessController::doPrivileged@13
                      ; - java.net.URLClassLoader::findClass@13
  0x0000017957a3ee34: 483a 8bff 

  0x0000017957a3ee38: ;   {other}
  0x0000017957a3ee38: 0f1f 8400 | 2854 0048 | 4c8b 6c24 | 3048 8b5c | 2420 e906 | c0ff ff4c | 8b44 2448 | 458b 580c 
  0x0000017957a3ee58: 4585 db0f | 8491 d0ff | ff4d 8b57 | 2849 8bcb | 48c1 e103 | 4d85 d20f | 84ba 1e00 | 004d 8b5f 
  0x0000017957a3ee78: 384b 894c | 13f8 4983 | c2f8 4d89 | 5728 4c8b | 4424 48e9 | 62d0 ffff | 458b 5810 | 4585 db0f 
  0x0000017957a3ee98: 84e1 d0ff | ff4d 8b57 | 2849 8bcb | 48c1 e103 | 4d85 d20f | 8452 1e00 | 004d 8b5f | 384b 894c 
  0x0000017957a3eeb8: 13f8 4983 | c2f8 4d89 | 5728 e9b7 | d0ff ff44 | 8b55 0c45 | 85d2 0f84 | bacf ffff | 4d8b 5f28 
  0x0000017957a3eed8: 498b ca48 | c1e1 034d | 85db 0f84 | fb1d 0000 | 4d8b 5738 | 4b89 4c1a | f849 83c3 | f84d 895f 
  0x0000017957a3eef8: 28e9 90cf | ffff 4c8b | d545 8b42 | 1445 85c0 | 0f84 e4d0 | ffff 4d8b | 5f28 498b | c848 c1e1 
  0x0000017957a3ef18: 034d 85db | 0f84 2d1e | 0000 4d8b | 4738 4b89 | 4c18 f849 | 83c3 f84d | 895f 28e9 

  0x0000017957a3ef34: ;   {no_reloc}
  0x0000017957a3ef34: bad0 ffff | 4d8b 5758 | 4d8b 5f48 | f083 4424 | c000 8039 | 000f 84d3 | cfff ff44 | 8821 4d85 
  0x0000017957a3ef54: db75 2649 | 8bd8 498b | d7c5 f877 | 49ba 00a4 | 1d89 f97f | 0000 41ff 

  0x0000017957a3ef6c: ;   {other}
  0x0000017957a3ef6c: d20f 1f84 | 0000 0000 | 004c 8bc3 | e9a5 cfff | ff4b 894c | 1af8 4983 | c3f8 4d89 | 5f48 e993 
  0x0000017957a3ef8c: cfff ff4d | 8b57 584d | 8b5f 48f0 | 8344 24c0 | 0080 3900 | 0f84 0fd0 | ffff 4488 | 214d 85db 
  0x0000017957a3efac: 7526 498b | d849 8bd7 | c5f8 7749 | ba00 a41d | 89f9 7f00 | 0041 ffd2 

  0x0000017957a3efc4: ;   {other}
  0x0000017957a3efc4: 0f1f 8400 | 0000 0000 | 4c8b c3e9 | e1cf ffff | 4b89 4c1a | f849 83c3 | f84d 895f | 48e9 cfcf 
  0x0000017957a3efe4: ffff 4d8b | 5758 4d8b | 5f48 f083 | 4424 c000 | 8039 000f | 84e5 ceff | ff44 8821 | 4d85 db75 
  0x0000017957a3f004: 2049 8bd7 | c5f8 7749 | ba00 a41d | 89f9 7f00 | 0041 ffd2 

  0x0000017957a3f018: ;   {other}
  0x0000017957a3f018: 0f1f 8400 | 0000 0000 | e9bd ceff | ff4b 894c | 1af8 4983 | c3f8 4d89 | 5f48 e9ab | ceff ff4c 
  0x0000017957a3f038: 8b5c 2438 | 41c6 4311 | 0133 c04c | 8b74 2468 | 4c8b 6c24 | 4044 8b54 | 2420 4489 | 9424 9000 
  0x0000017957a3f058: 0000 4c8b | 5424 484c | 8954 2478 | 4c8b 5424 | 504c 8994 | 2488 0000 | 0044 8b4c | 2424 448b 
  0x0000017957a3f078: 5424 5848 | 8b74 2430 | e969 c4ff | ff44 8954 | 2458 4489 | 4c24 244c | 8b94 2488 | 0000 004c 
  0x0000017957a3f098: 8954 2450 | 4c8b 5424 | 784c 8954 | 2448 4c89 | 5c24 3848 | 8974 2430 | 448b 9c24 | 9000 0000 
  0x0000017957a3f0b8: 4489 5c24 | 204c 896c | 2440 4c89 | 7424 6890 

  0x0000017957a3f0c8: ;   {static_call}
  0x0000017957a3f0c8: c5f8 77e8 

  0x0000017957a3f0cc: ; ImmutableOopMap {rbp=Oop [32]=NarrowOop [36]=NarrowOop [40]=Oop [48]=Oop [56]=Oop [64]=Oop [72]=Oop [80]=Oop [88]=NarrowOop [96]=Oop [104]=Oop }
                      ;*invokestatic hashCode {reexecute=0 rethrow=0 return_oop=0}
                      ; - java.lang.String::hashCode@37
                      ; - java.util.concurrent.ConcurrentHashMap::get@1
                      ; - java.lang.ClassLoader::definePackage@47
                      ; - java.lang.ClassLoader::getDefinedPackage@32
                      ; - java.net.URLClassLoader::getAndVerifyPackage@2
                      ; - java.net.URLClassLoader::defineClass@46
                      ; - java.net.URLClassLoader$1::run@43
                      ; - java.net.URLClassLoader$1::run@1
                      ; - java.security.AccessController::executePrivileged@29
                      ; - java.security.AccessController::doPrivileged@13
                      ; - java.net.URLClassLoader::findClass@13
  0x0000017957a3f0cc: b0ff 87ff 

  0x0000017957a3f0d0: ;   {other}
  0x0000017957a3f0d0: 0f1f 8400 | c056 0049 | e94f ddff | ff4c 896c | 2440 4489 | 5c24 5848 | 8beb 4889 | 7424 204c 
  0x0000017957a3f0f0: 8974 2478 | 4c89 4424 | 304c 8954 

  0x0000017957a3f0fc: ;   {metadata({type array byte})}
  0x0000017957a3f0fc: 2448 48ba | 1823 0000 | 7901 0000 | 458b c14c | 8b54 2460 | 4c89 5424 | 5066 6690 

  0x0000017957a3f118: ;   {runtime_call _new_array_nozero_Java}
  0x0000017957a3f118: c5f8 77e8 

  0x0000017957a3f11c: ; ImmutableOopMap {rbp=Oop [48]=Derived_oop_rbp [32]=Oop [40]=Oop [64]=Oop [80]=Oop [88]=NarrowOop [96]=Oop [104]=Oop [120]=Oop [144]=NarrowOop }
                      ;*invokevirtual clone {reexecute=1 rethrow=0 return_oop=1}
                      ; - (reexecute) java.util.Arrays::copyOfRange@18
                      ; - java.lang.StringLatin1::newString@16
                      ; - java.lang.String::substring@41
                      ; - java.net.URLClassLoader::defineClass@28
                      ; - java.net.URLClassLoader$1::run@43
                      ; - java.net.URLClassLoader$1::run@1
                      ; - java.security.AccessController::executePrivileged@29
                      ; - java.security.AccessController::doPrivileged@13
                      ; - java.net.URLClassLoader::findClass@13
  0x0000017957a3f11c: e006 8bff 

  0x0000017957a3f120: ;   {other}
  0x0000017957a3f120: 0f1f 8400 | 1057 004a | 488b d8e9 | a5be ffff | 4489 4c24 | 244c 8b94 | 2488 0000 | 004c 8954 
  0x0000017957a3f140: 2450 4c8b | 5424 784c | 8954 2448 | 4c89 5c24 | 3848 8974 | 2430 448b | 9424 9000 | 0000 4489 
  0x0000017957a3f160: 5424 204c | 896c 2440 | 4c89 7424 

  0x0000017957a3f16c: ;   {metadata('java/lang/ClassLoader$$Lambda+0x0000017901065d68')}
  0x0000017957a3f16c: 6848 ba68 | 5d06 0179 | 0100 004c | 8b54 2460 | 4c89 5424 | 5866 6690 

  0x0000017957a3f184: ;   {runtime_call _new_instance_Java}
  0x0000017957a3f184: c5f8 77e8 

  0x0000017957a3f188: ; ImmutableOopMap {rbp=NarrowOop [32]=NarrowOop [36]=NarrowOop [40]=Oop [48]=Oop [56]=Oop [64]=Oop [72]=Oop [80]=Oop [88]=Oop [96]=Oop [104]=Oop }
                      ;*invokevirtual allocateInstance {reexecute=0 rethrow=0 return_oop=1}
                      ; - java.lang.invoke.DirectMethodHandle::allocateInstance@12
                      ; - java.lang.invoke.DirectMethodHandle$Holder::newInvokeSpecial@1
                      ; - java.lang.invoke.Invokers$Holder::linkToTargetMethod@6
                      ; - java.lang.ClassLoader::definePackage@73
                      ; - java.lang.ClassLoader::getDefinedPackage@32
                      ; - java.net.URLClassLoader::getAndVerifyPackage@2
                      ; - java.net.URLClassLoader::defineClass@46
                      ; - java.net.URLClassLoader$1::run@43
                      ; - java.net.URLClassLoader$1::run@1
                      ; - java.security.AccessController::executePrivileged@29
                      ; - java.security.AccessController::doPrivileged@13
                      ; - java.net.URLClassLoader::findClass@13
  0x0000017957a3f188: f436 8bff 

  0x0000017957a3f18c: ;   {other}
  0x0000017957a3f18c: 0f1f 8400 | 7c57 004b | 4c8b 7424 | 684c 8b6c | 2440 448b | 5c24 2044 | 899c 2490 | 0000 004c 
  0x0000017957a3f1ac: 8b5c 2438 | 4c8b 4c24 | 484c 894c | 2478 4c8b | 4c24 504c | 898c 2488 | 0000 0044 | 8b4c 2424 
  0x0000017957a3f1cc: 4c8b d048 | 8b74 2430 | e91a c5ff | ff8b e9e9 | b6b3 ffff | 448b 9c24 | a800 0000 | 443b 5c24 
  0x0000017957a3f1ec: 7c0f 8435 

  0x0000017957a3f1f0: ;   {oop(a 'java/io/WinNTFileSystem'{0x0000000680448720})}
  0x0000017957a3f1f0: 0400 0048 | ba20 8744 | 8006 0000 | 004c 8b84 | 2488 0000 | 0044 8b8c | 2490 0000 | 008b bc24 
  0x0000017957a3f210: ac00 0000 | 488b 6c24 | 6066 6690 

  0x0000017957a3f21c: ;   {optimized virtual_call}
  0x0000017957a3f21c: c5f8 77e8 

  0x0000017957a3f220: ; ImmutableOopMap {rbp=Oop [32]=Oop [40]=Oop [48]=NarrowOop [80]=Oop [88]=Oop [96]=Oop [104]=Oop [112]=Oop [120]=NarrowOop [128]=Oop }
                      ;*invokevirtual normalize {reexecute=0 rethrow=0 return_oop=1}
                      ; - java.io.WinNTFileSystem::normalize@61
                      ; - java.io.File::<init>@73
                      ; - jdk.internal.loader.URLClassPath$FileLoader::getResource@73
                      ; - jdk.internal.loader.URLClassPath::getResource@53
                      ; - java.net.URLClassLoader$1::run@26
                      ; - java.net.URLClassLoader$1::run@1
                      ; - java.security.AccessController::executePrivileged@29
                      ; - java.security.AccessController::doPrivileged@13
                      ; - java.net.URLClassLoader::findClass@13
  0x0000017957a3f220: 5cf8 87ff 

  0x0000017957a3f224: ;   {other}
  0x0000017957a3f224: 0f1f 8400 | 1458 004c | 4c8b c8e9 | 3de1 ffff 

  0x0000017957a3f234: ;   {metadata('java/lang/ref/SoftReference')}
  0x0000017957a3f234: 48ba 90df | 0300 7901 | 0000 4c8b | 5424 604c | 8954 2430 

  0x0000017957a3f248: ;   {runtime_call _new_instance_Java}
  0x0000017957a3f248: c5f8 77e8 

  0x0000017957a3f24c: ; ImmutableOopMap {rbp=Oop [32]=Oop [40]=Oop [48]=Oop [64]=Oop [80]=Oop [88]=NarrowOop [96]=Oop [104]=Oop [120]=Oop [200]=Oop }
                      ;*new {reexecute=0 rethrow=0 return_oop=1}
                      ; - java.util.jar.JarFile::getManifestFromReference@184
                      ; - java.util.jar.JarFile::getManifest@1
                      ; - jdk.internal.loader.URLClassPath$JarLoader$2::getManifest@22
                      ; - java.net.URLClassLoader::defineClass@34
                      ; - java.net.URLClassLoader$1::run@43
                      ; - java.net.URLClassLoader$1::run@1
                      ; - java.security.AccessController::executePrivileged@29
                      ; - java.security.AccessController::doPrivileged@13
                      ; - java.net.URLClassLoader::findClass@13
  0x0000017957a3f24c: 3036 8bff 

  0x0000017957a3f250: ;   {other}
  0x0000017957a3f250: 0f1f 8400 | 4058 004d | 4c8b c0e9 | 88da ffff 

  0x0000017957a3f260: ;   {metadata('java/util/jar/JarVerifier')}
  0x0000017957a3f260: 48ba 789e | 1600 7901 | 0000 6690 

  0x0000017957a3f26c: ;   {runtime_call _new_instance_Java}
  0x0000017957a3f26c: c5f8 77e8 

  0x0000017957a3f270: ; ImmutableOopMap {rbp=Oop [32]=Oop [40]=Oop [48]=Oop [64]=Oop [88]=NarrowOop [96]=Oop [104]=Oop [120]=Oop [128]=Oop [136]=Oop [200]=Oop }
                      ;*new {reexecute=0 rethrow=0 return_oop=1}
                      ; - java.util.jar.JarFile::getManifestFromReference@69
                      ; - java.util.jar.JarFile::getManifest@1
                      ; - jdk.internal.loader.URLClassPath$JarLoader$2::getManifest@22
                      ; - java.net.URLClassLoader::defineClass@34
                      ; - java.net.URLClassLoader$1::run@43
                      ; - java.net.URLClassLoader$1::run@1
                      ; - java.security.AccessController::executePrivileged@29
                      ; - java.security.AccessController::doPrivileged@13
                      ; - java.net.URLClassLoader::findClass@13
  0x0000017957a3f270: 0c36 8bff 

  0x0000017957a3f274: ;   {other}
  0x0000017957a3f274: 0f1f 8400 | 6458 004e | 4c8b d8e9 | 6ece ffff | 4489 4c24 | 304c 8984 | 2490 0000 

  0x0000017957a3f290: ;   {metadata('java/util/Hashtable')}
  0x0000017957a3f290: 0048 bab8 | d300 0079 | 0100 0048 | 8b6c 2460 

  0x0000017957a3f2a0: ;   {runtime_call _new_instance_Java}
  0x0000017957a3f2a0: c5f8 77e8 

  0x0000017957a3f2a4: ; ImmutableOopMap {rbp=Oop [32]=Oop [40]=Oop [48]=NarrowOop [64]=Oop [88]=NarrowOop [96]=Oop [104]=Oop [120]=Oop [128]=Oop [136]=Oop [144]=Oop [200]=Oop }
                      ;*new {reexecute=0 rethrow=0 return_oop=1}
                      ; - java.util.jar.JarVerifier::<init>@35
                      ; - java.util.jar.JarFile::getManifestFromReference@78
                      ; - java.util.jar.JarFile::getManifest@1
                      ; - jdk.internal.loader.URLClassPath$JarLoader$2::getManifest@22
                      ; - java.net.URLClassLoader::defineClass@34
                      ; - java.net.URLClassLoader$1::run@43
                      ; - java.net.URLClassLoader$1::run@1
                      ; - java.security.AccessController::executePrivileged@29
                      ; - java.security.AccessController::doPrivileged@13
                      ; - java.net.URLClassLoader::findClass@13
  0x0000017957a3f2a4: d835 8bff 

  0x0000017957a3f2a8: ;   {other}
  0x0000017957a3f2a8: 0f1f 8400 | 9858 004f | 488b e8e9 | 56cf ffff 

  0x0000017957a3f2b8: ;   {metadata('java/util/Hashtable')}
  0x0000017957a3f2b8: 48ba b8d3 | 0000 7901 | 0000 488b | 6c24 4890 

  0x0000017957a3f2c8: ;   {runtime_call _new_instance_Java}
  0x0000017957a3f2c8: c5f8 77e8 

  0x0000017957a3f2cc: ; ImmutableOopMap {rbp=Oop [32]=Oop [40]=Oop [48]=NarrowOop [64]=Oop [88]=NarrowOop [96]=Oop [104]=Oop [120]=Oop [128]=Oop [136]=Oop [144]=Oop [200]=Oop }
                      ;*new {reexecute=0 rethrow=0 return_oop=1}
                      ; - java.util.jar.JarVerifier::<init>@46
                      ; - java.util.jar.JarFile::getManifestFromReference@78
                      ; - java.util.jar.JarFile::getManifest@1
                      ; - jdk.internal.loader.URLClassPath$JarLoader$2::getManifest@22
                      ; - java.net.URLClassLoader::defineClass@34
                      ; - java.net.URLClassLoader$1::run@43
                      ; - java.net.URLClassLoader$1::run@1
                      ; - java.security.AccessController::executePrivileged@29
                      ; - java.security.AccessController::doPrivileged@13
                      ; - java.net.URLClassLoader::findClass@13
  0x0000017957a3f2cc: b035 8bff 

  0x0000017957a3f2d0: ;   {other}
  0x0000017957a3f2d0: 0f1f 8400 | c058 0050 | 488b e8e9 | b8d0 ffff 

  0x0000017957a3f2e0: ;   {metadata('java/util/Hashtable$Entry'[])}
  0x0000017957a3f2e0: 48ba a87f | 1300 7901 | 0000 41b8 | 0b00 0000 

  0x0000017957a3f2f0: ;   {runtime_call _new_array_Java}
  0x0000017957a3f2f0: c5f8 77e8 

  0x0000017957a3f2f4: ; ImmutableOopMap {rbp=Oop [32]=Oop [40]=Oop [48]=NarrowOop [64]=Oop [72]=Oop [88]=NarrowOop [96]=Oop [104]=Oop [120]=Oop [128]=Oop [136]=Oop [144]=Oop [200]=Oop }
                      ;*anewarray {reexecute=0 rethrow=0 return_oop=1}
                      ; - java.util.Hashtable::<init>@93
                      ; - java.util.Hashtable::<init>@5
                      ; - java.util.jar.JarVerifier::<init>@39
                      ; - java.util.jar.JarFile::getManifestFromReference@78
                      ; - java.util.jar.JarFile::getManifest@1
                      ; - jdk.internal.loader.URLClassPath$JarLoader$2::getManifest@22
                      ; - java.net.URLClassLoader::defineClass@34
                      ; - java.net.URLClassLoader$1::run@43
                      ; - java.net.URLClassLoader$1::run@1
                      ; - java.security.AccessController::executePrivileged@29
                      ; - java.security.AccessController::doPrivileged@13
                      ; - java.net.URLClassLoader::findClass@13
  0x0000017957a3f2f4: 0808 8bff 

  0x0000017957a3f2f8: ;   {other}
  0x0000017957a3f2f8: 0f1f 8400 | e858 0051 | 4c8b d0e9 | a8cf ffff 

  0x0000017957a3f308: ;   {metadata('java/util/Hashtable')}
  0x0000017957a3f308: 48ba b8d3 | 0000 7901 | 0000 488b | 6c24 4890 

  0x0000017957a3f318: ;   {runtime_call _new_instance_Java}
  0x0000017957a3f318: c5f8 77e8 

  0x0000017957a3f31c: ; ImmutableOopMap {rbp=Oop [32]=Oop [40]=Oop [48]=NarrowOop [64]=Oop [88]=NarrowOop [96]=Oop [104]=Oop [120]=Oop [128]=Oop [136]=Oop [144]=Oop [200]=Oop }
                      ;*new {reexecute=0 rethrow=0 return_oop=1}
                      ; - java.util.jar.JarVerifier::<init>@57
                      ; - java.util.jar.JarFile::getManifestFromReference@78
                      ; - java.util.jar.JarFile::getManifest@1
                      ; - jdk.internal.loader.URLClassPath$JarLoader$2::getManifest@22
                      ; - java.net.URLClassLoader::defineClass@34
                      ; - java.net.URLClassLoader$1::run@43
                      ; - java.net.URLClassLoader$1::run@1
                      ; - java.security.AccessController::executePrivileged@29
                      ; - java.security.AccessController::doPrivileged@13
                      ; - java.net.URLClassLoader::findClass@13
  0x0000017957a3f31c: 6035 8bff 

  0x0000017957a3f320: ;   {other}
  0x0000017957a3f320: 0f1f 8400 | 1059 0052 | 488b e8e9 | f4d1 ffff 

  0x0000017957a3f330: ;   {metadata('java/util/Hashtable$Entry'[])}
  0x0000017957a3f330: 48ba a87f | 1300 7901 | 0000 41b8 | 0b00 0000 

  0x0000017957a3f340: ;   {runtime_call _new_array_Java}
  0x0000017957a3f340: c5f8 77e8 

  0x0000017957a3f344: ; ImmutableOopMap {rbp=Oop [32]=Oop [40]=Oop [48]=NarrowOop [64]=Oop [72]=Oop [88]=NarrowOop [96]=Oop [104]=Oop [120]=Oop [128]=Oop [136]=Oop [144]=Oop [200]=Oop }
                      ;*anewarray {reexecute=0 rethrow=0 return_oop=1}
                      ; - java.util.Hashtable::<init>@93
                      ; - java.util.Hashtable::<init>@5
                      ; - java.util.jar.JarVerifier::<init>@50
                      ; - java.util.jar.JarFile::getManifestFromReference@78
                      ; - java.util.jar.JarFile::getManifest@1
                      ; - jdk.internal.loader.URLClassPath$JarLoader$2::getManifest@22
                      ; - java.net.URLClassLoader::defineClass@34
                      ; - java.net.URLClassLoader$1::run@43
                      ; - java.net.URLClassLoader$1::run@1
                      ; - java.security.AccessController::executePrivileged@29
                      ; - java.security.AccessController::doPrivileged@13
                      ; - java.net.URLClassLoader::findClass@13
  0x0000017957a3f344: b807 8bff 

  0x0000017957a3f348: ;   {other}
  0x0000017957a3f348: 0f1f 8400 | 3859 0053 | 4c8b d0e9 | e4d0 ffff | 4c89 4424 

  0x0000017957a3f35c: ;   {metadata('java/util/jar/Manifest')}
  0x0000017957a3f35c: 5048 baa0 | e104 0079 | 0100 0048 | 8b6c 2460 

  0x0000017957a3f36c: ;   {runtime_call _new_instance_Java}
  0x0000017957a3f36c: c5f8 77e8 

  0x0000017957a3f370: ; ImmutableOopMap {rbp=Oop [32]=Oop [40]=Oop [48]=NarrowOop [64]=Oop [80]=Oop [88]=NarrowOop [96]=Oop [104]=Oop [120]=Oop [128]=Oop [200]=Oop }
                      ;*new {reexecute=0 rethrow=0 return_oop=1}
                      ; - java.util.jar.JarFile::getManifestFromReference@101
                      ; - java.util.jar.JarFile::getManifest@1
                      ; - jdk.internal.loader.URLClassPath$JarLoader$2::getManifest@22
                      ; - java.net.URLClassLoader::defineClass@34
                      ; - java.net.URLClassLoader$1::run@43
                      ; - java.net.URLClassLoader$1::run@1
                      ; - java.security.AccessController::executePrivileged@29
                      ; - java.security.AccessController::doPrivileged@13
                      ; - java.net.URLClassLoader::findClass@13
  0x0000017957a3f370: 0c35 8bff 

  0x0000017957a3f374: ;   {other}
  0x0000017957a3f374: 0f1f 8400 | 6459 0054 | e970 d6ff 

  0x0000017957a3f380: ;   {metadata('java/io/ByteArrayInputStream')}
  0x0000017957a3f380: ff48 baa0 | 2305 0079 | 0100 0048 | 8b6c 2460 

  0x0000017957a3f390: ;   {runtime_call _new_instance_Java}
  0x0000017957a3f390: c5f8 77e8 

  0x0000017957a3f394: ; ImmutableOopMap {rbp=Oop [32]=Oop [40]=Oop [48]=NarrowOop [64]=Oop [72]=Oop [80]=Oop [88]=NarrowOop [92]=NarrowOop [96]=Oop [104]=Oop [120]=Oop [128]=Oop [136]=Oop [200]=Oop }
                      ;*new {reexecute=0 rethrow=0 return_oop=1}
                      ; - java.util.jar.JarFile::getManifestFromReference@109
                      ; - java.util.jar.JarFile::getManifest@1
                      ; - jdk.internal.loader.URLClassPath$JarLoader$2::getManifest@22
                      ; - java.net.URLClassLoader::defineClass@34
                      ; - java.net.URLClassLoader$1::run@43
                      ; - java.net.URLClassLoader$1::run@1
                      ; - java.security.AccessController::executePrivileged@29
                      ; - java.security.AccessController::doPrivileged@13
                      ; - java.net.URLClassLoader::findClass@13
  0x0000017957a3f394: e834 8bff 

  0x0000017957a3f398: ;   {other}
  0x0000017957a3f398: 0f1f 8400 | 8859 0055 | e9b7 d6ff 

  0x0000017957a3f3a4: ;   {metadata('java/util/ArrayList')}
  0x0000017957a3f3a4: ff48 bad0 | 890b 0079 | 0100 0048 | 8b6c 2460 

  0x0000017957a3f3b4: ;   {runtime_call _new_instance_Java}
  0x0000017957a3f3b4: c5f8 77e8 

  0x0000017957a3f3b8: ; ImmutableOopMap {rbp=Oop [32]=Oop [40]=Oop [48]=NarrowOop [64]=Oop [88]=NarrowOop [92]=NarrowOop [96]=Oop [104]=Oop [120]=Oop [128]=Oop [136]=Oop [144]=Oop [200]=Oop }
                      ;*new {reexecute=0 rethrow=0 return_oop=1}
                      ; - java.util.jar.JarVerifier::<init>@92
                      ; - java.util.jar.JarFile::getManifestFromReference@78
                      ; - java.util.jar.JarFile::getManifest@1
                      ; - jdk.internal.loader.URLClassPath$JarLoader$2::getManifest@22
                      ; - java.net.URLClassLoader::defineClass@34
                      ; - java.net.URLClassLoader$1::run@43
                      ; - java.net.URLClassLoader$1::run@1
                      ; - java.security.AccessController::executePrivileged@29
                      ; - java.security.AccessController::doPrivileged@13
                      ; - java.net.URLClassLoader::findClass@13
  0x0000017957a3f3b8: c434 8bff 

  0x0000017957a3f3bc: ;   {other}
  0x0000017957a3f3bc: 0f1f 8400 | ac59 0056 | 4c8b d0e9 | a4d4 ffff | 41b8 2000 

  0x0000017957a3f3d0: ;   {metadata({type array byte})}
  0x0000017957a3f3d0: 0000 48ba | 1823 0000 | 7901 0000 | 4c8b 5424 | 604c 8954 | 2448 6690 

  0x0000017957a3f3e8: ;   {runtime_call _new_array_Java}
  0x0000017957a3f3e8: c5f8 77e8 

  0x0000017957a3f3ec: ; ImmutableOopMap {rbp=Oop [32]=Oop [40]=Oop [48]=NarrowOop [64]=Oop [72]=Oop [88]=NarrowOop [92]=NarrowOop [96]=Oop [104]=Oop [120]=Oop [128]=Oop [136]=Oop [144]=Oop [200]=Oop }
                      ;*newarray {reexecute=0 rethrow=0 return_oop=1}
                      ; - java.io.ByteArrayOutputStream::<init>@37
                      ; - java.io.ByteArrayOutputStream::<init>@3
                      ; - java.util.jar.JarVerifier::<init>@85
                      ; - java.util.jar.JarFile::getManifestFromReference@78
                      ; - java.util.jar.JarFile::getManifest@1
                      ; - jdk.internal.loader.URLClassPath$JarLoader$2::getManifest@22
                      ; - java.net.URLClassLoader::defineClass@34
                      ; - java.net.URLClassLoader$1::run@43
                      ; - java.net.URLClassLoader$1::run@1
                      ; - java.security.AccessController::executePrivileged@29
                      ; - java.security.AccessController::doPrivileged@13
                      ; - java.net.URLClassLoader::findClass@13
  0x0000017957a3f3ec: 1007 8bff 

  0x0000017957a3f3f0: ;   {other}
  0x0000017957a3f3f0: 0f1f 8400 | e059 0057 | e9ac d3ff 

  0x0000017957a3f3fc: ;   {metadata('java/io/ByteArrayOutputStream')}
  0x0000017957a3f3fc: ff48 baa0 | 0022 0079 | 0100 0048 | 8b6c 2460 

  0x0000017957a3f40c: ;   {runtime_call _new_instance_Java}
  0x0000017957a3f40c: c5f8 77e8 

  0x0000017957a3f410: ; ImmutableOopMap {rbp=Oop [32]=Oop [40]=Oop [48]=NarrowOop [64]=Oop [88]=NarrowOop [92]=NarrowOop [96]=Oop [104]=Oop [120]=Oop [128]=Oop [136]=Oop [144]=Oop [200]=Oop }
                      ;*new {reexecute=0 rethrow=0 return_oop=1}
                      ; - java.util.jar.JarVerifier::<init>@81
                      ; - java.util.jar.JarFile::getManifestFromReference@78
                      ; - java.util.jar.JarFile::getManifest@1
                      ; - jdk.internal.loader.URLClassPath$JarLoader$2::getManifest@22
                      ; - java.net.URLClassLoader::defineClass@34
                      ; - java.net.URLClassLoader$1::run@43
                      ; - java.net.URLClassLoader$1::run@1
                      ; - java.security.AccessController::executePrivileged@29
                      ; - java.security.AccessController::doPrivileged@13
                      ; - java.net.URLClassLoader::findClass@13
  0x0000017957a3f410: 6c34 8bff 

  0x0000017957a3f414: ;   {other}
  0x0000017957a3f414: 0f1f 8400 | 045a 0058 | 4c8b d8e9 | 1bd3 ffff 

  0x0000017957a3f424: ;   {metadata('java/util/ArrayList')}
  0x0000017957a3f424: 48ba d089 | 0b00 7901 | 0000 488b | 6c24 4890 

  0x0000017957a3f434: ;   {runtime_call _new_instance_Java}
  0x0000017957a3f434: c5f8 77e8 

  0x0000017957a3f438: ; ImmutableOopMap {rbp=Oop [32]=Oop [40]=Oop [48]=NarrowOop [64]=Oop [88]=NarrowOop [92]=NarrowOop [96]=Oop [104]=Oop [120]=Oop [128]=Oop [136]=Oop [144]=Oop [200]=Oop }
                      ;*new {reexecute=0 rethrow=0 return_oop=1}
                      ; - java.util.jar.JarVerifier::<init>@70
                      ; - java.util.jar.JarFile::getManifestFromReference@78
                      ; - java.util.jar.JarFile::getManifest@1
                      ; - jdk.internal.loader.URLClassPath$JarLoader$2::getManifest@22
                      ; - java.net.URLClassLoader::defineClass@34
                      ; - java.net.URLClassLoader$1::run@43
                      ; - java.net.URLClassLoader$1::run@1
                      ; - java.security.AccessController::executePrivileged@29
                      ; - java.security.AccessController::doPrivileged@13
                      ; - java.net.URLClassLoader::findClass@13
  0x0000017957a3f438: 4434 8bff 

  0x0000017957a3f43c: ;   {other}
  0x0000017957a3f43c: 0f1f 8400 | 2c5a 0059 | 4c8b d0e9 | 66d2 ffff 

  0x0000017957a3f44c: ;   {metadata('java/util/HashMap')}
  0x0000017957a3f44c: 48ba 68a9 | 0800 7901 | 0000 488b | 6c24 6090 

  0x0000017957a3f45c: ;   {runtime_call _new_instance_Java}
  0x0000017957a3f45c: c5f8 77e8 

  0x0000017957a3f460: ; ImmutableOopMap {rbp=Oop [32]=Oop [40]=Oop [48]=NarrowOop [64]=Oop [88]=NarrowOop [92]=NarrowOop [96]=Oop [104]=Oop [120]=Oop [128]=Oop [136]=Oop [144]=Oop [200]=Oop }
                      ;*new {reexecute=0 rethrow=0 return_oop=1}
                      ; - java.util.jar.JarVerifier::<init>@103
                      ; - java.util.jar.JarFile::getManifestFromReference@78
                      ; - java.util.jar.JarFile::getManifest@1
                      ; - jdk.internal.loader.URLClassPath$JarLoader$2::getManifest@22
                      ; - java.net.URLClassLoader::defineClass@34
                      ; - java.net.URLClassLoader$1::run@43
                      ; - java.net.URLClassLoader$1::run@1
                      ; - java.security.AccessController::executePrivileged@29
                      ; - java.security.AccessController::doPrivileged@13
                      ; - java.net.URLClassLoader::findClass@13
  0x0000017957a3f460: 1c34 8bff 

  0x0000017957a3f464: ;   {other}
  0x0000017957a3f464: 0f1f 8400 | 545a 005a | 4c8b d0e9 | 91d4 ffff 

  0x0000017957a3f474: ;   {metadata('java/util/Hashtable$Entry'[])}
  0x0000017957a3f474: 48ba a87f | 1300 7901 | 0000 41b8 | 0b00 0000 

  0x0000017957a3f484: ;   {runtime_call _new_array_Java}
  0x0000017957a3f484: c5f8 77e8 

  0x0000017957a3f488: ; ImmutableOopMap {rbp=Oop [32]=Oop [40]=Oop [48]=NarrowOop [64]=Oop [72]=Oop [88]=NarrowOop [96]=Oop [104]=Oop [120]=Oop [128]=Oop [136]=Oop [144]=Oop [200]=Oop }
                      ;*anewarray {reexecute=0 rethrow=0 return_oop=1}
                      ; - java.util.Hashtable::<init>@93
                      ; - java.util.Hashtable::<init>@4
                      ; - java.util.jar.JarVerifier::<init>@63
                      ; - java.util.jar.JarFile::getManifestFromReference@78
                      ; - java.util.jar.JarFile::getManifest@1
                      ; - jdk.internal.loader.URLClassPath$JarLoader$2::getManifest@22
                      ; - java.net.URLClassLoader::defineClass@34
                      ; - java.net.URLClassLoader$1::run@43
                      ; - java.net.URLClassLoader$1::run@1
                      ; - java.security.AccessController::executePrivileged@29
                      ; - java.security.AccessController::doPrivileged@13
                      ; - java.net.URLClassLoader::findClass@13
  0x0000017957a3f488: 7406 8bff 

  0x0000017957a3f48c: ;   {other}
  0x0000017957a3f48c: 0f1f 8400 | 7c5a 005b | 4c8b d0e9 | 2cd1 ffff 

  0x0000017957a3f49c: ;   {metadata('java/util/jar/Attributes')}
  0x0000017957a3f49c: 48ba 4088 | 1600 7901 | 0000 488b | 6c24 6090 

  0x0000017957a3f4ac: ;   {runtime_call _new_instance_Java}
  0x0000017957a3f4ac: c5f8 77e8 

  0x0000017957a3f4b0: ; ImmutableOopMap {rbp=Oop [32]=Oop [40]=Oop [48]=Oop [64]=Oop [72]=Oop [80]=Oop [88]=NarrowOop [92]=NarrowOop [96]=Oop [104]=Oop [120]=Oop [128]=NarrowOop [136]=Oop [200]=Oop }
                      ;*new {reexecute=0 rethrow=0 return_oop=1}
                      ; - java.util.jar.Manifest::<init>@5
                      ; - java.util.jar.JarFile::getManifestFromReference@121
                      ; - java.util.jar.JarFile::getManifest@1
                      ; - jdk.internal.loader.URLClassPath$JarLoader$2::getManifest@22
                      ; - java.net.URLClassLoader::defineClass@34
                      ; - java.net.URLClassLoader$1::run@43
                      ; - java.net.URLClassLoader$1::run@1
                      ; - java.security.AccessController::executePrivileged@29
                      ; - java.security.AccessController::doPrivileged@13
                      ; - java.net.URLClassLoader::findClass@13
  0x0000017957a3f4b0: cc33 8bff 

  0x0000017957a3f4b4: ;   {other}
  0x0000017957a3f4b4: 0f1f 8400 | a45a 005c | 488b e8e9 | 07d6 ffff 

  0x0000017957a3f4c4: ;   {metadata('java/util/HashMap')}
  0x0000017957a3f4c4: 48ba 68a9 | 0800 7901 | 0000 488b | 6c24 6090 

  0x0000017957a3f4d4: ;   {runtime_call _new_instance_Java}
  0x0000017957a3f4d4: c5f8 77e8 

  0x0000017957a3f4d8: ; ImmutableOopMap {rbp=Oop [32]=Oop [40]=Oop [48]=Oop [64]=Oop [72]=Oop [80]=Oop [88]=NarrowOop [92]=NarrowOop [96]=Oop [104]=Oop [120]=Oop [128]=NarrowOop [136]=Oop [144]=Oop [200]=Oop }
                      ;*new {reexecute=0 rethrow=0 return_oop=1}
                      ; - java.util.jar.Manifest::<init>@16
                      ; - java.util.jar.JarFile::getManifestFromReference@121
                      ; - java.util.jar.JarFile::getManifest@1
                      ; - jdk.internal.loader.URLClassPath$JarLoader$2::getManifest@22
                      ; - java.net.URLClassLoader::defineClass@34
                      ; - java.net.URLClassLoader$1::run@43
                      ; - java.net.URLClassLoader$1::run@1
                      ; - java.security.AccessController::executePrivileged@29
                      ; - java.security.AccessController::doPrivileged@13
                      ; - java.net.URLClassLoader::findClass@13
  0x0000017957a3f4d8: a433 8bff 

  0x0000017957a3f4dc: ;   {other}
  0x0000017957a3f4dc: 0f1f 8400 | cc5a 005d | 4c8b d0e9 | ead6 ffff 

  0x0000017957a3f4ec: ;   {metadata('java/util/jar/Manifest')}
  0x0000017957a3f4ec: 48ba a0e1 | 0400 7901 | 0000 4c8b | 5424 504c | 8954 2448 

  0x0000017957a3f500: ;   {runtime_call _new_instance_Java}
  0x0000017957a3f500: c5f8 77e8 

  0x0000017957a3f504: ; ImmutableOopMap {rbp=Oop [32]=Oop [40]=Oop [48]=Oop [64]=Oop [72]=Oop [88]=NarrowOop [96]=Oop [104]=Oop [120]=Oop [144]=NarrowOop [200]=Oop }
                      ;*new {reexecute=0 rethrow=0 return_oop=1}
                      ; - java.util.jar.JarFile::getManifestFromReference@134
                      ; - java.util.jar.JarFile::getManifest@1
                      ; - jdk.internal.loader.URLClassPath$JarLoader$2::getManifest@22
                      ; - java.net.URLClassLoader::defineClass@34
                      ; - java.net.URLClassLoader$1::run@43
                      ; - java.net.URLClassLoader$1::run@1
                      ; - java.security.AccessController::executePrivileged@29
                      ; - java.security.AccessController::doPrivileged@13
                      ; - java.net.URLClassLoader::findClass@13
  0x0000017957a3f504: 7833 8bff 

  0x0000017957a3f508: ;   {other}
  0x0000017957a3f508: 0f1f 8400 | f85a 005e | e900 c9ff | ff44 894c | 245c 4c89 | 5c24 484c | 8944 2450 

  0x0000017957a3f524: ;   {metadata('java/util/jar/Attributes')}
  0x0000017957a3f524: 48ba 4088 | 1600 7901 | 0000 488b | 6c24 6090 

  0x0000017957a3f534: ;   {runtime_call _new_instance_Java}
  0x0000017957a3f534: c5f8 77e8 

  0x0000017957a3f538: ; ImmutableOopMap {rbp=Oop [32]=Oop [40]=Oop [48]=Oop [64]=Oop [72]=Oop [80]=Oop [88]=NarrowOop [92]=NarrowOop [96]=Oop [104]=Oop [120]=Oop [200]=Oop }
                      ;*new {reexecute=0 rethrow=0 return_oop=1}
                      ; - java.util.jar.Manifest::<init>@5
                      ; - java.util.jar.Manifest::<init>@4
                      ; - java.util.jar.JarFile::getManifestFromReference@143
                      ; - java.util.jar.JarFile::getManifest@1
                      ; - jdk.internal.loader.URLClassPath$JarLoader$2::getManifest@22
                      ; - java.net.URLClassLoader::defineClass@34
                      ; - java.net.URLClassLoader$1::run@43
                      ; - java.net.URLClassLoader$1::run@1
                      ; - java.security.AccessController::executePrivileged@29
                      ; - java.security.AccessController::doPrivileged@13
                      ; - java.net.URLClassLoader::findClass@13
  0x0000017957a3f538: 4433 8bff 

  0x0000017957a3f53c: ;   {other}
  0x0000017957a3f53c: 0f1f 8400 | 2c5b 005f | 488b e8e9 | 1fc9 ffff 

  0x0000017957a3f54c: ;   {metadata('java/util/HashMap')}
  0x0000017957a3f54c: 498b e848 | ba68 a908 | 0079 0100 | 004c 8b54 | 2460 4c89 | 5424 4890 

  0x0000017957a3f564: ;   {runtime_call _new_instance_Java}
  0x0000017957a3f564: c5f8 77e8 

  0x0000017957a3f568: ; ImmutableOopMap {rbp=Oop [32]=Oop [40]=Oop [48]=Oop [64]=Oop [72]=Oop [80]=Oop [88]=NarrowOop [92]=NarrowOop [96]=Oop [104]=Oop [120]=Oop [128]=Oop [200]=Oop }
                      ;*new {reexecute=0 rethrow=0 return_oop=1}
                      ; - java.util.jar.Manifest::<init>@16
                      ; - java.util.jar.Manifest::<init>@4
                      ; - java.util.jar.JarFile::getManifestFromReference@143
                      ; - java.util.jar.JarFile::getManifest@1
                      ; - jdk.internal.loader.URLClassPath$JarLoader$2::getManifest@22
                      ; - java.net.URLClassLoader::defineClass@34
                      ; - java.net.URLClassLoader$1::run@43
                      ; - java.net.URLClassLoader$1::run@1
                      ; - java.security.AccessController::executePrivileged@29
                      ; - java.security.AccessController::doPrivileged@13
                      ; - java.net.URLClassLoader::findClass@13
  0x0000017957a3f568: 1433 8bff 

  0x0000017957a3f56c: ;   {other}
  0x0000017957a3f56c: 0f1f 8400 | 5c5b 0060 | 4c8b c54c | 8bc8 e9ec | c9ff ff8b | bc24 9000 | 0000 ffcf 

  0x0000017957a3f588: ;   {oop(a 'java/io/WinNTFileSystem'{0x0000000680448720})}
  0x0000017957a3f588: 48ba 2087 | 4480 0600 | 0000 4c8b | 8424 8800 | 0000 448b | 8c24 9000 | 0000 488b | 6c24 6090 
  0x0000017957a3f5a8: ;   {optimized virtual_call}
  0x0000017957a3f5a8: c5f8 77e8 

  0x0000017957a3f5ac: ; ImmutableOopMap {rbp=Oop [32]=Oop [40]=Oop [48]=NarrowOop [80]=Oop [88]=Oop [96]=Oop [104]=Oop [112]=Oop [120]=NarrowOop [128]=Oop }
                      ;*invokevirtual normalize {reexecute=0 rethrow=0 return_oop=1}
                      ; - java.io.WinNTFileSystem::normalize@137
                      ; - java.io.File::<init>@73
                      ; - jdk.internal.loader.URLClassPath$FileLoader::getResource@73
                      ; - jdk.internal.loader.URLClassPath::getResource@53
                      ; - java.net.URLClassLoader$1::run@26
                      ; - java.net.URLClassLoader$1::run@1
                      ; - java.security.AccessController::executePrivileged@29
                      ; - java.security.AccessController::doPrivileged@13
                      ; - java.net.URLClassLoader::findClass@13
  0x0000017957a3f5ac: d0f4 87ff 

  0x0000017957a3f5b0: ;   {other}
  0x0000017957a3f5b0: 0f1f 8400 | a05b 0061 | 4c8b c8e9 | b1dd ffff | 41bb 0300 | 0000 4533 | d244 899c | 24b0 0000 
  0x0000017957a3f5d0: 00e9 58e8 | ffff 448b | 9424 a800 | 0000 443b | 5424 7c0f | 84a7 0a00 

  0x0000017957a3f5e8: ;   {oop(a 'java/io/WinNTFileSystem'{0x0000000680448720})}
  0x0000017957a3f5e8: 0048 ba20 | 8744 8006 | 0000 004c | 8b84 2488 | 0000 0044 | 8b8c 2490 | 0000 008b | bc24 ac00 
  0x0000017957a3f608: 0000 488b | 6c24 6090 

  0x0000017957a3f610: ;   {optimized virtual_call}
  0x0000017957a3f610: c5f8 77e8 

  0x0000017957a3f614: ; ImmutableOopMap {rbp=Oop [32]=Oop [40]=Oop [48]=NarrowOop [80]=Oop [88]=Oop [96]=Oop [104]=Oop [112]=Oop [120]=NarrowOop [128]=Oop }
                      ;*invokevirtual normalize {reexecute=0 rethrow=0 return_oop=1}
                      ; - java.io.WinNTFileSystem::normalize@61
                      ; - java.io.File::<init>@73
                      ; - jdk.internal.loader.URLClassPath$FileLoader::getResource@118
                      ; - jdk.internal.loader.URLClassPath::getResource@53
                      ; - java.net.URLClassLoader$1::run@26
                      ; - java.net.URLClassLoader$1::run@1
                      ; - java.security.AccessController::executePrivileged@29
                      ; - java.security.AccessController::doPrivileged@13
                      ; - java.net.URLClassLoader::findClass@13
  0x0000017957a3f614: 68f4 87ff 

  0x0000017957a3f618: ;   {other}
  0x0000017957a3f618: 0f1f 8400 | 085c 0062 | 4c8b c8e9 | 19e8 ffff | 448b 9424 | ac00 0000 | 41ff ca44 | 8994 24ac 
  0x0000017957a3f638: 0000 00e9 | b3fb ffff | baf6 ffff | ff48 895c | 2420 4c89 | 6c24 3090 

  0x0000017957a3f650: ;   {runtime_call UncommonTrapBlob}
  0x0000017957a3f650: c5f8 77e8 

  0x0000017957a3f654: ; ImmutableOopMap {[32]=Oop [48]=Oop [80]=Oop [104]=Oop }
                      ;*invokevirtual getResource {reexecute=0 rethrow=0 return_oop=0}
                      ; - java.net.URLClassLoader$1::run@26
                      ; - java.net.URLClassLoader$1::run@1
                      ; - java.security.AccessController::executePrivileged@29
                      ; - java.security.AccessController::doPrivileged@13
                      ; - java.net.URLClassLoader::findClass@13
  0x0000017957a3f654: 284d 88ff 

  0x0000017957a3f658: ;   {other}
  0x0000017957a3f658: 0f1f 8400 | 485c 0063 | ba76 ffff | ff49 8bed | 4889 5c24 | 2089 7424 | 3444 895c | 2448 6690 
  0x0000017957a3f678: ;   {runtime_call UncommonTrapBlob}
  0x0000017957a3f678: c5f8 77e8 

  0x0000017957a3f67c: ; ImmutableOopMap {rbp=Oop [32]=Oop [72]=NarrowOop [104]=Oop }
                      ;*if_icmpge {reexecute=1 rethrow=0 return_oop=0}
                      ; - (reexecute) java.lang.StringLatin1::replace@19
                      ; - java.lang.String::replace@18
                      ; - java.net.URLClassLoader$1::run@8
                      ; - java.net.URLClassLoader$1::run@1
                      ; - java.security.AccessController::executePrivileged@29
                      ; - java.security.AccessController::doPrivileged@13
                      ; - java.net.URLClassLoader::findClass@13
  0x0000017957a3f67c: 004d 88ff 

  0x0000017957a3f680: ;   {other}
  0x0000017957a3f680: 0f1f 8400 | 705c 0064 | b901 0000 | 00e9 b7b1 | ffff baf6 | ffff ff48 | 8b6c 2458 | 4c8b 5424 
  0x0000017957a3f6a0: 284c 8954 | 2420 448b | 5424 3044 | 8954 2428 | 4c8b 5424 | 5044 8b5c | 2440 4489 | 5c24 2c4c 
  0x0000017957a3f6c0: 8944 2438 | 4c89 5424 | 404c 8954 | 2448 6690 

  0x0000017957a3f6d0: ;   {runtime_call UncommonTrapBlob}
  0x0000017957a3f6d0: c5f8 77e8 

  0x0000017957a3f6d4: ; ImmutableOopMap {rbp=Oop [32]=Oop [40]=NarrowOop [56]=Oop [64]=Oop [72]=Oop [104]=Oop }
                      ;*invokevirtual getJarEntry {reexecute=0 rethrow=0 return_oop=0}
                      ; - jdk.internal.loader.URLClassPath$JarLoader::getResource@22
                      ; - jdk.internal.loader.URLClassPath::getResource@53
                      ; - java.net.URLClassLoader$1::run@26
                      ; - java.net.URLClassLoader$1::run@1
                      ; - java.security.AccessController::executePrivileged@29
                      ; - java.security.AccessController::doPrivileged@13
                      ; - java.net.URLClassLoader::findClass@13
  0x0000017957a3f6d4: a84c 88ff 

  0x0000017957a3f6d8: ;   {other}
  0x0000017957a3f6d8: 0f1f 8400 | c85c 0065 | 4863 d5e9 | e5b1 ffff | bacc ffff | ff48 895c | 2420 4c89 | 6c24 284c 
  0x0000017957a3f6f8: 895c 2438 | 4889 7424 | 4848 897c | 2450 4489 | 4c24 5890 

  0x0000017957a3f70c: ;   {runtime_call UncommonTrapBlob}
  0x0000017957a3f70c: c5f8 77e8 

  0x0000017957a3f710: ; ImmutableOopMap {[32]=Oop [40]=Oop [56]=Oop [80]=Oop [104]=Oop }
                      ;*invokestatic arraycopy {reexecute=0 rethrow=0 return_oop=0}
                      ; - java.lang.String::getBytes@22
                      ; - java.lang.StringConcatHelper::prepend@21
                      ; - java.lang.StringConcatHelper::simpleConcat@71
                      ; - java.lang.String::concat@11
                      ; - java.net.URLClassLoader$1::run@13
                      ; - java.net.URLClassLoader$1::run@1
                      ; - java.security.AccessController::executePrivileged@29
                      ; - java.security.AccessController::doPrivileged@13
                      ; - java.net.URLClassLoader::findClass@13
  0x0000017957a3f710: 6c4c 88ff 

  0x0000017957a3f714: ;   {other}
  0x0000017957a3f714: 0f1f 8400 | 045d 0066 | bacc ffff | ff48 895c | 2420 4c89 | 5424 284c | 896c 2430 | 4889 7c24 
  0x0000017957a3f734: 4889 4c24 | 5066 6690 

  0x0000017957a3f73c: ;   {runtime_call UncommonTrapBlob}
  0x0000017957a3f73c: c5f8 77e8 

  0x0000017957a3f740: ; ImmutableOopMap {[32]=Oop [40]=Oop [48]=Oop [72]=Oop [104]=Oop }
                      ;*invokestatic arraycopy {reexecute=0 rethrow=0 return_oop=0}
                      ; - java.lang.String::getBytes@22
                      ; - java.lang.StringConcatHelper::prepend@21
                      ; - java.lang.StringConcatHelper::simpleConcat@81
                      ; - java.lang.String::concat@11
                      ; - java.net.URLClassLoader$1::run@13
                      ; - java.net.URLClassLoader$1::run@1
                      ; - java.security.AccessController::executePrivileged@29
                      ; - java.security.AccessController::doPrivileged@13
                      ; - java.net.URLClassLoader::findClass@13
  0x0000017957a3f740: 3c4c 88ff 

  0x0000017957a3f744: ;   {other}
  0x0000017957a3f744: 0f1f 8400 | 345d 0067 | 4c8b 9424 | 8000 0000 | 458b 5a14 | 4585 db0f | 8492 d9ff | ff4d 8b57 
  0x0000017957a3f764: 2849 8bcb | 48c1 e103 | 4d85 d20f | 84e7 1b00 | 004d 8b5f | 384b 894c | 13f8 4983 | c2f8 4d89 
  0x0000017957a3f784: 5728 e968 | d9ff ff4c | 8b54 2478 | 4d85 d20f | 8568 dcff | ffba f6ff | ffff 4c8b | 5424 284c 
  0x0000017957a3f7a4: 8954 2420 | 448b 5c24 | 3044 895c | 2428 448b | 5424 4044 | 8954 242c | 4c8b 5424 | 504c 8954 
  0x0000017957a3f7c4: 2438 4c8b | 5424 584c | 8954 2450 

  0x0000017957a3f7d0: ;   {runtime_call UncommonTrapBlob}
  0x0000017957a3f7d0: c5f8 77e8 

  0x0000017957a3f7d4: ; ImmutableOopMap {rbp=Oop [32]=Oop [40]=NarrowOop [56]=Oop [80]=Oop [104]=Oop [112]=Oop [128]=Oop }
                      ;*invokevirtual length {reexecute=0 rethrow=0 return_oop=0}
                      ; - java.io.WinNTFileSystem::prefixLength@6
                      ; - java.io.File::<init>@104
                      ; - jdk.internal.loader.URLClassPath$FileLoader::getResource@73
                      ; - jdk.internal.loader.URLClassPath::getResource@53
                      ; - java.net.URLClassLoader$1::run@26
                      ; - java.net.URLClassLoader$1::run@1
                      ; - java.security.AccessController::executePrivileged@29
                      ; - java.security.AccessController::doPrivileged@13
                      ; - java.net.URLClassLoader::findClass@13
  0x0000017957a3f7d4: a84b 88ff 

  0x0000017957a3f7d8: ;   {other}
  0x0000017957a3f7d8: 0f1f 8400 | c85d 0068 | 4c8b 9424 | 8000 0000 | 458b 5210 | 4585 d20f | 84b7 dbff | ff4d 8b5f 
  0x0000017957a3f7f8: 2849 8bca | 48c1 e103 | 4d85 db0f | 8473 1b00 | 004d 8b57 | 384b 894c | 1af8 4983 | c3f8 4d89 
  0x0000017957a3f818: 5f28 e98d | dbff ff4d | 8b57 584d | 8b5f 48f0 | 8344 24c0 | 0080 3900 | 7432 4488 | 214d 85db 
  0x0000017957a3f838: 740f 4b89 | 4c1a f849 | 83c3 f84d | 895f 48eb | 1b49 8bd7 | c5f8 7749 | ba00 a41d | 89f9 7f00 
  0x0000017957a3f858: 0041 ffd2 

  0x0000017957a3f85c: ;   {other}
  0x0000017957a3f85c: 0f1f 8400 | 0000 0000 | 4c8b 9424 | 8000 0000 | 458b 5210 | 4585 d20f | 8420 ffff | ff49 c1e2 
  0x0000017957a3f87c: 034c 8954 | 2478 e97a | dbff ffba | 76ff ffff | 4889 5c24 | 284c 896c | 2430 4c89 | 5424 4089 
  0x0000017957a3f89c: 7424 484c | 896c 2450 | 4489 5c24 | 4c66 6690 

  0x0000017957a3f8ac: ;   {runtime_call UncommonTrapBlob}
  0x0000017957a3f8ac: c5f8 77e8 

  0x0000017957a3f8b0: ; ImmutableOopMap {[40]=Oop [48]=Oop [64]=Oop [76]=NarrowOop [80]=Oop [104]=Oop }
                      ;*if_icmpge {reexecute=1 rethrow=0 return_oop=0}
                      ; - (reexecute) java.lang.StringLatin1::replace@82
                      ; - java.lang.String::replace@18
                      ; - java.net.URLClassLoader$1::run@8
                      ; - java.net.URLClassLoader$1::run@1
                      ; - java.security.AccessController::executePrivileged@29
                      ; - java.security.AccessController::doPrivileged@13
                      ; - java.net.URLClassLoader::findClass@13
  0x0000017957a3f8b0: cc4a 88ff 

  0x0000017957a3f8b4: ;   {other}
  0x0000017957a3f8b4: 0f1f 8400 | a45e 0069 | baf6 ffff | ff48 8b6c | 2460 4c8b | 5424 284c | 8954 2420 | 4c89 6c24 
  0x0000017957a3f8d4: 284c 8b54 | 2468 4c89 | 5424 3090 

  0x0000017957a3f8e0: ;   {runtime_call UncommonTrapBlob}
  0x0000017957a3f8e0: c5f8 77e8 

  0x0000017957a3f8e4: ; ImmutableOopMap {rbp=Oop [32]=Oop [40]=Oop [48]=Oop [120]=Oop [144]=NarrowOop [200]=Oop }
                      ;*invokevirtual ensureInitialization {reexecute=0 rethrow=0 return_oop=0}
                      ; - java.util.jar.JavaUtilJarAccessImpl::ensureInitialization@1
                      ; - jdk.internal.loader.URLClassPath$JarLoader$2::getManifest@10
                      ; - java.net.URLClassLoader::defineClass@34
                      ; - java.net.URLClassLoader$1::run@43
                      ; - java.net.URLClassLoader$1::run@1
                      ; - java.security.AccessController::executePrivileged@29
                      ; - java.security.AccessController::doPrivileged@13
                      ; - java.net.URLClassLoader::findClass@13
  0x0000017957a3f8e4: 984a 88ff 

  0x0000017957a3f8e8: ;   {other}
  0x0000017957a3f8e8: 0f1f 8400 | d85e 006a | baf6 ffff | ff48 8b6c | 2460 4c8b | 5424 284c | 8954 2420 | 4c89 6c24 
  0x0000017957a3f908: 284c 8974 | 2448 4c8b | 5424 784c | 8954 2450 | 4c8b 5424 | 704c 8954 | 2458 6690 

  0x0000017957a3f924: ;   {runtime_call UncommonTrapBlob}
  0x0000017957a3f924: c5f8 77e8 

  0x0000017957a3f928: ; ImmutableOopMap {rbp=Oop [32]=Oop [40]=Oop [72]=Oop [80]=Oop [136]=Oop [144]=NarrowOop [200]=Oop }
                      ;*invokevirtual get {reexecute=0 rethrow=0 return_oop=0}
                      ; - java.lang.ClassLoader::getDefinedPackage@13
                      ; - java.net.URLClassLoader::getAndVerifyPackage@2
                      ; - java.net.URLClassLoader::defineClass@46
                      ; - java.net.URLClassLoader$1::run@43
                      ; - java.net.URLClassLoader$1::run@1
                      ; - java.security.AccessController::executePrivileged@29
                      ; - java.security.AccessController::doPrivileged@13
                      ; - java.net.URLClassLoader::findClass@13
  0x0000017957a3f928: 544a 88ff 

  0x0000017957a3f92c: ;   {other}
  0x0000017957a3f92c: 0f1f 8400 | 1c5f 006b | ba76 ffff | ff48 8b6c | 2460 4c8b | 4424 284c | 8944 2420 | 4c8b 4424 
  0x0000017957a3f94c: 684c 8944 | 2430 4c89 | 6c24 4044 | 8954 244c | 4489 5c24 | 6866 6690 

  0x0000017957a3f964: ;   {runtime_call UncommonTrapBlob}
  0x0000017957a3f964: c5f8 77e8 

  0x0000017957a3f968: ; ImmutableOopMap {rbp=Oop [32]=Oop [48]=Oop [64]=Oop [104]=NarrowOop }
                      ;*iflt {reexecute=1 rethrow=0 return_oop=0}
                      ; - (reexecute) java.lang.StringLatin1::lastIndexOf@19
                      ; - java.lang.String::lastIndexOf@13
                      ; - java.lang.String::lastIndexOf@8
                      ; - java.net.URLClassLoader::defineClass@7
                      ; - java.net.URLClassLoader$1::run@43
                      ; - java.net.URLClassLoader$1::run@1
                      ; - java.security.AccessController::executePrivileged@29
                      ; - java.security.AccessController::doPrivileged@13
                      ; - java.net.URLClassLoader::findClass@13
  0x0000017957a3f968: 144a 88ff 

  0x0000017957a3f96c: ;   {other}
  0x0000017957a3f96c: 0f1f 8400 | 5c5f 006c | 33ed 4585 | db40 0f94 | c5ba 45ff | ffff 4889 | 5c24 284c | 896c 2430 
  0x0000017957a3f98c: 4c89 6c24 | 3866 6690 

  0x0000017957a3f994: ;   {runtime_call UncommonTrapBlob}
  0x0000017957a3f994: c5f8 77e8 

  0x0000017957a3f998: ; ImmutableOopMap {[40]=Oop [48]=Oop [56]=Oop [104]=Oop }
                      ;*ifeq {reexecute=1 rethrow=0 return_oop=0}
                      ; - (reexecute) java.lang.String::replace@9
                      ; - java.net.URLClassLoader$1::run@8
                      ; - java.net.URLClassLoader$1::run@1
                      ; - java.security.AccessController::executePrivileged@29
                      ; - java.security.AccessController::doPrivileged@13
                      ; - java.net.URLClassLoader::findClass@13
  0x0000017957a3f998: e449 88ff 

  0x0000017957a3f99c: ;   {other}
  0x0000017957a3f99c: 0f1f 8400 | 8c5f 006d | baec ffff | ff48 8b6c | 2460 4c8b | 5424 284c | 8954 2420 | 4c8b 5424 
  0x0000017957a3f9bc: 404c 8954 | 2428 4c8b | 5424 684c | 8954 2448 | 4889 4424 | 6866 6690 

  0x0000017957a3f9d4: ;   {runtime_call UncommonTrapBlob}
  0x0000017957a3f9d4: c5f8 77e8 

  0x0000017957a3f9d8: ; ImmutableOopMap {rbp=Oop [32]=Oop [40]=Oop [72]=Oop [80]=Oop [104]=Oop [144]=NarrowOop }
                      ;*astore {reexecute=0 rethrow=0 return_oop=0}
                      ; - java.net.URLClassLoader::defineClass@188
                      ; - java.net.URLClassLoader$1::run@43
                      ; - java.net.URLClassLoader$1::run@1
                      ; - java.security.AccessController::executePrivileged@29
                      ; - java.security.AccessController::doPrivileged@13
                      ; - java.net.URLClassLoader::findClass@13
  0x0000017957a3f9d8: a449 88ff 

  0x0000017957a3f9dc: ;   {other}
  0x0000017957a3f9dc: 0f1f 8400 | cc5f 006e | bade ffff | ff48 8b6c | 2460 4c8b | 5424 284c | 8954 2420 | 4c8b 5424 
  0x0000017957a3f9fc: 684c 8954 | 2430 4c89 | 6c24 404c | 896c 2448 | 4c8b 5424 | 704c 8954 | 2460 6690 

  0x0000017957a3fa18: ;   {runtime_call UncommonTrapBlob}
  0x0000017957a3fa18: c5f8 77e8 

  0x0000017957a3fa1c: ; ImmutableOopMap {rbp=Oop [32]=Oop [48]=Oop [64]=Oop [72]=Oop [144]=NarrowOop [200]=Oop }
                      ;*invokevirtual getManifest {reexecute=0 rethrow=0 return_oop=0}
                      ; - java.net.URLClassLoader::defineClass@34
                      ; - java.net.URLClassLoader$1::run@43
                      ; - java.net.URLClassLoader$1::run@1
                      ; - java.security.AccessController::executePrivileged@29
                      ; - java.security.AccessController::doPrivileged@13
                      ; - java.net.URLClassLoader::findClass@13
  0x0000017957a3fa1c: 6049 88ff 

  0x0000017957a3fa20: ;   {other}
  0x0000017957a3fa20: 0f1f 8400 | 1060 006f | bade ffff | ff48 8b6c | 2460 4c8b | 5c24 284c | 895c 2420 | 4c89 6c24 
  0x0000017957a3fa40: 284c 8b5c | 2468 4c89 | 5c24 304c | 8b5c 2478 | 4c89 5c24 | 504c 8b5c | 2470 4c89 | 5c24 5844 
  0x0000017957a3fa60: 8954 2464 | 894c 2478 

  0x0000017957a3fa68: ;   {runtime_call UncommonTrapBlob}
  0x0000017957a3fa68: c5f8 77e8 

  0x0000017957a3fa6c: ; ImmutableOopMap {rbp=Oop [32]=Oop [40]=Oop [48]=Oop [80]=Oop [100]=NarrowOop [120]=NarrowOop [144]=NarrowOop [200]=Oop }
                      ;*invokeinterface ensureInitialization {reexecute=0 rethrow=0 return_oop=0}
                      ; - jdk.internal.loader.URLClassPath$JarLoader$2::getManifest@10
                      ; - java.net.URLClassLoader::defineClass@34
                      ; - java.net.URLClassLoader$1::run@43
                      ; - java.net.URLClassLoader$1::run@1
                      ; - java.security.AccessController::executePrivileged@29
                      ; - java.security.AccessController::doPrivileged@13
                      ; - java.net.URLClassLoader::findClass@13
  0x0000017957a3fa6c: 1049 88ff 

  0x0000017957a3fa70: ;   {other}
  0x0000017957a3fa70: 0f1f 8400 | 6060 0070 | 4c89 5c24 | 5089 4c24 | 344c 8b54 | 2478 4c89 | 5424 4848 | 8974 2440 
  0x0000017957a3fa90: 448b 9424 | 9000 0000 | 4489 5424 | 304c 896c | 2420 488b | 6c24 6049 | 8bd3 4c8d | 8424 e000 
  0x0000017957a3fab0: 0000 6690 

  0x0000017957a3fab4: ;   {runtime_call _complete_monitor_locking_Java}
  0x0000017957a3fab4: c5f8 77e8 

  0x0000017957a3fab8: ; ImmutableOopMap {rbp=Oop [32]=Oop [40]=Oop [48]=NarrowOop [52]=NarrowOop [64]=Oop [72]=Oop [80]=Oop [96]=Oop [104]=Oop [200]=Oop }
                      ;*synchronization entry
                      ; - java.util.jar.JarFile::ensureInitialization@-1
                      ; - java.util.jar.JavaUtilJarAccessImpl::ensureInitialization@1
                      ; - jdk.internal.loader.URLClassPath$JarLoader$2::getManifest@10
                      ; - java.net.URLClassLoader::defineClass@34
                      ; - java.net.URLClassLoader$1::run@43
                      ; - java.net.URLClassLoader$1::run@1
                      ; - java.security.AccessController::executePrivileged@29
                      ; - java.security.AccessController::doPrivileged@13
                      ; - java.net.URLClassLoader::findClass@13
  0x0000017957a3fab8: c407 8bff 

  0x0000017957a3fabc: ;   {other}
  0x0000017957a3fabc: 0f1f 8400 | ac60 0071 | 4c8b 6c24 | 2044 8b5c | 2430 4489 | 9c24 9000 | 0000 4c8b | 5c24 484c 
  0x0000017957a3fadc: 895c 2478 | 8b4c 2434 | 4c8b 5c24 | 5048 8b74 | 2440 e915 | b7ff ff48 | 8bee 498b | cb48 8d94 
  0x0000017957a3fafc: 24e0 0000 | 004d 8bc7 | c5f8 7749 | ba40 d95e | 89f9 7f00 | 0041 ffd2 

  0x0000017957a3fb14: ;   {other}
  0x0000017957a3fb14: 0f1f 8400 | 0000 0000 | 488b f5e9 | 9bb7 ffff | bade ffff | ff4c 8b54 | 2460 4c89 | 5424 204c 
  0x0000017957a3fb34: 896c 2430 | 4c8b 5424 | 684c 8954 | 2438 4c8b | 5424 704c | 8954 2460 

  0x0000017957a3fb4c: ;   {runtime_call UncommonTrapBlob}
  0x0000017957a3fb4c: c5f8 77e8 

  0x0000017957a3fb50: ; ImmutableOopMap {rbp=NarrowOop [32]=Oop [40]=Oop [48]=Oop [56]=Oop [120]=Oop [144]=NarrowOop [200]=Oop }
                      ;*invokevirtual getManifest {reexecute=0 rethrow=0 return_oop=0}
                      ; - jdk.internal.loader.URLClassPath$JarLoader$2::getManifest@22
                      ; - java.net.URLClassLoader::defineClass@34
                      ; - java.net.URLClassLoader$1::run@43
                      ; - java.net.URLClassLoader$1::run@1
                      ; - java.security.AccessController::executePrivileged@29
                      ; - java.security.AccessController::doPrivileged@13
                      ; - java.net.URLClassLoader::findClass@13
  0x0000017957a3fb50: 2c48 88ff 

  0x0000017957a3fb54: ;   {other}
  0x0000017957a3fb54: 0f1f 8400 | 4461 0072 | ba6e ffff | ff48 8b6c | 2460 4c8b | 4424 284c | 8944 2420 | 4c8b 4424 
  0x0000017957a3fb74: 684c 8944 | 2430 4c89 | 6c24 4044 | 8954 244c | 4489 5c24 | 6866 6690 

  0x0000017957a3fb8c: ;   {runtime_call UncommonTrapBlob}
  0x0000017957a3fb8c: c5f8 77e8 

  0x0000017957a3fb90: ; ImmutableOopMap {rbp=Oop [32]=Oop [48]=Oop [64]=Oop [104]=NarrowOop }
                      ;*iflt {reexecute=1 rethrow=0 return_oop=0}
                      ; - (reexecute) java.lang.StringLatin1::lastIndexOf@19
                      ; - java.lang.String::lastIndexOf@13
                      ; - java.lang.String::lastIndexOf@8
                      ; - java.net.URLClassLoader::defineClass@7
                      ; - java.net.URLClassLoader$1::run@43
                      ; - java.net.URLClassLoader$1::run@1
                      ; - java.security.AccessController::executePrivileged@29
                      ; - java.security.AccessController::doPrivileged@13
                      ; - java.net.URLClassLoader::findClass@13
  0x0000017957a3fb90: ec47 88ff 

  0x0000017957a3fb94: ;   {other}
  0x0000017957a3fb94: 0f1f 8400 | 8461 0073 | ba76 ffff | ff48 895c | 2428 4c89 | 6c24 3089 | 7424 384c | 8954 2440 
  0x0000017957a3fbb4: 4c89 6c24 | 4844 895c | 2458 6690 

  0x0000017957a3fbc0: ;   {runtime_call UncommonTrapBlob}
  0x0000017957a3fbc0: c5f8 77e8 

  0x0000017957a3fbc4: ; ImmutableOopMap {[40]=Oop [48]=Oop [64]=Oop [72]=Oop [88]=NarrowOop [104]=Oop }
                      ;*if_icmpge {reexecute=1 rethrow=0 return_oop=0}
                      ; - (reexecute) java.lang.StringLatin1::replace@61
                      ; - java.lang.String::replace@18
                      ; - java.net.URLClassLoader$1::run@8
                      ; - java.net.URLClassLoader$1::run@1
                      ; - java.security.AccessController::executePrivileged@29
                      ; - java.security.AccessController::doPrivileged@13
                      ; - java.net.URLClassLoader::findClass@13
  0x0000017957a3fbc4: b847 88ff 

  0x0000017957a3fbc8: ;   {other}
  0x0000017957a3fbc8: 0f1f 8400 | b861 0074 | ba01 0000 | 00e9 dbaa | ffff ba45 | ffff ff48 | 895c 2420 | 4c89 6c24 
  0x0000017957a3fbe8: 284c 895c | 2438 4489 | 4c24 4090 

  0x0000017957a3fbf4: ;   {runtime_call UncommonTrapBlob}
  0x0000017957a3fbf4: c5f8 77e8 

  0x0000017957a3fbf8: ; ImmutableOopMap {[32]=Oop [40]=Oop [56]=Oop [104]=Oop }
                      ;*iflt {reexecute=1 rethrow=0 return_oop=0}
                      ; - (reexecute) java.lang.StringConcatHelper::checkOverflow@2
                      ; - java.lang.StringConcatHelper::mix@23
                      ; - java.lang.StringConcatHelper::simpleConcat@46
                      ; - java.lang.String::concat@11
                      ; - java.net.URLClassLoader$1::run@13
                      ; - java.net.URLClassLoader$1::run@1
                      ; - java.security.AccessController::executePrivileged@29
                      ; - java.security.AccessController::doPrivileged@13
                      ; - java.net.URLClassLoader::findClass@13
  0x0000017957a3fbf8: 8447 88ff 

  0x0000017957a3fbfc: ;   {other}
  0x0000017957a3fbfc: 0f1f 8400 | ec61 0075 | ba45 ffff | ff48 895c | 2428 4c89 | 6c24 304c | 895c 2440 

  0x0000017957a3fc18: ;   {runtime_call UncommonTrapBlob}
  0x0000017957a3fc18: c5f8 77e8 

  0x0000017957a3fc1c: ; ImmutableOopMap {[40]=Oop [48]=Oop [64]=Oop [104]=Oop }
                      ;*iflt {reexecute=1 rethrow=0 return_oop=0}
                      ; - (reexecute) java.lang.StringConcatHelper::checkOverflow@2
                      ; - java.lang.StringConcatHelper::mix@23
                      ; - java.lang.StringConcatHelper::simpleConcat@54
                      ; - java.lang.String::concat@11
                      ; - java.net.URLClassLoader$1::run@13
                      ; - java.net.URLClassLoader$1::run@1
                      ; - java.security.AccessController::executePrivileged@29
                      ; - java.security.AccessController::doPrivileged@13
                      ; - java.net.URLClassLoader::findClass@13
  0x0000017957a3fc1c: 6047 88ff 

  0x0000017957a3fc20: ;   {other}
  0x0000017957a3fc20: 0f1f 8400 | 1062 0076 | ba45 ffff | ff48 895c | 2420 4c89 | 6c24 284c | 895c 2440 | 4889 7c24 
  0x0000017957a3fc40: 4844 8944 | 2450 6690 

  0x0000017957a3fc48: ;   {runtime_call UncommonTrapBlob}
  0x0000017957a3fc48: c5f8 77e8 

  0x0000017957a3fc4c: ; ImmutableOopMap {[32]=Oop [40]=Oop [64]=Oop [72]=Oop [104]=Oop }
                      ;*if_icmpne {reexecute=1 rethrow=0 return_oop=0}
                      ; - (reexecute) java.lang.String::getBytes@5
                      ; - java.lang.StringConcatHelper::prepend@21
                      ; - java.lang.StringConcatHelper::simpleConcat@81
                      ; - java.lang.String::concat@11
                      ; - java.net.URLClassLoader$1::run@13
                      ; - java.net.URLClassLoader$1::run@1
                      ; - java.security.AccessController::executePrivileged@29
                      ; - java.security.AccessController::doPrivileged@13
                      ; - java.net.URLClassLoader::findClass@13
  0x0000017957a3fc4c: 3047 88ff 

  0x0000017957a3fc50: ;   {other}
  0x0000017957a3fc50: 0f1f 8400 | 4062 0077 | ba45 ffff | ff48 895c | 2420 4c89 | 6c24 284c | 895c 2438 | 4889 7424 
  0x0000017957a3fc70: 4044 8944 | 2448 6690 

  0x0000017957a3fc78: ;   {runtime_call UncommonTrapBlob}
  0x0000017957a3fc78: c5f8 77e8 

  0x0000017957a3fc7c: ; ImmutableOopMap {[32]=Oop [40]=Oop [56]=Oop [104]=Oop }
                      ;*if_icmpne {reexecute=1 rethrow=0 return_oop=0}
                      ; - (reexecute) java.lang.StringConcatHelper::mix@13
                      ; - java.lang.StringConcatHelper::simpleConcat@46
                      ; - java.lang.String::concat@11
                      ; - java.net.URLClassLoader$1::run@13
                      ; - java.net.URLClassLoader$1::run@1
                      ; - java.security.AccessController::executePrivileged@29
                      ; - java.security.AccessController::doPrivileged@13
                      ; - java.net.URLClassLoader::findClass@13
  0x0000017957a3fc7c: 0047 88ff 

  0x0000017957a3fc80: ;   {other}
  0x0000017957a3fc80: 0f1f 8400 | 7062 0078 | ba45 ffff | ff48 895c | 2428 4c89 | 6c24 304c | 895c 2440 | 4889 4424 
  0x0000017957a3fca0: 4866 6690 

  0x0000017957a3fca4: ;   {runtime_call UncommonTrapBlob}
  0x0000017957a3fca4: c5f8 77e8 

  0x0000017957a3fca8: ; ImmutableOopMap {[40]=Oop [48]=Oop [64]=Oop [104]=Oop }
                      ;*ifge {reexecute=1 rethrow=0 return_oop=0}
                      ; - (reexecute) java.lang.StringConcatHelper::newArray@13
                      ; - java.lang.StringConcatHelper::simpleConcat@61
                      ; - java.lang.String::concat@11
                      ; - java.net.URLClassLoader$1::run@13
                      ; - java.net.URLClassLoader$1::run@1
                      ; - java.security.AccessController::executePrivileged@29
                      ; - java.security.AccessController::doPrivileged@13
                      ; - java.net.URLClassLoader::findClass@13
  0x0000017957a3fca8: d446 88ff 

  0x0000017957a3fcac: ;   {other}
  0x0000017957a3fcac: 0f1f 8400 | 9c62 0079 | 4963 cae9 | 71b3 ffff | 4883 c1fe | 488b fa48 | 33c0 4883 | f908 7f10 
  0x0000017957a3fccc: 48ff c978 | 4f48 8904 | cf48 ffc9 | 7df7 eb44 | c5fd efc0 | e90d 0000 | 00c5 fe7f | 07c5 fe7f 
  0x0000017957a3fcec: 4720 4883 | c740 4883 | e908 7ded | 4883 c104 | 7c0c c5fe | 7f07 4883 | c720 4883 | e904 4883 
  0x0000017957a3fd0c: c104 7e10 | 48ff c9c5 | f9d6 0748 | 83c7 0848 | ffc9 7df3 | e9d4 b3ff | ffba ccff | ffff 488b 
  0x0000017957a3fd2c: 6c24 604c | 8b44 2428 | 4c89 4424 | 204c 8b44 | 2468 4c89 | 4424 304c | 896c 2440 | 4489 5424 
  0x0000017957a3fd4c: 4c4c 8b54 | 2470 4c89 | 5424 604c | 8974 2478 | 4489 5c24 | 6c66 6690 

  0x0000017957a3fd64: ;   {runtime_call UncommonTrapBlob}
  0x0000017957a3fd64: c5f8 77e8 

  0x0000017957a3fd68: ; ImmutableOopMap {rbp=Oop [32]=Oop [48]=Oop [64]=Oop [108]=NarrowOop [120]=Oop [144]=NarrowOop }
                      ;*newarray {reexecute=1 rethrow=0 return_oop=0}
                      ; - (reexecute) java.util.Arrays::copyOfRangeByte@10
                      ; - java.util.Arrays::copyOfRange@13
                      ; - java.lang.StringLatin1::newString@16
                      ; - java.lang.String::substring@41
                      ; - java.net.URLClassLoader::defineClass@28
                      ; - java.net.URLClassLoader$1::run@43
                      ; - java.net.URLClassLoader$1::run@1
                      ; - java.security.AccessController::executePrivileged@29
                      ; - java.security.AccessController::doPrivileged@13
                      ; - java.net.URLClassLoader::findClass@13
  0x0000017957a3fd68: 1446 88ff 

  0x0000017957a3fd6c: ;   {other}
  0x0000017957a3fd6c: 0f1f 8400 | 5c63 007a | baf6 ffff | ff48 8b6c | 2460 4c8b | 5424 284c | 8954 2420 | 4c89 6c24 
  0x0000017957a3fd8c: 284c 8974 | 2448 4c8b | 5424 784c | 8954 2450 | 4c8b 5424 | 704c 8954 | 2458 4c89 | 5c24 7890 
  0x0000017957a3fdac: ;   {runtime_call UncommonTrapBlob}
  0x0000017957a3fdac: c5f8 77e8 

  0x0000017957a3fdb0: ; ImmutableOopMap {rbp=Oop [32]=Oop [40]=Oop [72]=Oop [80]=Oop [120]=Oop [136]=Oop [144]=NarrowOop }
                      ;*invokevirtual get {reexecute=0 rethrow=0 return_oop=0}
                      ; - java.lang.ClassLoader::definePackage@47
                      ; - java.lang.ClassLoader::getDefinedPackage@32
                      ; - java.net.URLClassLoader::getAndVerifyPackage@2
                      ; - java.net.URLClassLoader::defineClass@46
                      ; - java.net.URLClassLoader$1::run@43
                      ; - java.net.URLClassLoader$1::run@1
                      ; - java.security.AccessController::executePrivileged@29
                      ; - java.security.AccessController::doPrivileged@13
                      ; - java.net.URLClassLoader::findClass@13
  0x0000017957a3fdb0: cc45 88ff 

  0x0000017957a3fdb4: ;   {other}
  0x0000017957a3fdb4: 0f1f 8400 | a463 007b | 33ed 4585 | d240 0f96 | c5ba 45ff | ffff 4c8b | 5424 604c | 896c 2430 
  0x0000017957a3fdd4: 4c89 5424 | 404c 8974 | 2448 4c89 | 7424 504c | 8954 2458 | 4c8b 5424 | 784c 8954 | 2468 448b 
  0x0000017957a3fdf4: 8424 9000 | 0000 4489 | 4424 7c4c | 899c 2490 | 0000 0044 | 898c 24a8 | 0000 0090 

  0x0000017957a3fe10: ;   {runtime_call UncommonTrapBlob}
  0x0000017957a3fe10: c5f8 77e8 

  0x0000017957a3fe14: ; ImmutableOopMap {[40]=Oop [48]=Oop [64]=Oop [72]=Oop [80]=Oop [88]=Oop [104]=Oop [124]=NarrowOop [136]=Oop [144]=Oop [168]=NarrowOop }
                      ;*ifeq {reexecute=1 rethrow=0 return_oop=0}
                      ; - (reexecute) java.lang.ClassLoader::definePackage@4
                      ; - java.lang.ClassLoader::getDefinedPackage@32
                      ; - java.net.URLClassLoader::getAndVerifyPackage@2
                      ; - java.net.URLClassLoader::defineClass@46
                      ; - java.net.URLClassLoader$1::run@43
                      ; - java.net.URLClassLoader$1::run@1
                      ; - java.security.AccessController::executePrivileged@29
                      ; - java.security.AccessController::doPrivileged@13
                      ; - java.net.URLClassLoader::findClass@13
  0x0000017957a3fe14: 6845 88ff 

  0x0000017957a3fe18: ;   {other}
  0x0000017957a3fe18: 0f1f 8400 | 0864 007c | 33ed 4585 | d240 0f94 | c5ba 45ff | ffff 4c8b | 5424 604c | 8954 2420 
  0x0000017957a3fe38: 4c8b 5424 | 684c 8954 | 2438 4c89 | 6c24 4848 | 8944 2468 | 895c 2470 

  0x0000017957a3fe50: ;   {runtime_call UncommonTrapBlob}
  0x0000017957a3fe50: c5f8 77e8 

  0x0000017957a3fe54: ; ImmutableOopMap {[32]=Oop [40]=Oop [56]=Oop [72]=Oop }
                      ;*ifeq {reexecute=1 rethrow=0 return_oop=0}
                      ; - (reexecute) java.lang.String::lastIndexOf@4
                      ; - java.lang.String::lastIndexOf@8
                      ; - java.net.URLClassLoader::defineClass@7
                      ; - java.net.URLClassLoader$1::run@43
                      ; - java.net.URLClassLoader$1::run@1
                      ; - java.security.AccessController::executePrivileged@29
                      ; - java.security.AccessController::doPrivileged@13
                      ; - java.net.URLClassLoader::findClass@13
  0x0000017957a3fe54: 2845 88ff 

  0x0000017957a3fe58: ;   {other}
  0x0000017957a3fe58: 0f1f 8400 | 4864 007d | ba45 ffff | ff48 8b6c | 2460 4c8b | 5c24 284c | 895c 2420 | 4c89 6c24 
  0x0000017957a3fe78: 4044 8954 | 2454 4489 | 5424 5889 | 4c24 7c90 

  0x0000017957a3fe88: ;   {runtime_call UncommonTrapBlob}
  0x0000017957a3fe88: c5f8 77e8 

  0x0000017957a3fe8c: ; ImmutableOopMap {rbp=Oop [32]=Oop [64]=Oop [104]=Oop [144]=NarrowOop }
                      ;*if_icmpgt {reexecute=1 rethrow=0 return_oop=0}
                      ; - (reexecute) jdk.internal.util.Preconditions::checkFromToIndex@6
                      ; - java.lang.String::checkBoundsBeginEnd@6
                      ; - java.lang.String::substring@8
                      ; - java.net.URLClassLoader::defineClass@28
                      ; - java.net.URLClassLoader$1::run@43
                      ; - java.net.URLClassLoader$1::run@1
                      ; - java.security.AccessController::executePrivileged@29
                      ; - java.security.AccessController::doPrivileged@13
                      ; - java.net.URLClassLoader::findClass@13
  0x0000017957a3fe8c: f044 88ff 

  0x0000017957a3fe90: ;   {other}
  0x0000017957a3fe90: 0f1f 8400 | 8064 007e | 4533 c0e9 | 34d7 ffff | ba45 ffff | ff48 8b6c | 2460 4c8b | 5424 284c 
  0x0000017957a3feb0: 8954 2420 | 4c89 6c24 | 284c 8974 | 2440 4c89 | 7424 484c | 8b54 2478 | 4c89 5424 | 604c 8b54 
  0x0000017957a3fed0: 2470 4c89 | 5424 6844 | 8b8c 2490 | 0000 0044 | 894c 2474 | 4c89 9c24 | 9000 0000 | 4489 8424 
  0x0000017957a3fef0: a000 0000 

  0x0000017957a3fef4: ;   {runtime_call UncommonTrapBlob}
  0x0000017957a3fef4: c5f8 77e8 

  0x0000017957a3fef8: ; ImmutableOopMap {rbp=Oop [32]=Oop [40]=Oop [64]=Oop [72]=Oop [96]=Oop [116]=NarrowOop [136]=Oop [144]=Oop }
                      ;*ifle {reexecute=1 rethrow=0 return_oop=0}
                      ; - (reexecute) java.util.concurrent.ConcurrentHashMap::get@23
                      ; - java.lang.ClassLoader::getDefinedPackage@13
                      ; - java.net.URLClassLoader::getAndVerifyPackage@2
                      ; - java.net.URLClassLoader::defineClass@46
                      ; - java.net.URLClassLoader$1::run@43
                      ; - java.net.URLClassLoader$1::run@1
                      ; - java.security.AccessController::executePrivileged@29
                      ; - java.security.AccessController::doPrivileged@13
                      ; - java.net.URLClassLoader::findClass@13
  0x0000017957a3fef8: 8444 88ff 

  0x0000017957a3fefc: ;   {other}
  0x0000017957a3fefc: 0f1f 8400 | ec64 007f | ba45 ffff | ff48 8b6c | 2438 4c8b | 5424 284c | 8954 2420 | 4c8b 5424 
  0x0000017957a3ff1c: 684c 8954 | 2450 4c8b | 5424 704c | 8954 2458 | 4889 4424 | 7066 6690 

  0x0000017957a3ff34: ;   {runtime_call UncommonTrapBlob}
  0x0000017957a3ff34: c5f8 77e8 

  0x0000017957a3ff38: ; ImmutableOopMap {rbp=Oop [32]=Oop [64]=Oop [80]=Oop [112]=Oop [144]=NarrowOop }
                      ;*ifnull {reexecute=1 rethrow=0 return_oop=0}
                      ; - (reexecute) java.net.URLClassLoader::defineClass@139
                      ; - java.net.URLClassLoader$1::run@43
                      ; - java.net.URLClassLoader$1::run@1
                      ; - java.security.AccessController::executePrivileged@29
                      ; - java.security.AccessController::doPrivileged@13
                      ; - java.net.URLClassLoader::findClass@13
  0x0000017957a3ff38: 4444 88ff 

  0x0000017957a3ff3c: ;   {other}
  0x0000017957a3ff3c: 0f1f 8400 | 2c65 0080 | ba45 ffff | ff48 8b6c | 2460 4c8b | 5c24 284c | 895c 2420 | 4c89 6c24 
  0x0000017957a3ff5c: 4044 8954 | 2454 4489 | 5424 5889 | 4c24 7c89 | 8c24 8000 | 0000 6690 

  0x0000017957a3ff74: ;   {runtime_call UncommonTrapBlob}
  0x0000017957a3ff74: c5f8 77e8 

  0x0000017957a3ff78: ; ImmutableOopMap {rbp=Oop [32]=Oop [64]=Oop [104]=Oop [144]=NarrowOop }
                      ;*if_icmple {reexecute=1 rethrow=0 return_oop=0}
                      ; - (reexecute) jdk.internal.util.Preconditions::checkFromToIndex@11
                      ; - java.lang.String::checkBoundsBeginEnd@6
                      ; - java.lang.String::substring@8
                      ; - java.net.URLClassLoader::defineClass@28
                      ; - java.net.URLClassLoader$1::run@43
                      ; - java.net.URLClassLoader$1::run@1
                      ; - java.security.AccessController::executePrivileged@29
                      ; - java.security.AccessController::doPrivileged@13
                      ; - java.net.URLClassLoader::findClass@13
  0x0000017957a3ff78: 0444 88ff 

  0x0000017957a3ff7c: ;   {other}
  0x0000017957a3ff7c: 0f1f 8400 | 6c65 0081 | ba45 ffff | ff4c 8b54 | 2460 4c89 | 5424 204c | 896c 2430 | 4c8b 5424 
  0x0000017957a3ff9c: 684c 8954 | 2438 4c8b | 5424 704c | 8954 2460 | 898c 2480 | 0000 0090 

  0x0000017957a3ffb4: ;   {runtime_call UncommonTrapBlob}
  0x0000017957a3ffb4: c5f8 77e8 

  0x0000017957a3ffb8: ; ImmutableOopMap {rbp=NarrowOop [32]=Oop [40]=Oop [48]=Oop [56]=Oop [120]=Oop [128]=NarrowOop [144]=NarrowOop [200]=Oop }
                      ;*ifnull {reexecute=1 rethrow=0 return_oop=0}
                      ; - (reexecute) java.util.jar.JarFile::maybeInstantiateVerifier@4
                      ; - java.util.jar.JarFile::ensureInitialization@1
                      ; - java.util.jar.JavaUtilJarAccessImpl::ensureInitialization@1
                      ; - jdk.internal.loader.URLClassPath$JarLoader$2::getManifest@10
                      ; - java.net.URLClassLoader::defineClass@34
                      ; - java.net.URLClassLoader$1::run@43
                      ; - java.net.URLClassLoader$1::run@1
                      ; - java.security.AccessController::executePrivileged@29
                      ; - java.security.AccessController::doPrivileged@13
                      ; - java.net.URLClassLoader::findClass@13
  0x0000017957a3ffb8: c443 88ff 

  0x0000017957a3ffbc: ;   {other}
  0x0000017957a3ffbc: 0f1f 8400 | ac65 0082 | 4c89 4424 | 3848 8974 | 2420 498b | d7c5 f877 | 49ba 20a4 | 1d89 f97f 
  0x0000017957a3ffdc: 0000 41ff 

  0x0000017957a3ffe0: ;   {other}
  0x0000017957a3ffe0: d20f 1f84 | 0000 0000 | 004c 8b44 | 2438 488b | 7424 20e9 | 0ab3 ffff | 4c89 4c24 | 2049 8bd7 
  0x0000017957a40000: c5f8 7749 | ba20 a41d | 89f9 7f00 | 0041 ffd2 

  0x0000017957a40010: ;   {other}
  0x0000017957a40010: 0f1f 8400 | 0000 0000 | 4c8b 4c24 | 20e9 e2b0 | ffff 8bbc | 2490 0000 

  0x0000017957a40028: ;   {oop(a 'java/io/WinNTFileSystem'{0x0000000680448720})}
  0x0000017957a40028: 00ff cf48 | ba20 8744 | 8006 0000 | 004c 8b84 | 2488 0000 | 0044 8b8c | 2490 0000 | 0048 8b6c 
  0x0000017957a40048: 2460 6690 

  0x0000017957a4004c: ;   {optimized virtual_call}
  0x0000017957a4004c: c5f8 77e8 

  0x0000017957a40050: ; ImmutableOopMap {rbp=Oop [32]=Oop [40]=Oop [48]=NarrowOop [80]=Oop [88]=Oop [96]=Oop [104]=Oop [112]=Oop [120]=NarrowOop [128]=Oop }
                      ;*invokevirtual normalize {reexecute=0 rethrow=0 return_oop=1}
                      ; - java.io.WinNTFileSystem::normalize@137
                      ; - java.io.File::<init>@73
                      ; - jdk.internal.loader.URLClassPath$FileLoader::getResource@118
                      ; - jdk.internal.loader.URLClassPath::getResource@53
                      ; - java.net.URLClassLoader$1::run@26
                      ; - java.net.URLClassLoader$1::run@1
                      ; - java.security.AccessController::executePrivileged@29
                      ; - java.security.AccessController::doPrivileged@13
                      ; - java.net.URLClassLoader::findClass@13
  0x0000017957a40050: 2cea 87ff 

  0x0000017957a40054: ;   {other}
  0x0000017957a40054: 0f1f 8400 | 4466 0083 | 4c8b c8e9 | dddd ffff | 498b d348 | c1e2 0344 | 8b84 24ac | 0000 0048 
  0x0000017957a40074: 8b6c 2460 

  0x0000017957a40078: ;   {static_call}
  0x0000017957a40078: c5f8 77e8 

  0x0000017957a4007c: ; ImmutableOopMap {rbp=Oop [32]=Oop [40]=Oop [48]=NarrowOop [80]=Oop [88]=Oop [96]=Oop [104]=Oop [112]=Oop [120]=NarrowOop [128]=Oop [136]=Oop }
                      ;*invokestatic charAt {reexecute=0 rethrow=0 return_oop=0}
                      ; - java.lang.String::charAt@21
                      ; - java.io.WinNTFileSystem::normalize@31
                      ; - java.io.File::<init>@73
                      ; - jdk.internal.loader.URLClassPath$FileLoader::getResource@73
                      ; - jdk.internal.loader.URLClassPath::getResource@53
                      ; - java.net.URLClassLoader$1::run@26
                      ; - java.net.URLClassLoader$1::run@1
                      ; - java.security.AccessController::executePrivileged@29
                      ; - java.security.AccessController::doPrivileged@13
                      ; - java.net.URLClassLoader::findClass@13
  0x0000017957a4007c: 00f0 87ff 

  0x0000017957a40080: ;   {other}
  0x0000017957a40080: 0f1f 8400 | 7066 0084 | 448b c0e9 | 90d1 ffff | 448b 9c24 | ac00 0000 | 41ff cb44 | 899c 24ac 
  0x0000017957a400a0: 0000 00e9 | 41f5 ffff | baf6 ffff | ff48 8b6c | 2460 4c8b | 4424 284c | 8944 2420 | 4c89 6c24 
  0x0000017957a400c0: 284c 8974 | 2448 4c8b | 4424 784c | 8944 2450 | 4c8b 4424 | 704c 8944 | 2458 4c89 | 5c24 784c 
  0x0000017957a400e0: 8994 2480 | 0000 0090 

  0x0000017957a400e8: ;   {runtime_call UncommonTrapBlob}
  0x0000017957a400e8: c5f8 77e8 

  0x0000017957a400ec: ; ImmutableOopMap {rbp=Oop [32]=Oop [40]=Oop [72]=Oop [80]=Oop [120]=Oop [128]=Oop [136]=Oop [144]=NarrowOop }
                      ;*invokevirtual compute {reexecute=0 rethrow=0 return_oop=0}
                      ; - java.lang.ClassLoader::definePackage@78
                      ; - java.lang.ClassLoader::getDefinedPackage@32
                      ; - java.net.URLClassLoader::getAndVerifyPackage@2
                      ; - java.net.URLClassLoader::defineClass@46
                      ; - java.net.URLClassLoader$1::run@43
                      ; - java.net.URLClassLoader$1::run@1
                      ; - java.security.AccessController::executePrivileged@29
                      ; - java.security.AccessController::doPrivileged@13
                      ; - java.net.URLClassLoader::findClass@13
  0x0000017957a400ec: 9042 88ff 

  0x0000017957a400f0: ;   {other}
  0x0000017957a400f0: 0f1f 8400 | e066 0085 | 4533 db45 | 8bc3 e9b0 | d3ff ffba | 45ff ffff | 488b 6c24 | 604c 8b54 
  0x0000017957a40110: 2428 4c89 | 5424 204c | 896c 2428 | 4c89 7424 | 404c 8974 | 2448 4c8b | 5424 784c | 8954 2460 
  0x0000017957a40130: 4c8b 5424 | 704c 8954 | 2468 8b8c | 2490 0000 | 0089 4c24 | 744c 899c | 2490 0000 | 0044 898c 
  0x0000017957a40150: 24a0 0000 | 0044 8984 | 24a4 0000 | 0066 6690 

  0x0000017957a40160: ;   {runtime_call UncommonTrapBlob}
  0x0000017957a40160: c5f8 77e8 

  0x0000017957a40164: ; ImmutableOopMap {rbp=Oop [32]=Oop [40]=Oop [64]=Oop [72]=Oop [96]=Oop [116]=NarrowOop [136]=Oop [144]=Oop [160]=NarrowOop }
                      ;*ifle {reexecute=1 rethrow=0 return_oop=0}
                      ; - (reexecute) java.util.concurrent.ConcurrentHashMap::get@23
                      ; - java.lang.ClassLoader::definePackage@47
                      ; - java.lang.ClassLoader::getDefinedPackage@32
                      ; - java.net.URLClassLoader::getAndVerifyPackage@2
                      ; - java.net.URLClassLoader::defineClass@46
                      ; - java.net.URLClassLoader$1::run@43
                      ; - java.net.URLClassLoader$1::run@1
                      ; - java.security.AccessController::executePrivileged@29
                      ; - java.security.AccessController::doPrivileged@13
                      ; - java.net.URLClassLoader::findClass@13
  0x0000017957a40164: 1842 88ff 

  0x0000017957a40168: ;   {other}
  0x0000017957a40168: 0f1f 8400 | 5867 0086 | ba45 ffff | ff4c 8b54 | 2430 4c89 | 5424 204c | 8b54 2440 | 4c89 5424 
  0x0000017957a40188: 304c 8b54 | 2478 4c89 | 5424 604c | 8b54 2470 | 4c89 5424 | 6889 8424 | 8800 0000 

  0x0000017957a401a4: ;   {runtime_call UncommonTrapBlob}
  0x0000017957a401a4: c5f8 77e8 

  0x0000017957a401a8: ; ImmutableOopMap {rbp=Oop [32]=Oop [40]=Oop [48]=Oop [56]=Oop [88]=Oop [96]=Oop [128]=Oop [144]=NarrowOop }
                      ;*ifeq {reexecute=1 rethrow=0 return_oop=0}
                      ; - (reexecute) java.net.URLClassLoader::getAndVerifyPackage@17
                      ; - java.net.URLClassLoader::defineClass@46
                      ; - java.net.URLClassLoader$1::run@43
                      ; - java.net.URLClassLoader$1::run@1
                      ; - java.security.AccessController::executePrivileged@29
                      ; - java.security.AccessController::doPrivileged@13
                      ; - java.net.URLClassLoader::findClass@13
  0x0000017957a401a8: d441 88ff 

  0x0000017957a401ac: ;   {other}
  0x0000017957a401ac: 0f1f 8400 | 9c67 0087 | ba45 ffff | ff4c 8b54 | 2430 4c89 | 5424 204c | 8b54 2440 | 4c89 5424 
  0x0000017957a401cc: 304c 8b54 | 2478 4c89 | 5424 604c | 8b54 2470 | 4c89 5424 | 6848 89ac | 2488 0000 | 0066 6690 
  0x0000017957a401ec: ;   {runtime_call UncommonTrapBlob}
  0x0000017957a401ec: c5f8 77e8 

  0x0000017957a401f0: ; ImmutableOopMap {[32]=Oop [40]=Oop [48]=Oop [56]=Oop [88]=Oop [96]=Oop [128]=Oop [136]=Oop [144]=NarrowOop }
                      ;*ifnull {reexecute=1 rethrow=0 return_oop=0}
                      ; - (reexecute) java.net.URLClassLoader::getAndVerifyPackage@62
                      ; - java.net.URLClassLoader::defineClass@46
                      ; - java.net.URLClassLoader$1::run@43
                      ; - java.net.URLClassLoader$1::run@1
                      ; - java.security.AccessController::executePrivileged@29
                      ; - java.security.AccessController::doPrivileged@13
                      ; - java.net.URLClassLoader::findClass@13
  0x0000017957a401f0: 8c41 88ff 

  0x0000017957a401f4: ;   {other}
  0x0000017957a401f4: 0f1f 8400 | e467 0088 | ba45 ffff | ff48 8b6c | 2438 4c8b | 5424 284c | 8954 2420 | 4c8b 5424 
  0x0000017957a40214: 404c 8954 | 2428 4c8b | 5424 684c | 8954 2430 | 4c8b 5424 | 784c 8954 | 2460 4c8b | 5424 704c 
  0x0000017957a40234: 8954 2468 | 8944 2474 

  0x0000017957a4023c: ;   {runtime_call UncommonTrapBlob}
  0x0000017957a4023c: c5f8 77e8 

  0x0000017957a40240: ; ImmutableOopMap {rbp=Oop [32]=Oop [40]=Oop [48]=Oop [80]=Oop [88]=Oop [96]=Oop [144]=NarrowOop }
                      ;*ifeq {reexecute=1 rethrow=0 return_oop=0}
                      ; - (reexecute) java.net.URLClassLoader::getAndVerifyPackage@71
                      ; - java.net.URLClassLoader::defineClass@46
                      ; - java.net.URLClassLoader$1::run@43
                      ; - java.net.URLClassLoader$1::run@1
                      ; - java.security.AccessController::executePrivileged@29
                      ; - java.security.AccessController::doPrivileged@13
                      ; - java.net.URLClassLoader::findClass@13
  0x0000017957a40240: 3c41 88ff 

  0x0000017957a40244: ;   {other}
  0x0000017957a40244: 0f1f 8400 | 3468 0089 

  0x0000017957a4024c: ;   {metadata('java/net/URL')}
  0x0000017957a4024c: 48ba 80a9 | 0100 7901 | 0000 488b | 6c24 6090 

  0x0000017957a4025c: ;   {runtime_call _new_instance_Java}
  0x0000017957a4025c: c5f8 77e8 

  0x0000017957a40260: ; ImmutableOopMap {rbp=Oop [32]=Oop [40]=Oop [48]=NarrowOop [80]=Oop [88]=Oop [96]=Oop [104]=Oop }
                      ;*new {reexecute=0 rethrow=0 return_oop=1}
                      ; - jdk.internal.loader.URLClassPath$FileLoader::getResource@0
                      ; - jdk.internal.loader.URLClassPath::getResource@53
                      ; - java.net.URLClassLoader$1::run@26
                      ; - java.net.URLClassLoader$1::run@1
                      ; - java.security.AccessController::executePrivileged@29
                      ; - java.security.AccessController::doPrivileged@13
                      ; - java.net.URLClassLoader::findClass@13
  0x0000017957a40260: 1c26 8bff 

  0x0000017957a40264: ;   {other}
  0x0000017957a40264: 0f1f 8400 | 5468 008a | e92e cdff | ff4c 8b94 | 2480 0000 | 0045 8b52 | 1445 85d2 | 0f84 cdd7 
  0x0000017957a40284: ffff 4d8b | 5f28 498b | ca48 c1e1 | 034d 85db | 0f84 a215 | 0000 4d8b | 5738 4b89 | 4c1a f849 
  0x0000017957a402a4: 83c3 f84d | 895f 28e9 | a3d7 ffff | 4c8b 5424 | 784d 85d2 | 0f85 13dc | ffff baf6 | ffff ff4c 
  0x0000017957a402c4: 8b54 2428 | 4c89 5424 | 2044 8b5c | 2430 4489 | 5c24 2844 | 8b54 2440 | 4489 5424 | 2c4c 8b54 
  0x0000017957a402e4: 2450 4c89 | 5424 384c | 8b54 2458 | 4c89 5424 | 5066 6690 

  0x0000017957a402f8: ;   {runtime_call UncommonTrapBlob}
  0x0000017957a402f8: c5f8 77e8 

  0x0000017957a402fc: ; ImmutableOopMap {rbp=Oop [32]=Oop [40]=NarrowOop [56]=Oop [80]=Oop [104]=Oop [112]=Oop [128]=Oop }
                      ;*invokevirtual length {reexecute=0 rethrow=0 return_oop=0}
                      ; - java.io.WinNTFileSystem::prefixLength@6
                      ; - java.io.File::<init>@104
                      ; - jdk.internal.loader.URLClassPath$FileLoader::getResource@118
                      ; - jdk.internal.loader.URLClassPath::getResource@53
                      ; - java.net.URLClassLoader$1::run@26
                      ; - java.net.URLClassLoader$1::run@1
                      ; - java.security.AccessController::executePrivileged@29
                      ; - java.security.AccessController::doPrivileged@13
                      ; - java.net.URLClassLoader::findClass@13
  0x0000017957a402fc: 8040 88ff 

  0x0000017957a40300: ;   {other}
  0x0000017957a40300: 0f1f 8400 | f068 008b | 4c8b 9424 | 8000 0000 | 458b 5a10 | 4585 db0f | 845f dbff | ff4d 8b57 
  0x0000017957a40320: 2849 8bcb | 48c1 e103 | 4d85 d20f | 842b 1500 | 004d 8b5f | 384b 894c | 13f8 4983 | c2f8 4d89 
  0x0000017957a40340: 5728 e935 | dbff ff4d | 8b57 584d | 8b5f 48f0 | 8344 24c0 | 0080 3900 | 7432 4488 | 214d 85db 
  0x0000017957a40360: 740f 4b89 | 4c1a f849 | 83c3 f84d | 895f 48eb | 1b49 8bd7 | c5f8 7749 | ba00 a41d | 89f9 7f00 
  0x0000017957a40380: 0041 ffd2 

  0x0000017957a40384: ;   {other}
  0x0000017957a40384: 0f1f 8400 | 0000 0000 | 4c8b 9424 | 8000 0000 | 458b 5a10 | 4585 db0f | 841d ffff | ff4d 8bd3 
  0x0000017957a403a4: 49c1 e203 | 4c89 5424 | 78e9 1fdb 

  0x0000017957a403b0: ;   {metadata('java/io/File')}
  0x0000017957a403b0: ffff 48ba | 10f6 0400 | 7901 0000 

  0x0000017957a403bc: ;   {runtime_call _new_instance_Java}
  0x0000017957a403bc: c5f8 77e8 

  0x0000017957a403c0: ; ImmutableOopMap {rbp=Oop [32]=Oop [40]=Oop [48]=NarrowOop [80]=Oop [88]=Oop [96]=Oop [104]=Oop [112]=Oop [120]=NarrowOop }
                      ;*new {reexecute=0 rethrow=0 return_oop=1}
                      ; - jdk.internal.loader.URLClassPath$FileLoader::getResource@56
                      ; - jdk.internal.loader.URLClassPath::getResource@53
                      ; - java.net.URLClassLoader$1::run@26
                      ; - java.net.URLClassLoader$1::run@1
                      ; - java.security.AccessController::executePrivileged@29
                      ; - java.security.AccessController::doPrivileged@13
                      ; - java.net.URLClassLoader::findClass@13
  0x0000017957a403c0: bc24 8bff 

  0x0000017957a403c4: ;   {other}
  0x0000017957a403c4: 0f1f 8400 | b469 008c | e9e1 ccff 

  0x0000017957a403d0: ;   {metadata('jdk/internal/loader/URLClassPath$FileLoader$1')}
  0x0000017957a403d0: ff48 baa8 | 5834 0179 | 0100 0090 

  0x0000017957a403dc: ;   {runtime_call _new_instance_Java}
  0x0000017957a403dc: c5f8 77e8 

  0x0000017957a403e0: ; ImmutableOopMap {rbp=Oop [32]=Oop [40]=Oop [48]=NarrowOop [80]=Oop [88]=Oop [96]=Oop [104]=Oop [112]=Oop [120]=Oop }
                      ;*new {reexecute=0 rethrow=0 return_oop=1}
                      ; - jdk.internal.loader.URLClassPath$FileLoader::getResource@131
                      ; - jdk.internal.loader.URLClassPath::getResource@53
                      ; - java.net.URLClassLoader$1::run@26
                      ; - java.net.URLClassLoader$1::run@1
                      ; - java.security.AccessController::executePrivileged@29
                      ; - java.security.AccessController::doPrivileged@13
                      ; - java.net.URLClassLoader::findClass@13
  0x0000017957a403e0: 9c24 8bff 

  0x0000017957a403e4: ;   {other}
  0x0000017957a403e4: 0f1f 8400 | d469 008d | e9b7 d2ff | ffba 45ff | ffff 4c8b | 4c24 604c | 896c 2430 | 4c89 4c24 
  0x0000017957a40404: 404c 8974 | 2448 4c89 | 7424 504c | 894c 2458 | 4c8b 4c24 | 784c 894c | 2468 8b9c | 2490 0000 
  0x0000017957a40424: 0089 5c24 | 7c4c 899c | 2490 0000 | 004c 899c | 24a8 0000 | 0044 8984 | 24b0 0000 | 0044 8994 
  0x0000017957a40444: 24b4 0000 | 0089 8c24 | b800 0000 

  0x0000017957a40450: ;   {runtime_call UncommonTrapBlob}
  0x0000017957a40450: c5f8 77e8 

  0x0000017957a40454: ; ImmutableOopMap {[40]=Oop [48]=Oop [64]=Oop [72]=Oop [80]=Oop [88]=Oop [104]=Oop [124]=NarrowOop [136]=Oop [144]=Oop [168]=Oop [176]=NarrowOop }
                      ;*if_icmpne {reexecute=1 rethrow=0 return_oop=0}
                      ; - (reexecute) java.lang.String::equals@33
                      ; - java.util.concurrent.ConcurrentHashMap::get@73
                      ; - java.lang.ClassLoader::getDefinedPackage@13
                      ; - java.net.URLClassLoader::getAndVerifyPackage@2
                      ; - java.net.URLClassLoader::defineClass@46
                      ; - java.net.URLClassLoader$1::run@43
                      ; - java.net.URLClassLoader$1::run@1
                      ; - java.security.AccessController::executePrivileged@29
                      ; - java.security.AccessController::doPrivileged@13
                      ; - java.net.URLClassLoader::findClass@13
  0x0000017957a40454: 283f 88ff 

  0x0000017957a40458: ;   {other}
  0x0000017957a40458: 0f1f 8400 | 486a 008e | ba45 ffff | ff4c 8b4c | 2460 4c89 | 6c24 304c | 894c 2440 | 4c89 7424 
  0x0000017957a40478: 484c 8974 | 2450 4c89 | 4c24 584c | 8b4c 2478 | 4c89 4c24 | 688b 8c24 | 9000 0000 | 894c 247c 
  0x0000017957a40498: 4c89 9c24 | 9000 0000 | 4c89 9c24 | a800 0000 | 4489 8424 | b000 0000 | 4489 9424 | b400 0000 
  0x0000017957a404b8: ;   {runtime_call UncommonTrapBlob}
  0x0000017957a404b8: c5f8 77e8 

  0x0000017957a404bc: ; ImmutableOopMap {[40]=Oop [48]=Oop [64]=Oop [72]=Oop [80]=Oop [88]=Oop [104]=Oop [124]=NarrowOop [136]=Oop [144]=Oop [168]=Oop [176]=NarrowOop }
                      ;*ifge {reexecute=1 rethrow=0 return_oop=0}
                      ; - (reexecute) java.util.concurrent.ConcurrentHashMap::get@86
                      ; - java.lang.ClassLoader::getDefinedPackage@13
                      ; - java.net.URLClassLoader::getAndVerifyPackage@2
                      ; - java.net.URLClassLoader::defineClass@46
                      ; - java.net.URLClassLoader$1::run@43
                      ; - java.net.URLClassLoader$1::run@1
                      ; - java.security.AccessController::executePrivileged@29
                      ; - java.security.AccessController::doPrivileged@13
                      ; - java.net.URLClassLoader::findClass@13
  0x0000017957a404bc: c03e 88ff 

  0x0000017957a404c0: ;   {other}
  0x0000017957a404c0: 0f1f 8400 | b06a 008f | ba45 ffff | ffc4 c1f9 | 7ec0 4c89 | 6c24 304c | 8944 2440 | 4c89 7424 
  0x0000017957a404e0: 484c 8974 | 2450 4c89 | 4424 584c | 8b44 2478 | 4c89 4424 | 6844 8b8c | 2490 0000 | 0044 894c 
  0x0000017957a40500: 247c 4c89 | 9c24 9000 | 0000 4c89 | 9c24 a800 | 0000 4889 | 8c24 b000 | 0000 4489 | 9424 b800 
  0x0000017957a40520: 0000 6690 

  0x0000017957a40524: ;   {runtime_call UncommonTrapBlob}
  0x0000017957a40524: c5f8 77e8 

  0x0000017957a40528: ; ImmutableOopMap {rbp=NarrowOop [40]=Oop [48]=Oop [64]=Oop [72]=Oop [80]=Oop [88]=Oop [104]=Oop [124]=NarrowOop [136]=Oop [144]=Oop [168]=Oop [176]=Oop }
                      ;*ifnull {reexecute=1 rethrow=0 return_oop=0}
                      ; - (reexecute) java.util.concurrent.ConcurrentHashMap::get@143
                      ; - java.lang.ClassLoader::getDefinedPackage@13
                      ; - java.net.URLClassLoader::getAndVerifyPackage@2
                      ; - java.net.URLClassLoader::defineClass@46
                      ; - java.net.URLClassLoader$1::run@43
                      ; - java.net.URLClassLoader$1::run@1
                      ; - java.security.AccessController::executePrivileged@29
                      ; - java.security.AccessController::doPrivileged@13
                      ; - java.net.URLClassLoader::findClass@13
  0x0000017957a40528: 543e 88ff 

  0x0000017957a4052c: ;   {other}
  0x0000017957a4052c: 0f1f 8400 | 1c6b 0090 | ba45 ffff | ff48 8b6c | 2460 4c8b | 5424 284c | 8954 2420 | 4c8b 5424 
  0x0000017957a4054c: 404c 8954 | 2428 4c8b | 5424 684c | 8954 2430 | 4c8b 5424 | 784c 8954 | 2460 4c8b | 5424 704c 
  0x0000017957a4056c: 8954 2468 | 4c8b 9424 | 8000 0000 | 4c89 5424 | 7844 8b9c | 2490 0000 | 0044 895c | 2474 448b 
  0x0000017957a4058c: 9c24 9400 | 0000 4489 | 9c24 9000 | 0000 8984 | 2494 0000 | 0066 6690 

  0x0000017957a405a4: ;   {runtime_call UncommonTrapBlob}
  0x0000017957a405a4: c5f8 77e8 

  0x0000017957a405a8: ; ImmutableOopMap {rbp=Oop [32]=Oop [40]=Oop [48]=Oop [96]=Oop [116]=NarrowOop [120]=Oop [136]=Oop [152]=Oop }
                      ;*ifeq {reexecute=1 rethrow=0 return_oop=0}
                      ; - (reexecute) java.util.concurrent.ConcurrentHashMap::get@152
                      ; - java.lang.ClassLoader::getDefinedPackage@13
                      ; - java.net.URLClassLoader::getAndVerifyPackage@2
                      ; - java.net.URLClassLoader::defineClass@46
                      ; - java.net.URLClassLoader$1::run@43
                      ; - java.net.URLClassLoader$1::run@1
                      ; - java.security.AccessController::executePrivileged@29
                      ; - java.security.AccessController::doPrivileged@13
                      ; - java.net.URLClassLoader::findClass@13
  0x0000017957a405a8: d43d 88ff 

  0x0000017957a405ac: ;   {other}
  0x0000017957a405ac: 0f1f 8400 | 9c6b 0091 | bae4 ffff | ff4c 8b54 | 2460 4c89 | 5424 204c | 8b54 2450 | 448b 5c24 
  0x0000017957a405cc: 4044 895c | 2434 4c89 | 5424 404c | 8b54 2468 | 4c89 5424 | 504c 8b54 | 2470 4c89 | 5424 604c 
  0x0000017957a405ec: 8b94 2480 | 0000 004c | 8954 2470 | 448b 9c24 | a800 0000 | 4489 9c24 | 9800 0000 | 4489 8c24 
  0x0000017957a4060c: a000 0000 

  0x0000017957a40610: ;   {runtime_call UncommonTrapBlob}
  0x0000017957a40610: c5f8 77e8 

  0x0000017957a40614: ; ImmutableOopMap {[32]=Oop [40]=Oop [48]=NarrowOop [64]=Oop [80]=Oop [88]=Oop [96]=Oop [112]=Oop [120]=NarrowOop [128]=Oop [136]=Oop [160]=NarrowOop }
                      ;*invokestatic checkIndex {reexecute=0 rethrow=0 return_oop=0}
                      ; - java.lang.String::checkIndex@5
                      ; - java.lang.StringLatin1::charAt@3
                      ; - java.lang.String::charAt@12
                      ; - java.io.WinNTFileSystem::normalize@31
                      ; - java.io.File::<init>@73
                      ; - jdk.internal.loader.URLClassPath$FileLoader::getResource@73
                      ; - jdk.internal.loader.URLClassPath::getResource@53
                      ; - java.net.URLClassLoader$1::run@26
                      ; - java.net.URLClassLoader$1::run@1
                      ; - java.security.AccessController::executePrivileged@29
                      ; - java.security.AccessController::doPrivileged@13
                      ; - java.net.URLClassLoader::findClass@13
  0x0000017957a40614: 683d 88ff 

  0x0000017957a40618: ;   {other}
  0x0000017957a40618: 0f1f 8400 | 086c 0092 | ba45 ffff | ff48 8b5c | 2460 4c89 | 6c24 3048 | 895c 2440 | 4c89 7424 
  0x0000017957a40638: 484c 8974 | 2450 4889 | 5c24 5848 | 8b5c 2478 | 4889 5c24 | 688b bc24 | 9000 0000 | 897c 247c 
  0x0000017957a40658: 4c89 9c24 | 9000 0000 | 4489 8c24 | a800 0000 | 4c89 9c24 | b000 0000 | 4489 8424 | ac00 0000 
  0x0000017957a40678: 4489 9424 | b800 0000 | 898c 24bc | 0000 0090 

  0x0000017957a40688: ;   {runtime_call UncommonTrapBlob}
  0x0000017957a40688: c5f8 77e8 

  0x0000017957a4068c: ; ImmutableOopMap {[40]=Oop [48]=Oop [64]=Oop [72]=Oop [80]=Oop [88]=Oop [104]=Oop [124]=NarrowOop [136]=Oop [144]=Oop [168]=NarrowOop [172]=NarrowOop [176]=Oop }
                      ;*if_icmpne {reexecute=1 rethrow=0 return_oop=0}
                      ; - (reexecute) java.lang.String::equals@33
                      ; - java.util.concurrent.ConcurrentHashMap::get@73
                      ; - java.lang.ClassLoader::definePackage@47
                      ; - java.lang.ClassLoader::getDefinedPackage@32
                      ; - java.net.URLClassLoader::getAndVerifyPackage@2
                      ; - java.net.URLClassLoader::defineClass@46
                      ; - java.net.URLClassLoader$1::run@43
                      ; - java.net.URLClassLoader$1::run@1
                      ; - java.security.AccessController::executePrivileged@29
                      ; - java.security.AccessController::doPrivileged@13
                      ; - java.net.URLClassLoader::findClass@13
  0x0000017957a4068c: f03c 88ff 

  0x0000017957a40690: ;   {other}
  0x0000017957a40690: 0f1f 8400 | 806c 0093 | bade ffff | ff4c 8b44 | 2428 4c89 | 4424 204c | 8b44 2440 | 4c89 4424 
  0x0000017957a406b0: 284c 8b44 | 2468 4c89 | 4424 304c | 8b44 2478 | 4c89 4424 | 504c 8b44 | 2470 4c89 | 4424 604c 
  0x0000017957a406d0: 8b84 2488 | 0000 004c | 8944 2470 | 4c8b 8424 | 8000 0000 | 4c89 4424 | 784c 899c | 2490 0000 
  0x0000017957a406f0: 004c 8994 | 2498 0000 | 0066 6690 

  0x0000017957a406fc: ;   {runtime_call UncommonTrapBlob}
  0x0000017957a406fc: c5f8 77e8 

  0x0000017957a40700: ; ImmutableOopMap {rbp=Oop [32]=Oop [40]=Oop [48]=Oop [80]=Oop [88]=NarrowOop [112]=Oop [120]=Oop [144]=Oop [152]=Oop [200]=Oop }
                      ;*invokevirtual getName {reexecute=0 rethrow=0 return_oop=0}
                      ; - java.util.jar.JarFile::getManifestFromReference@74
                      ; - java.util.jar.JarFile::getManifest@1
                      ; - jdk.internal.loader.URLClassPath$JarLoader$2::getManifest@22
                      ; - java.net.URLClassLoader::defineClass@34
                      ; - java.net.URLClassLoader$1::run@43
                      ; - java.net.URLClassLoader$1::run@1
                      ; - java.security.AccessController::executePrivileged@29
                      ; - java.security.AccessController::doPrivileged@13
                      ; - java.net.URLClassLoader::findClass@13
  0x0000017957a40700: 7c3c 88ff 

  0x0000017957a40704: ;   {other}
  0x0000017957a40704: 0f1f 8400 | f46c 0094 | ba0f 0000 | 004c 8b54 | 2448 4c89 | 5424 204c | 8b54 2440 | 4c89 5424 
  0x0000017957a40724: 304c 8b54 | 2468 4c89 | 5424 384c | 8b54 2478 | 4c89 5424 | 604c 8b54 | 2470 4c89 | 5424 6890 
  0x0000017957a40744: ;   {runtime_call UncommonTrapBlob}
  0x0000017957a40744: c5f8 77e8 

  0x0000017957a40748: ; ImmutableOopMap {rbp=Oop [32]=Oop [40]=Oop [48]=Oop [56]=Oop [88]=NarrowOop [96]=Oop [128]=Oop [136]=Oop [144]=Oop [200]=Oop }
                      ;*new {reexecute=0 rethrow=0 return_oop=0}
                      ; - java.util.Hashtable::<init>@53
                      ; - java.util.Hashtable::<init>@5
                      ; - java.util.jar.JarVerifier::<init>@39
                      ; - java.util.jar.JarFile::getManifestFromReference@78
                      ; - java.util.jar.JarFile::getManifest@1
                      ; - jdk.internal.loader.URLClassPath$JarLoader$2::getManifest@22
                      ; - java.net.URLClassLoader::defineClass@34
                      ; - java.net.URLClassLoader$1::run@43
                      ; - java.net.URLClassLoader$1::run@1
                      ; - java.security.AccessController::executePrivileged@29
                      ; - java.security.AccessController::doPrivileged@13
                      ; - java.net.URLClassLoader::findClass@13
  0x0000017957a40748: 343c 88ff 

  0x0000017957a4074c: ;   {other}
  0x0000017957a4074c: 0f1f 8400 | 3c6d 0095 | ba0f 0000 | 004c 8b54 | 2448 4c89 | 5424 204c | 8b54 2440 | 4c89 5424 
  0x0000017957a4076c: 304c 8b54 | 2468 4c89 | 5424 384c | 8b54 2478 | 4c89 5424 | 604c 8b54 | 2470 4c89 | 5424 6890 
  0x0000017957a4078c: ;   {runtime_call UncommonTrapBlob}
  0x0000017957a4078c: c5f8 77e8 

  0x0000017957a40790: ; ImmutableOopMap {rbp=Oop [32]=Oop [40]=Oop [48]=Oop [56]=Oop [88]=NarrowOop [96]=Oop [128]=Oop [136]=Oop [144]=Oop [200]=Oop }
                      ;*new {reexecute=0 rethrow=0 return_oop=0}
                      ; - java.util.Hashtable::<init>@53
                      ; - java.util.Hashtable::<init>@5
                      ; - java.util.jar.JarVerifier::<init>@50
                      ; - java.util.jar.JarFile::getManifestFromReference@78
                      ; - java.util.jar.JarFile::getManifest@1
                      ; - jdk.internal.loader.URLClassPath$JarLoader$2::getManifest@22
                      ; - java.net.URLClassLoader::defineClass@34
                      ; - java.net.URLClassLoader$1::run@43
                      ; - java.net.URLClassLoader$1::run@1
                      ; - java.security.AccessController::executePrivileged@29
                      ; - java.security.AccessController::doPrivileged@13
                      ; - java.net.URLClassLoader::findClass@13
  0x0000017957a40790: ec3b 88ff 

  0x0000017957a40794: ;   {other}
  0x0000017957a40794: 0f1f 8400 | 846d 0096 | ba0f 0000 | 004c 8b54 | 2448 4c89 | 5424 204c | 8b54 2440 | 4c89 5424 
  0x0000017957a407b4: 304c 8b54 | 2468 4c89 | 5424 384c | 8b54 2478 | 4c89 5424 | 604c 8b54 | 2470 4c89 | 5424 6890 
  0x0000017957a407d4: ;   {runtime_call UncommonTrapBlob}
  0x0000017957a407d4: c5f8 77e8 

  0x0000017957a407d8: ; ImmutableOopMap {rbp=Oop [32]=Oop [40]=Oop [48]=Oop [56]=Oop [88]=NarrowOop [96]=Oop [128]=Oop [136]=Oop [144]=Oop [200]=Oop }
                      ;*new {reexecute=0 rethrow=0 return_oop=0}
                      ; - java.util.Hashtable::<init>@53
                      ; - java.util.Hashtable::<init>@4
                      ; - java.util.jar.JarVerifier::<init>@63
                      ; - java.util.jar.JarFile::getManifestFromReference@78
                      ; - java.util.jar.JarFile::getManifest@1
                      ; - jdk.internal.loader.URLClassPath$JarLoader$2::getManifest@22
                      ; - java.net.URLClassLoader::defineClass@34
                      ; - java.net.URLClassLoader$1::run@43
                      ; - java.net.URLClassLoader$1::run@1
                      ; - java.security.AccessController::executePrivileged@29
                      ; - java.security.AccessController::doPrivileged@13
                      ; - java.net.URLClassLoader::findClass@13
  0x0000017957a407d8: a43b 88ff 

  0x0000017957a407dc: ;   {other}
  0x0000017957a407dc: 0f1f 8400 | cc6d 0097 | ba45 ffff | ff48 8b4c | 2460 4c89 | 6c24 3048 | 894c 2440 | 4c89 7424 
  0x0000017957a407fc: 484c 8974 | 2450 4889 | 4c24 5848 | 8b4c 2478 | 4889 4c24 | 688b 9c24 | 9000 0000 | 895c 247c 
  0x0000017957a4081c: 4c89 9c24 | 9000 0000 | 4489 8c24 | a800 0000 | 4c89 9c24 | b000 0000 | 4489 8424 | ac00 0000 
  0x0000017957a4083c: 4489 9424 | b800 0000 

  0x0000017957a40844: ;   {runtime_call UncommonTrapBlob}
  0x0000017957a40844: c5f8 77e8 

  0x0000017957a40848: ; ImmutableOopMap {[40]=Oop [48]=Oop [64]=Oop [72]=Oop [80]=Oop [88]=Oop [104]=Oop [124]=NarrowOop [136]=Oop [144]=Oop [168]=NarrowOop [172]=NarrowOop [176]=Oop }
                      ;*ifge {reexecute=1 rethrow=0 return_oop=0}
                      ; - (reexecute) java.util.concurrent.ConcurrentHashMap::get@86
                      ; - java.lang.ClassLoader::definePackage@47
                      ; - java.lang.ClassLoader::getDefinedPackage@32
                      ; - java.net.URLClassLoader::getAndVerifyPackage@2
                      ; - java.net.URLClassLoader::defineClass@46
                      ; - java.net.URLClassLoader$1::run@43
                      ; - java.net.URLClassLoader$1::run@1
                      ; - java.security.AccessController::executePrivileged@29
                      ; - java.security.AccessController::doPrivileged@13
                      ; - java.net.URLClassLoader::findClass@13
  0x0000017957a40848: 343b 88ff 

  0x0000017957a4084c: ;   {other}
  0x0000017957a4084c: 0f1f 8400 | 3c6e 0098 | 4533 dbe9 | 55d8 ffff | 498b f048 | 8b5c 2450 | 498b d7c5 | f877 49ba 
  0x0000017957a4086c: 20a4 1d89 | f97f 0000 

  0x0000017957a40874: ;   {other}
  0x0000017957a40874: 41ff d20f | 1f84 0000 | 0000 00e9 | 00d9 ffff | 498b d849 | 8bd7 c5f8 | 7749 ba20 | a41d 89f9 
  0x0000017957a40894: 7f00 0041 

  0x0000017957a40898: ;   {other}
  0x0000017957a40898: ffd2 0f1f | 8400 0000 | 0000 4c8b | c3e9 54c4 | ffff ba45 | ffff ff4c | 8b44 2460 | 4c89 6c24 
  0x0000017957a408b8: 304c 8944 | 2440 4c89 | 7424 484c | 8974 2450 | 4c89 4424 | 584c 8b44 | 2478 4c89 | 4424 688b 
  0x0000017957a408d8: 8c24 9000 | 0000 894c | 247c 4c89 | 9c24 9000 | 0000 4489 | 8c24 a800 | 0000 4c89 | 9c24 b000 
  0x0000017957a408f8: 0000 4889 | 9c24 b800 | 0000 4489 | 9424 ac00 | 0000 6690 

  0x0000017957a4090c: ;   {runtime_call UncommonTrapBlob}
  0x0000017957a4090c: c5f8 77e8 

  0x0000017957a40910: ; ImmutableOopMap {rbp=NarrowOop [40]=Oop [48]=Oop [64]=Oop [72]=Oop [80]=Oop [88]=Oop [104]=Oop [124]=NarrowOop [136]=Oop [144]=Oop [168]=NarrowOop [176]=Oop [184]=Oop }
                      ;*ifnull {reexecute=1 rethrow=0 return_oop=0}
                      ; - (reexecute) java.util.concurrent.ConcurrentHashMap::get@143
                      ; - java.lang.ClassLoader::definePackage@47
                      ; - java.lang.ClassLoader::getDefinedPackage@32
                      ; - java.net.URLClassLoader::getAndVerifyPackage@2
                      ; - java.net.URLClassLoader::defineClass@46
                      ; - java.net.URLClassLoader$1::run@43
                      ; - java.net.URLClassLoader$1::run@1
                      ; - java.security.AccessController::executePrivileged@29
                      ; - java.security.AccessController::doPrivileged@13
                      ; - java.net.URLClassLoader::findClass@13
  0x0000017957a40910: 6c3a 88ff 

  0x0000017957a40914: ;   {other}
  0x0000017957a40914: 0f1f 8400 | 046f 0099 | ba45 ffff | ff4c 8b5c | 2428 4c89 | 5c24 204c | 8b5c 2440 | 4c89 5c24 
  0x0000017957a40934: 284c 8b5c | 2468 4c89 | 5c24 304c | 8b9c 2488 | 0000 004c | 895c 2460 | 4c8b 5c24 | 704c 895c 
  0x0000017957a40954: 2468 448b | 4424 784c | 8b9c 2498 | 0000 004c | 899c 2488 | 0000 0044 | 8944 2474 | 4c8b 9c24 
  0x0000017957a40974: 8000 0000 | 4c89 5c24 | 7844 8b9c | 2494 0000 | 0044 899c | 2490 0000 | 0044 8b84 | 24a0 0000 
  0x0000017957a40994: 0044 8984 | 2494 0000 | 0089 8424 | a000 0000 

  0x0000017957a409a4: ;   {runtime_call UncommonTrapBlob}
  0x0000017957a409a4: c5f8 77e8 

  0x0000017957a409a8: ; ImmutableOopMap {rbp=Oop [32]=Oop [40]=Oop [48]=Oop [96]=Oop [116]=NarrowOop [120]=Oop [136]=Oop [144]=NarrowOop [168]=Oop }
                      ;*ifeq {reexecute=1 rethrow=0 return_oop=0}
                      ; - (reexecute) java.util.concurrent.ConcurrentHashMap::get@152
                      ; - java.lang.ClassLoader::definePackage@47
                      ; - java.lang.ClassLoader::getDefinedPackage@32
                      ; - java.net.URLClassLoader::getAndVerifyPackage@2
                      ; - java.net.URLClassLoader::defineClass@46
                      ; - java.net.URLClassLoader$1::run@43
                      ; - java.net.URLClassLoader$1::run@1
                      ; - java.security.AccessController::executePrivileged@29
                      ; - java.security.AccessController::doPrivileged@13
                      ; - java.net.URLClassLoader::findClass@13
  0x0000017957a409a8: d439 88ff 

  0x0000017957a409ac: ;   {other}
  0x0000017957a409ac: 0f1f 8400 | 9c6f 009a | bade ffff | ff48 8b6c | 2448 4c8b | 4424 284c | 8944 2420 | 4c8b 4424 
  0x0000017957a409cc: 404c 8944 | 2428 4c8b | 4424 684c | 8944 2430 | 4c8b 4424 | 784c 8944 | 2460 4c8b | 4424 704c 
  0x0000017957a409ec: 8944 2468 | 4c89 5424 | 784c 899c | 2480 0000 | 0066 6690 

  0x0000017957a40a00: ;   {runtime_call UncommonTrapBlob}
  0x0000017957a40a00: c5f8 77e8 

  0x0000017957a40a04: ; ImmutableOopMap {rbp=Oop [32]=Oop [40]=Oop [48]=Oop [80]=Oop [88]=NarrowOop [96]=Oop [120]=Oop [128]=Oop [200]=Oop }
                      ;*invokevirtual close {reexecute=0 rethrow=0 return_oop=0}
                      ; - java.util.jar.JarFile::getManifestFromReference@152
                      ; - java.util.jar.JarFile::getManifest@1
                      ; - jdk.internal.loader.URLClassPath$JarLoader$2::getManifest@22
                      ; - java.net.URLClassLoader::defineClass@34
                      ; - java.net.URLClassLoader$1::run@43
                      ; - java.net.URLClassLoader$1::run@1
                      ; - java.security.AccessController::executePrivileged@29
                      ; - java.security.AccessController::doPrivileged@13
                      ; - java.net.URLClassLoader::findClass@13
  0x0000017957a40a04: 7839 88ff 

  0x0000017957a40a08: ;   {other}
  0x0000017957a40a08: 0f1f 8400 | f86f 009b | ba45 ffff | ff4c 8b54 | 2448 4c89 | 5424 204c | 8b54 2440 | 4c89 5424 
  0x0000017957a40a28: 304c 8b54 | 2468 4c89 | 5424 384c | 8b54 2478 | 4c89 5424 | 604c 8b54 | 2470 4c89 | 5424 684c 
  0x0000017957a40a48: 895c 2478 

  0x0000017957a40a4c: ;   {runtime_call UncommonTrapBlob}
  0x0000017957a40a4c: c5f8 77e8 

  0x0000017957a40a50: ; ImmutableOopMap {[32]=Oop [40]=Oop [48]=Oop [56]=Oop [96]=Oop [120]=Oop [128]=Oop [144]=NarrowOop [200]=Oop }
                      ;*ifne {reexecute=1 rethrow=0 return_oop=0}
                      ; - (reexecute) java.util.jar.JarFile::getManifestFromReference@52
                      ; - java.util.jar.JarFile::getManifest@1
                      ; - jdk.internal.loader.URLClassPath$JarLoader$2::getManifest@22
                      ; - java.net.URLClassLoader::defineClass@34
                      ; - java.net.URLClassLoader$1::run@43
                      ; - java.net.URLClassLoader$1::run@1
                      ; - java.security.AccessController::executePrivileged@29
                      ; - java.security.AccessController::doPrivileged@13
                      ; - java.net.URLClassLoader::findClass@13
  0x0000017957a40a50: 2c39 88ff 

  0x0000017957a40a54: ;   {other}
  0x0000017957a40a54: 0f1f 8400 | 4470 009c | ba45 ffff | ff4c 8b5c | 2428 4c89 | 5c24 204c | 8b5c 2440 | 4c89 5c24 
  0x0000017957a40a74: 284c 8b5c | 2468 4c89 | 5c24 304c | 8b5c 2478 | 4c89 5c24 | 504c 8b5c | 2470 4c89 | 5c24 6089 
  0x0000017957a40a94: 4424 5c90 

  0x0000017957a40a98: ;   {runtime_call UncommonTrapBlob}
  0x0000017957a40a98: c5f8 77e8 

  0x0000017957a40a9c: ; ImmutableOopMap {rbp=Oop [32]=Oop [40]=Oop [48]=Oop [80]=Oop [88]=NarrowOop [128]=Oop [136]=Oop [200]=Oop }
                      ;*if_icmpne {reexecute=1 rethrow=0 return_oop=0}
                      ; - (reexecute) java.util.jar.JarFile::getManifestFromReference@65
                      ; - java.util.jar.JarFile::getManifest@1
                      ; - jdk.internal.loader.URLClassPath$JarLoader$2::getManifest@22
                      ; - java.net.URLClassLoader::defineClass@34
                      ; - java.net.URLClassLoader$1::run@43
                      ; - java.net.URLClassLoader$1::run@1
                      ; - java.security.AccessController::executePrivileged@29
                      ; - java.security.AccessController::doPrivileged@13
                      ; - java.net.URLClassLoader::findClass@13
  0x0000017957a40a9c: e038 88ff 

  0x0000017957a40aa0: ;   {other}
  0x0000017957a40aa0: 0f1f 8400 | 9070 009d | 498b d7c5 | f877 49ba | 20a4 1d89 | f97f 0000 

  0x0000017957a40ab8: ;   {other}
  0x0000017957a40ab8: 41ff d20f | 1f84 0000 | 0000 00e9 | 42d9 ffff | 498b d7c5 | f877 49ba | 20a4 1d89 | f97f 0000 
  0x0000017957a40ad8: ;   {other}
  0x0000017957a40ad8: 41ff d20f | 1f84 0000 | 0000 00e9 | d6b7 ffff | 498b d7c5 | f877 49ba | 20a4 1d89 | f97f 0000 
  0x0000017957a40af8: ;   {other}
  0x0000017957a40af8: 41ff d20f | 1f84 0000 | 0000 00e9 | ffb7 ffff | 498b d7c5 | f877 49ba | 20a4 1d89 | f97f 0000 
  0x0000017957a40b18: ;   {other}
  0x0000017957a40b18: 41ff d20f | 1f84 0000 | 0000 00e9 | 22b9 ffff | 498b d7c5 | f877 49ba | 20a4 1d89 | f97f 0000 
  0x0000017957a40b38: ;   {other}
  0x0000017957a40b38: 41ff d20f | 1f84 0000 | 0000 00e9 | 4bb9 ffff | 498b d7c5 | f877 49ba | 20a4 1d89 | f97f 0000 
  0x0000017957a40b58: ;   {other}
  0x0000017957a40b58: 41ff d20f | 1f84 0000 | 0000 00e9 | d3d9 ffff | 498b d7c5 | f877 49ba | 20a4 1d89 | f97f 0000 
  0x0000017957a40b78: ;   {other}
  0x0000017957a40b78: 41ff d20f | 1f84 0000 | 0000 00e9 | b4da ffff | 498b d7c5 | f877 49ba | 20a4 1d89 | f97f 0000 
  0x0000017957a40b98: ;   {other}
  0x0000017957a40b98: 41ff d20f | 1f84 0000 | 0000 00e9 | d5da ffff | 498b d7c5 | f877 49ba | 20a4 1d89 | f97f 0000 
  0x0000017957a40bb8: ;   {other}
  0x0000017957a40bb8: 41ff d20f | 1f84 0000 | 0000 00e9 | 2abc ffff | 498b d7c5 | f877 49ba | 20a4 1d89 | f97f 0000 
  0x0000017957a40bd8: ;   {other}
  0x0000017957a40bd8: 41ff d20f | 1f84 0000 | 0000 00e9 | 33bd ffff | 498b d7c5 | f877 49ba | 20a4 1d89 | f97f 0000 
  0x0000017957a40bf8: ;   {other}
  0x0000017957a40bf8: 41ff d20f | 1f84 0000 | 0000 00e9 | 25ba ffff | 498b d7c5 | f877 49ba | 20a4 1d89 | f97f 0000 
  0x0000017957a40c18: ;   {other}
  0x0000017957a40c18: 41ff d20f | 1f84 0000 | 0000 00e9 | 8eda ffff | 498b d7c5 | f877 49ba | 20a4 1d89 | f97f 0000 
  0x0000017957a40c38: ;   {other}
  0x0000017957a40c38: 41ff d20f | 1f84 0000 | 0000 00e9 | 08bf ffff | 498b d7c5 | f877 49ba | 20a4 1d89 | f97f 0000 
  0x0000017957a40c58: ;   {other}
  0x0000017957a40c58: 41ff d20f | 1f84 0000 | 0000 00e9 | 0cdb ffff | 498b d7c5 | f877 49ba | 20a4 1d89 | f97f 0000 
  0x0000017957a40c78: ;   {other}
  0x0000017957a40c78: 41ff d20f | 1f84 0000 | 0000 00e9 | 66be ffff | 498b d7c5 | f877 49ba | 20a4 1d89 | f97f 0000 
  0x0000017957a40c98: ;   {other}
  0x0000017957a40c98: 41ff d20f | 1f84 0000 | 0000 004c | 8bc5 e9b7 | bfff ff49 | 8bd3 48c1 | e203 448b | 8424 ac00 
  0x0000017957a40cb8: 0000 488b | 6c24 6090 

  0x0000017957a40cc0: ;   {static_call}
  0x0000017957a40cc0: c5f8 77e8 

  0x0000017957a40cc4: ; ImmutableOopMap {rbp=Oop [32]=Oop [40]=Oop [48]=NarrowOop [80]=Oop [88]=Oop [96]=Oop [104]=Oop [112]=Oop [120]=NarrowOop [128]=Oop [136]=Oop }
                      ;*invokestatic charAt {reexecute=0 rethrow=0 return_oop=0}
                      ; - java.lang.String::charAt@21
                      ; - java.io.WinNTFileSystem::normalize@31
                      ; - java.io.File::<init>@73
                      ; - jdk.internal.loader.URLClassPath$FileLoader::getResource@118
                      ; - jdk.internal.loader.URLClassPath::getResource@53
                      ; - java.net.URLClassLoader$1::run@26
                      ; - java.net.URLClassLoader$1::run@1
                      ; - java.security.AccessController::executePrivileged@29
                      ; - java.security.AccessController::doPrivileged@13
                      ; - java.net.URLClassLoader::findClass@13
  0x0000017957a40cc4: b8e3 87ff 

  0x0000017957a40cc8: ;   {other}
  0x0000017957a40cc8: 0f1f 8400 | b872 009e | 448b c0e9 | b0ce ffff | 4533 d245 | 8bc2 e9a7 | d2ff ff49 | 8bd7 c5f8 
  0x0000017957a40ce8: 7749 ba20 | a41d 89f9 | 7f00 0041 

  0x0000017957a40cf4: ;   {other}
  0x0000017957a40cf4: ffd2 0f1f | 8400 0000 | 0000 e98b | b1ff ff49 | 8bf9 498b | d849 8bd7 | c5f8 7749 | ba20 a41d 
  0x0000017957a40d14: 89f9 7f00 | 0041 ffd2 

  0x0000017957a40d1c: ;   {other}
  0x0000017957a40d1c: 0f1f 8400 | 0000 0000 | 4c8b c34c | 8bcf e94f | b2ff ff49 | 8bd7 c5f8 | 7749 ba20 | a41d 89f9 
  0x0000017957a40d3c: 7f00 0041 

  0x0000017957a40d40: ;   {other}
  0x0000017957a40d40: ffd2 0f1f | 8400 0000 | 0000 e937 | e1ff ff49 | 8bd7 c5f8 | 7749 ba20 | a41d 89f9 | 7f00 0041 
  0x0000017957a40d60: ;   {other}
  0x0000017957a40d60: ffd2 0f1f | 8400 0000 | 0000 4c8b | d5e9 80b2 

  0x0000017957a40d70: ;   {metadata('java/io/File')}
  0x0000017957a40d70: ffff 48ba | 10f6 0400 | 7901 0000 

  0x0000017957a40d7c: ;   {runtime_call _new_instance_Java}
  0x0000017957a40d7c: c5f8 77e8 

  0x0000017957a40d80: ; ImmutableOopMap {rbp=Oop [32]=Oop [40]=Oop [48]=NarrowOop [80]=Oop [88]=Oop [96]=Oop [104]=Oop [112]=Oop [120]=NarrowOop }
                      ;*new {reexecute=0 rethrow=0 return_oop=1}
                      ; - jdk.internal.loader.URLClassPath$FileLoader::getResource@101
                      ; - jdk.internal.loader.URLClassPath::getResource@53
                      ; - java.net.URLClassLoader$1::run@26
                      ; - java.net.URLClassLoader$1::run@1
                      ; - java.security.AccessController::executePrivileged@29
                      ; - java.security.AccessController::doPrivileged@13
                      ; - java.net.URLClassLoader::findClass@13
  0x0000017957a40d80: fc1a 8bff 

  0x0000017957a40d84: ;   {other}
  0x0000017957a40d84: 0f1f 8400 | 7473 009f | e981 ccff | ffba 45ff | ffff 4c8b | 5424 284c | 8954 2420 | 4c8b 5424 
  0x0000017957a40da4: 404c 8954 | 2428 4c8b | 5424 684c | 8954 2430 | 4c8b 5424 | 704c 8954 | 2468 448b | 5424 5844 
  0x0000017957a40dc4: 8954 2454 | 4c8b 5424 | 784c 8954 | 2470 4889 | 8424 8000 | 0000 6690 

  0x0000017957a40ddc: ;   {runtime_call UncommonTrapBlob}
  0x0000017957a40ddc: c5f8 77e8 

  0x0000017957a40de0: ; ImmutableOopMap {rbp=Oop [32]=Oop [40]=Oop [48]=Oop [80]=NarrowOop [84]=NarrowOop [112]=Oop [128]=Oop [200]=Oop }
                      ;*ifnull {reexecute=1 rethrow=0 return_oop=0}
                      ; - (reexecute) java.util.jar.JarFile::maybeInstantiateVerifier@27
                      ; - java.util.jar.JarFile::ensureInitialization@1
                      ; - java.util.jar.JavaUtilJarAccessImpl::ensureInitialization@1
                      ; - jdk.internal.loader.URLClassPath$JarLoader$2::getManifest@10
                      ; - java.net.URLClassLoader::defineClass@34
                      ; - java.net.URLClassLoader$1::run@43
                      ; - java.net.URLClassLoader$1::run@1
                      ; - java.security.AccessController::executePrivileged@29
                      ; - java.security.AccessController::doPrivileged@13
                      ; - java.net.URLClassLoader::findClass@13
  0x0000017957a40de0: 9c35 88ff 

  0x0000017957a40de4: ;   {other}
  0x0000017957a40de4: 0f1f 8400 | d473 00a0 | ba45 ffff | ff4c 8b54 | 2460 4c89 | 5424 204c | 8b54 2440 | 4c89 5424 
  0x0000017957a40e04: 304c 8b54 | 2468 4c89 | 5424 384c | 8b54 2470 | 4c89 5424 | 6844 8984 | 2480 0000 | 0066 6690 
  0x0000017957a40e24: ;   {runtime_call UncommonTrapBlob}
  0x0000017957a40e24: c5f8 77e8 

  0x0000017957a40e28: ; ImmutableOopMap {rbp=NarrowOop [32]=Oop [40]=Oop [48]=Oop [56]=Oop [88]=NarrowOop [120]=Oop [128]=NarrowOop [200]=Oop }
                      ;*ifnull {reexecute=1 rethrow=0 return_oop=0}
                      ; - (reexecute) java.util.jar.JarFile::ensureInitialization@21
                      ; - java.util.jar.JavaUtilJarAccessImpl::ensureInitialization@1
                      ; - jdk.internal.loader.URLClassPath$JarLoader$2::getManifest@10
                      ; - java.net.URLClassLoader::defineClass@34
                      ; - java.net.URLClassLoader$1::run@43
                      ; - java.net.URLClassLoader$1::run@1
                      ; - java.security.AccessController::executePrivileged@29
                      ; - java.security.AccessController::doPrivileged@13
                      ; - java.net.URLClassLoader::findClass@13
  0x0000017957a40e28: 5435 88ff 

  0x0000017957a40e2c: ;   {other}
  0x0000017957a40e2c: 0f1f 8400 | 1c74 00a1 | bae4 ffff | ff4c 8b54 | 2460 4c89 | 5424 204c | 8b54 2450 | 448b 5c24 
  0x0000017957a40e4c: 4044 895c | 2434 4c89 | 5424 404c | 8b54 2468 | 4c89 5424 | 504c 8b54 | 2470 4c89 | 5424 604c 
  0x0000017957a40e6c: 8b94 2480 | 0000 004c | 8954 2470 | 448b 9c24 | a800 0000 | 4489 9c24 | 9800 0000 | 4489 8c24 
  0x0000017957a40e8c: a000 0000 

  0x0000017957a40e90: ;   {runtime_call UncommonTrapBlob}
  0x0000017957a40e90: c5f8 77e8 

  0x0000017957a40e94: ; ImmutableOopMap {[32]=Oop [40]=Oop [48]=NarrowOop [64]=Oop [80]=Oop [88]=Oop [96]=Oop [112]=Oop [120]=NarrowOop [128]=Oop [136]=Oop [160]=NarrowOop }
                      ;*invokestatic checkIndex {reexecute=0 rethrow=0 return_oop=0}
                      ; - java.lang.String::checkIndex@5
                      ; - java.lang.StringLatin1::charAt@3
                      ; - java.lang.String::charAt@12
                      ; - java.io.WinNTFileSystem::normalize@31
                      ; - java.io.File::<init>@73
                      ; - jdk.internal.loader.URLClassPath$FileLoader::getResource@118
                      ; - jdk.internal.loader.URLClassPath::getResource@53
                      ; - java.net.URLClassLoader$1::run@26
                      ; - java.net.URLClassLoader$1::run@1
                      ; - java.security.AccessController::executePrivileged@29
                      ; - java.security.AccessController::doPrivileged@13
                      ; - java.net.URLClassLoader::findClass@13
  0x0000017957a40e94: e834 88ff 

  0x0000017957a40e98: ;   {other}
  0x0000017957a40e98: 0f1f 8400 | 8874 00a2 | 458b d049 | 8bd2 48c1 | e203 4533 | c066 6690 

  0x0000017957a40eb0: ;   {static_call}
  0x0000017957a40eb0: c5f8 77e8 

  0x0000017957a40eb4: ; ImmutableOopMap {rbp=Oop [32]=Oop [40]=Oop [48]=NarrowOop [80]=Oop [88]=Oop [96]=Oop [104]=Oop [112]=Oop [120]=Oop [128]=Oop }
                      ;*invokestatic charAt {reexecute=0 rethrow=0 return_oop=0}
                      ; - java.lang.String::charAt@21
                      ; - java.io.WinNTFileSystem::prefixLength@18
                      ; - java.io.File::<init>@104
                      ; - jdk.internal.loader.URLClassPath$FileLoader::getResource@73
                      ; - jdk.internal.loader.URLClassPath::getResource@53
                      ; - java.net.URLClassLoader$1::run@26
                      ; - java.net.URLClassLoader$1::run@1
                      ; - java.security.AccessController::executePrivileged@29
                      ; - java.security.AccessController::doPrivileged@13
                      ; - java.net.URLClassLoader::findClass@13
  0x0000017957a40eb4: c8e1 87ff 

  0x0000017957a40eb8: ;   {other}
  0x0000017957a40eb8: 0f1f 8400 | a874 00a3 | 8984 2490 | 0000 00e9 | 9fc5 ffff | 498b d148 | c1e2 0341 | b801 0000 
  0x0000017957a40ed8: 0066 6690 

  0x0000017957a40edc: ;   {static_call}
  0x0000017957a40edc: c5f8 77e8 

  0x0000017957a40ee0: ; ImmutableOopMap {rbp=Oop [32]=Oop [40]=Oop [48]=NarrowOop [80]=Oop [88]=Oop [96]=Oop [104]=Oop [112]=Oop [120]=Oop [128]=Oop }
                      ;*invokestatic charAt {reexecute=0 rethrow=0 return_oop=0}
                      ; - java.lang.String::charAt@21
                      ; - java.io.WinNTFileSystem::prefixLength@30
                      ; - java.io.File::<init>@104
                      ; - jdk.internal.loader.URLClassPath$FileLoader::getResource@73
                      ; - jdk.internal.loader.URLClassPath::getResource@53
                      ; - java.net.URLClassLoader$1::run@26
                      ; - java.net.URLClassLoader$1::run@1
                      ; - java.security.AccessController::executePrivileged@29
                      ; - java.security.AccessController::doPrivileged@13
                      ; - java.net.URLClassLoader::findClass@13
  0x0000017957a40ee0: 9ce1 87ff 

  0x0000017957a40ee4: ;   {other}
  0x0000017957a40ee4: 0f1f 8400 | d474 00a4 | 448b c0e9 | bfc5 ffff | 498b d348 | c1e2 0341 | b802 0000 | 0048 8b6c 
  0x0000017957a40f04: 2460 6690 

  0x0000017957a40f08: ;   {static_call}
  0x0000017957a40f08: c5f8 77e8 

  0x0000017957a40f0c: ; ImmutableOopMap {rbp=Oop [32]=Oop [40]=Oop [48]=NarrowOop [80]=Oop [88]=Oop [96]=Oop [104]=Oop [112]=Oop [128]=Oop }
                      ;*invokestatic charAt {reexecute=0 rethrow=0 return_oop=0}
                      ; - java.lang.String::charAt@21
                      ; - java.io.WinNTFileSystem::prefixLength@78
                      ; - java.io.File::<init>@104
                      ; - jdk.internal.loader.URLClassPath$FileLoader::getResource@73
                      ; - jdk.internal.loader.URLClassPath::getResource@53
                      ; - java.net.URLClassLoader$1::run@26
                      ; - java.net.URLClassLoader$1::run@1
                      ; - java.security.AccessController::executePrivileged@29
                      ; - java.security.AccessController::doPrivileged@13
                      ; - java.net.URLClassLoader::findClass@13
  0x0000017957a40f0c: 70e1 87ff 

  0x0000017957a40f10: ;   {other}
  0x0000017957a40f10: 0f1f 8400 | 0075 00a5 | 448b d8e9 | 9ec6 ffff | eb00 448b | 4008 49ba | 0000 0000 | 7901 0000 
  0x0000017957a40f30: 4d03 d0eb | 68e9 a600 | 0000 448b | 5808 49ba | 0000 0000 | 7901 0000 | 4d03 d3eb | 50eb 3d44 
  0x0000017957a40f50: 8b58 0849 | ba00 0000 | 0079 0100 | 004d 03d3 | eb11 448b | 5808 49ba | 0000 0000 | 7901 0000 
  0x0000017957a40f70: 4d03 d34d 

  0x0000017957a40f74: ;   {metadata('java/lang/RuntimeException')}
  0x0000017957a40f74: 8b5a 4849 | b8a8 b705 | 0079 0100 | 004d 3bd8 | 7562 eb28 | eb02 eb00 | 448b 4008 | 49ba 0000 
  0x0000017957a40f94: 0000 7901 | 0000 4d03 | d04d 8b5a 

  0x0000017957a40fa0: ;   {metadata('java/lang/RuntimeException')}
  0x0000017957a40fa0: 4849 b8a8 | b705 0079 | 0100 004d | 3bd8 7508 | 488b d0e9 | 039c ffff | 4d8b 5240 

  0x0000017957a40fbc: ;   {metadata('java/lang/Exception')}
  0x0000017957a40fbc: 49bb 20c0 | 0000 7901 | 0000 4d3b | d30f 843e | 0600 0044 

  0x0000017957a40fd0: ;   {metadata('java/security/PrivilegedActionException')}
  0x0000017957a40fd0: 8b58 0841 | 81fb b08f | 1201 0f84 | 4806 0000 | 488b d0e9 | d39b ffff | 4d8b 5240 

  0x0000017957a40fec: ;   {metadata('java/lang/Exception')}
  0x0000017957a40fec: 49b8 20c0 | 0000 7901 | 0000 4d3b | d00f 8449 

  0x0000017957a40ffc: ;   {metadata('java/security/PrivilegedActionException')}
  0x0000017957a40ffc: 0a00 0049 | bab0 8f12 | 0179 0100 | 004d 3bda | 0f84 760a | 0000 448b | 5808 49ba | 0000 0000 
  0x0000017957a4101c: 7901 0000 | 4d03 d34d 

  0x0000017957a41024: ;   {metadata('java/io/IOException')}
  0x0000017957a41024: 8b52 4849 | bb58 5304 | 0179 0100 | 004d 3bd3 | 0f85 52ff | ffff 4c8b | d849 8b87 | b801 0000 
  0x0000017957a41044: 4c8b d049 | 83c2 284d | 3b97 c801 | 0000 0f83 | 8c05 0000 | 4d89 97b8 | 0100 0041 | 0f0d 8ac0 
  0x0000017957a41064: 0000 0048 | c700 0100 

  0x0000017957a4106c: ;   {metadata('java/lang/InternalError')}
  0x0000017957a4106c: 0000 c740 | 0838 0701 | 0044 8960 | 0c4c 8960 | 104c 8960 | 184c 8960 | 204c 895c | 2438 4c8b 
  0x0000017957a4108c: d04c 8954 | 2448 488b | 6c24 2844 | 8b5c 2430 | 4489 5c24 | 204c 8b54 | 2450 4c89 | 5424 2844 
  0x0000017957a410ac: 8b54 2440 | 4489 5424 | 2448 8b54 | 2448 4c8b | 4424 384c | 8b54 2460 | 4c89 5424 | 3866 6690 
  0x0000017957a410cc: ;   {optimized virtual_call}
  0x0000017957a410cc: c5f8 77e8 

  0x0000017957a410d0: ; ImmutableOopMap {rbp=Oop [32]=NarrowOop [40]=Oop [56]=Oop [72]=Oop [96]=Oop [104]=Oop }
                      ;*invokespecial <init> {reexecute=0 rethrow=0 return_oop=0}
                      ; - jdk.internal.loader.URLClassPath$JarLoader::getResource@13
                      ; - jdk.internal.loader.URLClassPath::getResource@53
                      ; - java.net.URLClassLoader$1::run@26
                      ; - java.net.URLClassLoader$1::run@1
                      ; - java.security.AccessController::executePrivileged@29
                      ; - java.security.AccessController::doPrivileged@13
                      ; - java.net.URLClassLoader::findClass@13
  0x0000017957a410d0: acd9 87ff 

  0x0000017957a410d4: ;   {other}
  0x0000017957a410d4: 0f1f 8400 | c476 00a6 | 488b 5424 | 48e9 d59a | ffff baf6 | ffff ff4c | 8b54 2460 | 4c89 5424 
  0x0000017957a410f4: 2044 8b54 | 2440 4489 | 5424 344c | 8b54 2450 | 4c89 5424 | 4066 6690 

  0x0000017957a4110c: ;   {runtime_call UncommonTrapBlob}
  0x0000017957a4110c: c5f8 77e8 

  0x0000017957a41110: ; ImmutableOopMap {rbp=NarrowOop [32]=Oop [40]=Oop [48]=NarrowOop [64]=Oop [88]=Oop [104]=Oop [112]=Oop }
                      ;*invokevirtual startsWith {reexecute=0 rethrow=0 return_oop=0}
                      ; - jdk.internal.loader.URLClassPath$FileLoader::getResource@31
                      ; - jdk.internal.loader.URLClassPath::getResource@53
                      ; - java.net.URLClassLoader$1::run@26
                      ; - java.net.URLClassLoader$1::run@1
                      ; - java.security.AccessController::executePrivileged@29
                      ; - java.security.AccessController::doPrivileged@13
                      ; - java.net.URLClassLoader::findClass@13
  0x0000017957a41110: 6c32 88ff 

  0x0000017957a41114: ;   {other}
  0x0000017957a41114: 0f1f 8400 | 0477 00a7 | bac6 ffff | ff48 8b6c | 2460 4c8b | 5c24 284c | 895c 2420 | 448b 4424 
  0x0000017957a41134: 3044 8944 | 2428 4c8b | 5c24 5044 | 8954 242c | 4889 4424 | 384c 895c | 2440 6690 

  0x0000017957a41150: ;   {runtime_call UncommonTrapBlob}
  0x0000017957a41150: c5f8 77e8 

  0x0000017957a41154: ; ImmutableOopMap {rbp=Oop [32]=Oop [40]=NarrowOop [56]=Oop [64]=Oop [104]=Oop }
                      ;*invokevirtual getResource {reexecute=0 rethrow=0 return_oop=0}
                      ; - jdk.internal.loader.URLClassPath::getResource@53
                      ; - java.net.URLClassLoader$1::run@26
                      ; - java.net.URLClassLoader$1::run@1
                      ; - java.security.AccessController::executePrivileged@29
                      ; - java.security.AccessController::doPrivileged@13
                      ; - java.net.URLClassLoader::findClass@13
  0x0000017957a41154: 2832 88ff 

  0x0000017957a41158: ;   {other}
  0x0000017957a41158: 0f1f 8400 | 4877 00a8 | baf6 ffff | ff4c 8b54 | 2460 4c89 | 5424 204c | 8b54 2450 | 448b 5c24 
  0x0000017957a41178: 4044 895c | 2434 4c89 | 5424 404c | 8b54 2468 | 4c89 5424 | 5066 6690 

  0x0000017957a41190: ;   {runtime_call UncommonTrapBlob}
  0x0000017957a41190: c5f8 77e8 

  0x0000017957a41194: ; ImmutableOopMap {rbp=NarrowOop [32]=Oop [40]=Oop [48]=NarrowOop [64]=Oop [80]=Oop [88]=Oop [112]=Oop [120]=Oop }
                      ;*invokevirtual startsWith {reexecute=0 rethrow=0 return_oop=0}
                      ; - jdk.internal.loader.URLClassPath$FileLoader::getResource@93
                      ; - jdk.internal.loader.URLClassPath::getResource@53
                      ; - java.net.URLClassLoader$1::run@26
                      ; - java.net.URLClassLoader$1::run@1
                      ; - java.security.AccessController::executePrivileged@29
                      ; - java.security.AccessController::doPrivileged@13
                      ; - java.net.URLClassLoader::findClass@13
  0x0000017957a41194: e831 88ff 

  0x0000017957a41198: ;   {other}
  0x0000017957a41198: 0f1f 8400 | 8877 00a9 | 33ed 4585 | db40 0f96 | c5ba 45ff | ffff 4c8b | 5424 604c | 8954 2420 
  0x0000017957a411b8: 448b 5424 | 4044 8954 | 2434 4c8b | 5424 504c | 8954 2440 | 4c8b 5424 | 684c 8954 | 2450 4c8b 
  0x0000017957a411d8: 5424 704c | 8954 2460 | 4c8b 9424 | 8000 0000 | 4c89 5424 | 7066 6690 

  0x0000017957a411f0: ;   {runtime_call UncommonTrapBlob}
  0x0000017957a411f0: c5f8 77e8 

  0x0000017957a411f4: ; ImmutableOopMap {[32]=Oop [40]=Oop [48]=NarrowOop [64]=Oop [80]=Oop [88]=Oop [96]=Oop [112]=Oop [128]=Oop [136]=Oop }
                      ;*ifeq {reexecute=1 rethrow=0 return_oop=0}
                      ; - (reexecute) java.io.File::<init>@32
                      ; - jdk.internal.loader.URLClassPath$FileLoader::getResource@73
                      ; - jdk.internal.loader.URLClassPath::getResource@53
                      ; - java.net.URLClassLoader$1::run@26
                      ; - java.net.URLClassLoader$1::run@1
                      ; - java.security.AccessController::executePrivileged@29
                      ; - java.security.AccessController::doPrivileged@13
                      ; - java.net.URLClassLoader::findClass@13
  0x0000017957a411f4: 8831 88ff 

  0x0000017957a411f8: ;   {other}
  0x0000017957a411f8: 0f1f 8400 | e877 00aa | bae4 ffff | ff4c 8b54 | 2428 4c89 | 5424 2044 | 8b5c 2430 | 4489 5c24 
  0x0000017957a41218: 2844 8b54 | 2440 4489 | 5424 2c4c | 8b54 2450 | 4c89 5424 | 384c 8b54 | 2468 4c89 | 5424 484c 
  0x0000017957a41238: 8b54 2458 | 4c89 5424 | 504c 8b54 | 2470 4c89 | 5424 584c | 8b94 2480 | 0000 004c | 8954 2468 
  0x0000017957a41258: 4c8b 5424 | 784c 8954 | 2470 4489 | 8424 8000 | 0000 898c | 2484 0000 | 0066 6690 

  0x0000017957a41274: ;   {runtime_call UncommonTrapBlob}
  0x0000017957a41274: c5f8 77e8 

  0x0000017957a41278: ; ImmutableOopMap {rbp=Oop [32]=Oop [40]=NarrowOop [56]=Oop [72]=Oop [80]=Oop [88]=Oop [104]=Oop [112]=Oop [128]=NarrowOop }
                      ;*invokestatic checkIndex {reexecute=0 rethrow=0 return_oop=0}
                      ; - java.lang.String::checkIndex@5
                      ; - java.lang.StringLatin1::charAt@3
                      ; - java.lang.String::charAt@12
                      ; - java.io.WinNTFileSystem::prefixLength@18
                      ; - java.io.File::<init>@104
                      ; - jdk.internal.loader.URLClassPath$FileLoader::getResource@73
                      ; - jdk.internal.loader.URLClassPath::getResource@53
                      ; - java.net.URLClassLoader$1::run@26
                      ; - java.net.URLClassLoader$1::run@1
                      ; - java.security.AccessController::executePrivileged@29
                      ; - java.security.AccessController::doPrivileged@13
                      ; - java.net.URLClassLoader::findClass@13
  0x0000017957a41278: 0431 88ff 

  0x0000017957a4127c: ;   {other}
  0x0000017957a4127c: 0f1f 8400 | 6c78 00ab | bae4 ffff | ff4c 8b54 | 2460 4c89 | 5424 2044 | 8b54 2440 | 4489 5424 
  0x0000017957a4129c: 344c 8b54 | 2450 4c89 | 5424 404c | 8b54 2468 | 4c89 5424 | 504c 8b54 | 2470 4c89 | 5424 604c 
  0x0000017957a412bc: 8b94 2480 | 0000 004c | 8954 2470 | 448b 9c24 | 8c00 0000 | 4489 9c24 | 8000 0000 | 448b 9424 
  0x0000017957a412dc: 8800 0000 | 4489 9424 | 8400 0000 | 4489 8c24 | 8c00 0000 

  0x0000017957a412f0: ;   {runtime_call UncommonTrapBlob}
  0x0000017957a412f0: c5f8 77e8 

  0x0000017957a412f4: ; ImmutableOopMap {[32]=Oop [40]=Oop [48]=NarrowOop [64]=Oop [80]=Oop [88]=Oop [96]=Oop [112]=Oop [120]=Oop [140]=NarrowOop }
                      ;*invokestatic checkIndex {reexecute=0 rethrow=0 return_oop=0}
                      ; - java.lang.String::checkIndex@5
                      ; - java.lang.StringLatin1::charAt@3
                      ; - java.lang.String::charAt@12
                      ; - java.io.WinNTFileSystem::prefixLength@30
                      ; - java.io.File::<init>@104
                      ; - jdk.internal.loader.URLClassPath$FileLoader::getResource@73
                      ; - jdk.internal.loader.URLClassPath::getResource@53
                      ; - java.net.URLClassLoader$1::run@26
                      ; - java.net.URLClassLoader$1::run@1
                      ; - java.security.AccessController::executePrivileged@29
                      ; - java.security.AccessController::doPrivileged@13
                      ; - java.net.URLClassLoader::findClass@13
  0x0000017957a412f4: 8830 88ff 

  0x0000017957a412f8: ;   {other}
  0x0000017957a412f8: 0f1f 8400 | e878 00ac | bae4 ffff | ff4c 8b54 | 2460 4c89 | 5424 204c | 8b54 2450 | 448b 4424 
  0x0000017957a41318: 4044 8944 | 2434 4c89 | 5424 404c | 8b54 2468 | 4c89 5424 | 504c 8b54 | 2470 4c89 | 5424 604c 
  0x0000017957a41338: 8b94 2480 | 0000 004c | 8954 2470 | 4489 5c24 | 7c66 6690 

  0x0000017957a4134c: ;   {runtime_call UncommonTrapBlob}
  0x0000017957a4134c: c5f8 77e8 

  0x0000017957a41350: ; ImmutableOopMap {[32]=Oop [40]=Oop [48]=NarrowOop [64]=Oop [80]=Oop [88]=Oop [96]=Oop [112]=Oop [124]=NarrowOop [128]=Oop }
                      ;*invokestatic checkIndex {reexecute=0 rethrow=0 return_oop=0}
                      ; - java.lang.String::checkIndex@5
                      ; - java.lang.StringLatin1::charAt@3
                      ; - java.lang.String::charAt@12
                      ; - java.io.WinNTFileSystem::prefixLength@78
                      ; - java.io.File::<init>@104
                      ; - jdk.internal.loader.URLClassPath$FileLoader::getResource@73
                      ; - jdk.internal.loader.URLClassPath::getResource@53
                      ; - java.net.URLClassLoader$1::run@26
                      ; - java.net.URLClassLoader$1::run@1
                      ; - java.security.AccessController::executePrivileged@29
                      ; - java.security.AccessController::doPrivileged@13
                      ; - java.net.URLClassLoader::findClass@13
  0x0000017957a41350: 2c30 88ff 

  0x0000017957a41354: ;   {other}
  0x0000017957a41354: 0f1f 8400 | 4479 00ad | 498b d7c5 | f877 49ba | 20a4 1d89 | f97f 0000 

  0x0000017957a4136c: ;   {other}
  0x0000017957a4136c: 41ff d20f | 1f84 0000 | 0000 00e9 | 77bd ffff | 498b d7c5 | f877 49ba | 20a4 1d89 | f97f 0000 
  0x0000017957a4138c: ;   {other}
  0x0000017957a4138c: 41ff d20f | 1f84 0000 | 0000 00e9 | 10c0 ffff | ba45 ffff | ff48 8b6c | 2460 4c8b | 5424 284c 
  0x0000017957a413ac: 8954 2420 | 448b 5424 | 3044 8954 | 2428 4c8b | 5424 5044 | 8b5c 2440 | 4489 5c24 | 2c4c 8954 
  0x0000017957a413cc: 2438 4c8b | 5424 684c | 8954 2448 | 4c8b 5424 | 584c 8954 | 2450 4c8b | 5424 704c | 8954 2458 
  0x0000017957a413ec: 4c8b 9424 | 8000 0000 | 4c89 5424 | 6866 6690 

  0x0000017957a413fc: ;   {runtime_call UncommonTrapBlob}
  0x0000017957a413fc: c5f8 77e8 

  0x0000017957a41400: ; ImmutableOopMap {rbp=Oop [32]=Oop [40]=NarrowOop [56]=Oop [72]=Oop [80]=Oop [88]=Oop [104]=Oop [128]=Oop }
                      ;*if_icmple {reexecute=1 rethrow=0 return_oop=0}
                      ; - (reexecute) java.io.WinNTFileSystem::prefixLength@73
                      ; - java.io.File::<init>@104
                      ; - jdk.internal.loader.URLClassPath$FileLoader::getResource@73
                      ; - jdk.internal.loader.URLClassPath::getResource@53
                      ; - java.net.URLClassLoader$1::run@26
                      ; - java.net.URLClassLoader$1::run@1
                      ; - java.security.AccessController::executePrivileged@29
                      ; - java.security.AccessController::doPrivileged@13
                      ; - java.net.URLClassLoader::findClass@13
  0x0000017957a41400: 7c2f 88ff 

  0x0000017957a41404: ;   {other}
  0x0000017957a41404: 0f1f 8400 | f479 00ae | ba45 ffff | ff48 8b6c | 2460 4c8b | 5424 284c | 8954 2420 | 448b 5424 
  0x0000017957a41424: 3044 8954 | 2428 4c8b | 5424 5044 | 8b44 2440 | 4489 4424 | 2c4c 8954 | 2438 4c8b | 5424 684c 
  0x0000017957a41444: 8954 2448 | 4c8b 5424 | 584c 8954 | 2450 4c8b | 5424 704c | 8954 2458 | 4c8b 9424 | 8000 0000 
  0x0000017957a41464: 4c89 5424 | 6844 895c | 2470 6690 

  0x0000017957a41470: ;   {runtime_call UncommonTrapBlob}
  0x0000017957a41470: c5f8 77e8 

  0x0000017957a41474: ; ImmutableOopMap {rbp=Oop [32]=Oop [40]=NarrowOop [56]=Oop [72]=Oop [80]=Oop [88]=Oop [104]=Oop [128]=Oop }
                      ;*if_icmpne {reexecute=1 rethrow=0 return_oop=0}
                      ; - (reexecute) java.io.WinNTFileSystem::prefixLength@82
                      ; - java.io.File::<init>@104
                      ; - jdk.internal.loader.URLClassPath$FileLoader::getResource@73
                      ; - jdk.internal.loader.URLClassPath::getResource@53
                      ; - java.net.URLClassLoader$1::run@26
                      ; - java.net.URLClassLoader$1::run@1
                      ; - java.security.AccessController::executePrivileged@29
                      ; - java.security.AccessController::doPrivileged@13
                      ; - java.net.URLClassLoader::findClass@13
  0x0000017957a41474: 082f 88ff 

  0x0000017957a41478: ;   {other}
  0x0000017957a41478: 0f1f 8400 | 687a 00af | ba45 ffff | ff4c 8b54 | 2428 4c89 | 5424 2044 | 8b5c 2430 | 4489 5c24 
  0x0000017957a41498: 2844 8b54 | 2440 4489 | 5424 2c4c | 8b54 2450 | 4c89 5424 | 384c 8b54 | 2468 4c89 | 5424 484c 
  0x0000017957a414b8: 8b54 2458 | 4c89 5424 | 504c 8b54 | 2470 4c89 | 5424 584c | 8b94 2480 | 0000 004c | 8954 2468 
  0x0000017957a414d8: ;   {runtime_call UncommonTrapBlob}
  0x0000017957a414d8: c5f8 77e8 

  0x0000017957a414dc: ; ImmutableOopMap {rbp=Oop [32]=Oop [40]=NarrowOop [56]=Oop [72]=Oop [80]=Oop [88]=Oop [104]=Oop [128]=Oop }
                      ;*ifne {reexecute=1 rethrow=0 return_oop=0}
                      ; - (reexecute) java.io.WinNTFileSystem::prefixLength@11
                      ; - java.io.File::<init>@104
                      ; - jdk.internal.loader.URLClassPath$FileLoader::getResource@73
                      ; - jdk.internal.loader.URLClassPath::getResource@53
                      ; - java.net.URLClassLoader$1::run@26
                      ; - java.net.URLClassLoader$1::run@1
                      ; - java.security.AccessController::executePrivileged@29
                      ; - java.security.AccessController::doPrivileged@13
                      ; - java.net.URLClassLoader::findClass@13
  0x0000017957a414dc: a02e 88ff 

  0x0000017957a414e0: ;   {other}
  0x0000017957a414e0: 0f1f 8400 | d07a 00b0 | ba45 ffff | ff48 8b6c | 2460 4c8b | 5424 284c | 8954 2420 | 448b 5c24 
  0x0000017957a41500: 3044 895c | 2428 448b | 5424 4044 | 8954 242c | 4c8b 5424 | 504c 8954 | 2438 4c8b | 5424 684c 
  0x0000017957a41520: 8954 2448 | 4c8b 5424 | 584c 8954 | 2450 4c8b | 5424 704c | 8954 2458 | 4c8b 9424 | 8000 0000 
  0x0000017957a41540: 4c89 5424 | 6844 8b9c | 248c 0000 | 0044 8944 | 2474 4489 | 5c24 7c90 

  0x0000017957a41558: ;   {runtime_call UncommonTrapBlob}
  0x0000017957a41558: c5f8 77e8 

  0x0000017957a4155c: ; ImmutableOopMap {rbp=Oop [32]=Oop [40]=NarrowOop [56]=Oop [72]=Oop [80]=Oop [88]=Oop [104]=Oop [128]=Oop }
                      ;*if_icmpne {reexecute=1 rethrow=0 return_oop=0}
                      ; - (reexecute) java.io.WinNTFileSystem::prefixLength@42
                      ; - java.io.File::<init>@104
                      ; - jdk.internal.loader.URLClassPath$FileLoader::getResource@73
                      ; - jdk.internal.loader.URLClassPath::getResource@53
                      ; - java.net.URLClassLoader$1::run@26
                      ; - java.net.URLClassLoader$1::run@1
                      ; - java.security.AccessController::executePrivileged@29
                      ; - java.security.AccessController::doPrivileged@13
                      ; - java.net.URLClassLoader::findClass@13
  0x0000017957a4155c: 202e 88ff 

  0x0000017957a41560: ;   {other}
  0x0000017957a41560: 0f1f 8400 | 507b 00b1 | 498b d048 | c1e2 0345 | 33c0 6690 

  0x0000017957a41574: ;   {static_call}
  0x0000017957a41574: c5f8 77e8 

  0x0000017957a41578: ; ImmutableOopMap {rbp=Oop [32]=Oop [40]=Oop [48]=NarrowOop [80]=Oop [88]=Oop [96]=Oop [104]=Oop [112]=Oop [120]=Oop [128]=Oop }
                      ;*invokestatic charAt {reexecute=0 rethrow=0 return_oop=0}
                      ; - java.lang.String::charAt@21
                      ; - java.io.WinNTFileSystem::prefixLength@18
                      ; - java.io.File::<init>@104
                      ; - jdk.internal.loader.URLClassPath$FileLoader::getResource@118
                      ; - jdk.internal.loader.URLClassPath::getResource@53
                      ; - java.net.URLClassLoader$1::run@26
                      ; - java.net.URLClassLoader$1::run@1
                      ; - java.security.AccessController::executePrivileged@29
                      ; - java.security.AccessController::doPrivileged@13
                      ; - java.net.URLClassLoader::findClass@13
  0x0000017957a41578: 04db 87ff 

  0x0000017957a4157c: ;   {other}
  0x0000017957a4157c: 0f1f 8400 | 6c7b 00b2 | 8984 2490 | 0000 00e9 | b2c9 ffff | 458b d149 | 8bd2 48c1 | e203 41b8 
  0x0000017957a4159c: 0100 0000 

  0x0000017957a415a0: ;   {static_call}
  0x0000017957a415a0: c5f8 77e8 

  0x0000017957a415a4: ; ImmutableOopMap {rbp=Oop [32]=Oop [40]=Oop [48]=NarrowOop [80]=Oop [88]=Oop [96]=Oop [104]=Oop [112]=Oop [120]=Oop [128]=Oop }
                      ;*invokestatic charAt {reexecute=0 rethrow=0 return_oop=0}
                      ; - java.lang.String::charAt@21
                      ; - java.io.WinNTFileSystem::prefixLength@30
                      ; - java.io.File::<init>@104
                      ; - jdk.internal.loader.URLClassPath$FileLoader::getResource@118
                      ; - jdk.internal.loader.URLClassPath::getResource@53
                      ; - java.net.URLClassLoader$1::run@26
                      ; - java.net.URLClassLoader$1::run@1
                      ; - java.security.AccessController::executePrivileged@29
                      ; - java.security.AccessController::doPrivileged@13
                      ; - java.net.URLClassLoader::findClass@13
  0x0000017957a415a4: d8da 87ff 

  0x0000017957a415a8: ;   {other}
  0x0000017957a415a8: 0f1f 8400 | 987b 00b3 | 448b c0e9 | d2c9 ffff | 498b d048 | c1e2 0341 | b802 0000 | 0048 8b6c 
  0x0000017957a415c8: 2460 6690 

  0x0000017957a415cc: ;   {static_call}
  0x0000017957a415cc: c5f8 77e8 

  0x0000017957a415d0: ; ImmutableOopMap {rbp=Oop [32]=Oop [40]=Oop [48]=NarrowOop [80]=Oop [88]=Oop [96]=Oop [104]=Oop [112]=Oop [128]=Oop }
                      ;*invokestatic charAt {reexecute=0 rethrow=0 return_oop=0}
                      ; - java.lang.String::charAt@21
                      ; - java.io.WinNTFileSystem::prefixLength@78
                      ; - java.io.File::<init>@104
                      ; - jdk.internal.loader.URLClassPath$FileLoader::getResource@118
                      ; - jdk.internal.loader.URLClassPath::getResource@53
                      ; - java.net.URLClassLoader$1::run@26
                      ; - java.net.URLClassLoader$1::run@1
                      ; - java.security.AccessController::executePrivileged@29
                      ; - java.security.AccessController::doPrivileged@13
                      ; - java.net.URLClassLoader::findClass@13
  0x0000017957a415d0: acda 87ff 

  0x0000017957a415d4: ;   {other}
  0x0000017957a415d4: 0f1f 8400 | c47b 00b4 | 448b d8e9 | b7ca ffff | 4c89 5c24 

  0x0000017957a415e8: ;   {metadata('java/lang/InternalError')}
  0x0000017957a415e8: 3848 ba38 | 0701 0079 | 0100 0048 | 8b6c 2460 

  0x0000017957a415f8: ;   {runtime_call _new_instance_Java}
  0x0000017957a415f8: c5f8 77e8 

  0x0000017957a415fc: ; ImmutableOopMap {rbp=Oop [40]=Oop [48]=NarrowOop [56]=Oop [80]=Oop [96]=Oop [104]=Oop }
                      ;*new {reexecute=0 rethrow=0 return_oop=1}
                      ; - jdk.internal.loader.URLClassPath$JarLoader::getResource@8
                      ; - jdk.internal.loader.URLClassPath::getResource@53
                      ; - java.net.URLClassLoader$1::run@26
                      ; - java.net.URLClassLoader$1::run@1
                      ; - java.security.AccessController::executePrivileged@29
                      ; - java.security.AccessController::doPrivileged@13
                      ; - java.net.URLClassLoader::findClass@13
  0x0000017957a415fc: 8012 8bff 

  0x0000017957a41600: ;   {other}
  0x0000017957a41600: 0f1f 8400 | f07b 00b5 | e97d faff | ff48 8be8 | ba91 0000 | 0066 6690 

  0x0000017957a41618: ;   {runtime_call UncommonTrapBlob}
  0x0000017957a41618: c5f8 77e8 

  0x0000017957a4161c: ; ImmutableOopMap {rbp=Oop [96]=Oop }
                      ;*new {reexecute=0 rethrow=0 return_oop=0}
                      ; - java.security.AccessController::wrapException@0
                      ; - java.security.AccessController::doPrivileged@22
                      ; - java.net.URLClassLoader::findClass@13
  0x0000017957a4161c: 602d 88ff 

  0x0000017957a41620: ;   {other}
  0x0000017957a41620: 0f1f 8400 | 107c 00b6 | 488b e8ba | adff ffff 

  0x0000017957a41630: ;   {runtime_call UncommonTrapBlob}
  0x0000017957a41630: c5f8 77e8 

  0x0000017957a41634: ; ImmutableOopMap {rbp=Oop }
                      ;*invokevirtual getException {reexecute=0 rethrow=0 return_oop=0}
                      ; - java.net.URLClassLoader::findClass@25
  0x0000017957a41634: 482d 88ff 

  0x0000017957a41638: ;   {other}
  0x0000017957a41638: 0f1f 8400 | 287c 00b7 | bac6 ffff | ff48 8b6c | 2460 4c8b | 5c24 284c | 895c 2420 | 4c8b 5c24 
  0x0000017957a41658: 684c 895c | 2430 4c89 | 6c24 4044 | 8954 2448 | 4c89 6c24 | 5066 6690 

  0x0000017957a41670: ;   {runtime_call UncommonTrapBlob}
  0x0000017957a41670: c5f8 77e8 

  0x0000017957a41674: ; ImmutableOopMap {rbp=Oop [32]=Oop [48]=Oop [64]=Oop [80]=Oop }
                      ;*invokevirtual getCodeSourceURL {reexecute=0 rethrow=0 return_oop=0}
                      ; - java.net.URLClassLoader::defineClass@13
                      ; - java.net.URLClassLoader$1::run@43
                      ; - java.net.URLClassLoader$1::run@1
                      ; - java.security.AccessController::executePrivileged@29
                      ; - java.security.AccessController::doPrivileged@13
                      ; - java.net.URLClassLoader::findClass@13
  0x0000017957a41674: 082d 88ff 

  0x0000017957a41678: ;   {other}
  0x0000017957a41678: 0f1f 8400 | 687c 00b8 | 33ed 4585 | c040 0f96 | c5ba 45ff | ffff 4c8b | 5424 604c | 8954 2420 
  0x0000017957a41698: 448b 5424 | 4044 8954 | 2434 4c8b | 5424 504c | 8954 2440 | 4c8b 5424 | 684c 8954 | 2450 4c8b 
  0x0000017957a416b8: 5424 704c | 8954 2460 | 4c8b 9424 | 8000 0000 | 4c89 5424 | 7066 6690 

  0x0000017957a416d0: ;   {runtime_call UncommonTrapBlob}
  0x0000017957a416d0: c5f8 77e8 

  0x0000017957a416d4: ; ImmutableOopMap {[32]=Oop [40]=Oop [48]=NarrowOop [64]=Oop [80]=Oop [88]=Oop [96]=Oop [112]=Oop [128]=Oop [136]=Oop }
                      ;*ifeq {reexecute=1 rethrow=0 return_oop=0}
                      ; - (reexecute) java.io.File::<init>@32
                      ; - jdk.internal.loader.URLClassPath$FileLoader::getResource@118
                      ; - jdk.internal.loader.URLClassPath::getResource@53
                      ; - java.net.URLClassLoader$1::run@26
                      ; - java.net.URLClassLoader$1::run@1
                      ; - java.security.AccessController::executePrivileged@29
                      ; - java.security.AccessController::doPrivileged@13
                      ; - java.net.URLClassLoader::findClass@13
  0x0000017957a416d4: a82c 88ff 

  0x0000017957a416d8: ;   {other}
  0x0000017957a416d8: 0f1f 8400 | c87c 00b9 | bae4 ffff | ff4c 8b54 | 2428 4c89 | 5424 2044 | 8b54 2430 | 4489 5424 
  0x0000017957a416f8: 2844 8b54 | 2440 4489 | 5424 2c4c | 8b54 2450 | 4c89 5424 | 384c 8b54 | 2468 4c89 | 5424 484c 
  0x0000017957a41718: 8b54 2458 | 4c89 5424 | 504c 8b54 | 2470 4c89 | 5424 584c | 8b94 2480 | 0000 004c | 8954 2468 
  0x0000017957a41738: 4c8b 5424 | 784c 8954 | 2470 4489 | 8424 8000 | 0000 898c | 2484 0000 | 0066 6690 

  0x0000017957a41754: ;   {runtime_call UncommonTrapBlob}
  0x0000017957a41754: c5f8 77e8 

  0x0000017957a41758: ; ImmutableOopMap {rbp=Oop [32]=Oop [40]=NarrowOop [56]=Oop [72]=Oop [80]=Oop [88]=Oop [104]=Oop [112]=Oop [128]=NarrowOop }
                      ;*invokestatic checkIndex {reexecute=0 rethrow=0 return_oop=0}
                      ; - java.lang.String::checkIndex@5
                      ; - java.lang.StringLatin1::charAt@3
                      ; - java.lang.String::charAt@12
                      ; - java.io.WinNTFileSystem::prefixLength@18
                      ; - java.io.File::<init>@104
                      ; - jdk.internal.loader.URLClassPath$FileLoader::getResource@118
                      ; - jdk.internal.loader.URLClassPath::getResource@53
                      ; - java.net.URLClassLoader$1::run@26
                      ; - java.net.URLClassLoader$1::run@1
                      ; - java.security.AccessController::executePrivileged@29
                      ; - java.security.AccessController::doPrivileged@13
                      ; - java.net.URLClassLoader::findClass@13
  0x0000017957a41758: 242c 88ff 

  0x0000017957a4175c: ;   {other}
  0x0000017957a4175c: 0f1f 8400 | 4c7d 00ba | bae4 ffff | ff4c 8b54 | 2460 4c89 | 5424 204c | 8b54 2450 | 448b 5c24 
  0x0000017957a4177c: 4044 895c | 2434 4c89 | 5424 404c | 8b54 2468 | 4c89 5424 | 504c 8b54 | 2470 4c89 | 5424 604c 
  0x0000017957a4179c: 8b94 2480 | 0000 004c | 8954 2470 | 448b 9c24 | 8c00 0000 | 4489 9c24 | 8000 0000 | 448b 9424 
  0x0000017957a417bc: 8800 0000 | 4489 9424 | 8400 0000 | 4489 8c24 | 8c00 0000 

  0x0000017957a417d0: ;   {runtime_call UncommonTrapBlob}
  0x0000017957a417d0: c5f8 77e8 

  0x0000017957a417d4: ; ImmutableOopMap {[32]=Oop [40]=Oop [48]=NarrowOop [64]=Oop [80]=Oop [88]=Oop [96]=Oop [112]=Oop [120]=Oop [140]=NarrowOop }
                      ;*invokestatic checkIndex {reexecute=0 rethrow=0 return_oop=0}
                      ; - java.lang.String::checkIndex@5
                      ; - java.lang.StringLatin1::charAt@3
                      ; - java.lang.String::charAt@12
                      ; - java.io.WinNTFileSystem::prefixLength@30
                      ; - java.io.File::<init>@104
                      ; - jdk.internal.loader.URLClassPath$FileLoader::getResource@118
                      ; - jdk.internal.loader.URLClassPath::getResource@53
                      ; - java.net.URLClassLoader$1::run@26
                      ; - java.net.URLClassLoader$1::run@1
                      ; - java.security.AccessController::executePrivileged@29
                      ; - java.security.AccessController::doPrivileged@13
                      ; - java.net.URLClassLoader::findClass@13
  0x0000017957a417d4: a82b 88ff 

  0x0000017957a417d8: ;   {other}
  0x0000017957a417d8: 0f1f 8400 | c87d 00bb | bae4 ffff | ff4c 8b54 | 2460 4c89 | 5424 2044 | 8b54 2440 | 4489 5424 
  0x0000017957a417f8: 344c 8b54 | 2450 4c89 | 5424 404c | 8b54 2468 | 4c89 5424 | 504c 8b54 | 2470 4c89 | 5424 604c 
  0x0000017957a41818: 8b94 2480 | 0000 004c | 8954 2470 | 4489 4424 | 7c66 6690 

  0x0000017957a4182c: ;   {runtime_call UncommonTrapBlob}
  0x0000017957a4182c: c5f8 77e8 

  0x0000017957a41830: ; ImmutableOopMap {[32]=Oop [40]=Oop [48]=NarrowOop [64]=Oop [80]=Oop [88]=Oop [96]=Oop [112]=Oop [124]=NarrowOop [128]=Oop }
                      ;*invokestatic checkIndex {reexecute=0 rethrow=0 return_oop=0}
                      ; - java.lang.String::checkIndex@5
                      ; - java.lang.StringLatin1::charAt@3
                      ; - java.lang.String::charAt@12
                      ; - java.io.WinNTFileSystem::prefixLength@78
                      ; - java.io.File::<init>@104
                      ; - jdk.internal.loader.URLClassPath$FileLoader::getResource@118
                      ; - jdk.internal.loader.URLClassPath::getResource@53
                      ; - java.net.URLClassLoader$1::run@26
                      ; - java.net.URLClassLoader$1::run@1
                      ; - java.security.AccessController::executePrivileged@29
                      ; - java.security.AccessController::doPrivileged@13
                      ; - java.net.URLClassLoader::findClass@13
  0x0000017957a41830: 4c2b 88ff 

  0x0000017957a41834: ;   {other}
  0x0000017957a41834: 0f1f 8400 | 247e 00bc | 498b d7c5 | f877 49ba | 20a4 1d89 | f97f 0000 

  0x0000017957a4184c: ;   {other}
  0x0000017957a4184c: 41ff d20f | 1f84 0000 | 0000 00e9 | f7c1 ffff | 498b d7c5 | f877 49ba | 20a4 1d89 | f97f 0000 
  0x0000017957a4186c: ;   {other}
  0x0000017957a4186c: 41ff d20f | 1f84 0000 | 0000 00e9 | 00c6 ffff | ba45 ffff | ff48 8b6c | 2460 4c8b | 5424 284c 
  0x0000017957a4188c: 8954 2420 | 448b 5c24 | 3044 895c | 2428 448b | 5424 4044 | 8954 242c | 4c8b 5424 | 504c 8954 
  0x0000017957a418ac: 2438 4c8b | 5424 684c | 8954 2448 | 4c8b 5424 | 584c 8954 | 2450 4c8b | 5424 704c | 8954 2458 
  0x0000017957a418cc: 4c8b 9424 | 8000 0000 | 4c89 5424 | 6866 6690 

  0x0000017957a418dc: ;   {runtime_call UncommonTrapBlob}
  0x0000017957a418dc: c5f8 77e8 

  0x0000017957a418e0: ; ImmutableOopMap {rbp=Oop [32]=Oop [40]=NarrowOop [56]=Oop [72]=Oop [80]=Oop [88]=Oop [104]=Oop [128]=Oop }
                      ;*if_icmple {reexecute=1 rethrow=0 return_oop=0}
                      ; - (reexecute) java.io.WinNTFileSystem::prefixLength@73
                      ; - java.io.File::<init>@104
                      ; - jdk.internal.loader.URLClassPath$FileLoader::getResource@118
                      ; - jdk.internal.loader.URLClassPath::getResource@53
                      ; - java.net.URLClassLoader$1::run@26
                      ; - java.net.URLClassLoader$1::run@1
                      ; - java.security.AccessController::executePrivileged@29
                      ; - java.security.AccessController::doPrivileged@13
                      ; - java.net.URLClassLoader::findClass@13
  0x0000017957a418e0: 9c2a 88ff 

  0x0000017957a418e4: ;   {other}
  0x0000017957a418e4: 0f1f 8400 | d47e 00bd | ba45 ffff | ff48 8b6c | 2460 4c8b | 5424 284c | 8954 2420 | 448b 4424 
  0x0000017957a41904: 3044 8944 | 2428 448b | 5424 4044 | 8954 242c | 4c8b 5424 | 504c 8954 | 2438 4c8b | 5424 684c 
  0x0000017957a41924: 8954 2448 | 4c8b 5424 | 584c 8954 | 2450 4c8b | 5424 704c | 8954 2458 | 4c8b 9424 | 8000 0000 
  0x0000017957a41944: 4c89 5424 | 6844 895c | 2470 6690 

  0x0000017957a41950: ;   {runtime_call UncommonTrapBlob}
  0x0000017957a41950: c5f8 77e8 

  0x0000017957a41954: ; ImmutableOopMap {rbp=Oop [32]=Oop [40]=NarrowOop [56]=Oop [72]=Oop [80]=Oop [88]=Oop [104]=Oop [128]=Oop }
                      ;*if_icmpne {reexecute=1 rethrow=0 return_oop=0}
                      ; - (reexecute) java.io.WinNTFileSystem::prefixLength@82
                      ; - java.io.File::<init>@104
                      ; - jdk.internal.loader.URLClassPath$FileLoader::getResource@118
                      ; - jdk.internal.loader.URLClassPath::getResource@53
                      ; - java.net.URLClassLoader$1::run@26
                      ; - java.net.URLClassLoader$1::run@1
                      ; - java.security.AccessController::executePrivileged@29
                      ; - java.security.AccessController::doPrivileged@13
                      ; - java.net.URLClassLoader::findClass@13
  0x0000017957a41954: 282a 88ff 

  0x0000017957a41958: ;   {other}
  0x0000017957a41958: 0f1f 8400 | 487f 00be | ba45 ffff | ff4c 8b54 | 2428 4c89 | 5424 2044 | 8b5c 2430 | 4489 5c24 
  0x0000017957a41978: 2844 8b54 | 2440 4489 | 5424 2c4c | 8b54 2450 | 4c89 5424 | 384c 8b54 | 2468 4c89 | 5424 484c 
  0x0000017957a41998: 8b54 2458 | 4c89 5424 | 504c 8b54 | 2470 4c89 | 5424 584c | 8b94 2480 | 0000 004c | 8954 2468 
  0x0000017957a419b8: ;   {runtime_call UncommonTrapBlob}
  0x0000017957a419b8: c5f8 77e8 

  0x0000017957a419bc: ; ImmutableOopMap {rbp=Oop [32]=Oop [40]=NarrowOop [56]=Oop [72]=Oop [80]=Oop [88]=Oop [104]=Oop [128]=Oop }
                      ;*ifne {reexecute=1 rethrow=0 return_oop=0}
                      ; - (reexecute) java.io.WinNTFileSystem::prefixLength@11
                      ; - java.io.File::<init>@104
                      ; - jdk.internal.loader.URLClassPath$FileLoader::getResource@118
                      ; - jdk.internal.loader.URLClassPath::getResource@53
                      ; - java.net.URLClassLoader$1::run@26
                      ; - java.net.URLClassLoader$1::run@1
                      ; - java.security.AccessController::executePrivileged@29
                      ; - java.security.AccessController::doPrivileged@13
                      ; - java.net.URLClassLoader::findClass@13
  0x0000017957a419bc: c029 88ff 

  0x0000017957a419c0: ;   {other}
  0x0000017957a419c0: 0f1f 8400 | b07f 00bf | ba45 ffff | ff48 8b6c | 2460 4c8b | 5424 284c | 8954 2420 | 448b 5c24 
  0x0000017957a419e0: 3044 895c | 2428 448b | 5424 4044 | 8954 242c | 4c8b 5424 | 504c 8954 | 2438 4c8b | 5424 684c 
  0x0000017957a41a00: 8954 2448 | 4c8b 5424 | 584c 8954 | 2450 4c8b | 5424 704c | 8954 2458 | 4c8b 9424 | 8000 0000 
  0x0000017957a41a20: 4c89 5424 | 6844 8b9c | 248c 0000 | 0044 8944 | 2474 4489 | 5c24 7c90 

  0x0000017957a41a38: ;   {runtime_call UncommonTrapBlob}
  0x0000017957a41a38: c5f8 77e8 

  0x0000017957a41a3c: ; ImmutableOopMap {rbp=Oop [32]=Oop [40]=NarrowOop [56]=Oop [72]=Oop [80]=Oop [88]=Oop [104]=Oop [128]=Oop }
                      ;*if_icmpne {reexecute=1 rethrow=0 return_oop=0}
                      ; - (reexecute) java.io.WinNTFileSystem::prefixLength@42
                      ; - java.io.File::<init>@104
                      ; - jdk.internal.loader.URLClassPath$FileLoader::getResource@118
                      ; - jdk.internal.loader.URLClassPath::getResource@53
                      ; - java.net.URLClassLoader$1::run@26
                      ; - java.net.URLClassLoader$1::run@1
                      ; - java.security.AccessController::executePrivileged@29
                      ; - java.security.AccessController::doPrivileged@13
                      ; - java.net.URLClassLoader::findClass@13
  0x0000017957a41a3c: 4029 88ff 

  0x0000017957a41a40: ;   {other}
  0x0000017957a41a40: 0f1f 8400 | 3080 00c0 | 488b e8ba | 9100 0000 | 4c8b 5424 | 604c 8954 | 2420 448b | 5c24 4044 
  0x0000017957a41a60: 895c 2434 | 4c8b 5424 | 484c 8954 | 2440 4c8b | 5424 504c | 8954 2448 

  0x0000017957a41a78: ;   {runtime_call UncommonTrapBlob}
  0x0000017957a41a78: c5f8 77e8 

  0x0000017957a41a7c: ; ImmutableOopMap {rbp=Oop [32]=Oop [40]=Oop [48]=NarrowOop [64]=Oop [72]=Oop [104]=Oop }
                      ;*new {reexecute=0 rethrow=0 return_oop=0}
                      ; - java.security.AccessController::wrapException@0
                      ; - java.security.AccessController::doPrivileged@22
                      ; - jdk.internal.loader.URLClassPath$JarLoader::ensureOpen@19
                      ; - jdk.internal.loader.URLClassPath$JarLoader::getResource@1
                      ; - jdk.internal.loader.URLClassPath::getResource@53
                      ; - java.net.URLClassLoader$1::run@26
                      ; - java.net.URLClassLoader$1::run@1
                      ; - java.security.AccessController::executePrivileged@29
                      ; - java.security.AccessController::doPrivileged@13
                      ; - java.net.URLClassLoader::findClass@13
  0x0000017957a41a7c: 0029 88ff 

  0x0000017957a41a80: ;   {other}
  0x0000017957a41a80: 0f1f 8400 | 7080 00c1 | 488b e8ba | adff ffff | 4c8b 5424 | 604c 8954 | 2420 448b | 5c24 4044 
  0x0000017957a41aa0: 895c 2434 | 4c8b 5424 | 484c 8954 | 2440 4c8b | 5424 504c | 8954 2448 

  0x0000017957a41ab8: ;   {runtime_call UncommonTrapBlob}
  0x0000017957a41ab8: c5f8 77e8 

  0x0000017957a41abc: ; ImmutableOopMap {rbp=Oop [32]=Oop [40]=Oop [48]=NarrowOop [64]=Oop [72]=Oop [104]=Oop }
                      ;*invokevirtual getException {reexecute=0 rethrow=0 return_oop=0}
                      ; - jdk.internal.loader.URLClassPath$JarLoader::ensureOpen@28
                      ; - jdk.internal.loader.URLClassPath$JarLoader::getResource@1
                      ; - jdk.internal.loader.URLClassPath::getResource@53
                      ; - java.net.URLClassLoader$1::run@26
                      ; - java.net.URLClassLoader$1::run@1
                      ; - java.security.AccessController::executePrivileged@29
                      ; - java.security.AccessController::doPrivileged@13
                      ; - java.net.URLClassLoader::findClass@13
  0x0000017957a41abc: c028 88ff 

  0x0000017957a41ac0: ;   {other}
  0x0000017957a41ac0: 0f1f 8400 | b080 00c2 | bade ffff | ff4c 8b54 | 2460 4c89 | 6c24 304c | 8954 2440 | 4c89 7424 
  0x0000017957a41ae0: 484c 8974 | 2450 4c89 | 5424 584c | 8b54 2478 | 4c89 5424 | 6844 8b84 | 2490 0000 | 0044 8944 
  0x0000017957a41b00: 247c 4c89 | 9c24 9000 | 0000 6690 

  0x0000017957a41b0c: ;   {runtime_call UncommonTrapBlob}
  0x0000017957a41b0c: c5f8 77e8 

  0x0000017957a41b10: ; ImmutableOopMap {rbp=NarrowOop [40]=Oop [48]=Oop [64]=Oop [72]=Oop [80]=Oop [88]=Oop [104]=Oop [124]=NarrowOop [136]=Oop [144]=Oop }
                      ;*checkcast {reexecute=0 rethrow=0 return_oop=0}
                      ; - java.lang.ClassLoader::getDefinedPackage@16
                      ; - java.net.URLClassLoader::getAndVerifyPackage@2
                      ; - java.net.URLClassLoader::defineClass@46
                      ; - java.net.URLClassLoader$1::run@43
                      ; - java.net.URLClassLoader$1::run@1
                      ; - java.security.AccessController::executePrivileged@29
                      ; - java.security.AccessController::doPrivileged@13
                      ; - java.net.URLClassLoader::findClass@13
  0x0000017957a41b10: 6c28 88ff 

  0x0000017957a41b14: ;   {other}
  0x0000017957a41b14: 0f1f 8400 | 0481 00c3 | bade ffff | ff48 8b6c | 2460 4c8b | 5424 284c | 8954 2420 | 4c8b 5424 
  0x0000017957a41b34: 404c 8954 | 2428 4c8b | 5424 684c | 8954 2430 | 4c8b 5424 | 784c 8954 | 2460 4c8b | 5424 704c 
  0x0000017957a41b54: 8954 2468 | 448b 9424 | 9000 0000 | 4489 5424 | 7448 8984 | 2490 0000 | 0066 6690 

  0x0000017957a41b70: ;   {runtime_call UncommonTrapBlob}
  0x0000017957a41b70: c5f8 77e8 

  0x0000017957a41b74: ; ImmutableOopMap {rbp=Oop [32]=Oop [40]=Oop [48]=Oop [88]=Oop [96]=Oop [116]=NarrowOop [136]=Oop [144]=Oop }
                      ;*checkcast {reexecute=0 rethrow=0 return_oop=0}
                      ; - java.lang.ClassLoader::definePackage@81
                      ; - java.lang.ClassLoader::getDefinedPackage@32
                      ; - java.net.URLClassLoader::getAndVerifyPackage@2
                      ; - java.net.URLClassLoader::defineClass@46
                      ; - java.net.URLClassLoader$1::run@43
                      ; - java.net.URLClassLoader$1::run@1
                      ; - java.security.AccessController::executePrivileged@29
                      ; - java.security.AccessController::doPrivileged@13
                      ; - java.net.URLClassLoader::findClass@13
  0x0000017957a41b74: 0828 88ff 

  0x0000017957a41b78: ;   {other}
  0x0000017957a41b78: 0f1f 8400 | 6881 00c4 | bade ffff | ff4c 8b54 | 2428 4c89 | 5424 2044 | 8b5c 2430 | 4489 5c24 
  0x0000017957a41b98: 2844 8b54 | 2440 4489 | 5424 2c4c | 8b54 2448 | 4c89 5424 | 384c 8b54 | 2450 4c89 | 5424 4048 
  0x0000017957a41bb8: 8944 2448 

  0x0000017957a41bbc: ;   {runtime_call UncommonTrapBlob}
  0x0000017957a41bbc: c5f8 77e8 

  0x0000017957a41bc0: ; ImmutableOopMap {rbp=Oop [32]=Oop [40]=NarrowOop [56]=Oop [64]=Oop [72]=Oop [104]=Oop }
                      ;*checkcast {reexecute=0 rethrow=0 return_oop=0}
                      ; - java.util.jar.JarFile::getJarEntry@5
                      ; - jdk.internal.loader.URLClassPath$JarLoader::getResource@22
                      ; - jdk.internal.loader.URLClassPath::getResource@53
                      ; - java.net.URLClassLoader$1::run@26
                      ; - java.net.URLClassLoader$1::run@1
                      ; - java.security.AccessController::executePrivileged@29
                      ; - java.security.AccessController::doPrivileged@13
                      ; - java.net.URLClassLoader::findClass@13
  0x0000017957a41bc0: bc27 88ff 

  0x0000017957a41bc4: ;   {other}
  0x0000017957a41bc4: 0f1f 8400 | b481 00c5 | bade ffff | ff4c 8b54 | 2460 4c89 | 5424 204c | 896c 2430 | 4c8b 5424 
  0x0000017957a41be4: 684c 8954 | 2438 4c8b | 5424 784c | 8954 2458 | 4c8b 5424 | 704c 8954 | 2460 4c89 | 4424 7890 
  0x0000017957a41c04: ;   {runtime_call UncommonTrapBlob}
  0x0000017957a41c04: c5f8 77e8 

  0x0000017957a41c08: ; ImmutableOopMap {rbp=NarrowOop [32]=Oop [40]=Oop [48]=Oop [56]=Oop [88]=Oop [120]=Oop [144]=NarrowOop [200]=Oop }
                      ;*checkcast {reexecute=0 rethrow=0 return_oop=0}
                      ; - java.util.jar.JarFile::getManifestFromReference@14
                      ; - java.util.jar.JarFile::getManifest@1
                      ; - jdk.internal.loader.URLClassPath$JarLoader$2::getManifest@22
                      ; - java.net.URLClassLoader::defineClass@34
                      ; - java.net.URLClassLoader$1::run@43
                      ; - java.net.URLClassLoader$1::run@1
                      ; - java.security.AccessController::executePrivileged@29
                      ; - java.security.AccessController::doPrivileged@13
                      ; - java.net.URLClassLoader::findClass@13
  0x0000017957a41c08: 7427 88ff 

  0x0000017957a41c0c: ;   {other}
  0x0000017957a41c0c: 0f1f 8400 | fc81 00c6 | bade ffff | ff4c 8b54 | 2460 4c89 | 6c24 304c | 8954 2440 | 4c89 7424 
  0x0000017957a41c2c: 484c 8974 | 2450 4c89 | 5424 584c | 8b54 2478 | 4c89 5424 | 6844 8b84 | 2490 0000 | 0044 8944 
  0x0000017957a41c4c: 247c 4c89 | 9c24 9000 | 0000 4489 | 8c24 a800 | 0000 6690 

  0x0000017957a41c60: ;   {runtime_call UncommonTrapBlob}
  0x0000017957a41c60: c5f8 77e8 

  0x0000017957a41c64: ; ImmutableOopMap {rbp=NarrowOop [40]=Oop [48]=Oop [64]=Oop [72]=Oop [80]=Oop [88]=Oop [104]=Oop [124]=NarrowOop [136]=Oop [144]=Oop [168]=NarrowOop }
                      ;*checkcast {reexecute=0 rethrow=0 return_oop=0}
                      ; - java.lang.ClassLoader::definePackage@50
                      ; - java.lang.ClassLoader::getDefinedPackage@32
                      ; - java.net.URLClassLoader::getAndVerifyPackage@2
                      ; - java.net.URLClassLoader::defineClass@46
                      ; - java.net.URLClassLoader$1::run@43
                      ; - java.net.URLClassLoader$1::run@1
                      ; - java.security.AccessController::executePrivileged@29
                      ; - java.security.AccessController::doPrivileged@13
                      ; - java.net.URLClassLoader::findClass@13
  0x0000017957a41c64: 1827 88ff 

  0x0000017957a41c68: ;   {other}
  0x0000017957a41c68: 0f1f 8400 | 5882 00c7 | baf6 ffff | ff49 8bed | 4889 5c24 | 2066 6690 

  0x0000017957a41c80: ;   {runtime_call UncommonTrapBlob}
  0x0000017957a41c80: c5f8 77e8 

  0x0000017957a41c84: ; ImmutableOopMap {rbp=Oop [32]=Oop [104]=Oop }
                      ;*invokevirtual replace {reexecute=0 rethrow=0 return_oop=0}
                      ; - java.net.URLClassLoader$1::run@8
                      ; - java.net.URLClassLoader$1::run@1
                      ; - java.security.AccessController::executePrivileged@29
                      ; - java.security.AccessController::doPrivileged@13
                      ; - java.net.URLClassLoader::findClass@13
  0x0000017957a41c84: f826 88ff 

  0x0000017957a41c88: ;   {other}
  0x0000017957a41c88: 0f1f 8400 | 7882 00c8 | baf6 ffff | ff49 8bed | 4889 5c24 | 2066 6690 

  0x0000017957a41ca0: ;   {runtime_call UncommonTrapBlob}
  0x0000017957a41ca0: c5f8 77e8 

  0x0000017957a41ca4: ; ImmutableOopMap {rbp=Oop [32]=Oop [104]=Oop }
                      ;*arraylength {reexecute=0 rethrow=0 return_oop=0}
                      ; - java.lang.StringLatin1::replace@8
                      ; - java.lang.String::replace@18
                      ; - java.net.URLClassLoader$1::run@8
                      ; - java.net.URLClassLoader$1::run@1
                      ; - java.security.AccessController::executePrivileged@29
                      ; - java.security.AccessController::doPrivileged@13
                      ; - java.net.URLClassLoader::findClass@13
  0x0000017957a41ca4: d826 88ff 

  0x0000017957a41ca8: ;   {other}
  0x0000017957a41ca8: 0f1f 8400 | 9882 00c9 | baf6 ffff | ff49 8bea | 4c8b 5424 | 284c 8954 | 2420 4c8b | 5424 684c 
  0x0000017957a41cc8: 8954 2430 | 4c89 6c24 | 4066 6690 

  0x0000017957a41cd4: ;   {runtime_call UncommonTrapBlob}
  0x0000017957a41cd4: c5f8 77e8 

  0x0000017957a41cd8: ; ImmutableOopMap {rbp=Oop [32]=Oop [48]=Oop [64]=Oop }
                      ;*arraylength {reexecute=0 rethrow=0 return_oop=0}
                      ; - java.lang.String::length@4
                      ; - java.lang.String::lastIndexOf@3
                      ; - java.net.URLClassLoader::defineClass@7
                      ; - java.net.URLClassLoader$1::run@43
                      ; - java.net.URLClassLoader$1::run@1
                      ; - java.security.AccessController::executePrivileged@29
                      ; - java.security.AccessController::doPrivileged@13
                      ; - java.net.URLClassLoader::findClass@13
  0x0000017957a41cd8: a426 88ff 

  0x0000017957a41cdc: ;   {other}
  0x0000017957a41cdc: 0f1f 8400 | cc82 00ca | baf6 ffff | ff48 8b6c | 2420 4c8b | 5424 284c | 8954 2420 | 4c8b 5424 
  0x0000017957a41cfc: 404c 8954 | 2428 6690 

  0x0000017957a41d04: ;   {runtime_call UncommonTrapBlob}
  0x0000017957a41d04: c5f8 77e8 

  0x0000017957a41d08: ; ImmutableOopMap {rbp=Oop [32]=Oop [40]=Oop [88]=Oop [104]=Oop }
                      ;*arraylength {reexecute=0 rethrow=0 return_oop=0}
                      ; - java.net.URLClassLoader::defineClass@217
                      ; - java.net.URLClassLoader$1::run@43
                      ; - java.net.URLClassLoader$1::run@1
                      ; - java.security.AccessController::executePrivileged@29
                      ; - java.security.AccessController::doPrivileged@13
                      ; - java.net.URLClassLoader::findClass@13
  0x0000017957a41d08: 7426 88ff 

  0x0000017957a41d0c: ;   {other}
  0x0000017957a41d0c: 0f1f 8400 | fc82 00cb | baf6 ffff | ff48 8b6c | 2460 4c8b | 5424 284c | 8954 2420 | 4c89 6c24 
  0x0000017957a41d2c: 284c 8b54 | 2468 4c89 | 5424 3090 

  0x0000017957a41d38: ;   {runtime_call UncommonTrapBlob}
  0x0000017957a41d38: c5f8 77e8 

  0x0000017957a41d3c: ; ImmutableOopMap {rbp=Oop [32]=Oop [40]=Oop [48]=Oop [120]=Oop [144]=NarrowOop [200]=Oop }
                      ;*getfield jar {reexecute=1 rethrow=0 return_oop=0}
                      ; - (reexecute) jdk.internal.loader.URLClassPath$JarLoader$2::getManifest@7
                      ; - java.net.URLClassLoader::defineClass@34
                      ; - java.net.URLClassLoader$1::run@43
                      ; - java.net.URLClassLoader$1::run@1
                      ; - java.security.AccessController::executePrivileged@29
                      ; - java.security.AccessController::doPrivileged@13
                      ; - java.net.URLClassLoader::findClass@13
  0x0000017957a41d3c: 4026 88ff 

  0x0000017957a41d40: ;   {other}
  0x0000017957a41d40: 0f1f 8400 | 3083 00cc | baf6 ffff | ff48 8b6c | 2460 4c8b | 5424 284c | 8954 2420 | 4c89 6c24 
  0x0000017957a41d60: 284c 8b54 | 2468 4c89 | 5424 3090 

  0x0000017957a41d6c: ;   {runtime_call UncommonTrapBlob}
  0x0000017957a41d6c: c5f8 77e8 

  0x0000017957a41d70: ; ImmutableOopMap {rbp=Oop [32]=Oop [40]=Oop [48]=Oop [120]=Oop [144]=NarrowOop [200]=Oop }
                      ;*getfield jar {reexecute=1 rethrow=0 return_oop=0}
                      ; - (reexecute) jdk.internal.loader.URLClassPath$JarLoader$2::getManifest@19
                      ; - java.net.URLClassLoader::defineClass@34
                      ; - java.net.URLClassLoader$1::run@43
                      ; - java.net.URLClassLoader$1::run@1
                      ; - java.security.AccessController::executePrivileged@29
                      ; - java.security.AccessController::doPrivileged@13
                      ; - java.net.URLClassLoader::findClass@13
  0x0000017957a41d70: 0c26 88ff 

  0x0000017957a41d74: ;   {other}
  0x0000017957a41d74: 0f1f 8400 | 6483 00cd | baf6 ffff | ff48 8b6c | 2460 4c8b | 5424 284c | 8954 2420 | 4c89 6c24 
  0x0000017957a41d94: 284c 8b54 | 2468 4c89 | 5424 3090 

  0x0000017957a41da0: ;   {runtime_call UncommonTrapBlob}
  0x0000017957a41da0: c5f8 77e8 

  0x0000017957a41da4: ; ImmutableOopMap {rbp=Oop [32]=Oop [40]=Oop [48]=Oop [120]=Oop [144]=NarrowOop [200]=Oop }
                      ;*invokevirtual getManifest {reexecute=0 rethrow=0 return_oop=0}
                      ; - jdk.internal.loader.URLClassPath$JarLoader$2::getManifest@22
                      ; - java.net.URLClassLoader::defineClass@34
                      ; - java.net.URLClassLoader$1::run@43
                      ; - java.net.URLClassLoader$1::run@1
                      ; - java.security.AccessController::executePrivileged@29
                      ; - java.security.AccessController::doPrivileged@13
                      ; - java.net.URLClassLoader::findClass@13
  0x0000017957a41da4: d825 88ff 

  0x0000017957a41da8: ;   {other}
  0x0000017957a41da8: 0f1f 8400 | 9883 00ce | baf6 ffff | ff48 8b6c | 2460 4c8b | 5c24 284c | 895c 2420 | 4c89 6c24 
  0x0000017957a41dc8: 284c 8b5c | 2468 4c89 | 5c24 3044 | 8954 2440 | 4c89 4424 | 5866 6690 

  0x0000017957a41de0: ;   {runtime_call UncommonTrapBlob}
  0x0000017957a41de0: c5f8 77e8 

  0x0000017957a41de4: ; ImmutableOopMap {rbp=Oop [32]=Oop [40]=Oop [48]=Oop [88]=Oop }
                      ;*getfield csu {reexecute=1 rethrow=0 return_oop=0}
                      ; - (reexecute) jdk.internal.loader.URLClassPath$JarLoader$2::getCodeSourceURL@4
                      ; - java.net.URLClassLoader::defineClass@13
                      ; - java.net.URLClassLoader$1::run@43
                      ; - java.net.URLClassLoader$1::run@1
                      ; - java.security.AccessController::executePrivileged@29
                      ; - java.security.AccessController::doPrivileged@13
                      ; - java.net.URLClassLoader::findClass@13
  0x0000017957a41de4: 9825 88ff 

  0x0000017957a41de8: ;   {other}
  0x0000017957a41de8: 0f1f 8400 | d883 00cf | baf4 ffff | ff48 8b6c | 2460 4c8b | 5424 284c | 8954 2420 | 4c89 6c24 
  0x0000017957a41e08: 284c 8b54 | 2468 4c89 | 5424 304c | 8b54 2470 | 4c89 5424 | 584c 8944 | 2470 6690 

  0x0000017957a41e24: ;   {runtime_call UncommonTrapBlob}
  0x0000017957a41e24: c5f8 77e8 

  0x0000017957a41e28: ; ImmutableOopMap {rbp=Oop [32]=Oop [40]=Oop [48]=Oop [112]=Oop [120]=Oop [144]=NarrowOop [200]=Oop }
                      ;*checkcast {reexecute=0 rethrow=0 return_oop=0}
                      ; - java.util.jar.JarFile::getManifestFromReference@14
                      ; - java.util.jar.JarFile::getManifest@1
                      ; - jdk.internal.loader.URLClassPath$JarLoader$2::getManifest@22
                      ; - java.net.URLClassLoader::defineClass@34
                      ; - java.net.URLClassLoader$1::run@43
                      ; - java.net.URLClassLoader$1::run@1
                      ; - java.security.AccessController::executePrivileged@29
                      ; - java.security.AccessController::doPrivileged@13
                      ; - java.net.URLClassLoader::findClass@13
  0x0000017957a41e28: 5425 88ff 

  0x0000017957a41e2c: ;   {other}
  0x0000017957a41e2c: 0f1f 8400 | 1c84 00d0 | baf6 ffff | ff48 8b6c | 2460 4c8b | 5424 284c | 8954 2420 | 4c89 6c24 
  0x0000017957a41e4c: 284c 8974 | 2448 4c8b | 5424 704c | 8954 2458 | 4c89 5c24 | 6866 6690 

  0x0000017957a41e64: ;   {runtime_call UncommonTrapBlob}
  0x0000017957a41e64: c5f8 77e8 

  0x0000017957a41e68: ; ImmutableOopMap {rbp=Oop [32]=Oop [40]=Oop [72]=Oop [104]=Oop [120]=Oop [136]=Oop [144]=NarrowOop }
                      ;*arraylength {reexecute=0 rethrow=0 return_oop=0}
                      ; - java.lang.String::isEmpty@4
                      ; - java.lang.ClassLoader::definePackage@1
                      ; - java.lang.ClassLoader::getDefinedPackage@32
                      ; - java.net.URLClassLoader::getAndVerifyPackage@2
                      ; - java.net.URLClassLoader::defineClass@46
                      ; - java.net.URLClassLoader$1::run@43
                      ; - java.net.URLClassLoader$1::run@1
                      ; - java.security.AccessController::executePrivileged@29
                      ; - java.security.AccessController::doPrivileged@13
                      ; - java.net.URLClassLoader::findClass@13
  0x0000017957a41e68: 1425 88ff 

  0x0000017957a41e6c: ;   {other}
  0x0000017957a41e6c: 0f1f 8400 | 5c84 00d1 | ba45 ffff | ff48 8b6c | 2460 4c8b | 5c24 284c | 895c 2420 | 4c89 6c24 
  0x0000017957a41e8c: 284c 8b5c | 2468 4c89 | 5c24 304c | 8b5c 2478 | 4c89 5c24 | 504c 8b5c | 2470 4c89 | 5c24 5844 
  0x0000017957a41eac: 8954 2478 

  0x0000017957a41eb0: ;   {runtime_call UncommonTrapBlob}
  0x0000017957a41eb0: c5f8 77e8 

  0x0000017957a41eb4: ; ImmutableOopMap {rbp=Oop [32]=Oop [40]=Oop [48]=Oop [80]=Oop [120]=NarrowOop [144]=NarrowOop [200]=Oop }
                      ;*ifnonnull {reexecute=1 rethrow=0 return_oop=0}
                      ; - (reexecute) jdk.internal.access.SharedSecrets::javaUtilJarAccess@5
                      ; - jdk.internal.loader.URLClassPath$JarLoader$2::getManifest@0
                      ; - java.net.URLClassLoader::defineClass@34
                      ; - java.net.URLClassLoader$1::run@43
                      ; - java.net.URLClassLoader$1::run@1
                      ; - java.security.AccessController::executePrivileged@29
                      ; - java.security.AccessController::doPrivileged@13
                      ; - java.net.URLClassLoader::findClass@13
  0x0000017957a41eb4: c824 88ff 

  0x0000017957a41eb8: ;   {other}
  0x0000017957a41eb8: 0f1f 8400 | a884 00d2 | baf4 ffff | ff48 8b6c | 2460 4c8b | 5424 284c | 8954 2420 | 4c8b 5424 
  0x0000017957a41ed8: 404c 8954 | 2428 4c8b | 5424 684c | 8954 2430 | 4c8b 5424 | 784c 8954 | 2460 4c8b | 5424 704c 
  0x0000017957a41ef8: 8954 2468 

  0x0000017957a41efc: ;   {runtime_call UncommonTrapBlob}
  0x0000017957a41efc: c5f8 77e8 

  0x0000017957a41f00: ; ImmutableOopMap {rbp=Oop [32]=Oop [40]=Oop [48]=Oop [88]=Oop [96]=Oop [136]=Oop [144]=NarrowOop }
                      ;*checkcast {reexecute=0 rethrow=0 return_oop=0}
                      ; - java.lang.ClassLoader::definePackage@81
                      ; - java.lang.ClassLoader::getDefinedPackage@32
                      ; - java.net.URLClassLoader::getAndVerifyPackage@2
                      ; - java.net.URLClassLoader::defineClass@46
                      ; - java.net.URLClassLoader$1::run@43
                      ; - java.net.URLClassLoader$1::run@1
                      ; - java.security.AccessController::executePrivileged@29
                      ; - java.security.AccessController::doPrivileged@13
                      ; - java.net.URLClassLoader::findClass@13
  0x0000017957a41f00: 7c24 88ff 

  0x0000017957a41f04: ;   {other}
  0x0000017957a41f04: 0f1f 8400 | f484 00d3 | ba45 ffff | ff4c 8b4c | 2460 4c89 | 6c24 304c | 894c 2440 | 4c89 7424 
  0x0000017957a41f24: 484c 8974 | 2450 4c89 | 4c24 584c | 8b4c 2478 | 4c89 4c24 | 688b 8c24 | 9000 0000 | 894c 247c 
  0x0000017957a41f44: 4c89 9c24 | 9000 0000 | 4c89 9c24 | a800 0000 | 4489 8424 | b000 0000 | 4489 9424 | b400 0000 
  0x0000017957a41f64: ;   {runtime_call UncommonTrapBlob}
  0x0000017957a41f64: c5f8 77e8 

  0x0000017957a41f68: ; ImmutableOopMap {rbp=NarrowOop [40]=Oop [48]=Oop [64]=Oop [72]=Oop [80]=Oop [88]=Oop [104]=Oop [124]=NarrowOop [136]=Oop [144]=Oop [168]=Oop [176]=NarrowOop }
                      ;*ifnull {reexecute=1 rethrow=0 return_oop=0}
                      ; - (reexecute) java.util.concurrent.ConcurrentHashMap::get@67
                      ; - java.lang.ClassLoader::getDefinedPackage@13
                      ; - java.net.URLClassLoader::getAndVerifyPackage@2
                      ; - java.net.URLClassLoader::defineClass@46
                      ; - java.net.URLClassLoader$1::run@43
                      ; - java.net.URLClassLoader$1::run@1
                      ; - java.security.AccessController::executePrivileged@29
                      ; - java.security.AccessController::doPrivileged@13
                      ; - java.net.URLClassLoader::findClass@13
  0x0000017957a41f68: 1424 88ff 

  0x0000017957a41f6c: ;   {other}
  0x0000017957a41f6c: 0f1f 8400 | 5c85 00d4 | baf6 ffff | ff48 8b6c | 2460 4c8b | 5424 284c | 8954 2420 | 448b 5424 
  0x0000017957a41f8c: 3044 8954 | 2428 4c8b | 5424 5044 | 8b5c 2440 | 4489 5c24 | 2c4c 8954 | 2438 4c8b | 5424 584c 
  0x0000017957a41fac: 8954 2450 

  0x0000017957a41fb0: ;   {runtime_call UncommonTrapBlob}
  0x0000017957a41fb0: c5f8 77e8 

  0x0000017957a41fb4: ; ImmutableOopMap {rbp=Oop [32]=Oop [40]=NarrowOop [56]=Oop [80]=Oop [104]=Oop [112]=Oop [128]=Oop }
                      ;*arraylength {reexecute=0 rethrow=0 return_oop=0}
                      ; - java.lang.StringLatin1::charAt@2
                      ; - java.lang.String::charAt@12
                      ; - java.io.WinNTFileSystem::normalize@31
                      ; - java.io.File::<init>@73
                      ; - jdk.internal.loader.URLClassPath$FileLoader::getResource@73
                      ; - jdk.internal.loader.URLClassPath::getResource@53
                      ; - java.net.URLClassLoader$1::run@26
                      ; - java.net.URLClassLoader$1::run@1
                      ; - java.security.AccessController::executePrivileged@29
                      ; - java.security.AccessController::doPrivileged@13
                      ; - java.net.URLClassLoader::findClass@13
  0x0000017957a41fb4: c823 88ff 

  0x0000017957a41fb8: ;   {other}
  0x0000017957a41fb8: 0f1f 8400 | a885 00d5 | ba45 ffff | ff48 8b4c | 2460 4c89 | 6c24 3048 | 894c 2440 | 4c89 7424 
  0x0000017957a41fd8: 484c 8974 | 2450 4889 | 4c24 5848 | 8b4c 2478 | 4889 4c24 | 688b 9c24 | 9000 0000 | 895c 247c 
  0x0000017957a41ff8: 4c89 9c24 | 9000 0000 | 4489 8c24 | a800 0000 | 4c89 9c24 | b000 0000 | 4489 8424 | ac00 0000 
  0x0000017957a42018: 4489 9424 | b800 0000 

  0x0000017957a42020: ;   {runtime_call UncommonTrapBlob}
  0x0000017957a42020: c5f8 77e8 

  0x0000017957a42024: ; ImmutableOopMap {rbp=NarrowOop [40]=Oop [48]=Oop [64]=Oop [72]=Oop [80]=Oop [88]=Oop [104]=Oop [124]=NarrowOop [136]=Oop [144]=Oop [168]=NarrowOop [172]=NarrowOop [176]=Oop }
                      ;*ifnull {reexecute=1 rethrow=0 return_oop=0}
                      ; - (reexecute) java.util.concurrent.ConcurrentHashMap::get@67
                      ; - java.lang.ClassLoader::definePackage@47
                      ; - java.lang.ClassLoader::getDefinedPackage@32
                      ; - java.net.URLClassLoader::getAndVerifyPackage@2
                      ; - java.net.URLClassLoader::defineClass@46
                      ; - java.net.URLClassLoader$1::run@43
                      ; - java.net.URLClassLoader$1::run@1
                      ; - java.security.AccessController::executePrivileged@29
                      ; - java.security.AccessController::doPrivileged@13
                      ; - java.net.URLClassLoader::findClass@13
  0x0000017957a42024: 5823 88ff 

  0x0000017957a42028: ;   {other}
  0x0000017957a42028: 0f1f 8400 | 1886 00d6 | baf6 ffff | ff48 8b6c | 2460 4c8b | 5c24 284c | 895c 2420 | 4c8b 5c24 
  0x0000017957a42048: 404c 895c | 2428 4c8b | 5c24 684c | 895c 2430 | 4c8b 5c24 | 784c 895c | 2460 4c8b | 5c24 704c 
  0x0000017957a42068: 895c 2468 | 4c8b 9c24 | 8800 0000 | 4c89 9c24 | 8000 0000 | 4c89 9424 | 8800 0000 

  0x0000017957a42084: ;   {runtime_call UncommonTrapBlob}
  0x0000017957a42084: c5f8 77e8 

  0x0000017957a42088: ; ImmutableOopMap {rbp=Oop [32]=Oop [40]=Oop [48]=Oop [80]=Oop [88]=NarrowOop [92]=NarrowOop [96]=Oop [128]=Oop [136]=Oop [200]=Oop }
                      ;*arraylength {reexecute=0 rethrow=0 return_oop=0}
                      ; - java.io.ByteArrayInputStream::<init>@21
                      ; - java.util.jar.JarFile::getManifestFromReference@114
                      ; - java.util.jar.JarFile::getManifest@1
                      ; - jdk.internal.loader.URLClassPath$JarLoader$2::getManifest@22
                      ; - java.net.URLClassLoader::defineClass@34
                      ; - java.net.URLClassLoader$1::run@43
                      ; - java.net.URLClassLoader$1::run@1
                      ; - java.security.AccessController::executePrivileged@29
                      ; - java.security.AccessController::doPrivileged@13
                      ; - java.net.URLClassLoader::findClass@13
  0x0000017957a42088: f422 88ff 

  0x0000017957a4208c: ;   {other}
  0x0000017957a4208c: 0f1f 8400 | 7c86 00d7 | 448b 5008 | 49bb 0000 | 0000 7901 | 0000 4d03 | da4d 8b53 

  0x0000017957a420a8: ;   {metadata('java/lang/Exception')}
  0x0000017957a420a8: 4049 bb20 | c000 0079 | 0100 004d | 3bd3 0f84 | d2b8 ffff | e9cb eeff | ff44 8b58 | 0849 ba00 
  0x0000017957a420c8: 0000 0079 | 0100 004d | 03d3 4d8b 

  0x0000017957a420d4: ;   {metadata('java/lang/Exception')}
  0x0000017957a420d4: 5240 49bb | 20c0 0000 | 7901 0000 | 4d3b d30f | 84a5 b8ff | ffe9 9eee | ffff ba45 | ffff ff48 
  0x0000017957a420f4: 8b6c 2448 | 4c8b 4424 | 284c 8944 | 2420 4c8b | 4424 404c | 8944 2428 | 4c8b 4424 | 684c 8944 
  0x0000017957a42114: 2430 4c8b | 4424 784c | 8944 2460 | 4c8b 4424 | 704c 8944 | 2468 4c89 | 5424 784c | 899c 2488 
  0x0000017957a42134: 0000 0090 

  0x0000017957a42138: ;   {runtime_call UncommonTrapBlob}
  0x0000017957a42138: c5f8 77e8 

  0x0000017957a4213c: ; ImmutableOopMap {rbp=Oop [32]=Oop [40]=Oop [48]=Oop [80]=Oop [88]=NarrowOop [96]=Oop [120]=Oop [136]=Oop [200]=Oop }
                      ;*ifnull {reexecute=1 rethrow=0 return_oop=0}
                      ; - (reexecute) java.util.jar.JarFile::getManifestFromReference@148
                      ; - java.util.jar.JarFile::getManifest@1
                      ; - jdk.internal.loader.URLClassPath$JarLoader$2::getManifest@22
                      ; - java.net.URLClassLoader::defineClass@34
                      ; - java.net.URLClassLoader$1::run@43
                      ; - java.net.URLClassLoader$1::run@1
                      ; - java.security.AccessController::executePrivileged@29
                      ; - java.security.AccessController::doPrivileged@13
                      ; - java.net.URLClassLoader::findClass@13
  0x0000017957a4213c: 4022 88ff 

  0x0000017957a42140: ;   {other}
  0x0000017957a42140: 0f1f 8400 | 3087 00d8 | 448b 5008 | 49bb 0000 | 0000 7901 | 0000 4d03 | da4d 8b53 

  0x0000017957a4215c: ;   {metadata('java/lang/Exception')}
  0x0000017957a4215c: 4049 bb20 | c000 0079 | 0100 004d | 3bd3 0f84 | 1eb8 ffff | e917 eeff | ff44 8b50 | 0849 bb00 
  0x0000017957a4217c: 0000 0079 | 0100 004d | 03da 4d8b 

  0x0000017957a42188: ;   {metadata('java/lang/Exception')}
  0x0000017957a42188: 5340 49bb | 20c0 0000 | 7901 0000 | 4d3b d30f | 84f1 b7ff | ffe9 eaed | ffff 448b | 5808 49ba 
  0x0000017957a421a8: 0000 0000 | 7901 0000 | 4d03 d34d 

  0x0000017957a421b4: ;   {metadata('java/lang/Exception')}
  0x0000017957a421b4: 8b52 4049 | bb20 c000 | 0079 0100 | 004d 3bd3 | 0f84 c4b7 | ffff e9bd | edff ff44 | 8b58 0849 
  0x0000017957a421d4: ba00 0000 | 0079 0100 | 004d 03d3 | 4d8b 5240 

  0x0000017957a421e4: ;   {metadata('java/lang/Exception')}
  0x0000017957a421e4: 49bb 20c0 | 0000 7901 | 0000 4d3b | d30f 8497 | b7ff ffe9 | 90ed ffff | 448b 5008 | 49bb 0000 
  0x0000017957a42204: 0000 7901 | 0000 4d03 | da4d 8b53 

  0x0000017957a42210: ;   {metadata('java/lang/Exception')}
  0x0000017957a42210: 4049 bb20 | c000 0079 | 0100 004d | 3bd3 0f84 | 6ab7 ffff | e963 edff | ffba f6ff | ffff 488b 
  0x0000017957a42230: 6c24 604c | 8b54 2428 | 4c89 5424 | 2044 8b5c | 2430 4489 | 5c24 2844 | 8b54 2440 | 4489 5424 
  0x0000017957a42250: 2c4c 8b54 | 2450 4c89 | 5424 384c | 8b54 2458 | 4c89 5424 | 5066 6690 

  0x0000017957a42268: ;   {runtime_call UncommonTrapBlob}
  0x0000017957a42268: c5f8 77e8 

  0x0000017957a4226c: ; ImmutableOopMap {rbp=Oop [32]=Oop [40]=NarrowOop [56]=Oop [80]=Oop [104]=Oop [112]=Oop [128]=Oop }
                      ;*arraylength {reexecute=0 rethrow=0 return_oop=0}
                      ; - java.lang.StringLatin1::charAt@2
                      ; - java.lang.String::charAt@12
                      ; - java.io.WinNTFileSystem::normalize@31
                      ; - java.io.File::<init>@73
                      ; - jdk.internal.loader.URLClassPath$FileLoader::getResource@118
                      ; - jdk.internal.loader.URLClassPath::getResource@53
                      ; - java.net.URLClassLoader$1::run@26
                      ; - java.net.URLClassLoader$1::run@1
                      ; - java.security.AccessController::executePrivileged@29
                      ; - java.security.AccessController::doPrivileged@13
                      ; - java.net.URLClassLoader::findClass@13
  0x0000017957a4226c: 1021 88ff 

  0x0000017957a42270: ;   {other}
  0x0000017957a42270: 0f1f 8400 | 6088 00d9 | baf6 ffff | ff48 8b6c | 2460 4c8b | 5424 284c | 8954 2420 | 448b 4424 
  0x0000017957a42290: 3044 8944 | 2428 448b | 5424 4044 | 8954 242c | 4c8b 5424 | 504c 8954 | 2438 4c8b | 5424 584c 
  0x0000017957a422b0: 8954 2450 | 4489 5c24 | 6066 6690 

  0x0000017957a422bc: ;   {runtime_call UncommonTrapBlob}
  0x0000017957a422bc: c5f8 77e8 

  0x0000017957a422c0: ; ImmutableOopMap {rbp=Oop [32]=Oop [40]=NarrowOop [56]=Oop [80]=Oop [96]=NarrowOop [104]=Oop [112]=Oop }
                      ;*invokevirtual getFile {reexecute=0 rethrow=0 return_oop=0}
                      ; - jdk.internal.loader.URLClassPath$FileLoader::getResource@28
                      ; - jdk.internal.loader.URLClassPath::getResource@53
                      ; - java.net.URLClassLoader$1::run@26
                      ; - java.net.URLClassLoader$1::run@1
                      ; - java.security.AccessController::executePrivileged@29
                      ; - java.security.AccessController::doPrivileged@13
                      ; - java.net.URLClassLoader::findClass@13
  0x0000017957a422c0: bc20 88ff 

  0x0000017957a422c4: ;   {other}
  0x0000017957a422c4: 0f1f 8400 | b488 00da | 448b 4008 

  0x0000017957a422d0: ;   {metadata('java/security/PrivilegedActionException')}
  0x0000017957a422d0: 4181 f8b0 | 8f12 0174 | 1249 ba00 | 0000 0079 | 0100 004d | 03d0 e938 | edff ff48 | 8be8 e998 
  0x0000017957a422f0: f7ff ff44 | 8b50 0849 | bb00 0000 | 0079 0100 | 004d 03da | 4d8b 5340 

  0x0000017957a42308: ;   {metadata('java/lang/Exception')}
  0x0000017957a42308: 49bb 20c0 | 0000 7901 | 0000 4d3b | d30f 8473 | b6ff ffe9 | 6cec ffff | baf6 ffff | ff4c 8b54 
  0x0000017957a42328: 2428 4c89 | 5424 2044 | 8b5c 2430 | 4489 5c24 | 2844 8b54 | 2440 4489 | 5424 2c4c | 8b54 2450 
  0x0000017957a42348: 4c89 5424 | 384c 8b54 | 2458 4c89 | 5424 5090 

  0x0000017957a42358: ;   {runtime_call UncommonTrapBlob}
  0x0000017957a42358: c5f8 77e8 

  0x0000017957a4235c: ; ImmutableOopMap {rbp=Oop [32]=Oop [40]=NarrowOop [56]=Oop [80]=Oop [104]=Oop [112]=Oop [128]=Oop }
                      ;*invokevirtual isEmpty {reexecute=0 rethrow=0 return_oop=0}
                      ; - java.io.File::<init>@29
                      ; - jdk.internal.loader.URLClassPath$FileLoader::getResource@73
                      ; - jdk.internal.loader.URLClassPath::getResource@53
                      ; - java.net.URLClassLoader$1::run@26
                      ; - java.net.URLClassLoader$1::run@1
                      ; - java.security.AccessController::executePrivileged@29
                      ; - java.security.AccessController::doPrivileged@13
                      ; - java.net.URLClassLoader::findClass@13
  0x0000017957a4235c: 2020 88ff 

  0x0000017957a42360: ;   {other}
  0x0000017957a42360: 0f1f 8400 | 5089 00db | baf6 ffff | ff4c 8b54 | 2428 4c89 | 5424 2044 | 8b54 2430 | 4489 5424 
  0x0000017957a42380: 284c 8b54 | 2450 448b | 5c24 4044 | 895c 242c | 4c89 5424 | 384c 8b54 | 2458 4c89 | 5424 5090 
  0x0000017957a423a0: ;   {runtime_call UncommonTrapBlob}
  0x0000017957a423a0: c5f8 77e8 

  0x0000017957a423a4: ; ImmutableOopMap {rbp=Oop [32]=Oop [40]=NarrowOop [56]=Oop [80]=Oop [104]=Oop [112]=Oop [128]=Oop }
                      ;*arraylength {reexecute=0 rethrow=0 return_oop=0}
                      ; - java.lang.String::isEmpty@4
                      ; - java.io.File::<init>@29
                      ; - jdk.internal.loader.URLClassPath$FileLoader::getResource@73
                      ; - jdk.internal.loader.URLClassPath::getResource@53
                      ; - java.net.URLClassLoader$1::run@26
                      ; - java.net.URLClassLoader$1::run@1
                      ; - java.security.AccessController::executePrivileged@29
                      ; - java.security.AccessController::doPrivileged@13
                      ; - java.net.URLClassLoader::findClass@13
  0x0000017957a423a4: d81f 88ff 

  0x0000017957a423a8: ;   {other}
  0x0000017957a423a8: 0f1f 8400 | 9889 00dc | baf6 ffff | ff4c 8b54 | 2428 4c89 | 5424 2044 | 8b54 2430 | 4489 5424 
  0x0000017957a423c8: 284c 8b54 | 2450 448b | 5c24 4044 | 895c 242c | 4c89 5424 | 384c 8b54 | 2458 4c89 | 5424 5090 
  0x0000017957a423e8: ;   {runtime_call UncommonTrapBlob}
  0x0000017957a423e8: c5f8 77e8 

  0x0000017957a423ec: ; ImmutableOopMap {rbp=Oop [32]=Oop [40]=NarrowOop [56]=Oop [80]=Oop [104]=Oop [112]=Oop [128]=Oop }
                      ;*arraylength {reexecute=0 rethrow=0 return_oop=0}
                      ; - java.lang.String::length@4
                      ; - java.io.WinNTFileSystem::normalize@1
                      ; - java.io.File::<init>@73
                      ; - jdk.internal.loader.URLClassPath$FileLoader::getResource@73
                      ; - jdk.internal.loader.URLClassPath::getResource@53
                      ; - java.net.URLClassLoader$1::run@26
                      ; - java.net.URLClassLoader$1::run@1
                      ; - java.security.AccessController::executePrivileged@29
                      ; - java.security.AccessController::doPrivileged@13
                      ; - java.net.URLClassLoader::findClass@13
  0x0000017957a423ec: 901f 88ff 

  0x0000017957a423f0: ;   {other}
  0x0000017957a423f0: 0f1f 8400 | e089 00dd | baf6 ffff | ff4c 8b54 | 2428 4c89 | 5424 2044 | 8b54 2430 | 4489 5424 
  0x0000017957a42410: 284c 8b54 | 2450 448b | 5c24 4044 | 895c 242c | 4c89 5424 | 384c 8b54 | 2458 4c89 | 5424 5090 
  0x0000017957a42430: ;   {runtime_call UncommonTrapBlob}
  0x0000017957a42430: c5f8 77e8 

  0x0000017957a42434: ; ImmutableOopMap {rbp=Oop [32]=Oop [40]=NarrowOop [56]=Oop [80]=Oop [104]=Oop [112]=Oop [128]=Oop }
                      ;*arraylength {reexecute=0 rethrow=0 return_oop=0}
                      ; - java.lang.String::length@4
                      ; - java.io.WinNTFileSystem::prefixLength@6
                      ; - java.io.File::<init>@104
                      ; - jdk.internal.loader.URLClassPath$FileLoader::getResource@73
                      ; - jdk.internal.loader.URLClassPath::getResource@53
                      ; - java.net.URLClassLoader$1::run@26
                      ; - java.net.URLClassLoader$1::run@1
                      ; - java.security.AccessController::executePrivileged@29
                      ; - java.security.AccessController::doPrivileged@13
                      ; - java.net.URLClassLoader::findClass@13
  0x0000017957a42434: 481f 88ff 

  0x0000017957a42438: ;   {other}
  0x0000017957a42438: 0f1f 8400 | 288a 00de | baf6 ffff | ff4c 8b54 | 2428 4c89 | 5424 2044 | 8b5c 2430 | 4489 5c24 
  0x0000017957a42458: 2844 8b54 | 2440 4489 | 5424 2c4c | 8b54 2450 | 4c89 5424 | 384c 8b54 | 2458 4c89 | 5424 5090 
  0x0000017957a42478: ;   {runtime_call UncommonTrapBlob}
  0x0000017957a42478: c5f8 77e8 

  0x0000017957a4247c: ; ImmutableOopMap {rbp=Oop [32]=Oop [40]=NarrowOop [56]=Oop [80]=Oop [104]=Oop [112]=Oop }
                      ;*invokevirtual getPath {reexecute=0 rethrow=0 return_oop=0}
                      ; - jdk.internal.loader.URLClassPath$FileLoader::getResource@83
                      ; - jdk.internal.loader.URLClassPath::getResource@53
                      ; - java.net.URLClassLoader$1::run@26
                      ; - java.net.URLClassLoader$1::run@1
                      ; - java.security.AccessController::executePrivileged@29
                      ; - java.security.AccessController::doPrivileged@13
                      ; - java.net.URLClassLoader::findClass@13
  0x0000017957a4247c: 001f 88ff 

  0x0000017957a42480: ;   {other}
  0x0000017957a42480: 0f1f 8400 | 708a 00df | baf6 ffff | ff48 8b6c | 2460 4c8b | 5424 284c | 8954 2420 | 448b 5424 
  0x0000017957a424a0: 3044 8954 | 2428 4c8b | 5424 5044 | 8b44 2440 | 4489 4424 | 2c4c 8954 | 2438 4c8b | 5424 684c 
  0x0000017957a424c0: 8954 2448 | 4c8b 5424 | 584c 8954 | 2450 4489 | 5c24 6890 

  0x0000017957a424d4: ;   {runtime_call UncommonTrapBlob}
  0x0000017957a424d4: c5f8 77e8 

  0x0000017957a424d8: ; ImmutableOopMap {rbp=Oop [32]=Oop [40]=NarrowOop [56]=Oop [72]=Oop [80]=Oop [104]=NarrowOop [112]=Oop [120]=Oop }
                      ;*invokevirtual getPath {reexecute=0 rethrow=0 return_oop=0}
                      ; - jdk.internal.loader.URLClassPath$FileLoader::getResource@90
                      ; - jdk.internal.loader.URLClassPath::getResource@53
                      ; - java.net.URLClassLoader$1::run@26
                      ; - java.net.URLClassLoader$1::run@1
                      ; - java.security.AccessController::executePrivileged@29
                      ; - java.security.AccessController::doPrivileged@13
                      ; - java.net.URLClassLoader::findClass@13
  0x0000017957a424d8: a41e 88ff 

  0x0000017957a424dc: ;   {other}
  0x0000017957a424dc: 0f1f 8400 | cc8a 00e0 | baf6 ffff | ff48 8b6c | 2460 4c8b | 5424 284c | 8954 2420 | 448b 5424 
  0x0000017957a424fc: 3044 8954 | 2428 4c8b | 5424 5044 | 8b5c 2440 | 4489 5c24 | 2c4c 8954 | 2438 4c8b | 5424 584c 
  0x0000017957a4251c: 8954 2450 

  0x0000017957a42520: ;   {runtime_call UncommonTrapBlob}
  0x0000017957a42520: c5f8 77e8 

  0x0000017957a42524: ; ImmutableOopMap {rbp=Oop [32]=Oop [40]=NarrowOop [56]=Oop [80]=Oop [104]=Oop [112]=Oop [128]=Oop }
                      ;*arraylength {reexecute=0 rethrow=0 return_oop=0}
                      ; - java.lang.StringLatin1::charAt@2
                      ; - java.lang.String::charAt@12
                      ; - java.io.WinNTFileSystem::prefixLength@30
                      ; - java.io.File::<init>@104
                      ; - jdk.internal.loader.URLClassPath$FileLoader::getResource@73
                      ; - jdk.internal.loader.URLClassPath::getResource@53
                      ; - java.net.URLClassLoader$1::run@26
                      ; - java.net.URLClassLoader$1::run@1
                      ; - java.security.AccessController::executePrivileged@29
                      ; - java.security.AccessController::doPrivileged@13
                      ; - java.net.URLClassLoader::findClass@13
  0x0000017957a42524: 581e 88ff 

  0x0000017957a42528: ;   {other}
  0x0000017957a42528: 0f1f 8400 | 188b 00e1 | baf6 ffff | ff48 8b6c | 2460 4c8b | 5424 284c | 8954 2420 | 448b 5c24 
  0x0000017957a42548: 3044 895c | 2428 448b | 5424 4044 | 8954 242c | 4c8b 5424 | 504c 8954 | 2438 4c8b | 5424 584c 
  0x0000017957a42568: 8954 2450 

  0x0000017957a4256c: ;   {runtime_call UncommonTrapBlob}
  0x0000017957a4256c: c5f8 77e8 

  0x0000017957a42570: ; ImmutableOopMap {rbp=Oop [32]=Oop [40]=NarrowOop [56]=Oop [80]=Oop [104]=Oop [112]=Oop [128]=Oop }
                      ;*arraylength {reexecute=0 rethrow=0 return_oop=0}
                      ; - java.lang.StringLatin1::charAt@2
                      ; - java.lang.String::charAt@12
                      ; - java.io.WinNTFileSystem::prefixLength@78
                      ; - java.io.File::<init>@104
                      ; - jdk.internal.loader.URLClassPath$FileLoader::getResource@73
                      ; - jdk.internal.loader.URLClassPath::getResource@53
                      ; - java.net.URLClassLoader$1::run@26
                      ; - java.net.URLClassLoader$1::run@1
                      ; - java.security.AccessController::executePrivileged@29
                      ; - java.security.AccessController::doPrivileged@13
                      ; - java.net.URLClassLoader::findClass@13
  0x0000017957a42570: 0c1e 88ff 

  0x0000017957a42574: ;   {other}
  0x0000017957a42574: 0f1f 8400 | 648b 00e2 | e95f eaff | ffeb 0044 | 8b58 0849 | ba00 0000 | 0079 0100 | 004d 03d3 
  0x0000017957a42594: e904 eaff | ff44 8b40 | 0849 ba00 | 0000 0079 | 0100 004d | 03d0 e9ee | e9ff ffba | b5ff ffff 
  0x0000017957a425b4: 488b 6c24 | 204c 8b5c | 2428 4c89 | 5c24 2048 | 8944 2430 

  0x0000017957a425c8: ;   {runtime_call UncommonTrapBlob}
  0x0000017957a425c8: c5f8 77e8 

  0x0000017957a425cc: ; ImmutableOopMap {rbp=Oop [32]=Oop [48]=Oop [64]=Oop }
                      ;*astore_3 {reexecute=0 rethrow=0 return_oop=0}
                      ; - java.net.URLClassLoader$1::run@61
                      ; - java.net.URLClassLoader$1::run@1
                      ; - java.security.AccessController::executePrivileged@29
                      ; - java.security.AccessController::doPrivileged@13
                      ; - java.net.URLClassLoader::findClass@13
  0x0000017957a425cc: b01d 88ff 

  0x0000017957a425d0: ;   {other}
  0x0000017957a425d0: 0f1f 8400 | c08b 00e3 | ba45 ffff | ff4c 8b54 | 2428 4c89 | 5424 2044 | 8b5c 2430 | 4489 5c24 
  0x0000017957a425f0: 2844 8b54 | 2440 4489 | 5424 2c4c | 8b54 2450 | 4c89 5424 | 384c 8b54 | 2468 4c89 | 5424 484c 
  0x0000017957a42610: 8b54 2458 | 4c89 5424 | 504c 8b54 | 2470 4c89 | 5424 584c | 8b94 2488 | 0000 004c | 8954 2470 
  0x0000017957a42630: ;   {runtime_call UncommonTrapBlob}
  0x0000017957a42630: c5f8 77e8 

  0x0000017957a42634: ; ImmutableOopMap {rbp=Oop [32]=Oop [40]=NarrowOop [56]=Oop [72]=Oop [80]=Oop [88]=Oop [112]=Oop [128]=Oop [136]=Oop }
                      ;*ifnonnull {reexecute=1 rethrow=0 return_oop=0}
                      ; - (reexecute) java.io.File::<init>@10
                      ; - jdk.internal.loader.URLClassPath$FileLoader::getResource@73
                      ; - jdk.internal.loader.URLClassPath::getResource@53
                      ; - java.net.URLClassLoader$1::run@26
                      ; - java.net.URLClassLoader$1::run@1
                      ; - java.security.AccessController::executePrivileged@29
                      ; - java.security.AccessController::doPrivileged@13
                      ; - java.net.URLClassLoader::findClass@13
  0x0000017957a42634: 481d 88ff 

  0x0000017957a42638: ;   {other}
  0x0000017957a42638: 0f1f 8400 | 288c 00e4 | ba45 ffff | ff4c 8b54 | 2428 4c89 | 5424 2044 | 8b5c 2430 | 4489 5c24 
  0x0000017957a42658: 2844 8b54 | 2440 4489 | 5424 2c4c | 8b54 2450 | 4c89 5424 | 384c 8b54 | 2468 4c89 | 5424 484c 
  0x0000017957a42678: 8b54 2458 | 4c89 5424 | 504c 8b54 | 2470 4c89 | 5424 584c | 8b94 2480 | 0000 004c | 8954 2468 
  0x0000017957a42698: 448b 5c24 | 7845 8bd3 | 4489 5424 | 7466 6690 

  0x0000017957a426a8: ;   {runtime_call UncommonTrapBlob}
  0x0000017957a426a8: c5f8 77e8 

  0x0000017957a426ac: ; ImmutableOopMap {rbp=Oop [32]=Oop [40]=NarrowOop [56]=Oop [72]=Oop [80]=Oop [88]=Oop [104]=Oop [116]=NarrowOop [120]=NarrowOop [136]=Oop }
                      ;*ifnull {reexecute=1 rethrow=0 return_oop=0}
                      ; - (reexecute) java.io.File::<init>@22
                      ; - jdk.internal.loader.URLClassPath$FileLoader::getResource@73
                      ; - jdk.internal.loader.URLClassPath::getResource@53
                      ; - java.net.URLClassLoader$1::run@26
                      ; - java.net.URLClassLoader$1::run@1
                      ; - java.security.AccessController::executePrivileged@29
                      ; - java.security.AccessController::doPrivileged@13
                      ; - java.net.URLClassLoader::findClass@13
  0x0000017957a426ac: d01c 88ff 

  0x0000017957a426b0: ;   {other}
  0x0000017957a426b0: 0f1f 8400 | a08c 00e5 | e965 e8ff | ffba f6ff | ffff 488b | 6c24 604c | 8b5c 2428 | 4c89 5c24 
  0x0000017957a426d0: 204c 896c | 2428 4c8b | 5c24 684c | 895c 2430 | 4489 5424 | 404c 8944 | 2458 6690 

  0x0000017957a426ec: ;   {runtime_call UncommonTrapBlob}
  0x0000017957a426ec: c5f8 77e8 

  0x0000017957a426f0: ; ImmutableOopMap {rbp=Oop [32]=Oop [40]=Oop [48]=Oop [88]=Oop }
                      ;*invokevirtual getBaseURL {reexecute=0 rethrow=0 return_oop=0}
                      ; - jdk.internal.loader.URLClassPath$FileLoader$1::getCodeSourceURL@4
                      ; - java.net.URLClassLoader::defineClass@13
                      ; - java.net.URLClassLoader$1::run@43
                      ; - java.net.URLClassLoader$1::run@1
                      ; - java.security.AccessController::executePrivileged@29
                      ; - java.security.AccessController::doPrivileged@13
                      ; - java.net.URLClassLoader::findClass@13
  0x0000017957a426f0: 8c1c 88ff 

  0x0000017957a426f4: ;   {other}
  0x0000017957a426f4: 0f1f 8400 | e48c 00e6 | ba97 ffff | ff48 8b6c | 2450 4c8b | 5424 284c | 8954 2420 | 4c8b 5424 
  0x0000017957a42714: 684c 8954 | 2430 4c8b | 5424 704c | 8954 2460 

  0x0000017957a42724: ;   {runtime_call UncommonTrapBlob}
  0x0000017957a42724: c5f8 77e8 

  0x0000017957a42728: ; ImmutableOopMap {rbp=Oop [32]=Oop [48]=Oop [64]=Oop [88]=NarrowOop [120]=Oop [144]=NarrowOop }
                      ;*invokevirtual clone {reexecute=1 rethrow=0 return_oop=0}
                      ; - (reexecute) java.util.Arrays::copyOfRange@18
                      ; - java.lang.StringLatin1::newString@16
                      ; - java.lang.String::substring@41
                      ; - java.net.URLClassLoader::defineClass@28
                      ; - java.net.URLClassLoader$1::run@43
                      ; - java.net.URLClassLoader$1::run@1
                      ; - java.security.AccessController::executePrivileged@29
                      ; - java.security.AccessController::doPrivileged@13
                      ; - java.net.URLClassLoader::findClass@13
  0x0000017957a42728: 541c 88ff 

  0x0000017957a4272c: ;   {other}
  0x0000017957a4272c: 0f1f 8400 | 1c8d 00e7 | baf6 ffff | ff4c 8b54 | 2428 4c89 | 5424 2044 | 8b5c 2430 | 4489 5c24 
  0x0000017957a4274c: 2844 8b54 | 2440 4489 | 5424 2c4c | 8b54 2450 | 4c89 5424 | 384c 8b54 | 2458 4c89 | 5424 5090 
  0x0000017957a4276c: ;   {runtime_call UncommonTrapBlob}
  0x0000017957a4276c: c5f8 77e8 

  0x0000017957a42770: ; ImmutableOopMap {rbp=Oop [32]=Oop [40]=NarrowOop [56]=Oop [80]=Oop [104]=Oop [112]=Oop [128]=Oop }
                      ;*invokevirtual isEmpty {reexecute=0 rethrow=0 return_oop=0}
                      ; - java.io.File::<init>@29
                      ; - jdk.internal.loader.URLClassPath$FileLoader::getResource@118
                      ; - jdk.internal.loader.URLClassPath::getResource@53
                      ; - java.net.URLClassLoader$1::run@26
                      ; - java.net.URLClassLoader$1::run@1
                      ; - java.security.AccessController::executePrivileged@29
                      ; - java.security.AccessController::doPrivileged@13
                      ; - java.net.URLClassLoader::findClass@13
  0x0000017957a42770: 0c1c 88ff 

  0x0000017957a42774: ;   {other}
  0x0000017957a42774: 0f1f 8400 | 648d 00e8 | baf6 ffff | ff4c 8b54 | 2428 4c89 | 5424 2044 | 8b54 2430 | 4489 5424 
  0x0000017957a42794: 284c 8b54 | 2450 448b | 5c24 4044 | 895c 242c | 4c89 5424 | 384c 8b54 | 2458 4c89 | 5424 5090 
  0x0000017957a427b4: ;   {runtime_call UncommonTrapBlob}
  0x0000017957a427b4: c5f8 77e8 

  0x0000017957a427b8: ; ImmutableOopMap {rbp=Oop [32]=Oop [40]=NarrowOop [56]=Oop [80]=Oop [104]=Oop [112]=Oop [128]=Oop }
                      ;*arraylength {reexecute=0 rethrow=0 return_oop=0}
                      ; - java.lang.String::isEmpty@4
                      ; - java.io.File::<init>@29
                      ; - jdk.internal.loader.URLClassPath$FileLoader::getResource@118
                      ; - jdk.internal.loader.URLClassPath::getResource@53
                      ; - java.net.URLClassLoader$1::run@26
                      ; - java.net.URLClassLoader$1::run@1
                      ; - java.security.AccessController::executePrivileged@29
                      ; - java.security.AccessController::doPrivileged@13
                      ; - java.net.URLClassLoader::findClass@13
  0x0000017957a427b8: c41b 88ff 

  0x0000017957a427bc: ;   {other}
  0x0000017957a427bc: 0f1f 8400 | ac8d 00e9 | baf6 ffff | ff4c 8b54 | 2428 4c89 | 5424 2044 | 8b54 2430 | 4489 5424 
  0x0000017957a427dc: 284c 8b54 | 2450 448b | 5c24 4044 | 895c 242c | 4c89 5424 | 384c 8b54 | 2458 4c89 | 5424 5090 
  0x0000017957a427fc: ;   {runtime_call UncommonTrapBlob}
  0x0000017957a427fc: c5f8 77e8 

  0x0000017957a42800: ; ImmutableOopMap {rbp=Oop [32]=Oop [40]=NarrowOop [56]=Oop [80]=Oop [104]=Oop [112]=Oop [128]=Oop }
                      ;*arraylength {reexecute=0 rethrow=0 return_oop=0}
                      ; - java.lang.String::length@4
                      ; - java.io.WinNTFileSystem::normalize@1
                      ; - java.io.File::<init>@73
                      ; - jdk.internal.loader.URLClassPath$FileLoader::getResource@118
                      ; - jdk.internal.loader.URLClassPath::getResource@53
                      ; - java.net.URLClassLoader$1::run@26
                      ; - java.net.URLClassLoader$1::run@1
                      ; - java.security.AccessController::executePrivileged@29
                      ; - java.security.AccessController::doPrivileged@13
                      ; - java.net.URLClassLoader::findClass@13
  0x0000017957a42800: 7c1b 88ff 

  0x0000017957a42804: ;   {other}
  0x0000017957a42804: 0f1f 8400 | f48d 00ea | baf6 ffff | ff4c 8b54 | 2428 4c89 | 5424 2044 | 8b54 2430 | 4489 5424 
  0x0000017957a42824: 284c 8b54 | 2450 448b | 5c24 4044 | 895c 242c | 4c89 5424 | 384c 8b54 | 2458 4c89 | 5424 5090 
  0x0000017957a42844: ;   {runtime_call UncommonTrapBlob}
  0x0000017957a42844: c5f8 77e8 

  0x0000017957a42848: ; ImmutableOopMap {rbp=Oop [32]=Oop [40]=NarrowOop [56]=Oop [80]=Oop [104]=Oop [112]=Oop [128]=Oop }
                      ;*arraylength {reexecute=0 rethrow=0 return_oop=0}
                      ; - java.lang.String::length@4
                      ; - java.io.WinNTFileSystem::prefixLength@6
                      ; - java.io.File::<init>@104
                      ; - jdk.internal.loader.URLClassPath$FileLoader::getResource@118
                      ; - jdk.internal.loader.URLClassPath::getResource@53
                      ; - java.net.URLClassLoader$1::run@26
                      ; - java.net.URLClassLoader$1::run@1
                      ; - java.security.AccessController::executePrivileged@29
                      ; - java.security.AccessController::doPrivileged@13
                      ; - java.net.URLClassLoader::findClass@13
  0x0000017957a42848: 341b 88ff 

  0x0000017957a4284c: ;   {other}
  0x0000017957a4284c: 0f1f 8400 | 3c8e 00eb | baf6 ffff | ff48 8b6c | 2460 4c8b | 5424 284c | 8954 2420 | 448b 5c24 
  0x0000017957a4286c: 3044 895c | 2428 448b | 5424 4044 | 8954 242c | 4c8b 5424 | 504c 8954 | 2438 4c8b | 5424 584c 
  0x0000017957a4288c: 8954 2450 

  0x0000017957a42890: ;   {runtime_call UncommonTrapBlob}
  0x0000017957a42890: c5f8 77e8 

  0x0000017957a42894: ; ImmutableOopMap {rbp=Oop [32]=Oop [40]=NarrowOop [56]=Oop [80]=Oop [104]=Oop [112]=Oop [128]=Oop }
                      ;*arraylength {reexecute=0 rethrow=0 return_oop=0}
                      ; - java.lang.StringLatin1::charAt@2
                      ; - java.lang.String::charAt@12
                      ; - java.io.WinNTFileSystem::prefixLength@30
                      ; - java.io.File::<init>@104
                      ; - jdk.internal.loader.URLClassPath$FileLoader::getResource@118
                      ; - jdk.internal.loader.URLClassPath::getResource@53
                      ; - java.net.URLClassLoader$1::run@26
                      ; - java.net.URLClassLoader$1::run@1
                      ; - java.security.AccessController::executePrivileged@29
                      ; - java.security.AccessController::doPrivileged@13
                      ; - java.net.URLClassLoader::findClass@13
  0x0000017957a42894: e81a 88ff 

  0x0000017957a42898: ;   {other}
  0x0000017957a42898: 0f1f 8400 | 888e 00ec | baf6 ffff | ff48 8b6c | 2460 4c8b | 5424 284c | 8954 2420 | 448b 5424 
  0x0000017957a428b8: 3044 8954 | 2428 4c8b | 5424 5044 | 8b5c 2440 | 4489 5c24 | 2c4c 8954 | 2438 4c8b | 5424 584c 
  0x0000017957a428d8: 8954 2450 

  0x0000017957a428dc: ;   {runtime_call UncommonTrapBlob}
  0x0000017957a428dc: c5f8 77e8 

  0x0000017957a428e0: ; ImmutableOopMap {rbp=Oop [32]=Oop [40]=NarrowOop [56]=Oop [80]=Oop [104]=Oop [112]=Oop [128]=Oop }
                      ;*arraylength {reexecute=0 rethrow=0 return_oop=0}
                      ; - java.lang.StringLatin1::charAt@2
                      ; - java.lang.String::charAt@12
                      ; - java.io.WinNTFileSystem::prefixLength@78
                      ; - java.io.File::<init>@104
                      ; - jdk.internal.loader.URLClassPath$FileLoader::getResource@118
                      ; - jdk.internal.loader.URLClassPath::getResource@53
                      ; - java.net.URLClassLoader$1::run@26
                      ; - java.net.URLClassLoader$1::run@1
                      ; - java.security.AccessController::executePrivileged@29
                      ; - java.security.AccessController::doPrivileged@13
                      ; - java.net.URLClassLoader::findClass@13
  0x0000017957a428e0: 9c1a 88ff 

  0x0000017957a428e4: ;   {other}
  0x0000017957a428e4: 0f1f 8400 | d48e 00ed | ba45 ffff | ff4c 8b54 | 2428 4c89 | 5424 2044 | 8b5c 2430 | 4489 5c24 
  0x0000017957a42904: 2844 8b54 | 2440 4489 | 5424 2c4c | 8b54 2450 | 4c89 5424 | 384c 8b54 | 2468 4c89 | 5424 484c 
  0x0000017957a42924: 8b54 2458 | 4c89 5424 | 504c 8b54 | 2470 4c89 | 5424 584c | 8b94 2488 | 0000 004c | 8954 2470 
  0x0000017957a42944: ;   {runtime_call UncommonTrapBlob}
  0x0000017957a42944: c5f8 77e8 

  0x0000017957a42948: ; ImmutableOopMap {rbp=Oop [32]=Oop [40]=NarrowOop [56]=Oop [72]=Oop [80]=Oop [88]=Oop [112]=Oop [128]=Oop [136]=Oop }
                      ;*ifnonnull {reexecute=1 rethrow=0 return_oop=0}
                      ; - (reexecute) java.io.File::<init>@10
                      ; - jdk.internal.loader.URLClassPath$FileLoader::getResource@118
                      ; - jdk.internal.loader.URLClassPath::getResource@53
                      ; - java.net.URLClassLoader$1::run@26
                      ; - java.net.URLClassLoader$1::run@1
                      ; - java.security.AccessController::executePrivileged@29
                      ; - java.security.AccessController::doPrivileged@13
                      ; - java.net.URLClassLoader::findClass@13
  0x0000017957a42948: 341a 88ff 

  0x0000017957a4294c: ;   {other}
  0x0000017957a4294c: 0f1f 8400 | 3c8f 00ee | ba45 ffff | ff4c 8b54 | 2428 4c89 | 5424 2044 | 8b5c 2430 | 4489 5c24 
  0x0000017957a4296c: 2844 8b54 | 2440 4489 | 5424 2c4c | 8b54 2450 | 4c89 5424 | 384c 8b54 | 2468 4c89 | 5424 484c 
  0x0000017957a4298c: 8b54 2458 | 4c89 5424 | 504c 8b54 | 2470 4c89 | 5424 584c | 8b94 2480 | 0000 004c | 8954 2468 
  0x0000017957a429ac: 448b 5c24 | 7845 8bd3 | 4489 5424 | 7466 6690 

  0x0000017957a429bc: ;   {runtime_call UncommonTrapBlob}
  0x0000017957a429bc: c5f8 77e8 

  0x0000017957a429c0: ; ImmutableOopMap {rbp=Oop [32]=Oop [40]=NarrowOop [56]=Oop [72]=Oop [80]=Oop [88]=Oop [104]=Oop [116]=NarrowOop [120]=NarrowOop [136]=Oop }
                      ;*ifnull {reexecute=1 rethrow=0 return_oop=0}
                      ; - (reexecute) java.io.File::<init>@22
                      ; - jdk.internal.loader.URLClassPath$FileLoader::getResource@118
                      ; - jdk.internal.loader.URLClassPath::getResource@53
                      ; - java.net.URLClassLoader$1::run@26
                      ; - java.net.URLClassLoader$1::run@1
                      ; - java.security.AccessController::executePrivileged@29
                      ; - java.security.AccessController::doPrivileged@13
                      ; - java.net.URLClassLoader::findClass@13
  0x0000017957a429c0: bc19 88ff 

  0x0000017957a429c4: ;   {other}
  0x0000017957a429c4: 0f1f 8400 | b48f 00ef | e9bb e5ff | ff44 8b40 | 0849 ba00 | 0000 0079 | 0100 004d | 03d0 e9b6 
  0x0000017957a429e4: e5ff ffba | b5ff ffff | 488b 6c24 | 204c 8b5c | 2428 4c89 | 5c24 2048 | 8944 2430 

  0x0000017957a42a00: ;   {runtime_call UncommonTrapBlob}
  0x0000017957a42a00: c5f8 77e8 

  0x0000017957a42a04: ; ImmutableOopMap {rbp=Oop [32]=Oop [48]=Oop [64]=Oop }
                      ;*astore_3 {reexecute=0 rethrow=0 return_oop=0}
                      ; - java.net.URLClassLoader$1::run@61
                      ; - java.net.URLClassLoader$1::run@1
                      ; - java.security.AccessController::executePrivileged@29
                      ; - java.security.AccessController::doPrivileged@13
                      ; - java.net.URLClassLoader::findClass@13
  0x0000017957a42a04: 7819 88ff 

  0x0000017957a42a08: ;   {other}
  0x0000017957a42a08: 0f1f 8400 | f88f 00f0 | 448b 5008 | 49bb 0000 | 0000 7901 | 0000 4d03 | da4d 8b53 

  0x0000017957a42a24: ;   {metadata('java/lang/Exception')}
  0x0000017957a42a24: 4049 bb20 | c000 0079 | 0100 004d | 3bd3 0f84 | 56af ffff | e94f e5ff | ff44 8b50 | 0849 bb00 
  0x0000017957a42a44: 0000 0079 | 0100 004d | 03da 4d8b 

  0x0000017957a42a50: ;   {metadata('java/lang/Exception')}
  0x0000017957a42a50: 5340 49bb | 20c0 0000 | 7901 0000 | 4d3b d30f | 8429 afff | ffe9 22e5 | ffff 448b | 5808 49ba 
  0x0000017957a42a70: 0000 0000 | 7901 0000 | 4d03 d34d 

  0x0000017957a42a7c: ;   {metadata('java/lang/Exception')}
  0x0000017957a42a7c: 8b52 4049 | bb20 c000 | 0079 0100 | 004d 3bd3 | 0f84 fcae | ffff e9f5 | e4ff ff44 | 8b58 0849 
  0x0000017957a42a9c: ba00 0000 | 0079 0100 | 004d 03d3 | 4d8b 5240 

  0x0000017957a42aac: ;   {metadata('java/lang/Exception')}
  0x0000017957a42aac: 49bb 20c0 | 0000 7901 | 0000 4d3b | d30f 84cf | aeff ffe9 | c8e4 ffff | 448b 5808 | 49ba 0000 
  0x0000017957a42acc: 0000 7901 | 0000 4d03 | d3eb 5044 | 8b58 0849 | ba00 0000 | 0079 0100 | 004d 03d3 | eb3d 448b 
  0x0000017957a42aec: 5808 49ba | 0000 0000 | 7901 0000 | 4d03 d3eb | 2aeb 04eb | 02eb 0044 | 8b58 0849 | ba00 0000 
  0x0000017957a42b0c: 0079 0100 | 004d 03d3 | eb11 448b | 5808 49ba | 0000 0000 | 7901 0000 | 4d03 d34d 

  0x0000017957a42b28: ;   {metadata('java/lang/Exception')}
  0x0000017957a42b28: 8b52 4049 | bb20 c000 | 0079 0100 | 004d 3bd3 | 0f84 50ae | ffff e949 | e4ff ff44 | 8b40 0849 
  0x0000017957a42b48: bb00 0000 | 0079 0100 | 004d 03d8 | eb50 448b | 5008 49bb | 0000 0000 | 7901 0000 | 4d03 daeb 
  0x0000017957a42b68: 3d44 8b40 | 0849 bb00 | 0000 0079 | 0100 004d | 03d8 eb2a | eb04 eb02 | eb00 448b | 4008 49bb 
  0x0000017957a42b88: 0000 0000 | 7901 0000 | 4d03 d8eb | 1144 8b40 | 0849 bb00 | 0000 0079 | 0100 004d | 03d8 4d8b 
  0x0000017957a42ba8: ;   {metadata('java/lang/Exception')}
  0x0000017957a42ba8: 5340 49bb | 20c0 0000 | 7901 0000 | 4d3b d30f | 84d1 adff | ffe9 cae3 | ffff e9c5 | e3ff ff4c 
  0x0000017957a42bc8: 8bd0 e9a4 | 0400 0048 | 8bd8 e9bc | 0200 0048 | 8b94 2488 | 0000 004c | 8bc0 4c8b | 5424 784c 
  0x0000017957a42be8: 8954 2450 

  0x0000017957a42bec: ;   {optimized virtual_call}
  0x0000017957a42bec: c5f8 77e8 

  0x0000017957a42bf0: ; ImmutableOopMap {rbp=Oop [40]=Oop [64]=Oop [80]=Oop [88]=NarrowOop [96]=Oop [104]=Oop [136]=Oop [200]=Oop }
                      ;*invokevirtual addSuppressed {reexecute=0 rethrow=0 return_oop=0}
                      ; - java.util.jar.JarFile::getManifestFromReference@177
                      ; - java.util.jar.JarFile::getManifest@1
                      ; - jdk.internal.loader.URLClassPath$JarLoader$2::getManifest@22
                      ; - java.net.URLClassLoader::defineClass@34
                      ; - java.net.URLClassLoader$1::run@43
                      ; - java.net.URLClassLoader$1::run@1
                      ; - java.security.AccessController::executePrivileged@29
                      ; - java.security.AccessController::doPrivileged@13
                      ; - java.net.URLClassLoader::findClass@13
  0x0000017957a42bf0: 8cbe 87ff 

  0x0000017957a42bf4: ;   {other}
  0x0000017957a42bf4: 0f1f 8400 | e491 00f1 | e9db 0300 | 00e9 a203 | 0000 4889 | 8424 8800 | 0000 e99d | 0300 00e9 
  0x0000017957a42c14: 9003 0000 | 448b 4008 | 49ba 0000 | 0000 7901 | 0000 4d03 | d048 8bd0 | e9fb 0400 | 004c 8bd0 
  0x0000017957a42c34: e93a 0400 | 004c 8bd0 | e932 0400 | 004c 8bd0 | e92a 0400 | 004c 8bd0 | e922 0400 | 004c 8bd0 
  0x0000017957a42c54: e91a 0400 | 004c 8bd0 | e912 0400 | 004c 8bd0 | e90a 0400 | 004c 8bd0 | e902 0400 | 004c 8bd0 
  0x0000017957a42c74: e9fa 0300 | 004c 8bd0 | e9f2 0300 | 004c 8bd0 | e9ea 0300 | 004c 8bd0 | e9e2 0300 | 004c 8bd0 
  0x0000017957a42c94: e9da 0300 | 004c 8bd0 | e9d2 0300 | 004c 8bd0 | e9ca 0300 | 004c 8bd0 | e9c2 0300 | 004c 8bd0 
  0x0000017957a42cb4: e9ba 0300 | 00e9 5a04 | 0000 e955 | 0400 00e9 | 5004 0000 | 448b 5808 | 49ba 0000 | 0000 7901 
  0x0000017957a42cd4: 0000 4d03 | d348 8bd0 | e94b 0400 | 00eb 0044 | 8b40 0849 | ba00 0000 | 0079 0100 

  0x0000017957a42cf0: ;   {no_reloc}
  0x0000017957a42cf0: 004d 03d0 | 488b d0e9 | 3004 0000 | 488b d0e9 | 2804 0000 | e9cb 0300 | 00e9 dc03 | 0000 448b 
  0x0000017957a42d10: 4008 49ba | 0000 0000 | 7901 0000 | 4d03 d04d | 8b5a 504c | 3bdd 75d4 | 4533 c9e9 | db02 0000 
  0x0000017957a42d30: 488b d844 | 8b58 0849 | ba00 0000 | 0079 0100 | 004d 03d3 | 4d8b 5248 

  0x0000017957a42d48: ;   {metadata('java/io/IOException')}
  0x0000017957a42d48: 49bb 5853 | 0401 7901 | 0000 4d3b | d30f 8538 | 0100 004c | 8bd8 498b | 87b8 0100 | 004c 8bd0 
  0x0000017957a42d68: 4983 c228 | 4d3b 97c8 | 0100 000f | 8307 0400 | 004d 8997 | b801 0000 | 410f 0d8a | c000 0000 
  0x0000017957a42d88: 48c7 0001 

  0x0000017957a42d8c: ;   {metadata('java/lang/RuntimeException')}
  0x0000017957a42d8c: 0000 00c7 | 4008 a8b7 | 0500 4489 | 600c 4c89 | 6010 4c89 | 6018 4c89 | 6020 498b | eb4c 8bd0 
  0x0000017957a42dac: 4c89 5424 | 2049 8bd2 | 4c8b c548 | 8b6c 2460 

  0x0000017957a42dbc: ;   {optimized virtual_call}
  0x0000017957a42dbc: c5f8 77e8 

  0x0000017957a42dc0: ; ImmutableOopMap {rbp=Oop [32]=Oop [40]=Oop [48]=Oop [64]=Oop [88]=NarrowOop [96]=Oop [104]=Oop [120]=Oop [200]=Oop }
                      ;*invokespecial <init> {reexecute=0 rethrow=0 return_oop=0}
                      ; - java.util.jar.JarFile::ensureInitialization@13
                      ; - java.util.jar.JavaUtilJarAccessImpl::ensureInitialization@1
                      ; - jdk.internal.loader.URLClassPath$JarLoader$2::getManifest@10
                      ; - java.net.URLClassLoader::defineClass@34
                      ; - java.net.URLClassLoader$1::run@43
                      ; - java.net.URLClassLoader$1::run@1
                      ; - java.security.AccessController::executePrivileged@29
                      ; - java.security.AccessController::doPrivileged@13
                      ; - java.net.URLClassLoader::findClass@13
  0x0000017957a42dc0: bcbc 87ff 

  0x0000017957a42dc4: ;   {other}
  0x0000017957a42dc4: 0f1f 8400 | b493 00f2 | 4c8b 5c24 | 3048 8d84 | 24e0 0000 | 0048 8338 | 000f 8479 | 0000 004d 
  0x0000017957a42de4: 8b13 41f6 | c202 0f84 | 6200 0000 | 4983 ba86 | 0000 0000 | 7409 49ff | 8a86 0000 | 00eb 4b49 
  0x0000017957a42e04: 8b82 9600 | 0000 490b | 828e 0000 | 0075 0a49 | c742 3e00 | 0000 00eb | 3d49 83ba | 9e00 0000 
  0x0000017957a42e24: 0074 2248 | 33c0 49c7 | 423e 0000 | 0000 f083 | 0424 0049 | 83ba 9e00 | 0000 0075 | 0df0 4d0f 
  0x0000017957a42e44: b17a 3e75 | 0583 c801 | eb0c a800 | eb08 4c8b | 10f0 4d0f | b113 750a | 49ff 8f50 | 0500 0045 
  0x0000017957a42e64: 33d2 0f85 | 6c03 0000 | 488b 6c24 | 6848 8b54 | 2420 4c8b | 5424 604c | 8954 2420 

  0x0000017957a42e80: ;   {runtime_call _rethrow_Java}
  0x0000017957a42e80: c5f8 77e8 

  0x0000017957a42e84: ; ImmutableOopMap {rbp=Oop [32]=Oop [40]=Oop [64]=Oop [96]=Oop }
                      ;*invokevirtual defineClass {reexecute=0 rethrow=0 return_oop=1}
                      ; - java.net.URLClassLoader$1::run@43
                      ; - java.net.URLClassLoader$1::run@1
                      ; - java.security.AccessController::executePrivileged@29
                      ; - java.security.AccessController::doPrivileged@13
                      ; - java.net.URLClassLoader::findClass@13
  0x0000017957a42e84: f83f 8bff 

  0x0000017957a42e88: ;   {other}
  0x0000017957a42e88: 0f1f 8400 | 7894 00f3 | 488b d84c | 8b5c 2430 | 488d 8424 | e000 0000 | 4883 3800 | 0f84 7900 
  0x0000017957a42ea8: 0000 4d8b | 1341 f6c2 | 020f 8462 | 0000 0049 | 83ba 8600 | 0000 0074 | 0949 ff8a | 8600 0000 
  0x0000017957a42ec8: eb4b 498b | 8296 0000 | 0049 0b82 | 8e00 0000 | 750a 49c7 | 423e 0000 | 0000 eb3d | 4983 ba9e 
  0x0000017957a42ee8: 0000 0000 | 7422 4833 | c049 c742 | 3e00 0000 | 00f0 8304 | 2400 4983 | ba9e 0000 | 0000 750d 
  0x0000017957a42f08: f04d 0fb1 | 7a3e 7505 | 83c8 01eb | 0ca8 00eb | 084c 8b10 | f04d 0fb1 | 1375 0a49 | ff8f 5005 
  0x0000017957a42f28: 0000 4533 | d20f 8443 | 0100 0049 | 8bcb 488d | 9424 e000 | 0000 4d8b | c7c5 f877 | 49ba 40d9 
  0x0000017957a42f48: 5e89 f97f | 0000 41ff 

  0x0000017957a42f50: ;   {other}
  0x0000017957a42f50: d20f 1f84 | 0000 0000 | 00e9 1801 | 0000 4c8b | d0e9 0d01 | 0000 4c8b | d0e9 0501 | 0000 4c8b 
  0x0000017957a42f70: d0e9 fd00 | 0000 4c8b | d0e9 f500 | 0000 4c8b | d0e9 ed00 | 0000 4c8b | d0e9 e500 | 0000 4c8b 
  0x0000017957a42f90: d0e9 dd00 | 0000 4c8b | d0e9 d500 | 0000 4c8b | d0e9 cd00 | 0000 eb00 | 4889 8424 | 8800 0000 
  0x0000017957a42fb0: 4c8b 5424 | 304d 85d2 | 7422 498b | d248 8b6c | 2460 c5f8 | 7748 b8ff | ffff ffff 

  0x0000017957a42fcc: ;   {virtual_call}
  0x0000017957a42fcc: ffff ffe8 

  0x0000017957a42fd0: ; ImmutableOopMap {rbp=Oop [40]=Oop [64]=Oop [88]=NarrowOop [96]=Oop [104]=Oop [120]=Oop [136]=Oop [200]=Oop }
                      ;*invokevirtual close {reexecute=0 rethrow=0 return_oop=0}
                      ; - java.util.jar.JarFile::getManifestFromReference@165
                      ; - java.util.jar.JarFile::getManifest@1
                      ; - jdk.internal.loader.URLClassPath$JarLoader$2::getManifest@22
                      ; - java.net.URLClassLoader::defineClass@34
                      ; - java.net.URLClassLoader$1::run@43
                      ; - java.net.URLClassLoader$1::run@1
                      ; - java.security.AccessController::executePrivileged@29
                      ; - java.security.AccessController::doPrivileged@13
                      ; - java.net.URLClassLoader::findClass@13
  0x0000017957a42fd0: acbd 87ff 

  0x0000017957a42fd4: ;   {other}
  0x0000017957a42fd4: 0f1f 8400 | c495 00f4 | 4c8b 9424 | 8800 0000 | e98a 0000 | 0044 8b58 | 0849 ba00 | 0000 0079 
  0x0000017957a42ff4: 0100 004d | 03d3 4d8b | 5a50 4c3b | dd75 4c4c | 8b8c 2488 | 0000 0048 | 8b54 2468 | 4c8b 4424 
  0x0000017957a43014: 4848 8b7c | 2420 488b | 6c24 604c | 8b54 2478 | 4c89 5424 | 5866 6690 

  0x0000017957a4302c: ;   {optimized virtual_call}
  0x0000017957a4302c: c5f8 77e8 

  0x0000017957a43030: ; ImmutableOopMap {rbp=Oop [32]=Oop [40]=Oop [64]=Oop [72]=Oop [88]=Oop [96]=Oop [104]=Oop [144]=NarrowOop }
                      ;*invokevirtual getAndVerifyPackage {reexecute=0 rethrow=0 return_oop=1}
                      ; - java.net.URLClassLoader::defineClass@97
                      ; - java.net.URLClassLoader$1::run@43
                      ; - java.net.URLClassLoader$1::run@1
                      ; - java.security.AccessController::executePrivileged@29
                      ; - java.security.AccessController::doPrivileged@13
                      ; - java.net.URLClassLoader::findClass@13
  0x0000017957a43030: 4cba 87ff 

  0x0000017957a43034: ;   {other}
  0x0000017957a43034: 0f1f 8400 | 2496 00f5 | 4885 c00f | 8468 0100 | 004c 8b6c | 2440 e91e | 88ff ff48 | 8bd0 e9d5 
  0x0000017957a43054: 0000 00e9 | bc00 0000 | e9b7 0000 | 00e9 b200 | 0000 e9ad | 0000 00e9 | a800 0000 | 4c8b d049 
  0x0000017957a43074: 8bda 448b | 5b08 49ba | 0000 0000 | 7901 0000 | 4d03 d348 | 8bd3 e99d | 0000 0044 | 8b58 0849 
  0x0000017957a43094: ba00 0000 | 0079 0100 | 004d 03d3 | 488b d0e9 | 8400 0000 | 448b 5808 | 49ba 0000 | 0000 7901 
  0x0000017957a430b4: 0000 4d03 | d348 8bd0 | eb6e 448b | 5808 49ba | 0000 0000 | 7901 0000 | 4d03 d348 | 8bd0 eb58 
  0x0000017957a430d4: 448b 5808 | 49ba 0000 | 0000 7901 | 0000 4d03 | d348 8bd0 | eb42 448b | 5808 49ba | 0000 0000 
  0x0000017957a430f4: 7901 0000 | 4d03 d348 | 8bd0 eb2c | 448b 5808 | 49ba 0000 | 0000 7901 | 0000 4d03 | d348 8bd0 
  0x0000017957a43114: eb16 eb00 | 448b 5808 | 49ba 0000 | 0000 7901 | 0000 4d03 | d348 8bd0 | 4d8b 5248 

  0x0000017957a43130: ;   {metadata('java/io/IOException')}
  0x0000017957a43130: 49bb 5853 | 0401 7901 | 0000 4d3b | d374 1d4c | 8b54 2460 | 4c89 5424 | 2066 6690 

  0x0000017957a4314c: ;   {runtime_call _rethrow_Java}
  0x0000017957a4314c: c5f8 77e8 

  0x0000017957a43150: ; ImmutableOopMap {[32]=Oop [40]=Oop [64]=Oop [96]=Oop [104]=Oop }
                      ;*invokevirtual defineClass {reexecute=0 rethrow=0 return_oop=1}
                      ; - java.net.URLClassLoader$1::run@43
                      ; - java.net.URLClassLoader$1::run@1
                      ; - java.security.AccessController::executePrivileged@29
                      ; - java.security.AccessController::doPrivileged@13
                      ; - java.net.URLClassLoader::findClass@13
  0x0000017957a43150: 2c3d 8bff 

  0x0000017957a43154: ;   {other}
  0x0000017957a43154: 0f1f 8400 | 4497 00f6 | 488b eaba | 2f00 0000 | 4c8b 5424 | 604c 8954 | 2430 6690 

  0x0000017957a43170: ;   {runtime_call UncommonTrapBlob}
  0x0000017957a43170: c5f8 77e8 

  0x0000017957a43174: ; ImmutableOopMap {rbp=Oop [40]=Oop [48]=Oop [96]=Oop [104]=Oop }
                      ;*new {reexecute=0 rethrow=0 return_oop=0}
                      ; - java.net.URLClassLoader$1::run@48
                      ; - java.net.URLClassLoader$1::run@1
                      ; - java.security.AccessController::executePrivileged@29
                      ; - java.security.AccessController::doPrivileged@13
                      ; - java.net.URLClassLoader::findClass@13
  0x0000017957a43174: 0812 88ff 

  0x0000017957a43178: ;   {other}
  0x0000017957a43178: 0f1f 8400 | 6897 00f7 

  0x0000017957a43180: ;   {metadata('java/lang/RuntimeException')}
  0x0000017957a43180: 498b eb48 | baa8 b705 | 0079 0100 | 004c 8b54 | 2460 4c89 | 5424 2090 

  0x0000017957a43198: ;   {runtime_call _new_instance_Java}
  0x0000017957a43198: c5f8 77e8 

  0x0000017957a4319c: ; ImmutableOopMap {rbp=Oop [32]=Oop [40]=Oop [48]=Oop [64]=Oop [88]=NarrowOop [96]=Oop [104]=Oop [120]=Oop [200]=Oop }
                      ;*new {reexecute=0 rethrow=0 return_oop=1}
                      ; - java.util.jar.JarFile::ensureInitialization@8
                      ; - java.util.jar.JavaUtilJarAccessImpl::ensureInitialization@1
                      ; - jdk.internal.loader.URLClassPath$JarLoader$2::getManifest@10
                      ; - java.net.URLClassLoader::defineClass@34
                      ; - java.net.URLClassLoader$1::run@43
                      ; - java.net.URLClassLoader$1::run@1
                      ; - java.security.AccessController::executePrivileged@29
                      ; - java.security.AccessController::doPrivileged@13
                      ; - java.net.URLClassLoader::findClass@13
  0x0000017957a4319c: e0f6 8aff 

  0x0000017957a431a0: ;   {other}
  0x0000017957a431a0: 0f1f 8400 | 9097 00f8 | e9fc fbff | ffba fd00 | 0000 4c8b | 5424 284c | 8954 2420 | 4c8b 5424 
  0x0000017957a431c0: 404c 8954 | 2428 6690 

  0x0000017957a431c8: ;   {runtime_call UncommonTrapBlob}
  0x0000017957a431c8: c5f8 77e8 

  0x0000017957a431cc: ; ImmutableOopMap {rbp=Oop [32]=Oop [40]=Oop [72]=Oop [104]=Oop }
                      ;*new {reexecute=0 rethrow=0 return_oop=0}
                      ; - java.net.URLClassLoader::defineClass@103
                      ; - java.net.URLClassLoader$1::run@43
                      ; - java.net.URLClassLoader$1::run@1
                      ; - java.security.AccessController::executePrivileged@29
                      ; - java.security.AccessController::doPrivileged@13
                      ; - java.net.URLClassLoader::findClass@13
  0x0000017957a431cc: b011 88ff 

  0x0000017957a431d0: ;   {other}
  0x0000017957a431d0: 0f1f 8400 | c097 00f9 | 498b cb48 | 8d94 24e0 | 0000 004d | 8bc7 c5f8 | 7749 ba40 | d95e 89f9 
  0x0000017957a431f0: 7f00 0041 

  0x0000017957a431f4: ;   {other}
  0x0000017957a431f4: ffd2 0f1f | 8400 0000 | 0000 e969 

  0x0000017957a43200: ;   {internal_word}
  0x0000017957a43200: fcff ff49 | badc b9a3 | 5779 0100 | 004d 8997 | 6804 0000 

  0x0000017957a43214: ;   {runtime_call SafepointBlob}
  0x0000017957a43214: e967 2288 

  0x0000017957a43218: ;   {runtime_call StubRoutines (final stubs)}
  0x0000017957a43218: ffe8 c232 | 86ff e93b | 72ff fff4 | f4f4 f4f4 
[Stub Code]
  0x0000017957a43228: ;   {no_reloc}
  0x0000017957a43228: 48bb 403c | 1900 7901 

  0x0000017957a43230: ;   {runtime_call I2C/C2I adapters}
  0x0000017957a43230: 0000 e9b0 

  0x0000017957a43234: ;   {static_stub}
  0x0000017957a43234: 0d88 ff48 | bb00 0000 | 0000 0000 

  0x0000017957a43240: ;   {runtime_call nmethod}
  0x0000017957a43240: 00e9 fbff 

  0x0000017957a43244: ;   {static_stub}
  0x0000017957a43244: ffff 48bb | 0000 0000 | 0000 0000 

  0x0000017957a43250: ;   {runtime_call nmethod}
  0x0000017957a43250: e9fb ffff 

  0x0000017957a43254: ;   {static_stub}
  0x0000017957a43254: ff48 bb00 | 0000 0000 

  0x0000017957a4325c: ;   {runtime_call nmethod}
  0x0000017957a4325c: 0000 00e9 | fbff ffff 

  0x0000017957a43264: ;   {static_stub}
  0x0000017957a43264: 48bb 10d2 | 0100 7901 

  0x0000017957a4326c: ;   {runtime_call I2C/C2I adapters}
  0x0000017957a4326c: 0000 e9f0 

  0x0000017957a43270: ;   {static_stub}
  0x0000017957a43270: 0188 ff48 | bb00 0000 | 0000 0000 

  0x0000017957a4327c: ;   {runtime_call nmethod}
  0x0000017957a4327c: 00e9 fbff 

  0x0000017957a43280: ;   {static_stub}
  0x0000017957a43280: ffff 48bb | a800 1700 | 7901 0000 

  0x0000017957a4328c: ;   {runtime_call I2C/C2I adapters}
  0x0000017957a4328c: e9d2 0188 

  0x0000017957a43290: ;   {static_stub}
  0x0000017957a43290: ff48 bb00 | 0000 0000 

  0x0000017957a43298: ;   {runtime_call nmethod}
  0x0000017957a43298: 0000 00e9 | fbff ffff 

  0x0000017957a432a0: ;   {static_stub}
  0x0000017957a432a0: 48bb 0000 | 0000 0000 

  0x0000017957a432a8: ;   {runtime_call nmethod}
  0x0000017957a432a8: 0000 e9fb 

  0x0000017957a432ac: ;   {static_stub}
  0x0000017957a432ac: ffff ff48 | bb00 0000 | 0000 0000 

  0x0000017957a432b8: ;   {runtime_call nmethod}
  0x0000017957a432b8: 00e9 fbff 

  0x0000017957a432bc: ;   {static_stub}
  0x0000017957a432bc: ffff 48bb | 0000 0000 | 0000 0000 

  0x0000017957a432c8: ;   {runtime_call nmethod}
  0x0000017957a432c8: e9fb ffff 

  0x0000017957a432cc: ;   {static_stub}
  0x0000017957a432cc: ff48 bb00 | 0000 0000 

  0x0000017957a432d4: ;   {runtime_call nmethod}
  0x0000017957a432d4: 0000 00e9 | fbff ffff 

  0x0000017957a432dc: ;   {static_stub}
  0x0000017957a432dc: 48bb 0000 | 0000 0000 

  0x0000017957a432e4: ;   {runtime_call nmethod}
  0x0000017957a432e4: 0000 e9fb 

  0x0000017957a432e8: ;   {static_stub}
  0x0000017957a432e8: ffff ff48 | bb00 0000 | 0000 0000 

  0x0000017957a432f4: ;   {runtime_call nmethod}
  0x0000017957a432f4: 00e9 fbff 

  0x0000017957a432f8: ;   {static_stub}
  0x0000017957a432f8: ffff 48bb | 0000 0000 | 0000 0000 

  0x0000017957a43304: ;   {runtime_call nmethod}
  0x0000017957a43304: e9fb ffff 

  0x0000017957a43308: ;   {static_stub}
  0x0000017957a43308: ff48 bb00 | 0000 0000 

  0x0000017957a43310: ;   {runtime_call nmethod}
  0x0000017957a43310: 0000 00e9 | fbff ffff 

  0x0000017957a43318: ;   {static_stub}
  0x0000017957a43318: 48bb 0000 | 0000 0000 

  0x0000017957a43320: ;   {runtime_call nmethod}
  0x0000017957a43320: 0000 e9fb 

  0x0000017957a43324: ;   {static_stub}
  0x0000017957a43324: ffff ff48 | bb00 0000 | 0000 0000 

  0x0000017957a43330: ;   {runtime_call nmethod}
  0x0000017957a43330: 00e9 fbff 

  0x0000017957a43334: ;   {static_stub}
  0x0000017957a43334: ffff 48bb | 0000 0000 | 0000 0000 

  0x0000017957a43340: ;   {runtime_call nmethod}
  0x0000017957a43340: e9fb ffff 

  0x0000017957a43344: ;   {static_stub}
  0x0000017957a43344: ff48 bb00 | 0000 0000 

  0x0000017957a4334c: ;   {runtime_call nmethod}
  0x0000017957a4334c: 0000 00e9 | fbff ffff 

  0x0000017957a43354: ;   {static_stub}
  0x0000017957a43354: 48bb 0000 | 0000 0000 

  0x0000017957a4335c: ;   {runtime_call nmethod}
  0x0000017957a4335c: 0000 e9fb 

  0x0000017957a43360: ;   {static_stub}
  0x0000017957a43360: ffff ff48 | bb00 0000 | 0000 0000 

  0x0000017957a4336c: ;   {runtime_call nmethod}
  0x0000017957a4336c: 00e9 fbff 

  0x0000017957a43370: ;   {static_stub}
  0x0000017957a43370: ffff 48bb | 0000 0000 | 0000 0000 

  0x0000017957a4337c: ;   {runtime_call nmethod}
  0x0000017957a4337c: e9fb ffff 

  0x0000017957a43380: ;   {static_stub}
  0x0000017957a43380: ff48 bb00 | 0000 0000 

  0x0000017957a43388: ;   {runtime_call nmethod}
  0x0000017957a43388: 0000 00e9 | fbff ffff 

  0x0000017957a43390: ;   {static_stub}
  0x0000017957a43390: 48bb 0000 | 0000 0000 

  0x0000017957a43398: ;   {runtime_call nmethod}
  0x0000017957a43398: 0000 e9fb 

  0x0000017957a4339c: ;   {static_stub}
  0x0000017957a4339c: ffff ff48 | bb00 0000 | 0000 0000 

  0x0000017957a433a8: ;   {runtime_call nmethod}
  0x0000017957a433a8: 00e9 fbff 

  0x0000017957a433ac: ;   {static_stub}
  0x0000017957a433ac: ffff 48bb | 0000 0000 | 0000 0000 

  0x0000017957a433b8: ;   {runtime_call nmethod}
  0x0000017957a433b8: e9fb ffff 

  0x0000017957a433bc: ;   {static_stub}
  0x0000017957a433bc: ff48 bb00 | 0000 0000 

  0x0000017957a433c4: ;   {runtime_call nmethod}
  0x0000017957a433c4: 0000 00e9 | fbff ffff 

  0x0000017957a433cc: ;   {static_stub}
  0x0000017957a433cc: 48bb 0000 | 0000 0000 

  0x0000017957a433d4: ;   {runtime_call nmethod}
  0x0000017957a433d4: 0000 e9fb 

  0x0000017957a433d8: ;   {static_stub}
  0x0000017957a433d8: ffff ff48 | bb00 0000 | 0000 0000 

  0x0000017957a433e4: ;   {runtime_call nmethod}
  0x0000017957a433e4: 00e9 fbff 

  0x0000017957a433e8: ;   {static_stub}
  0x0000017957a433e8: ffff 48bb | 0000 0000 | 0000 0000 

  0x0000017957a433f4: ;   {runtime_call nmethod}
  0x0000017957a433f4: e9fb ffff 

  0x0000017957a433f8: ;   {static_stub}
  0x0000017957a433f8: ff48 bb00 | 0000 0000 

  0x0000017957a43400: ;   {runtime_call nmethod}
  0x0000017957a43400: 0000 00e9 | fbff ffff 

  0x0000017957a43408: ;   {static_stub}
  0x0000017957a43408: 48bb 0000 | 0000 0000 

  0x0000017957a43410: ;   {runtime_call nmethod}
  0x0000017957a43410: 0000 e9fb 

  0x0000017957a43414: ;   {static_stub}
  0x0000017957a43414: ffff ff48 | bb00 0000 | 0000 0000 

  0x0000017957a43420: ;   {runtime_call nmethod}
  0x0000017957a43420: 00e9 fbff 

  0x0000017957a43424: ;   {static_stub}
  0x0000017957a43424: ffff 48bb | 0000 0000 | 0000 0000 

  0x0000017957a43430: ;   {runtime_call nmethod}
  0x0000017957a43430: e9fb ffff 

  0x0000017957a43434: ;   {static_stub}
  0x0000017957a43434: ff48 bb00 | 0000 0000 

  0x0000017957a4343c: ;   {runtime_call nmethod}
  0x0000017957a4343c: 0000 00e9 | fbff ffff 

  0x0000017957a43444: ;   {static_stub}
  0x0000017957a43444: 48bb 0000 | 0000 0000 

  0x0000017957a4344c: ;   {runtime_call nmethod}
  0x0000017957a4344c: 0000 e9fb 

  0x0000017957a43450: ;   {static_stub}
  0x0000017957a43450: ffff ff48 | bb00 0000 | 0000 0000 

  0x0000017957a4345c: ;   {runtime_call nmethod}
  0x0000017957a4345c: 00e9 fbff 

  0x0000017957a43460: ;   {static_stub}
  0x0000017957a43460: ffff 48bb | 0000 0000 | 0000 0000 

  0x0000017957a4346c: ;   {runtime_call nmethod}
  0x0000017957a4346c: e9fb ffff 

  0x0000017957a43470: ;   {static_stub}
  0x0000017957a43470: ff48 bb00 | 0000 0000 

  0x0000017957a43478: ;   {runtime_call nmethod}
  0x0000017957a43478: 0000 00e9 | fbff ffff 

  0x0000017957a43480: ;   {static_stub}
  0x0000017957a43480: 48bb 0000 | 0000 0000 

  0x0000017957a43488: ;   {runtime_call nmethod}
  0x0000017957a43488: 0000 e9fb 

  0x0000017957a4348c: ;   {static_stub}
  0x0000017957a4348c: ffff ff48 | bb00 0000 | 0000 0000 

  0x0000017957a43498: ;   {runtime_call nmethod}
  0x0000017957a43498: 00e9 fbff 

  0x0000017957a4349c: ;   {static_stub}
  0x0000017957a4349c: ffff 48bb | d8dd 1600 | 7901 0000 

  0x0000017957a434a8: ;   {runtime_call I2C/C2I adapters}
  0x0000017957a434a8: e93a 0788 

  0x0000017957a434ac: ;   {runtime_call ExceptionBlob}
  0x0000017957a434ac: ffe9 4eb6 | 8aff e800 | 0000 0048 | 832c 2405 

  0x0000017957a434bc: ;   {runtime_call DeoptimizationBlob}
  0x0000017957a434bc: e95f 1288 | fff4 f4f4 | f4f4 f4f4 
[/MachCode]


---------------  P R O C E S S  ---------------

Threads class SMR info:
_java_thread_list=0x0000017971de87d0, length=70, elements={
0x000001794cb45ab0, 0x00000179694e4f50, 0x00000179694e7ac0, 0x00000179694e8b30,
0x00000179694eb5a0, 0x00000179694ec000, 0x00000179694eca60, 0x00000179694ef800,
0x00000179694f7e50, 0x0000017969937350, 0x000001796996ae70, 0x000001796f0545b0,
0x00000179697877b0, 0x00000179697faf20, 0x000001796e3c0c90, 0x0000017969798250,
0x000001796999ccc0, 0x000001796f1d5cf0, 0x000001796f1d42b0, 0x000001796f1d2870,
0x000001796f1d4fd0, 0x000001796f1d4940, 0x000001796f1d5660, 0x000001796f1d3590,
0x000001796f1d2f00, 0x000001796f9fbb60, 0x000001796f9ff670, 0x000001796f9fdc30,
0x000001796f9fcf10, 0x000001796f9fc1f0, 0x000001796f9fe2c0, 0x000001796f9ffd00,
0x000001796fa00a20, 0x000001796f9fefe0, 0x000001796f9fd5a0, 0x000001796fa02af0,
0x000001796fa03180, 0x000001796fa01dd0, 0x0000017971205b80, 0x0000017971206f30,
0x00000179712054f0, 0x0000017971204e60, 0x0000017971207c50, 0x0000017971206210,
0x00000179712068a0, 0x00000179712075c0, 0x00000179712047d0, 0x000001797120b0d0,
0x000001797120a3b0, 0x000001797120aa40, 0x000001797120b760, 0x0000017971209000,
0x00000179712082e0, 0x0000017971209690, 0x0000017971208970, 0x0000017971209d20,
0x000001797120bdf0, 0x0000017970fc6500, 0x0000017970fc6b90, 0x0000017970fc3da0,
0x0000017970fc5e70, 0x0000017970fc3710, 0x0000017970fc7220, 0x0000017970fc78b0,
0x0000017970fc4430, 0x0000017970fc4ac0, 0x0000017970fc7f40, 0x0000017970fc85d0,
0x0000017970fc5150, 0x0000017970fc8c60
}

Java Threads: ( => current thread )
  0x000001794cb45ab0 JavaThread "main"                              [_thread_blocked, id=20292, stack(0x0000000499300000,0x0000000499400000) (1024K)]
  0x00000179694e4f50 JavaThread "Reference Handler"          daemon [_thread_blocked, id=51488, stack(0x0000000499b00000,0x0000000499c00000) (1024K)]
  0x00000179694e7ac0 JavaThread "Finalizer"                  daemon [_thread_blocked, id=31748, stack(0x0000000499c00000,0x0000000499d00000) (1024K)]
  0x00000179694e8b30 JavaThread "Signal Dispatcher"          daemon [_thread_blocked, id=36588, stack(0x0000000499d00000,0x0000000499e00000) (1024K)]
  0x00000179694eb5a0 JavaThread "Attach Listener"            daemon [_thread_blocked, id=43288, stack(0x0000000499e00000,0x0000000499f00000) (1024K)]
  0x00000179694ec000 JavaThread "Service Thread"             daemon [_thread_blocked, id=18812, stack(0x0000000499f00000,0x000000049a000000) (1024K)]
  0x00000179694eca60 JavaThread "Monitor Deflation Thread"   daemon [_thread_blocked, id=41668, stack(0x000000049a000000,0x000000049a100000) (1024K)]
  0x00000179694ef800 JavaThread "C2 CompilerThread0"         daemon [_thread_blocked, id=51028, stack(0x000000049a100000,0x000000049a200000) (1024K)]
  0x00000179694f7e50 JavaThread "C1 CompilerThread0"         daemon [_thread_blocked, id=5648, stack(0x000000049a200000,0x000000049a300000) (1024K)]
  0x0000017969937350 JavaThread "Common-Cleaner"             daemon [_thread_blocked, id=12052, stack(0x000000049a300000,0x000000049a400000) (1024K)]
  0x000001796996ae70 JavaThread "Notification Thread"        daemon [_thread_blocked, id=53232, stack(0x000000049a400000,0x000000049a500000) (1024K)]
  0x000001796f0545b0 JavaThread "Daemon health stats"               [_thread_blocked, id=2920, stack(0x000000049a500000,0x000000049a600000) (1024K)]
  0x00000179697877b0 JavaThread "Incoming local TCP Connector on port 8300"        [_thread_in_native, id=40840, stack(0x000000049ab00000,0x000000049ac00000) (1024K)]
  0x00000179697faf20 JavaThread "Daemon periodic checks"            [_thread_blocked, id=42912, stack(0x000000049ac00000,0x000000049ad00000) (1024K)]
  0x000001796e3c0c90 JavaThread "Daemon"                            [_thread_blocked, id=49076, stack(0x000000049ad00000,0x000000049ae00000) (1024K)]
  0x0000017969798250 JavaThread "Handler for socket connection from /127.0.0.1:8300 to /127.0.0.1:8301"        [_thread_in_native, id=8244, stack(0x000000049ae00000,0x000000049af00000) (1024K)]
  0x000001796999ccc0 JavaThread "Cancel handler"                    [_thread_blocked, id=53360, stack(0x000000049af00000,0x000000049b000000) (1024K)]
=>0x000001796f1d5cf0 JavaThread "Daemon worker"                     [_thread_in_vm, id=38256, stack(0x000000049b400000,0x000000049b500000) (1024K)]
  0x000001796f1d42b0 JavaThread "Asynchronous log dispatcher for DefaultDaemonConnection: socket connection from /127.0.0.1:8300 to /127.0.0.1:8301"        [_thread_blocked, id=26352, stack(0x000000049b500000,0x000000049b600000) (1024K)]
  0x000001796f1d2870 JavaThread "Stdin handler"                     [_thread_blocked, id=24632, stack(0x000000049b600000,0x000000049b700000) (1024K)]
  0x000001796f1d4fd0 JavaThread "Daemon client event forwarder"        [_thread_blocked, id=29044, stack(0x000000049b700000,0x000000049b800000) (1024K)]
  0x000001796f1d4940 JavaThread "Cache worker for journal cache (C:\Users\nimes\.gradle\caches\journal-1)"        [_thread_blocked, id=49624, stack(0x000000049b800000,0x000000049b900000) (1024K)]
  0x000001796f1d5660 JavaThread "File lock request listener"        [_thread_in_native, id=38748, stack(0x000000049b900000,0x000000049ba00000) (1024K)]
  0x000001796f1d3590 JavaThread "File lock release action executor"        [_thread_blocked, id=24928, stack(0x000000049ba00000,0x000000049bb00000) (1024K)]
  0x000001796f1d2f00 JavaThread "Cache worker for file hash cache (C:\Users\nimes\.gradle\caches\8.14\fileHashes)"        [_thread_blocked, id=3636, stack(0x000000049bb00000,0x000000049bc00000) (1024K)]
  0x000001796f9fbb60 JavaThread "Cache worker for file hash cache (D:\Academics\Semester 5\Softwair Project\Sofware Project\aqua_mobile\android\.gradle\8.14\fileHashes)"        [_thread_blocked, id=16560, stack(0x000000049be00000,0x000000049bf00000) (1024K)]
  0x000001796f9ff670 JavaThread "Cache worker for Build Output Cleanup Cache (D:\Academics\Semester 5\Softwair Project\Sofware Project\aqua_mobile\android\.gradle\buildOutputCleanup)"        [_thread_blocked, id=3120, stack(0x000000049bf00000,0x000000049c000000) (1024K)]
  0x000001796f9fdc30 JavaThread "File watcher server"        daemon [_thread_in_native, id=11856, stack(0x000000049c000000,0x000000049c100000) (1024K)]
  0x000001796f9fcf10 JavaThread "File watcher consumer"      daemon [_thread_blocked, id=46488, stack(0x000000049c100000,0x000000049c200000) (1024K)]
  0x000001796f9fc1f0 JavaThread "jar transforms"                    [_thread_blocked, id=30336, stack(0x0000000499000000,0x0000000499100000) (1024K)]
  0x000001796f9fe2c0 JavaThread "jar transforms Thread 2"           [_thread_blocked, id=48608, stack(0x0000000499100000,0x0000000499200000) (1024K)]
  0x000001796f9ffd00 JavaThread "Cache worker for checksums cache (D:\Academics\Semester 5\Softwair Project\Sofware Project\aqua_mobile\android\.gradle\8.14\checksums)"        [_thread_blocked, id=20788, stack(0x0000000499200000,0x0000000499300000) (1024K)]
  0x000001796fa00a20 JavaThread "Cache worker for file content cache (C:\Users\nimes\.gradle\caches\8.14\fileContent)"        [_thread_blocked, id=32964, stack(0x000000049c200000,0x000000049c300000) (1024K)]
  0x000001796f9fefe0 JavaThread "Cache worker for cache directory md-supplier (C:\Users\nimes\.gradle\caches\8.14\md-supplier)"        [_thread_blocked, id=24392, stack(0x000000049c300000,0x000000049c400000) (1024K)]
  0x000001796f9fd5a0 JavaThread "Cache worker for cache directory md-rule (C:\Users\nimes\.gradle\caches\8.14\md-rule)"        [_thread_blocked, id=13976, stack(0x000000049c400000,0x000000049c500000) (1024K)]
  0x000001796fa02af0 JavaThread "Cache worker for Build Output Cleanup Cache (C:\flutter\packages\flutter_tools\gradle\.gradle\buildOutputCleanup)"        [_thread_blocked, id=55244, stack(0x000000049c500000,0x000000049c600000) (1024K)]
  0x000001796fa03180 JavaThread "Unconstrained build operations"        [_thread_blocked, id=52820, stack(0x000000049c600000,0x000000049c700000) (1024K)]
  0x000001796fa01dd0 JavaThread "Unconstrained build operations Thread 2"        [_thread_blocked, id=52608, stack(0x000000049c700000,0x000000049c800000) (1024K)]
  0x0000017971205b80 JavaThread "Unconstrained build operations Thread 3"        [_thread_blocked, id=54408, stack(0x000000049c800000,0x000000049c900000) (1024K)]
  0x0000017971206f30 JavaThread "Unconstrained build operations Thread 4"        [_thread_blocked, id=33148, stack(0x000000049c900000,0x000000049ca00000) (1024K)]
  0x00000179712054f0 JavaThread "Unconstrained build operations Thread 5"        [_thread_blocked, id=29176, stack(0x000000049ca00000,0x000000049cb00000) (1024K)]
  0x0000017971204e60 JavaThread "Unconstrained build operations Thread 6"        [_thread_blocked, id=52932, stack(0x000000049cb00000,0x000000049cc00000) (1024K)]
  0x0000017971207c50 JavaThread "Unconstrained build operations Thread 7"        [_thread_blocked, id=54704, stack(0x000000049cc00000,0x000000049cd00000) (1024K)]
  0x0000017971206210 JavaThread "Unconstrained build operations Thread 8"        [_thread_blocked, id=23052, stack(0x000000049cd00000,0x000000049ce00000) (1024K)]
  0x00000179712068a0 JavaThread "Unconstrained build operations Thread 9"        [_thread_blocked, id=43812, stack(0x000000049ce00000,0x000000049cf00000) (1024K)]
  0x00000179712075c0 JavaThread "Unconstrained build operations Thread 10"        [_thread_blocked, id=18084, stack(0x000000049cf00000,0x000000049d000000) (1024K)]
  0x00000179712047d0 JavaThread "Unconstrained build operations Thread 11"        [_thread_blocked, id=29224, stack(0x000000049d000000,0x000000049d100000) (1024K)]
  0x000001797120b0d0 JavaThread "Unconstrained build operations Thread 12"        [_thread_blocked, id=30664, stack(0x000000049d100000,0x000000049d200000) (1024K)]
  0x000001797120a3b0 JavaThread "Unconstrained build operations Thread 13"        [_thread_blocked, id=24732, stack(0x000000049d200000,0x000000049d300000) (1024K)]
  0x000001797120aa40 JavaThread "Unconstrained build operations Thread 14"        [_thread_blocked, id=28724, stack(0x000000049d300000,0x000000049d400000) (1024K)]
  0x000001797120b760 JavaThread "Unconstrained build operations Thread 15"        [_thread_blocked, id=30860, stack(0x000000049d400000,0x000000049d500000) (1024K)]
  0x0000017971209000 JavaThread "Unconstrained build operations Thread 16"        [_thread_blocked, id=12172, stack(0x000000049d500000,0x000000049d600000) (1024K)]
  0x00000179712082e0 JavaThread "Unconstrained build operations Thread 17"        [_thread_blocked, id=12164, stack(0x000000049d600000,0x000000049d700000) (1024K)]
  0x0000017971209690 JavaThread "Unconstrained build operations Thread 18"        [_thread_blocked, id=40560, stack(0x000000049d700000,0x000000049d800000) (1024K)]
  0x0000017971208970 JavaThread "Unconstrained build operations Thread 19"        [_thread_blocked, id=15976, stack(0x000000049d800000,0x000000049d900000) (1024K)]
  0x0000017971209d20 JavaThread "Unconstrained build operations Thread 20"        [_thread_blocked, id=52160, stack(0x000000049d900000,0x000000049da00000) (1024K)]
  0x000001797120bdf0 JavaThread "Unconstrained build operations Thread 21"        [_thread_blocked, id=42872, stack(0x000000049da00000,0x000000049db00000) (1024K)]
  0x0000017970fc6500 JavaThread "Unconstrained build operations Thread 22"        [_thread_blocked, id=4720, stack(0x000000049db00000,0x000000049dc00000) (1024K)]
  0x0000017970fc6b90 JavaThread "Unconstrained build operations Thread 23"        [_thread_blocked, id=44380, stack(0x000000049dc00000,0x000000049dd00000) (1024K)]
  0x0000017970fc3da0 JavaThread "Unconstrained build operations Thread 24"        [_thread_blocked, id=39784, stack(0x000000049dd00000,0x000000049de00000) (1024K)]
  0x0000017970fc5e70 JavaThread "Unconstrained build operations Thread 25"        [_thread_blocked, id=53344, stack(0x000000049de00000,0x000000049df00000) (1024K)]
  0x0000017970fc3710 JavaThread "Unconstrained build operations Thread 26"        [_thread_blocked, id=39080, stack(0x000000049df00000,0x000000049e000000) (1024K)]
  0x0000017970fc7220 JavaThread "Unconstrained build operations Thread 27"        [_thread_blocked, id=23072, stack(0x000000049e000000,0x000000049e100000) (1024K)]
  0x0000017970fc78b0 JavaThread "Unconstrained build operations Thread 28"        [_thread_blocked, id=47268, stack(0x000000049e100000,0x000000049e200000) (1024K)]
  0x0000017970fc4430 JavaThread "Unconstrained build operations Thread 29"        [_thread_blocked, id=38900, stack(0x000000049e200000,0x000000049e300000) (1024K)]
  0x0000017970fc4ac0 JavaThread "Unconstrained build operations Thread 30"        [_thread_blocked, id=33640, stack(0x000000049e300000,0x000000049e400000) (1024K)]
  0x0000017970fc7f40 JavaThread "Unconstrained build operations Thread 31"        [_thread_blocked, id=30276, stack(0x000000049e400000,0x000000049e500000) (1024K)]
  0x0000017970fc85d0 JavaThread "Unconstrained build operations Thread 32"        [_thread_blocked, id=20704, stack(0x000000049e500000,0x000000049e600000) (1024K)]
  0x0000017970fc5150 JavaThread "Unconstrained build operations Thread 33"        [_thread_blocked, id=10540, stack(0x000000049e600000,0x000000049e700000) (1024K)]
  0x0000017970fc8c60 JavaThread "Memory manager"                    [_thread_blocked, id=22672, stack(0x000000049e700000,0x000000049e800000) (1024K)]
Total: 70

Other Threads:
  0x00000179694c8540 VMThread "VM Thread"                           [id=25004, stack(0x0000000499a00000,0x0000000499b00000) (1024K)] _threads_hazard_ptr=0x0000017971de87d0
  0x00000179694b8aa0 WatcherThread "VM Periodic Task Thread"        [id=13028, stack(0x0000000499900000,0x0000000499a00000) (1024K)]
  0x000001794cbcb080 WorkerThread "GC Thread#0"                     [id=53424, stack(0x0000000499400000,0x0000000499500000) (1024K)]
  0x0000017969a2f0b0 WorkerThread "GC Thread#1"                     [id=52120, stack(0x000000049a600000,0x000000049a700000) (1024K)]
  0x0000017969b37460 WorkerThread "GC Thread#2"                     [id=25396, stack(0x000000049a700000,0x000000049a800000) (1024K)]
  0x0000017969b37810 WorkerThread "GC Thread#3"                     [id=52208, stack(0x000000049a800000,0x000000049a900000) (1024K)]
  0x0000017969b37bc0 WorkerThread "GC Thread#4"                     [id=30332, stack(0x000000049a900000,0x000000049aa00000) (1024K)]
  0x0000017969a3ba30 WorkerThread "GC Thread#5"                     [id=33312, stack(0x000000049aa00000,0x000000049ab00000) (1024K)]
  0x000001796f0541a0 WorkerThread "GC Thread#6"                     [id=39924, stack(0x000000049b000000,0x000000049b100000) (1024K)]
  0x000001796f664ea0 WorkerThread "GC Thread#7"                     [id=13580, stack(0x000000049b100000,0x000000049b200000) (1024K)]
  0x000001796e097850 WorkerThread "GC Thread#8"                     [id=1272, stack(0x000000049b200000,0x000000049b300000) (1024K)]
  0x000001796e097c00 WorkerThread "GC Thread#9"                     [id=16292, stack(0x000000049b300000,0x000000049b400000) (1024K)]
  0x000001794cbd8f90 ConcurrentGCThread "G1 Main Marker"            [id=48576, stack(0x0000000499500000,0x0000000499600000) (1024K)]
  0x000001794cbd99b0 WorkerThread "G1 Conc#0"                       [id=13520, stack(0x0000000499600000,0x0000000499700000) (1024K)]
  0x000001796f82b7b0 WorkerThread "G1 Conc#1"                       [id=8028, stack(0x000000049bc00000,0x000000049bd00000) (1024K)]
  0x000001796f828b70 WorkerThread "G1 Conc#2"                       [id=41552, stack(0x000000049bd00000,0x000000049be00000) (1024K)]
  0x0000017969381240 ConcurrentGCThread "G1 Refine#0"               [id=35476, stack(0x0000000499700000,0x0000000499800000) (1024K)]
  0x0000017969381cd0 ConcurrentGCThread "G1 Service"                [id=32160, stack(0x0000000499800000,0x0000000499900000) (1024K)]
Total: 18

Threads with active compile tasks:
Total: 0

VM state: synchronizing (normal execution)

VM Mutex/Monitor currently owned by a thread:  ([mutex/lock_event])
[0x00007ff989b6d530] Metaspace_lock - owner thread: 0x000001796f1d5cf0
[0x00007ff989b6f5b0] Threads_lock - owner thread: 0x00000179694c8540
[0x00007ff989b6f6b0] Heap_lock - owner thread: 0x000001794cbd8f90

Heap address: 0x0000000680000000, size: 6144 MB, Compressed Oops mode: Zero based, Oop shift amount: 3

CDS archive(s) mapped at: [0x0000017900000000-0x0000017900ba0000-0x0000017900ba0000), size 12189696, SharedBaseAddress: 0x0000017900000000, ArchiveRelocationMode: 1.
Compressed class space mapped at: 0x0000017901000000-0x0000017935000000, reserved size: 872415232
Narrow klass base: 0x0000017900000000, Narrow klass shift: 0, Narrow klass range: 0x100000000

GC Precious Log:
 CardTable entry size: 512
 Card Set container configuration: InlinePtr #cards 4 size 8 Array Of Cards #cards 32 size 80 Howl #buckets 8 coarsen threshold 7372 Howl Bitmap #cards 1024 size 144 coarsen threshold 921 Card regions per heap region 1 cards per card region 8192
 CPUs: 12 total, 12 available
 Memory: 16088M
 Large Page Support: Disabled
 NUMA Support: Disabled
 Compressed Oops: Enabled (Zero based)
 Heap Region Size: 4M
 Heap Min Capacity: 8M
 Heap Initial Capacity: 252M
 Heap Max Capacity: 6G
 Pre-touch: Disabled
 Parallel Workers: 10
 Concurrent Workers: 3
 Concurrent Refinement Workers: 10
 Periodic GC: Disabled

Heap:
 garbage-first heap   total 122880K, used 51953K [0x0000000680000000, 0x0000000800000000)
  region size 4096K, 4 young (16384K), 3 survivors (12288K)
 Metaspace       used 58753K, committed 60736K, reserved 917504K
  class space    used 8598K, committed 9600K, reserved 851968K

Heap Regions: E=young(eden), S=young(survivor), O=old, HS=humongous(starts), HC=humongous(continues), CS=collection set, F=free, TAMS=top-at-mark-start, PB=parsable bottom
|   0|0x0000000680000000, 0x0000000680400000, 0x0000000680400000|100%|HS|  |TAMS 0x0000000680400000| PB 0x0000000680000000| Complete 
|   1|0x0000000680400000, 0x0000000680800000, 0x0000000680800000|100%| O|  |TAMS 0x0000000680800000| PB 0x0000000680400000| Untracked 
|   2|0x0000000680800000, 0x0000000680bc94d0, 0x0000000680c00000| 94%| O|  |TAMS 0x0000000680bc94d0| PB 0x0000000680800000| Untracked 
|   3|0x0000000680c00000, 0x0000000681000000, 0x0000000681000000|100%| O|  |TAMS 0x0000000681000000| PB 0x0000000680c00000| Untracked 
|   4|0x0000000681000000, 0x0000000681400000, 0x0000000681400000|100%| O|  |TAMS 0x0000000681400000| PB 0x0000000681000000| Untracked 
|   5|0x0000000681400000, 0x0000000681800000, 0x0000000681800000|100%| O|  |TAMS 0x000000068169d660| PB 0x0000000681400000| Untracked 
|   6|0x0000000681800000, 0x0000000681af2fb0, 0x0000000681c00000| 73%| O|  |TAMS 0x0000000681800000| PB 0x0000000681800000| Untracked 
|   7|0x0000000681c00000, 0x0000000681c00000, 0x0000000682000000|  0%| F|  |TAMS 0x0000000681c00000| PB 0x0000000681c00000| Untracked 
|   8|0x0000000682000000, 0x0000000682000000, 0x0000000682400000|  0%| F|  |TAMS 0x0000000682000000| PB 0x0000000682000000| Untracked 
|   9|0x0000000682400000, 0x0000000682400000, 0x0000000682800000|  0%| F|  |TAMS 0x0000000682400000| PB 0x0000000682400000| Untracked 
|  10|0x0000000682800000, 0x0000000682800000, 0x0000000682c00000|  0%| F|  |TAMS 0x0000000682800000| PB 0x0000000682800000| Untracked 
|  11|0x0000000682c00000, 0x0000000682c00000, 0x0000000683000000|  0%| F|  |TAMS 0x0000000682c00000| PB 0x0000000682c00000| Untracked 
|  12|0x0000000683000000, 0x0000000683400000, 0x0000000683400000|100%| S|CS|TAMS 0x0000000683000000| PB 0x0000000683000000| Complete 
|  13|0x0000000683400000, 0x0000000683800000, 0x0000000683800000|100%| S|CS|TAMS 0x0000000683400000| PB 0x0000000683400000| Complete 
|  14|0x0000000683800000, 0x0000000683c00000, 0x0000000683c00000|100%| S|CS|TAMS 0x0000000683800000| PB 0x0000000683800000| Complete 
|  15|0x0000000683c00000, 0x0000000683c00000, 0x0000000684000000|  0%| F|  |TAMS 0x0000000683c00000| PB 0x0000000683c00000| Untracked 
|  16|0x0000000684000000, 0x0000000684000000, 0x0000000684400000|  0%| F|  |TAMS 0x0000000684000000| PB 0x0000000684000000| Untracked 
|  17|0x0000000684400000, 0x0000000684400000, 0x0000000684800000|  0%| F|  |TAMS 0x0000000684400000| PB 0x0000000684400000| Untracked 
|  18|0x0000000684800000, 0x0000000684800000, 0x0000000684c00000|  0%| F|  |TAMS 0x0000000684800000| PB 0x0000000684800000| Untracked 
|  19|0x0000000684c00000, 0x0000000684c00000, 0x0000000685000000|  0%| F|  |TAMS 0x0000000684c00000| PB 0x0000000684c00000| Untracked 
|  20|0x0000000685000000, 0x0000000685000000, 0x0000000685400000|  0%| F|  |TAMS 0x0000000685000000| PB 0x0000000685000000| Untracked 
|  21|0x0000000685400000, 0x0000000685400000, 0x0000000685800000|  0%| F|  |TAMS 0x0000000685400000| PB 0x0000000685400000| Untracked 
|  38|0x0000000689800000, 0x0000000689800000, 0x0000000689c00000|  0%| F|  |TAMS 0x0000000689800000| PB 0x0000000689800000| Untracked 
|  39|0x0000000689c00000, 0x0000000689c00000, 0x000000068a000000|  0%| F|  |TAMS 0x0000000689c00000| PB 0x0000000689c00000| Untracked 
|  40|0x000000068a000000, 0x000000068a000000, 0x000000068a400000|  0%| F|  |TAMS 0x000000068a000000| PB 0x000000068a000000| Untracked 
|  44|0x000000068b000000, 0x000000068b000000, 0x000000068b400000|  0%| F|  |TAMS 0x000000068b000000| PB 0x000000068b000000| Untracked 
|  62|0x000000068f800000, 0x000000068f8f8918, 0x000000068fc00000| 24%| E|  |TAMS 0x000000068f800000| PB 0x000000068f800000| Complete 
|1533|0x00000007ff400000, 0x00000007ff800000, 0x00000007ff800000|100%| O|  |TAMS 0x00000007ff800000| PB 0x00000007ff400000| Untracked 
|1534|0x00000007ff800000, 0x00000007ffc00000, 0x00000007ffc00000|100%| O|  |TAMS 0x00000007ffc00000| PB 0x00000007ff800000| Untracked 
|1535|0x00000007ffc00000, 0x0000000800000000, 0x0000000800000000|100%| O|  |TAMS 0x0000000800000000| PB 0x00000007ffc00000| Untracked 

Card table byte_map: [0x000001795fea0000,0x0000017960aa0000] _byte_map_base: 0x000001795caa0000

Marking Bits: (CMBitMap*) 0x000001794cbcb6a0
 Bits: [0x0000017960aa0000, 0x0000017966aa0000)

Polling page: 0x000001794a970000

Metaspace:

Usage:
  Non-class:     48.98 MB used.
      Class:      8.40 MB used.
       Both:     57.38 MB used.

Virtual space:
  Non-class space:       64.00 MB reserved,      49.94 MB ( 78%) committed,  1 nodes.
      Class space:      832.00 MB reserved,       9.38 MB (  1%) committed,  1 nodes.
             Both:      896.00 MB reserved,      59.31 MB (  7%) committed. 

Chunk freelists:
   Non-Class:  13.73 MB
       Class:  6.55 MB
        Both:  20.28 MB

MaxMetaspaceSize: 1.00 GB
CompressedClassSpaceSize: 832.00 MB
Initial GC threshold: 21.00 MB
Current GC threshold: 59.50 MB
CDS: on
 - commit_granule_bytes: 65536.
 - commit_granule_words: 8192.
 - virtual_space_node_default_size: 8388608.
 - enlarge_chunks_in_place: 1.
 - use_allocation_guard: 0.


Internal statistics:

num_allocs_failed_limit: 12.
num_arena_births: 3542.
num_arena_deaths: 0.
num_vsnodes_births: 2.
num_vsnodes_deaths: 0.
num_space_committed: 949.
num_space_uncommitted: 0.
num_chunks_returned_to_freelist: 12.
num_chunks_taken_from_freelist: 6440.
num_chunk_merges: 12.
num_chunk_splits: 4176.
num_chunks_enlarged: 2494.
num_inconsistent_stats: 0.

CodeHeap 'non-profiled nmethods': size=120000Kb used=4283Kb max_used=4283Kb free=115716Kb
 bounds [0x0000017957810000, 0x0000017957c40000, 0x000001795ed40000]
CodeHeap 'profiled nmethods': size=120000Kb used=14066Kb max_used=14066Kb free=105933Kb
 bounds [0x000001794fd40000, 0x0000017950b00000, 0x0000017957270000]
CodeHeap 'non-nmethods': size=5760Kb used=2630Kb max_used=2658Kb free=3129Kb
 bounds [0x0000017957270000, 0x0000017957520000, 0x0000017957810000]
CodeCache: size=245760Kb, used=20979Kb, max_used=21007Kb, free=224778Kb
 total_blobs=8097, nmethods=7201, adapters=800, full_count=0
Compilation: enabled, stopped_count=0, restarted_count=0

Compilation events (20 events):
Event: 269.362 Thread 0x00000179694f7e50 7736       3       kotlin.reflect.jvm.internal.impl.renderer.DescriptorRendererOptionsImpl::property (20 bytes)
Event: 269.363 Thread 0x00000179694f7e50 nmethod 7736 0x0000017950af9d90 code [0x0000017950af9f40, 0x0000017950afa288]
Event: 269.363 Thread 0x00000179694f7e50 7737       3       kotlin.reflect.jvm.internal.impl.renderer.DescriptorRendererOptionsImpl$property$$inlined$vetoable$1::<init> (11 bytes)
Event: 269.364 Thread 0x00000179694f7e50 nmethod 7737 0x0000017950afa410 code [0x0000017950afa5c0, 0x0000017950afa850]
Event: 269.432 Thread 0x00000179694f7e50 7738       3       java.util.concurrent.CopyOnWriteArrayList::indexOfRange (63 bytes)
Event: 269.433 Thread 0x00000179694f7e50 nmethod 7738 0x0000017950afa910 code [0x0000017950afab00, 0x0000017950afaf78]
Event: 269.802 Thread 0x00000179694f7e50 7739       3       java.util.concurrent.ThreadPoolExecutor$Worker::lock (6 bytes)
Event: 269.803 Thread 0x00000179694f7e50 nmethod 7739 0x0000017950afb190 code [0x0000017950afb340, 0x0000017950afb480]
Event: 269.803 Thread 0x00000179694f7e50 7740       3       java.util.concurrent.ThreadPoolExecutor$Worker::tryAcquire (20 bytes)
Event: 269.804 Thread 0x00000179694f7e50 nmethod 7740 0x0000017950afb510 code [0x0000017950afb6c0, 0x0000017950afb908]
Event: 269.804 Thread 0x00000179694f7e50 7741       3       java.util.concurrent.ThreadPoolExecutor::beforeExecute (1 bytes)
Event: 269.805 Thread 0x00000179694f7e50 nmethod 7741 0x0000017950afb990 code [0x0000017950afbb20, 0x0000017950afbc28]
Event: 269.805 Thread 0x00000179694f7e50 7742   !   3       org.gradle.internal.concurrent.AbstractManagedExecutor$1::run (57 bytes)
Event: 269.807 Thread 0x00000179694f7e50 nmethod 7742 0x0000017950afbc90 code [0x0000017950afbea0, 0x0000017950afc388]
Event: 270.601 Thread 0x00000179694ef800 7743   !   4       java.net.URL::<init> (543 bytes)
Event: 270.698 Thread 0x00000179694ef800 nmethod 7743 0x0000017957c3a390 code [0x0000017957c3a680, 0x0000017957c3be10]
Event: 272.080 Thread 0x00000179694ef800 7744       4       java.net.URLClassLoader::isSealed (72 bytes)
Event: 272.193 Thread 0x00000179694ef800 nmethod 7744 0x0000017957c3cb90 code [0x0000017957c3cea0, 0x0000017957c3e068]
Event: 272.629 Thread 0x00000179694f7e50 7745       3       java.util.Collections$UnmodifiableList::get (11 bytes)
Event: 272.629 Thread 0x00000179694f7e50 nmethod 7745 0x0000017950afc610 code [0x0000017950afc7c0, 0x0000017950afc9a0]

GC Heap History (20 events):
Event: 31.249 GC heap before
{Heap before GC invocations=2 (full 0):
 garbage-first heap   total 258048K, used 81403K [0x0000000680000000, 0x0000000800000000)
  region size 4096K, 19 young (77824K), 2 survivors (8192K)
 Metaspace       used 10467K, committed 10880K, reserved 917504K
  class space    used 1427K, committed 1664K, reserved 851968K
}
Event: 31.305 GC heap after
{Heap after GC invocations=3 (full 0):
 garbage-first heap   total 258048K, used 20106K [0x0000000680000000, 0x0000000800000000)
  region size 4096K, 3 young (12288K), 3 survivors (12288K)
 Metaspace       used 10467K, committed 10880K, reserved 917504K
  class space    used 1427K, committed 1664K, reserved 851968K
}
Event: 53.532 GC heap before
{Heap before GC invocations=3 (full 0):
 garbage-first heap   total 258048K, used 89738K [0x0000000680000000, 0x0000000800000000)
  region size 4096K, 21 young (86016K), 3 survivors (12288K)
 Metaspace       used 20864K, committed 21504K, reserved 917504K
  class space    used 3068K, committed 3392K, reserved 851968K
}
Event: 53.553 GC heap after
{Heap after GC invocations=4 (full 0):
 garbage-first heap   total 258048K, used 24488K [0x0000000680000000, 0x0000000800000000)
  region size 4096K, 4 young (16384K), 4 survivors (16384K)
 Metaspace       used 20864K, committed 21504K, reserved 917504K
  class space    used 3068K, committed 3392K, reserved 851968K
}
Event: 133.565 GC heap before
{Heap before GC invocations=5 (full 0):
 garbage-first heap   total 98304K, used 94120K [0x0000000680000000, 0x0000000800000000)
  region size 4096K, 21 young (86016K), 4 survivors (16384K)
 Metaspace       used 28973K, committed 29952K, reserved 917504K
  class space    used 4304K, committed 4736K, reserved 851968K
}
Event: 133.592 GC heap after
{Heap after GC invocations=6 (full 0):
 garbage-first heap   total 122880K, used 28638K [0x0000000680000000, 0x0000000800000000)
  region size 4096K, 3 young (12288K), 3 survivors (12288K)
 Metaspace       used 28973K, committed 29952K, reserved 917504K
  class space    used 4304K, committed 4736K, reserved 851968K
}
Event: 144.958 GC heap before
{Heap before GC invocations=6 (full 0):
 garbage-first heap   total 122880K, used 73694K [0x0000000680000000, 0x0000000800000000)
  region size 4096K, 16 young (65536K), 3 survivors (12288K)
 Metaspace       used 34917K, committed 35968K, reserved 917504K
  class space    used 4934K, committed 5504K, reserved 851968K
}
Event: 144.971 GC heap after
{Heap after GC invocations=7 (full 0):
 garbage-first heap   total 122880K, used 33622K [0x0000000680000000, 0x0000000800000000)
  region size 4096K, 3 young (12288K), 3 survivors (12288K)
 Metaspace       used 34917K, committed 35968K, reserved 917504K
  class space    used 4934K, committed 5504K, reserved 851968K
}
Event: 145.488 GC heap before
{Heap before GC invocations=7 (full 0):
 garbage-first heap   total 122880K, used 33622K [0x0000000680000000, 0x0000000800000000)
  region size 4096K, 4 young (16384K), 3 survivors (12288K)
 Metaspace       used 35226K, committed 36288K, reserved 917504K
  class space    used 4982K, committed 5504K, reserved 851968K
}
Event: 145.496 GC heap after
{Heap after GC invocations=8 (full 0):
 garbage-first heap   total 122880K, used 33615K [0x0000000680000000, 0x0000000800000000)
  region size 4096K, 2 young (8192K), 2 survivors (8192K)
 Metaspace       used 35226K, committed 36288K, reserved 917504K
  class space    used 4982K, committed 5504K, reserved 851968K
}
Event: 162.202 GC heap before
{Heap before GC invocations=9 (full 0):
 garbage-first heap   total 122880K, used 95055K [0x0000000680000000, 0x0000000800000000)
  region size 4096K, 18 young (73728K), 2 survivors (8192K)
 Metaspace       used 39980K, committed 41408K, reserved 917504K
  class space    used 5660K, committed 6336K, reserved 851968K
}
Event: 162.213 GC heap after
{Heap after GC invocations=10 (full 0):
 garbage-first heap   total 122880K, used 35466K [0x0000000680000000, 0x0000000800000000)
  region size 4096K, 2 young (8192K), 2 survivors (8192K)
 Metaspace       used 39980K, committed 41408K, reserved 917504K
  class space    used 5660K, committed 6336K, reserved 851968K
}
Event: 193.348 GC heap before
{Heap before GC invocations=10 (full 0):
 garbage-first heap   total 122880K, used 101002K [0x0000000680000000, 0x0000000800000000)
  region size 4096K, 18 young (73728K), 2 survivors (8192K)
 Metaspace       used 44932K, committed 46656K, reserved 917504K
  class space    used 6472K, committed 7296K, reserved 851968K
}
Event: 193.371 GC heap after
{Heap after GC invocations=11 (full 0):
 garbage-first heap   total 122880K, used 38062K [0x0000000680000000, 0x0000000800000000)
  region size 4096K, 2 young (8192K), 2 survivors (8192K)
 Metaspace       used 44932K, committed 46656K, reserved 917504K
  class space    used 6472K, committed 7296K, reserved 851968K
}
Event: 220.238 GC heap before
{Heap before GC invocations=11 (full 0):
 garbage-first heap   total 122880K, used 103598K [0x0000000680000000, 0x0000000800000000)
  region size 4096K, 18 young (73728K), 2 survivors (8192K)
 Metaspace       used 50799K, committed 52544K, reserved 917504K
  class space    used 7404K, committed 8256K, reserved 851968K
}
Event: 220.258 GC heap after
{Heap after GC invocations=12 (full 0):
 garbage-first heap   total 122880K, used 42286K [0x0000000680000000, 0x0000000800000000)
  region size 4096K, 3 young (12288K), 3 survivors (12288K)
 Metaspace       used 50799K, committed 52544K, reserved 917504K
  class space    used 7404K, committed 8256K, reserved 851968K
}
Event: 255.334 GC heap before
{Heap before GC invocations=12 (full 0):
 garbage-first heap   total 122880K, used 103726K [0x0000000680000000, 0x0000000800000000)
  region size 4096K, 18 young (73728K), 3 survivors (12288K)
 Metaspace       used 54315K, committed 56256K, reserved 917504K
  class space    used 7983K, committed 8960K, reserved 851968K
}
Event: 255.355 GC heap after
{Heap after GC invocations=13 (full 0):
 garbage-first heap   total 122880K, used 43856K [0x0000000680000000, 0x0000000800000000)
  region size 4096K, 3 young (12288K), 3 survivors (12288K)
 Metaspace       used 54315K, committed 56256K, reserved 917504K
  class space    used 7983K, committed 8960K, reserved 851968K
}
Event: 272.585 GC heap before
{Heap before GC invocations=13 (full 0):
 garbage-first heap   total 122880K, used 88912K [0x0000000680000000, 0x0000000800000000)
  region size 4096K, 15 young (61440K), 3 survivors (12288K)
 Metaspace       used 58680K, committed 60608K, reserved 917504K
  class space    used 8590K, committed 9536K, reserved 851968K
}
Event: 272.604 GC heap after
{Heap after GC invocations=14 (full 0):
 garbage-first heap   total 122880K, used 51953K [0x0000000680000000, 0x0000000800000000)
  region size 4096K, 3 young (12288K), 3 survivors (12288K)
 Metaspace       used 58680K, committed 60608K, reserved 917504K
  class space    used 8590K, committed 9536K, reserved 851968K
}

Dll operation events (20 events):
Event: 0.298 Attempting to load shared library C:\Users\nimes\.vscode\extensions\redhat.java-1.56.0-win32-x64\jre\21.0.12.1-win32-x86_64\bin\nio.dll
Event: 0.299 Loaded shared library C:\Users\nimes\.vscode\extensions\redhat.java-1.56.0-win32-x64\jre\21.0.12.1-win32-x86_64\bin\nio.dll
Event: 0.308 Attempting to load shared library C:\Users\nimes\.vscode\extensions\redhat.java-1.56.0-win32-x64\jre\21.0.12.1-win32-x86_64\bin\zip.dll
Event: 0.308 Loaded shared library C:\Users\nimes\.vscode\extensions\redhat.java-1.56.0-win32-x64\jre\21.0.12.1-win32-x86_64\bin\zip.dll
Event: 1.173 Attempting to load shared library C:\Users\nimes\.vscode\extensions\redhat.java-1.56.0-win32-x64\jre\21.0.12.1-win32-x86_64\bin\jimage.dll
Event: 1.173 Loaded shared library C:\Users\nimes\.vscode\extensions\redhat.java-1.56.0-win32-x64\jre\21.0.12.1-win32-x86_64\bin\jimage.dll
Event: 1.662 Attempting to load shared library C:\Users\nimes\.vscode\extensions\redhat.java-1.56.0-win32-x64\jre\21.0.12.1-win32-x86_64\bin\verify.dll
Event: 1.663 Loaded shared library C:\Users\nimes\.vscode\extensions\redhat.java-1.56.0-win32-x64\jre\21.0.12.1-win32-x86_64\bin\verify.dll
Event: 2.065 Attempting to load shared library C:\Users\nimes\.gradle\native\1def1411415f61bf3af743bc5b6707747c0891f09f0c88961ee8f79bc544acac\windows-amd64\native-platform.dll
Event: 2.066 Loaded shared library C:\Users\nimes\.gradle\native\1def1411415f61bf3af743bc5b6707747c0891f09f0c88961ee8f79bc544acac\windows-amd64\native-platform.dll
Event: 2.128 Attempting to load shared library C:\Users\nimes\.gradle\native\0.2.7\x86_64-windows-gnu\gradle-fileevents.dll
Event: 2.129 Loaded shared library C:\Users\nimes\.gradle\native\0.2.7\x86_64-windows-gnu\gradle-fileevents.dll
Event: 22.285 Attempting to load shared library C:\Users\nimes\.vscode\extensions\redhat.java-1.56.0-win32-x64\jre\21.0.12.1-win32-x86_64\bin\management.dll
Event: 22.293 Loaded shared library C:\Users\nimes\.vscode\extensions\redhat.java-1.56.0-win32-x64\jre\21.0.12.1-win32-x86_64\bin\management.dll
Event: 22.329 Attempting to load shared library C:\Users\nimes\.vscode\extensions\redhat.java-1.56.0-win32-x64\jre\21.0.12.1-win32-x86_64\bin\management_ext.dll
Event: 22.337 Loaded shared library C:\Users\nimes\.vscode\extensions\redhat.java-1.56.0-win32-x64\jre\21.0.12.1-win32-x86_64\bin\management_ext.dll
Event: 26.070 Attempting to load shared library C:\Users\nimes\.vscode\extensions\redhat.java-1.56.0-win32-x64\jre\21.0.12.1-win32-x86_64\bin\extnet.dll
Event: 26.093 Loaded shared library C:\Users\nimes\.vscode\extensions\redhat.java-1.56.0-win32-x64\jre\21.0.12.1-win32-x86_64\bin\extnet.dll
Event: 29.819 Attempting to load shared library C:\Users\nimes\.vscode\extensions\redhat.java-1.56.0-win32-x64\jre\21.0.12.1-win32-x86_64\bin\sunmscapi.dll
Event: 29.921 Loaded shared library C:\Users\nimes\.vscode\extensions\redhat.java-1.56.0-win32-x64\jre\21.0.12.1-win32-x86_64\bin\sunmscapi.dll

Deoptimization events (20 events):
Event: 265.306 Thread 0x000001796f1d5cf0 Uncommon trap: trap_request=0xffffff45 fr.pc=0x0000017957872b20 relative=0x0000000000000fc0
Event: 265.306 Thread 0x000001796f1d5cf0 Uncommon trap: reason=unstable_if action=reinterpret pc=0x0000017957872b20 method=java.util.jar.JarFile.getEntry(Ljava/lang/String;)Ljava/util/zip/ZipEntry; @ 15 c2
Event: 265.306 Thread 0x000001796f1d5cf0 DEOPT PACKING pc=0x0000017957872b20 sp=0x000000049b4f0a70
Event: 265.306 Thread 0x000001796f1d5cf0 DEOPT UNPACKING pc=0x00000179572c4422 sp=0x000000049b4f0a68 mode 2
Event: 265.391 Thread 0x000001796f1d5cf0 Uncommon trap: trap_request=0xffffffbe fr.pc=0x0000017957c3303c relative=0x000000000000033c
Event: 265.391 Thread 0x000001796f1d5cf0 Uncommon trap: reason=profile_predicate action=maybe_recompile pc=0x0000017957c3303c method=sun.instrument.TransformerManager.transform(Ljava/lang/Module;Ljava/lang/ClassLoader;Ljava/lang/String;Ljava/lang/Class;Ljava/security/ProtectionDomain;[B)[B @ 21 
Event: 265.391 Thread 0x000001796f1d5cf0 DEOPT PACKING pc=0x0000017957c3303c sp=0x000000049b4ef370
Event: 265.391 Thread 0x000001796f1d5cf0 DEOPT UNPACKING pc=0x00000179572c4422 sp=0x000000049b4ef240 mode 2
Event: 265.393 Thread 0x000001796f1d5cf0 Uncommon trap: trap_request=0xffffffbe fr.pc=0x0000017957c3303c relative=0x000000000000033c
Event: 265.393 Thread 0x000001796f1d5cf0 Uncommon trap: reason=profile_predicate action=maybe_recompile pc=0x0000017957c3303c method=sun.instrument.TransformerManager.transform(Ljava/lang/Module;Ljava/lang/ClassLoader;Ljava/lang/String;Ljava/lang/Class;Ljava/security/ProtectionDomain;[B)[B @ 21 
Event: 265.393 Thread 0x000001796f1d5cf0 DEOPT PACKING pc=0x0000017957c3303c sp=0x000000049b4eeb60
Event: 265.393 Thread 0x000001796f1d5cf0 DEOPT UNPACKING pc=0x00000179572c4422 sp=0x000000049b4eea30 mode 2
Event: 265.395 Thread 0x000001796f1d5cf0 Uncommon trap: trap_request=0xffffffbe fr.pc=0x0000017957c3303c relative=0x000000000000033c
Event: 265.395 Thread 0x000001796f1d5cf0 Uncommon trap: reason=profile_predicate action=maybe_recompile pc=0x0000017957c3303c method=sun.instrument.TransformerManager.transform(Ljava/lang/Module;Ljava/lang/ClassLoader;Ljava/lang/String;Ljava/lang/Class;Ljava/security/ProtectionDomain;[B)[B @ 21 
Event: 265.395 Thread 0x000001796f1d5cf0 DEOPT PACKING pc=0x0000017957c3303c sp=0x000000049b4ef690
Event: 265.395 Thread 0x000001796f1d5cf0 DEOPT UNPACKING pc=0x00000179572c4422 sp=0x000000049b4ef560 mode 2
Event: 265.569 Thread 0x000001796f1d5cf0 Uncommon trap: trap_request=0xffffffbe fr.pc=0x0000017957c3303c relative=0x000000000000033c
Event: 265.569 Thread 0x000001796f1d5cf0 Uncommon trap: reason=profile_predicate action=maybe_recompile pc=0x0000017957c3303c method=sun.instrument.TransformerManager.transform(Ljava/lang/Module;Ljava/lang/ClassLoader;Ljava/lang/String;Ljava/lang/Class;Ljava/security/ProtectionDomain;[B)[B @ 21 
Event: 265.569 Thread 0x000001796f1d5cf0 DEOPT PACKING pc=0x0000017957c3303c sp=0x000000049b4ede70
Event: 265.569 Thread 0x000001796f1d5cf0 DEOPT UNPACKING pc=0x00000179572c4422 sp=0x000000049b4edd40 mode 2

Classes loaded (20 events):
Event: 249.159 Loading class com/sun/org/apache/xerces/internal/utils/XMLSecurityPropertyManager$Property
Event: 249.159 Loading class com/sun/org/apache/xerces/internal/utils/XMLSecurityPropertyManager$Property done
Event: 249.168 Loading class javax/xml/parsers/DocumentBuilderFactory
Event: 249.169 Loading class javax/xml/parsers/DocumentBuilderFactory done
Event: 249.169 Loading class javax/xml/parsers/FactoryFinder
Event: 249.169 Loading class javax/xml/parsers/FactoryFinder done
Event: 249.179 Loading class javax/xml/parsers/FactoryFinder$1
Event: 249.179 Loading class javax/xml/parsers/FactoryFinder$1 done
Event: 249.191 Loading class com/sun/org/apache/xerces/internal/jaxp/DocumentBuilderFactoryImpl
Event: 249.198 Loading class com/sun/org/apache/xerces/internal/jaxp/DocumentBuilderFactoryImpl done
Event: 250.109 Loading class java/util/ArrayList$SubList$1
Event: 250.109 Loading class java/util/ArrayList$SubList$1 done
Event: 251.088 Loading class java/util/regex/Pattern$SliceI
Event: 251.117 Loading class java/util/regex/Pattern$SliceI done
Event: 256.074 Loading class java/lang/Character$UnicodeBlock
Event: 256.077 Loading class java/lang/Character$Subset
Event: 256.077 Loading class java/lang/Character$Subset done
Event: 256.077 Loading class java/lang/Character$UnicodeBlock done
Event: 272.182 Loading class java/lang/Override
Event: 272.183 Loading class java/lang/Override done

Classes unloaded (0 events):
No events

Classes redefined (0 events):
No events

Internal exceptions (20 events):
Event: 210.456 Thread 0x000001796f1d5cf0 Exception <a 'java/lang/NoSuchMethodError'{0x00000006845cdb88}: 'java.lang.Object java.lang.invoke.DirectMethodHandle$Holder.newInvokeSpecial(java.lang.Object, java.lang.Object, java.lang.Object, int)'> (0x00000006845cdb88) 
thrown [s\src\hotspot\share\interpreter\linkResolver.cpp, line 773]
Event: 210.460 Thread 0x000001796f1d5cf0 Exception <a 'java/lang/NoSuchMethodError'{0x00000006845d2e30}: 'java.lang.Object java.lang.invoke.DirectMethodHandle$Holder.invokeSpecial(java.lang.Object, java.lang.Object, java.lang.Object, java.lang.Object, int)'> (0x00000006845d2e30) 
thrown [s\src\hotspot\share\interpreter\linkResolver.cpp, line 773]
Event: 210.461 Thread 0x000001796f1d5cf0 Exception <a 'java/lang/NoSuchMethodError'{0x00000006845d7a60}: 'java.lang.Object java.lang.invoke.Invokers$Holder.linkToTargetMethod(java.lang.Object, java.lang.Object, int, java.lang.Object)'> (0x00000006845d7a60) 
thrown [s\src\hotspot\share\interpreter\linkResolver.cpp, line 773]
Event: 211.437 Thread 0x000001796f1d5cf0 Exception <a 'java/lang/NoSuchMethodError'{0x000000068406f570}: 'int java.lang.invoke.DirectMethodHandle$Holder.invokeSpecialIFC(java.lang.Object, java.lang.Object, java.lang.Object)'> (0x000000068406f570) 
thrown [s\src\hotspot\share\interpreter\linkResolver.cpp, line 773]
Event: 212.641 Thread 0x000001796f1d5cf0 Exception <a 'java/lang/NoSuchMethodError'{0x0000000683cf45c0}: 'java.lang.Object java.lang.invoke.DirectMethodHandle$Holder.newInvokeSpecial(java.lang.Object, java.lang.Object, long, java.lang.Object)'> (0x0000000683cf45c0) 
thrown [s\src\hotspot\share\interpreter\linkResolver.cpp, line 773]
Event: 212.650 Thread 0x000001796f1d5cf0 Exception <a 'java/lang/NoSuchMethodError'{0x0000000683cf9878}: 'java.lang.Object java.lang.invoke.DirectMethodHandle$Holder.invokeSpecial(java.lang.Object, java.lang.Object, java.lang.Object, long, java.lang.Object)'> (0x0000000683cf9878) 
thrown [s\src\hotspot\share\interpreter\linkResolver.cpp, line 773]
Event: 212.651 Thread 0x000001796f1d5cf0 Exception <a 'java/lang/NoSuchMethodError'{0x0000000683cfe4b0}: 'java.lang.Object java.lang.invoke.Invokers$Holder.linkToTargetMethod(java.lang.Object, long, java.lang.Object, java.lang.Object)'> (0x0000000683cfe4b0) 
thrown [s\src\hotspot\share\interpreter\linkResolver.cpp, line 773]
Event: 212.691 Thread 0x000001796f1d5cf0 Exception <a 'java/lang/NoSuchMethodError'{0x0000000683d29130}: 'void java.lang.invoke.DirectMethodHandle$Holder.invokeStatic(java.lang.Object, java.lang.Object, java.lang.Object, int, java.lang.Object)'> (0x0000000683d29130) 
thrown [s\src\hotspot\share\interpreter\linkResolver.cpp, line 773]
Event: 212.794 Thread 0x000001796f1d5cf0 Exception <a 'java/lang/NoSuchMethodError'{0x0000000683f075e8}: 'int java.lang.invoke.DirectMethodHandle$Holder.invokeInterface(java.lang.Object, java.lang.Object, java.lang.Object, java.lang.Object, java.lang.Object)'> (0x0000000683f075e8) 
thrown [s\src\hotspot\share\interpreter\linkResolver.cpp, line 773]
Event: 214.191 Thread 0x000001796f1d5cf0 Exception <a 'java/lang/NoSuchMethodError'{0x00000006839e91a0}: 'java.lang.Object java.lang.invoke.DirectMethodHandle$Holder.invokeSpecial(java.lang.Object, java.lang.Object, long, java.lang.Object, java.lang.Object)'> (0x00000006839e91a0) 
thrown [s\src\hotspot\share\interpreter\linkResolver.cpp, line 773]
Event: 217.832 Thread 0x000001796f1d5cf0 Exception <a 'java/lang/IncompatibleClassChangeError'{0x000000068328aaf0}: Found class java.lang.Object, but interface was expected> (0x000000068328aaf0) 
thrown [s\src\hotspot\share\interpreter\linkResolver.cpp, line 840]
Event: 218.270 Thread 0x000001796fa03180 Exception <a 'java/lang/NoSuchMethodError'{0x0000000682c863c8}: 'void java.lang.invoke.DirectMethodHandle$Holder.invokeVirtual(java.lang.Object, java.lang.Object)'> (0x0000000682c863c8) 
thrown [s\src\hotspot\share\interpreter\linkResolver.cpp, line 773]
Event: 218.270 Thread 0x00000179712047d0 Exception <a 'java/lang/NoSuchMethodError'{0x0000000682c657f0}: 'void java.lang.invoke.DirectMethodHandle$Holder.invokeVirtual(java.lang.Object, java.lang.Object)'> (0x0000000682c657f0) 
thrown [s\src\hotspot\share\interpreter\linkResolver.cpp, line 773]
Event: 220.146 Thread 0x000001796f1d5cf0 Exception <a 'java/lang/NoSuchMethodError'{0x0000000682f8f208}: 'java.lang.Object java.lang.invoke.DirectMethodHandle$Holder.newInvokeSpecial(java.lang.Object, java.lang.Object, java.lang.Object, java.lang.Object, int, java.lang.Object)'> (0x0000000682f8f208) 
thrown [s\src\hotspot\share\interpreter\linkResolver.cpp, line 773]
Event: 220.150 Thread 0x000001796f1d5cf0 Exception <a 'java/lang/NoSuchMethodError'{0x0000000682f97fd8}: 'java.lang.Object java.lang.invoke.Invokers$Holder.linkToTargetMethod(java.lang.Object, java.lang.Object, java.lang.Object, int, java.lang.Object, java.lang.Object)'> (0x0000000682f97fd8) 
thrown [s\src\hotspot\share\interpreter\linkResolver.cpp, line 773]
Event: 229.979 Thread 0x000001796f1d5cf0 Exception <a 'java/lang/NoSuchMethodError'{0x0000000689d56988}: 'java.lang.Object java.lang.invoke.DirectMethodHandle$Holder.invokeSpecialIFC(java.lang.Object, java.lang.Object, java.lang.Object)'> (0x0000000689d56988) 
thrown [s\src\hotspot\share\interpreter\linkResolver.cpp, line 773]
Event: 249.708 Thread 0x000001796f1d5cf0 Exception <a 'java/lang/NoSuchMethodError'{0x0000000683e8ab10}: 'java.lang.Object java.lang.invoke.DirectMethodHandle$Holder.newInvokeSpecial(java.lang.Object, java.lang.Object, java.lang.Object, java.lang.Object, java.lang.Object, java.lang.Object, java.lang.Object, java.lang.Object, java.lang.Object, java.lang.Object, java.lang.Object, java.lang.Object, java.lang.Object, java.lang.Object, java.lang.Object, java.lang.Object)'> (0x0000000683e8ab10) 
thrown [s\src\hotspot\share\interpreter\linkResolver.cpp,
Event: 249.712 Thread 0x000001796f1d5cf0 Exception <a 'java/lang/NoSuchMethodError'{0x0000000683e92028}: 'java.lang.Object java.lang.invoke.DirectMethodHandle$Holder.invokeSpecial(java.lang.Object, java.lang.Object, java.lang.Object, java.lang.Object, java.lang.Object, java.lang.Object, java.lang.Object, java.lang.Object, java.lang.Object, java.lang.Object, java.lang.Object, java.lang.Object, java.lang.Object, java.lang.Object, java.lang.Object, java.lang.Object, java.lang.Object)'> (0x0000000683e92028) 
thrown [s\src\hotspot\share\interpreter\li
Event: 249.714 Thread 0x000001796f1d5cf0 Exception <a 'java/lang/NoSuchMethodError'{0x0000000683e98428}: 'java.lang.Object java.lang.invoke.DelegatingMethodHandle$Holder.reinvoke_L(java.lang.Object, java.lang.Object, java.lang.Object, java.lang.Object, java.lang.Object, java.lang.Object, java.lang.Object, java.lang.Object, java.lang.Object, java.lang.Object, java.lang.Object, java.lang.Object, java.lang.Object, java.lang.Object, java.lang.Object, java.lang.Object)'> (0x0000000683e98428) 
thrown [s\src\hotspot\share\interpreter\linkResolver.cpp, l
Event: 255.421 Thread 0x000001796f1d5cf0 Exception <a 'java/lang/NoSuchMethodError'{0x000000068f919358}: 'java.lang.Object java.lang.invoke.DirectMethodHandle$Holder.newInvokeSpecial(java.lang.Object, java.lang.Object, java.lang.Object, java.lang.Object, java.lang.Object, java.lang.Object, java.lang.Object, java.lang.Object, java.lang.Object, java.lang.Object, java.lang.Object, java.lang.Object, java.lang.Object, java.lang.Object, java.lang.Object, java.lang.Object, java.lang.Object, java.lang.Object, java.lang.Object, java.lang.Object, java.lang

ZGC Phase Switch (0 events):
No events

VM Operations (20 events):
Event: 258.423 Executing safepoint VM operation: Cleanup done
Event: 259.432 Executing safepoint VM operation: Cleanup
Event: 259.433 Executing safepoint VM operation: Cleanup done
Event: 260.445 Executing safepoint VM operation: Cleanup
Event: 260.445 Executing safepoint VM operation: Cleanup done
Event: 261.445 Executing safepoint VM operation: Cleanup
Event: 261.445 Executing safepoint VM operation: Cleanup done
Event: 263.467 Executing safepoint VM operation: Cleanup
Event: 263.468 Executing safepoint VM operation: Cleanup done
Event: 265.475 Executing safepoint VM operation: Cleanup
Event: 265.475 Executing safepoint VM operation: Cleanup done
Event: 268.498 Executing safepoint VM operation: Cleanup
Event: 268.498 Executing safepoint VM operation: Cleanup done
Event: 269.510 Executing safepoint VM operation: Cleanup
Event: 269.511 Executing safepoint VM operation: Cleanup done
Event: 272.539 Executing safepoint VM operation: Cleanup
Event: 272.540 Executing safepoint VM operation: Cleanup done
Event: 272.585 Executing safepoint VM operation: CollectForMetadataAllocation (Metadata GC Threshold)
Event: 272.605 Executing safepoint VM operation: CollectForMetadataAllocation (Metadata GC Threshold) done
Event: 272.653 Executing safepoint VM operation: G1PauseRemark

Memory protections (0 events):
No events

Nmethod flushes (20 events):
Event: 145.534 Thread 0x00000179694c8540 flushing  nmethod 0x000001794fe8b390
Event: 145.534 Thread 0x00000179694c8540 flushing  nmethod 0x000001794fe8d210
Event: 145.534 Thread 0x00000179694c8540 flushing  nmethod 0x000001794fe8d710
Event: 145.534 Thread 0x00000179694c8540 flushing  nmethod 0x000001794fe90b90
Event: 145.534 Thread 0x00000179694c8540 flushing  nmethod 0x000001794fe92490
Event: 145.534 Thread 0x00000179694c8540 flushing  nmethod 0x000001794fecdf10
Event: 145.534 Thread 0x00000179694c8540 flushing  nmethod 0x000001794fed4290
Event: 145.534 Thread 0x00000179694c8540 flushing  nmethod 0x000001794fed4610
Event: 145.534 Thread 0x00000179694c8540 flushing  nmethod 0x000001794fed5090
Event: 145.534 Thread 0x00000179694c8540 flushing  nmethod 0x000001794fed5990
Event: 145.534 Thread 0x00000179694c8540 flushing  nmethod 0x000001794ff23c90
Event: 145.534 Thread 0x00000179694c8540 flushing  nmethod 0x000001794ff25890
Event: 145.534 Thread 0x00000179694c8540 flushing  nmethod 0x000001794ff4ad10
Event: 145.534 Thread 0x00000179694c8540 flushing  nmethod 0x000001794ff4c110
Event: 145.534 Thread 0x00000179694c8540 flushing  nmethod 0x000001794ff4d290
Event: 145.534 Thread 0x00000179694c8540 flushing  nmethod 0x000001794ff4fa90
Event: 145.534 Thread 0x00000179694c8540 flushing  nmethod 0x000001794ff50690
Event: 145.534 Thread 0x00000179694c8540 flushing  nmethod 0x000001795019ea90
Event: 145.534 Thread 0x00000179694c8540 flushing  nmethod 0x000001795019f590
Event: 145.534 Thread 0x00000179694c8540 flushing  nmethod 0x00000179501a0290

Events (20 events):
Event: 225.129 Thread 0x000001796f1d5cf0 Thread added: 0x00000179712082e0
Event: 225.133 Thread 0x000001796f1d5cf0 Thread added: 0x0000017971209690
Event: 225.135 Thread 0x000001796f1d5cf0 Thread added: 0x0000017971208970
Event: 225.137 Thread 0x000001796f1d5cf0 Thread added: 0x0000017971209d20
Event: 225.139 Thread 0x000001796f1d5cf0 Thread added: 0x000001797120bdf0
Event: 225.140 Thread 0x000001796f1d5cf0 Thread added: 0x0000017970fc6500
Event: 227.007 Thread 0x00000179694f7e50 Thread added: 0x000001797138ffe0
Event: 227.292 Thread 0x000001797138ffe0 Thread exited: 0x000001797138ffe0
Event: 229.980 Thread 0x000001796f1d5cf0 Thread added: 0x0000017970fc6b90
Event: 229.981 Thread 0x000001796f1d5cf0 Thread added: 0x0000017970fc3da0
Event: 229.982 Thread 0x000001796f1d5cf0 Thread added: 0x0000017970fc5e70
Event: 229.983 Thread 0x000001796f1d5cf0 Thread added: 0x0000017970fc3710
Event: 229.984 Thread 0x000001796f1d5cf0 Thread added: 0x0000017970fc7220
Event: 229.984 Thread 0x000001796f1d5cf0 Thread added: 0x0000017970fc78b0
Event: 229.985 Thread 0x000001796f1d5cf0 Thread added: 0x0000017970fc4430
Event: 229.986 Thread 0x000001796f1d5cf0 Thread added: 0x0000017970fc4ac0
Event: 229.986 Thread 0x000001796f1d5cf0 Thread added: 0x0000017970fc7f40
Event: 230.241 Thread 0x000001796f1d5cf0 Thread added: 0x0000017970fc85d0
Event: 230.242 Thread 0x000001796f1d5cf0 Thread added: 0x0000017970fc5150
Event: 252.493 Thread 0x000001796f1d5cf0 Thread added: 0x0000017970fc8c60


Dynamic libraries:
0x00007ff783640000 - 0x00007ff78364e000 	C:\Users\nimes\.vscode\extensions\redhat.java-1.56.0-win32-x64\jre\21.0.12.1-win32-x86_64\bin\java.exe
0x00007ffa22c20000 - 0x00007ffa22e86000 	C:\WINDOWS\SYSTEM32\ntdll.dll
0x00007ffa21030000 - 0x00007ffa210f9000 	C:\WINDOWS\System32\KERNEL32.DLL
0x00007ffa202f0000 - 0x00007ffa206f0000 	C:\WINDOWS\System32\KERNELBASE.dll
0x00007ffa20700000 - 0x00007ffa2084c000 	C:\WINDOWS\System32\ucrtbase.dll
0x00007ffa14050000 - 0x00007ffa14068000 	C:\Users\nimes\.vscode\extensions\redhat.java-1.56.0-win32-x64\jre\21.0.12.1-win32-x86_64\bin\jli.dll
0x00007ffa20db0000 - 0x00007ffa20f77000 	C:\WINDOWS\System32\USER32.dll
0x00007ffa20860000 - 0x00007ffa20887000 	C:\WINDOWS\System32\win32u.dll
0x00007ffa04bf0000 - 0x00007ffa04c0e000 	C:\Users\nimes\.vscode\extensions\redhat.java-1.56.0-win32-x64\jre\21.0.12.1-win32-x86_64\bin\VCRUNTIME140.dll
0x00007ffa20ab0000 - 0x00007ffa20adb000 	C:\WINDOWS\System32\GDI32.dll
0x00007ffa1fe40000 - 0x00007ffa1ff69000 	C:\WINDOWS\System32\gdi32full.dll
0x00007ff9f4a50000 - 0x00007ff9f4ce2000 	C:\WINDOWS\WinSxS\amd64_microsoft.windows.common-controls_6595b64144ccf1df_6.0.26100.8737_none_3e092eaee333b772\COMCTL32.dll
0x00007ffa20f80000 - 0x00007ffa21029000 	C:\WINDOWS\System32\msvcrt.dll
0x00007ffa20000000 - 0x00007ffa200a3000 	C:\WINDOWS\System32\msvcp_win.dll
0x00007ffa20b90000 - 0x00007ffa20bc2000 	C:\WINDOWS\System32\IMM32.DLL
0x00007ffa14610000 - 0x00007ffa1461c000 	C:\Users\nimes\.vscode\extensions\redhat.java-1.56.0-win32-x64\jre\21.0.12.1-win32-x86_64\bin\vcruntime140_1.dll
0x00007ff98c430000 - 0x00007ff98c4bd000 	C:\Users\nimes\.vscode\extensions\redhat.java-1.56.0-win32-x64\jre\21.0.12.1-win32-x86_64\bin\msvcp140.dll
0x00007ff988eb0000 - 0x00007ff989c52000 	C:\Users\nimes\.vscode\extensions\redhat.java-1.56.0-win32-x64\jre\21.0.12.1-win32-x86_64\bin\server\jvm.dll
0x00007ffa20960000 - 0x00007ffa20a17000 	C:\WINDOWS\System32\ADVAPI32.dll
0x00007ffa21e90000 - 0x00007ffa21f3a000 	C:\WINDOWS\System32\sechost.dll
0x00007ffa21330000 - 0x00007ffa21448000 	C:\WINDOWS\System32\RPCRT4.dll
0x00007ffa212a0000 - 0x00007ffa21320000 	C:\WINDOWS\System32\WS2_32.dll
0x00007ffa1fcc0000 - 0x00007ffa1fd1e000 	C:\WINDOWS\SYSTEM32\POWRPROF.dll
0x00007ffa0f020000 - 0x00007ffa0f056000 	C:\WINDOWS\SYSTEM32\WINMM.dll
0x00007ffa132c0000 - 0x00007ffa132cb000 	C:\WINDOWS\SYSTEM32\VERSION.dll
0x00007ffa1fca0000 - 0x00007ffa1fcb4000 	C:\WINDOWS\SYSTEM32\UMPDC.dll
0x00007ffa1eae0000 - 0x00007ffa1eafb000 	C:\WINDOWS\SYSTEM32\kernel.appcore.dll
0x00007ffa14300000 - 0x00007ffa1430a000 	C:\Users\nimes\.vscode\extensions\redhat.java-1.56.0-win32-x64\jre\21.0.12.1-win32-x86_64\bin\jimage.dll
0x00007ffa1d4b0000 - 0x00007ffa1d6f2000 	C:\WINDOWS\SYSTEM32\DBGHELP.DLL
0x00007ffa215e0000 - 0x00007ffa21963000 	C:\WINDOWS\System32\combase.dll
0x00007ffa21970000 - 0x00007ffa21a49000 	C:\WINDOWS\System32\OLEAUT32.dll
0x00007ff9fc5b0000 - 0x00007ff9fc5eb000 	C:\WINDOWS\SYSTEM32\dbgcore.DLL
0x00007ffa20230000 - 0x00007ffa202dc000 	C:\WINDOWS\System32\bcryptPrimitives.dll
0x00007ffa140e0000 - 0x00007ffa140ef000 	C:\Users\nimes\.vscode\extensions\redhat.java-1.56.0-win32-x64\jre\21.0.12.1-win32-x86_64\bin\instrument.dll
0x00007ff9e97e0000 - 0x00007ff9e9800000 	C:\Users\nimes\.vscode\extensions\redhat.java-1.56.0-win32-x64\jre\21.0.12.1-win32-x86_64\bin\java.dll
0x00007ffa22440000 - 0x00007ffa22bd2000 	C:\WINDOWS\System32\SHELL32.dll
0x00007ffa1d780000 - 0x00007ffa1e012000 	C:\WINDOWS\SYSTEM32\windows.storage.dll
0x00007ffa21d90000 - 0x00007ffa21e87000 	C:\WINDOWS\System32\SHCORE.dll
0x00007ffa21f40000 - 0x00007ffa21fa7000 	C:\WINDOWS\System32\shlwapi.dll
0x00007ffa1fd30000 - 0x00007ffa1fd59000 	C:\WINDOWS\SYSTEM32\profapi.dll
0x00007ff9c6ff0000 - 0x00007ff9c7008000 	C:\Users\nimes\.vscode\extensions\redhat.java-1.56.0-win32-x64\jre\21.0.12.1-win32-x86_64\bin\zip.dll
0x00007ffa141a0000 - 0x00007ffa141b0000 	C:\Users\nimes\.vscode\extensions\redhat.java-1.56.0-win32-x64\jre\21.0.12.1-win32-x86_64\bin\net.dll
0x00007ffa14fe0000 - 0x00007ffa15109000 	C:\WINDOWS\SYSTEM32\WINHTTP.dll
0x00007ffa1f070000 - 0x00007ffa1f0dc000 	C:\WINDOWS\system32\mswsock.dll
0x00007ff9c5db0000 - 0x00007ff9c5dc6000 	C:\Users\nimes\.vscode\extensions\redhat.java-1.56.0-win32-x64\jre\21.0.12.1-win32-x86_64\bin\nio.dll
0x00007ffa13bc0000 - 0x00007ffa13bd0000 	C:\Users\nimes\.vscode\extensions\redhat.java-1.56.0-win32-x64\jre\21.0.12.1-win32-x86_64\bin\verify.dll
0x00007ff9e9bc0000 - 0x00007ff9e9be7000 	C:\Users\nimes\.gradle\native\1def1411415f61bf3af743bc5b6707747c0891f09f0c88961ee8f79bc544acac\windows-amd64\native-platform.dll
0x00007ff988c90000 - 0x00007ff988d08000 	C:\Users\nimes\.gradle\native\0.2.7\x86_64-windows-gnu\gradle-fileevents.dll
0x00007ffa04e20000 - 0x00007ffa04e2a000 	C:\Users\nimes\.vscode\extensions\redhat.java-1.56.0-win32-x64\jre\21.0.12.1-win32-x86_64\bin\management.dll
0x00007ffa04a60000 - 0x00007ffa04a6c000 	C:\Users\nimes\.vscode\extensions\redhat.java-1.56.0-win32-x64\jre\21.0.12.1-win32-x86_64\bin\management_ext.dll
0x00007ffa21270000 - 0x00007ffa21278000 	C:\WINDOWS\System32\PSAPI.DLL
0x00007ffa1e430000 - 0x00007ffa1e463000 	C:\WINDOWS\SYSTEM32\IPHLPAPI.DLL
0x00007ffa20950000 - 0x00007ffa2095a000 	C:\WINDOWS\System32\NSI.dll
0x00007ff9f2a80000 - 0x00007ff9f2a89000 	C:\Users\nimes\.vscode\extensions\redhat.java-1.56.0-win32-x64\jre\21.0.12.1-win32-x86_64\bin\extnet.dll
0x00007ffa1f530000 - 0x00007ffa1f54b000 	C:\WINDOWS\SYSTEM32\CRYPTSP.dll
0x00007ffa1ea40000 - 0x00007ffa1ea79000 	C:\WINDOWS\system32\rsaenh.dll
0x00007ffa1f130000 - 0x00007ffa1f162000 	C:\WINDOWS\SYSTEM32\USERENV.dll
0x00007ffa1fd60000 - 0x00007ffa1fd8a000 	C:\WINDOWS\SYSTEM32\bcrypt.dll
0x00007ffa1f2e0000 - 0x00007ffa1f2ec000 	C:\WINDOWS\SYSTEM32\CRYPTBASE.dll
0x00007ff9f2550000 - 0x00007ff9f255e000 	C:\Users\nimes\.vscode\extensions\redhat.java-1.56.0-win32-x64\jre\21.0.12.1-win32-x86_64\bin\sunmscapi.dll
0x00007ffa200b0000 - 0x00007ffa20228000 	C:\WINDOWS\System32\CRYPT32.dll
0x00007ffa1f4e0000 - 0x00007ffa1f510000 	C:\WINDOWS\SYSTEM32\ncrypt.dll
0x00007ffa1f490000 - 0x00007ffa1f4cf000 	C:\WINDOWS\SYSTEM32\NTASN1.dll
0x00007ff9ee9b0000 - 0x00007ff9ee9b8000 	C:\WINDOWS\system32\wshunix.dll

JVMTI agents:
C:\Users\nimes\.gradle\wrapper\dists\gradle-8.14-all\c2qonpi39x1mddn7hk5gh9iqj\gradle-8.14\lib\agents\gradle-instrumentation-agent-8.14.jar path:C:\Users\nimes\.vscode\extensions\redhat.java-1.56.0-win32-x64\jre\21.0.12.1-win32-x86_64\bin\instrument.dll, loaded, initialized, instrumentlib options:none

dbghelp: loaded successfully - version: 4.0.5 - missing functions: none
symbol engine: initialized successfully - sym options: 0x614 - pdb path: .;C:\Users\nimes\.vscode\extensions\redhat.java-1.56.0-win32-x64\jre\21.0.12.1-win32-x86_64\bin;C:\WINDOWS\SYSTEM32;C:\WINDOWS\WinSxS\amd64_microsoft.windows.common-controls_6595b64144ccf1df_6.0.26100.8737_none_3e092eaee333b772;C:\Users\nimes\.vscode\extensions\redhat.java-1.56.0-win32-x64\jre\21.0.12.1-win32-x86_64\bin\server;C:\Users\nimes\.gradle\native\1def1411415f61bf3af743bc5b6707747c0891f09f0c88961ee8f79bc544acac\windows-amd64;C:\Users\nimes\.gradle\native\0.2.7\x86_64-windows-gnu

VM Arguments:
jvm_args: --add-opens=java.base/java.lang=ALL-UNNAMED --add-opens=java.base/java.lang.invoke=ALL-UNNAMED --add-opens=java.base/java.util=ALL-UNNAMED --add-opens=java.prefs/java.util.prefs=ALL-UNNAMED --add-exports=jdk.compiler/com.sun.tools.javac.api=ALL-UNNAMED --add-exports=jdk.compiler/com.sun.tools.javac.util=ALL-UNNAMED --add-opens=java.base/java.util=ALL-UNNAMED --add-opens=java.prefs/java.util.prefs=ALL-UNNAMED --add-opens=java.base/java.nio.charset=ALL-UNNAMED --add-opens=java.base/java.net=ALL-UNNAMED --add-opens=java.base/java.util.concurrent.atomic=ALL-UNNAMED --add-opens=java.xml/javax.xml.namespace=ALL-UNNAMED -XX:MaxMetaspaceSize=1G -Xmx6G -Dfile.encoding=UTF-8 -Duser.country=US -Duser.language=en -Duser.variant -javaagent:C:\Users\nimes\.gradle\wrapper\dists\gradle-8.14-all\c2qonpi39x1mddn7hk5gh9iqj\gradle-8.14\lib\agents\gradle-instrumentation-agent-8.14.jar 
java_command: org.gradle.launcher.daemon.bootstrap.GradleDaemon 8.14
java_class_path (initial): C:\Users\nimes\.gradle\wrapper\dists\gradle-8.14-all\c2qonpi39x1mddn7hk5gh9iqj\gradle-8.14\lib\gradle-daemon-main-8.14.jar
Launcher Type: SUN_STANDARD

[Global flags]
     intx CICompilerCount                          = 4                                         {product} {ergonomic}
   size_t CompressedClassSpaceSize                 = 872415232                                 {product} {ergonomic}
     uint ConcGCThreads                            = 3                                         {product} {ergonomic}
     uint G1ConcRefinementThreads                  = 10                                        {product} {ergonomic}
   size_t G1HeapRegionSize                         = 4194304                                   {product} {ergonomic}
    uintx GCDrainStackTargetSize                   = 64                                        {product} {ergonomic}
   size_t InitialHeapSize                          = 264241152                                 {product} {ergonomic}
   size_t MarkStackSize                            = 4194304                                   {product} {ergonomic}
   size_t MaxHeapSize                              = 6442450944                                {product} {command line}
   size_t MaxMetaspaceSize                         = 1073741824                                {product} {command line}
   size_t MaxNewSize                               = 3862953984                                {product} {ergonomic}
   size_t MinHeapDeltaBytes                        = 4194304                                   {product} {ergonomic}
   size_t MinHeapSize                              = 8388608                                   {product} {ergonomic}
    uintx NonNMethodCodeHeapSize                   = 5839372                                {pd product} {ergonomic}
    uintx NonProfiledCodeHeapSize                  = 122909434                              {pd product} {ergonomic}
    uintx ProfiledCodeHeapSize                     = 122909434                              {pd product} {ergonomic}
    uintx ReservedCodeCacheSize                    = 251658240                              {pd product} {ergonomic}
     bool SegmentedCodeCache                       = true                                      {product} {ergonomic}
   size_t SoftMaxHeapSize                          = 6442450944                             {manageable} {ergonomic}
     bool UseCompressedOops                        = true                           {product lp64_product} {ergonomic}
     bool UseG1GC                                  = true                                      {product} {ergonomic}
     bool UseLargePagesIndividualAllocation        = false                                  {pd product} {ergonomic}

Logging:
Log output configuration:
 #0: stdout all=warning uptime,level,tags foldmultilines=false
 #1: stderr all=off uptime,level,tags foldmultilines=false

Release file:
JAVA_VERSION="21.0.12.1" 
MODULES="java.base java.compiler java.datatransfer java.xml java.prefs java.desktop java.instrument java.logging java.management java.security.sasl java.naming java.rmi java.management.rmi java.net.http java.scripting java.security.jgss java.transaction.xa java.sql java.sql.rowset java.xml.crypto java.se java.smartcardio jdk.accessibility jdk.internal.jvmstat jdk.attach jdk.charsets jdk.internal.opt jdk.zipfs jdk.compiler jdk.crypto.ec jdk.crypto.cryptoki jdk.crypto.mscapi jdk.dynalink jdk.internal.ed jdk.editpad jdk.hotspot.agent jdk.httpserver jdk.internal.le jdk.internal.vm.ci jdk.internal.vm.compiler jdk.internal.vm.compiler.management jdk.jartool jdk.javadoc jdk.jcmd jdk.management jdk.management.agent jdk.jconsole jdk.jdeps jdk.jdwp.agent jdk.jdi jdk.jfr jdk.jshell jdk.jsobject jdk.jstatd jdk.localedata jdk.management.jfr jdk.naming.dns jdk.naming.rmi jdk.net jdk.nio.mapmode jdk.random jdk.sctp jdk.security.auth jdk.security.jgss jdk.unsupported jdk.unsupported.desktop jdk.xml.dom" 

Environment Variables:
JAVA_HOME=C:\Program Files\Eclipse Adoptium\jdk-21.0.11.10-hotspot
PATH=C:\Program Files\Eclipse Adoptium\jdk-21.0.11.10-hotspot\bin;C:\Program Files\Common Files\Oracle\Java\javapath;C:\Python313\Scripts\;C:\Python313\;C:\Windows\system32;C:\Windows;C:\Windows\System32\Wbem;C:\Windows\System32\WindowsPowerShell\v1.0\;C:\Windows\System32\OpenSSH\;C:\Program Files (x86)\NVIDIA Corporation\PhysX\Common;C:\Program Files\Microsoft SQL Server\Client SDK\ODBC\110\Tools\Binn\;C:\Program Files (x86)\Microsoft SQL Server\120\Tools\Binn\;C:\Program Files\Microsoft SQL Server\120\Tools\Binn\;C:\Program Files\Microsoft SQL Server\120\DTS\Binn\;C:\Program Files (x86)\Windows Kits\8.1\Windows Performance Toolkit\;C:\Program Files\dotnet\;C:\Program Files\nodejs\;C:\Program Files\Git\cmd;C:\Users\nimes\AppData\Local\Pub\Cache\bin;C:\WINDOWS\system32;C:\WINDOWS;C:\WINDOWS\System32\Wbem;C:\WINDOWS\System32\WindowsPowerShell\v1.0\;C:\WINDOWS\System32\OpenSSH\;C:\Program Files\Apache\Maven\apache-maven-3.9.11\bin;C:\Program Files\MySQL\MySQL Server 8.0\bin;C:\Program Files\MySQL\MySQL Server 8.0\bin;D:\Sonar\sonar-scanner-7.2.0.5079-linux-x64;C:\Users\nimes\sonar-scanner-7.2.0.5079-linux-x64;C:\Program Files\PuTTY\;C:\Program Files\Microchip\xc8\v2.36\bin;C:\Program Files\Go\bin;C:\Program Files\Eclipse Adoptium\jdk-21\bin;c:\Users\nimes\AppData\Roaming\Code\User\globalStorage\github.copilot-chat\debugCommand;c:\Users\nimes\AppData\Roaming\Code\User\globalStorage\github.copilot-chat\copilotCli;C:\flutter\bin\;C:\Program Files\Eclipse Adoptium\jdk-21.0.11.10-hotspot\bin;C:\Program Files\Common Files\Oracle\Java\javapath;C:\Python313\Scripts\;C:\Python313\;C:\Windows\system32;C:\Windows;C:\Windows\System32\Wbem;C:\Windows\System32\WindowsPowerShell\v1.0\;C:\Windows\System32\OpenSSH\;C:\Program Files (x86)\NVIDIA Corporation\PhysX\Common;C:\Program Files\Microsoft SQL Server\Client SDK\ODBC\110\Tools\Binn\;C:\Program Files (x86)\Microsoft SQL Server\120\Tools\Binn\;C:\Program Files\Microsoft SQL Server\120\Tools\Binn\;C:\Program Files\Microsoft SQL Server\120\DTS\Binn\;C:\Program Files (x86)\Windows Kits\8.1\Windows Performance Toolkit\;C:\Program Files\dotnet\;C:\Program Files\nodejs\;C:\Program Files\Git\cmd;C:\Users\nimes\AppData\Local\Pub\Cache\bin;C:\WINDOWS\system32;C:\WINDOWS;C:\WINDOWS\System32\Wbem;C:\WINDOWS\System32\WindowsPowerShell\v1.0\;C:\WINDOWS\System32\OpenSSH\;C:\Program Files\Apache\Maven\apache-maven-3.9.11\bin;C:\Program Files\MySQL\MySQL Server 8.0\bin;C:\Program Files\MySQL\MySQL Server 8.0\bin;D:\Sonar\sonar-scanner-7.2.0.5079-linux-x64;C:\Users\nimes\sonar-scanner-7.2.0.5079-linux-x64;C:\Program Files\PuTTY\;C:\Program Files\Microchip\xc8\v2.36\bin;C:\Program Files\Go\bin;C:\Program Files\Eclipse Adoptium\jdk-21\bin;C:\Program Files\MySQL\MySQL Shell 8.0\bin\;C:\Users\nimes\AppData\Local\Programs\Python\Launcher\;C:\Users\nimes\Desktop\Semester 3\Data Structures\Project;C:\Users\nimes\AppData\Local\Microsoft\WindowsApps;C:\Users\nimes\AppData\Local\Programs\Microsoft VS Code\bin;C:\Users\nimes\.dotnet\tools;C:\Users\nimes\AppData\Roaming\npm;C:\Users\nimes\AppData\Local\GitHubDesktop\bin;C:\flutter\bin;C:\Users\YourUsername\AppData\Local\Programs\Python\C:\Users\YourUsername\AppData\Local\Programs\Python\Python 3.12\\;C:\Users\nimes\AppData\Local\Pub\Cache\binv;C:\MinGW\bin;C:\Users\nimes\go\bin;C:\Users\nimes\AppData\Local\Programs\Antigravity IDE\bin;C:\Program Files\Eclipse Adoptium\jdk-21.0.11.10-hotspot\bin;c:\Users\nimes\.vscode\extensions\vscjava.vscode-java-debug-0.59.0\bundled\scripts\noConfigScripts;C:\Program Files\PostgreSQL\18\\bin
USERNAME=nimes
OS=Windows_NT
PROCESSOR_IDENTIFIER=Intel64 Family 6 Model 154 Stepping 4, GenuineIntel
TMP=C:\Users\nimes\AppData\Local\Temp
TEMP=C:\Users\nimes\AppData\Local\Temp




Periodic native trim disabled

---------------  S Y S T E M  ---------------

OS:
 Windows 11 , 64 bit Build 26100 (10.0.26100.8737)
OS uptime: 2 days 4:52 hours
Hyper-V role detected

CPU: total 12 (initial active 12) (6 cores per cpu, 2 threads per core) family 6 model 154 stepping 4 microcode 0x423, cx8, cmov, fxsr, ht, mmx, 3dnowpref, sse, sse2, sse3, ssse3, sse4.1, sse4.2, popcnt, lzcnt, tsc, tscinvbit, avx, avx2, aes, erms, clmul, bmi1, bmi2, adx, sha, fma, vzeroupper, clflush, clflushopt, clwb, hv, serialize, rdtscp, rdpid, fsrm, f16c, cet_ibt, cet_ss
Processor Information for processor 0
  Max Mhz: 1300, Current Mhz: 1300, Mhz Limit: 1300
Processor Information for processor 1
  Max Mhz: 1300, Current Mhz: 1300, Mhz Limit: 1300
Processor Information for processor 2
  Max Mhz: 1300, Current Mhz: 1300, Mhz Limit: 1300
Processor Information for processor 3
  Max Mhz: 1300, Current Mhz: 1300, Mhz Limit: 1300
Processor Information for processor 4
  Max Mhz: 1300, Current Mhz: 900, Mhz Limit: 897
Processor Information for processor 5
  Max Mhz: 1300, Current Mhz: 900, Mhz Limit: 897
Processor Information for processor 6
  Max Mhz: 1300, Current Mhz: 900, Mhz Limit: 897
Processor Information for processor 7
  Max Mhz: 1300, Current Mhz: 900, Mhz Limit: 897
Processor Information for processor 8
  Max Mhz: 1300, Current Mhz: 900, Mhz Limit: 897
Processor Information for processor 9
  Max Mhz: 1300, Current Mhz: 900, Mhz Limit: 897
Processor Information for processor 10
  Max Mhz: 1300, Current Mhz: 900, Mhz Limit: 897
Processor Information for processor 11
  Max Mhz: 1300, Current Mhz: 900, Mhz Limit: 897

Memory: 4k page, system-wide physical 16088M (616M free)
TotalPageFile size 37035M (AvailPageFile size 445M)
current process WorkingSet (physical memory assigned to process): 247M, peak: 278M
current process commit charge ("private bytes"): 341M, peak: 415M

vm_info: OpenJDK 64-Bit Server VM (21.0.12.1+1-LTS) for windows-amd64 JRE (21.0.12.1+1-LTS), built on 2026-08-18T00:00:00Z by "admin" with MS VC++ 17.12 (VS2022)

END.
