#
# There is insufficient memory for the Java Runtime Environment to continue.
# Native memory allocation (mmap) failed to map 65536 bytes. Error detail: Failed to commit metaspace.
# Possible reasons:
#   The system is out of physical RAM or swap space
#   This process is running with CompressedOops enabled, and the Java Heap may be blocking the growth of the native heap
# Possible solutions:
#   Reduce memory load on the system
#   Increase physical memory or swap space
#   Check if swap backing store is full
#   Decrease Java heap size (-Xmx/-Xms)
#   Decrease number of Java threads
#   Decrease Java thread stack sizes (-Xss)
#   Set larger code cache with -XX:ReservedCodeCacheSize=
#   JVM is running with Zero Based Compressed Oops mode in which the Java heap is
#     placed in the first 32GB address space. The Java Heap base address is the
#     maximum limit for the native heap growth. Please use -XX:HeapBaseMinAddress
#     to set the Java Heap base and to place the Java Heap above 32GB virtual address.
# This output file may be truncated or incomplete.
#
#  Out of Memory Error (virtualSpaceNode.cpp:113), pid=29608, tid=27312
#
# JRE version: OpenJDK Runtime Environment Temurin-21.0.12.1+1 (21.0.12.1+1) (build 21.0.12.1+1-LTS)
# Java VM: OpenJDK 64-Bit Server VM Temurin-21.0.12.1+1 (21.0.12.1+1-LTS, mixed mode, sharing, tiered, compressed oops, compressed class ptrs, g1 gc, windows-amd64)
# No core dump will be written. Minidumps are not enabled by default on client versions of Windows
#

---------------  S U M M A R Y ------------

Command Line: --add-opens=java.base/java.lang=ALL-UNNAMED --add-opens=java.base/java.lang.invoke=ALL-UNNAMED --add-opens=java.base/java.util=ALL-UNNAMED --add-opens=java.prefs/java.util.prefs=ALL-UNNAMED --add-exports=jdk.compiler/com.sun.tools.javac.api=ALL-UNNAMED --add-exports=jdk.compiler/com.sun.tools.javac.util=ALL-UNNAMED --add-opens=java.base/java.util=ALL-UNNAMED --add-opens=java.prefs/java.util.prefs=ALL-UNNAMED --add-opens=java.base/java.nio.charset=ALL-UNNAMED --add-opens=java.base/java.net=ALL-UNNAMED --add-opens=java.base/java.util.concurrent.atomic=ALL-UNNAMED --add-opens=java.xml/javax.xml.namespace=ALL-UNNAMED -XX:MaxMetaspaceSize=1G -Xmx6G -Dfile.encoding=UTF-8 -Duser.country=US -Duser.language=en -Duser.variant -javaagent:C:\Users\nimes\.gradle\wrapper\dists\gradle-8.14-all\c2qonpi39x1mddn7hk5gh9iqj\gradle-8.14\lib\agents\gradle-instrumentation-agent-8.14.jar org.gradle.launcher.daemon.bootstrap.GradleDaemon 8.14

Host: 12th Gen Intel(R) Core(TM) i5-1235U, 12 cores, 15G,  Windows 11 , 64 bit Build 26100 (10.0.26100.8737)
Time: Sun Sep 27 20:57:18 2026 Sri Lanka Standard Time elapsed time: 68.388810 seconds (0d 0h 1m 8s)

---------------  T H R E A D  ---------------

Current thread (0x0000015dfc7366c0):  JavaThread "Daemon worker"        [_thread_in_vm, id=27312, stack(0x0000002ca6300000,0x0000002ca6400000) (1024K)]

Stack: [0x0000002ca6300000,0x0000002ca6400000]
Native frames: (J=compiled Java code, j=interpreted, Vv=VM code, C=native code)
V  [jvm.dll+0x6d83e9]
V  [jvm.dll+0x8b5736]
V  [jvm.dll+0x8b7cee]
V  [jvm.dll+0x8b83d3]
V  [jvm.dll+0x284596]
V  [jvm.dll+0x8b147e]
V  [jvm.dll+0x679ad4]
V  [jvm.dll+0x679b3a]
V  [jvm.dll+0x67c336]
V  [jvm.dll+0x67c202]
V  [jvm.dll+0x67a4ae]
V  [jvm.dll+0x26e440]
V  [jvm.dll+0x684715]
V  [jvm.dll+0x21973e]
V  [jvm.dll+0x219be5]
V  [jvm.dll+0x21a5d8]
V  [jvm.dll+0x20f80e]
V  [jvm.dll+0x5b6a7f]
V  [jvm.dll+0x2218ae]
V  [jvm.dll+0x82ec5d]
V  [jvm.dll+0x82fc8b]
V  [jvm.dll+0x830254]
V  [jvm.dll+0x48017b]
C  [java.dll+0x1a2d]

Java frames: (J=compiled Java code, j=interpreted, Vv=VM code)
J 805  java.lang.ClassLoader.findBootstrapClass(Ljava/lang/String;)Ljava/lang/Class; java.base@21.0.12.1 (0 bytes) @ 0x0000015daf990c2a [0x0000015daf990bc0+0x000000000000006a]
J 2874 c2 java.lang.ClassLoader.loadClass(Ljava/lang/String;Z)Ljava/lang/Class; java.base@21.0.12.1 (121 bytes) @ 0x0000015dafa9dbf8 [0x0000015dafa9c860+0x0000000000001398]
J 3680 c2 java.lang.ClassLoader.loadClass(Ljava/lang/String;)Ljava/lang/Class; java.base@21.0.12.1 (7 bytes) @ 0x0000015dafb5bfec [0x0000015dafb5bfa0+0x000000000000004c]
v  ~StubRoutines::call_stub 0x0000015daf3a100d
j  com.google.common.collect.CollectSpliterators.indexed(IILjava/util/function/IntFunction;Ljava/util/Comparator;)Ljava/util/Spliterator;+24
j  com.google.common.collect.CollectSpliterators.indexed(IILjava/util/function/IntFunction;)Ljava/util/Spliterator;+4
j  com.google.common.collect.ImmutableSortedMap$1EntrySet$1.spliterator()Ljava/util/Spliterator;+13
j  com.google.common.collect.ImmutableSortedMap$1EntrySet.spliterator()Ljava/util/Spliterator;+4
J 2729 c1 java.util.Collection.stream()Ljava/util/stream/Stream; java.base@21.0.12.1 (11 bytes) @ 0x0000015da83aa6c4 [0x0000015da83aa5c0+0x0000000000000104]
j  org.gradle.internal.execution.steps.AssignImmutableWorkspaceStep.calculateOutputHashes(Lcom/google/common/collect/ImmutableSortedMap;)Lcom/google/common/collect/ImmutableListMultimap;+4
j  org.gradle.internal.execution.steps.AssignImmutableWorkspaceStep.loadImmutableWorkspaceIfConsistent(Lorg/gradle/internal/execution/UnitOfWork;Lorg/gradle/internal/execution/workspace/ImmutableWorkspaceProvider$ImmutableWorkspace;)Ljava/util/Optional;+22
j  org.gradle.internal.execution.steps.AssignImmutableWorkspaceStep.loadImmutableWorkspaceIfExists(Lorg/gradle/internal/execution/UnitOfWork;Lorg/gradle/internal/execution/workspace/ImmutableWorkspaceProvider$ImmutableWorkspace;)Ljava/util/Optional;+67
j  org.gradle.internal.execution.steps.AssignImmutableWorkspaceStep.execute(Lorg/gradle/internal/execution/UnitOfWork;Lorg/gradle/internal/execution/steps/IdentityContext;)Lorg/gradle/internal/execution/steps/WorkspaceResult;+35
j  org.gradle.internal.execution.steps.AssignImmutableWorkspaceStep.execute(Lorg/gradle/internal/execution/UnitOfWork;Lorg/gradle/internal/execution/steps/Context;)Lorg/gradle/internal/execution/steps/Result;+6
j  org.gradle.internal.execution.steps.ChoosePipelineStep.execute(Lorg/gradle/internal/execution/UnitOfWork;Lorg/gradle/internal/execution/steps/IdentityContext;)Lorg/gradle/internal/execution/steps/Result;+13
j  org.gradle.internal.execution.steps.ChoosePipelineStep.execute(Lorg/gradle/internal/execution/UnitOfWork;Lorg/gradle/internal/execution/steps/Context;)Lorg/gradle/internal/execution/steps/Result;+6
j  org.gradle.internal.execution.steps.ExecuteWorkBuildOperationFiringStep.lambda$execute$2(Lorg/gradle/internal/execution/UnitOfWork;Lorg/gradle/internal/execution/steps/IdentityContext;)Lorg/gradle/internal/execution/steps/CachingResult;+6
j  org.gradle.internal.execution.steps.ExecuteWorkBuildOperationFiringStep$$Lambda+0x0000015dc345e398.get()Ljava/lang/Object;+12
j  java.util.Optional.orElseGet(Ljava/util/function/Supplier;)Ljava/lang/Object;+15 java.base@21.0.12.1
j  org.gradle.internal.execution.steps.ExecuteWorkBuildOperationFiringStep.execute(Lorg/gradle/internal/execution/UnitOfWork;Lorg/gradle/internal/execution/steps/IdentityContext;)Lorg/gradle/internal/execution/steps/CachingResult;+25
j  org.gradle.internal.execution.steps.ExecuteWorkBuildOperationFiringStep.execute(Lorg/gradle/internal/execution/UnitOfWork;Lorg/gradle/internal/execution/steps/Context;)Lorg/gradle/internal/execution/steps/Result;+6
j  org.gradle.internal.execution.steps.IdentityCacheStep.execute(Lorg/gradle/internal/execution/UnitOfWork;Lorg/gradle/internal/execution/steps/IdentityContext;)Lorg/gradle/internal/execution/steps/WorkspaceResult;+6
j  org.gradle.internal.execution.steps.IdentityCacheStep.execute(Lorg/gradle/internal/execution/UnitOfWork;Lorg/gradle/internal/execution/steps/Context;)Lorg/gradle/internal/execution/steps/Result;+6
j  org.gradle.internal.execution.steps.IdentifyStep.execute(Lorg/gradle/internal/execution/UnitOfWork;Lorg/gradle/internal/execution/steps/ExecutionRequestContext;)Lorg/gradle/internal/execution/steps/Result;+11
j  org.gradle.internal.execution.steps.IdentifyStep.execute(Lorg/gradle/internal/execution/UnitOfWork;Lorg/gradle/internal/execution/steps/Context;)Lorg/gradle/internal/execution/steps/Result;+6
j  org.gradle.internal.execution.impl.DefaultExecutionEngine$1.execute()Lorg/gradle/internal/execution/ExecutionEngine$Result;+15
j  org.gradle.groovy.scripts.internal.GroovyScriptClassCompiler.doCompile(Ljava/lang/Object;Ljava/lang/String;Lorg/gradle/internal/hash/HashCode;Lorg/gradle/groovy/scripts/internal/RemappingScriptSource;Ljava/lang/ClassLoader;Lorg/gradle/groovy/scripts/internal/CompileOperation;Lorg/gradle/api/Action;Ljava/lang/Class;)Lorg/gradle/groovy/scripts/internal/GroovyScriptClassCompiler$GroovyScriptCompilationAndInstrumentation$GroovyScriptCompilationOutput;+65
j  org.gradle.groovy.scripts.internal.GroovyScriptClassCompiler.compile(Lorg/gradle/groovy/scripts/ScriptSource;Ljava/lang/Class;Ljava/lang/Object;Lorg/gradle/api/internal/initialization/ClassLoaderScope;Lorg/gradle/groovy/scripts/internal/CompileOperation;Lorg/gradle/api/Action;)Lorg/gradle/groovy/scripts/internal/CompiledScript;+108
j  org.gradle.groovy.scripts.internal.CrossBuildInMemoryCachingScriptClassCache.getOrCompile(Ljava/lang/Object;Lorg/gradle/groovy/scripts/ScriptSource;Lorg/gradle/api/internal/initialization/ClassLoaderScope;Lorg/gradle/groovy/scripts/internal/CompileOperation;Ljava/lang/Class;Lorg/gradle/api/Action;Lorg/gradle/groovy/scripts/internal/ScriptClassCompiler;)Lorg/gradle/groovy/scripts/internal/CompiledScript;+108
j  org.gradle.groovy.scripts.internal.BuildScopeInMemoryCachingScriptClassCompiler.compile(Lorg/gradle/groovy/scripts/ScriptSource;Ljava/lang/Class;Ljava/lang/Object;Lorg/gradle/api/internal/initialization/ClassLoaderScope;Lorg/gradle/groovy/scripts/internal/CompileOperation;Lorg/gradle/api/Action;)Lorg/gradle/groovy/scripts/internal/CompiledScript;+70
j  org.gradle.groovy.scripts.DefaultScriptCompilerFactory$ScriptCompilerImpl.compile(Ljava/lang/Class;Ljava/lang/Object;Lorg/gradle/api/internal/initialization/ClassLoaderScope;Lorg/gradle/groovy/scripts/internal/CompileOperation;Lorg/gradle/api/Action;)Lorg/gradle/groovy/scripts/ScriptRunner;+18
j  org.gradle.configuration.DefaultScriptPluginFactory$ScriptPluginImpl.apply(Ljava/lang/Object;)V+92
j  org.gradle.configuration.BuildOperationScriptPlugin$1.run(Lorg/gradle/internal/operations/BuildOperationContext;)V+11
j  org.gradle.internal.operations.DefaultBuildOperationRunner$1.execute(Lorg/gradle/internal/operations/RunnableBuildOperation;Lorg/gradle/internal/operations/BuildOperationContext;)V+2
j  org.gradle.internal.operations.DefaultBuildOperationRunner$1.execute(Lorg/gradle/internal/operations/BuildOperation;Lorg/gradle/internal/operations/BuildOperationContext;)V+6
j  org.gradle.internal.operations.DefaultBuildOperationRunner$2.execute(Lorg/gradle/internal/operations/BuildOperationDescriptor;Lorg/gradle/internal/operations/BuildOperationState;Lorg/gradle/internal/operations/BuildOperationState;Lorg/gradle/internal/operations/DefaultBuildOperationRunner$ReadableBuildOperationContext;Lorg/gradle/internal/operations/DefaultBuildOperationRunner$BuildOperationExecutionListener;)Lorg/gradle/internal/operations/BuildOperation;+22
j  org.gradle.internal.operations.DefaultBuildOperationRunner$2.execute(Lorg/gradle/internal/operations/BuildOperationDescriptor;Lorg/gradle/internal/operations/BuildOperationState;Lorg/gradle/internal/operations/BuildOperationState;Lorg/gradle/internal/operations/DefaultBuildOperationRunner$ReadableBuildOperationContext;Lorg/gradle/internal/operations/DefaultBuildOperationRunner$BuildOperationExecutionListener;)Ljava/lang/Object;+8
j  org.gradle.internal.operations.DefaultBuildOperationRunner.execute(Lorg/gradle/internal/operations/BuildOperationDescriptor$Builder;Lorg/gradle/internal/operations/BuildOperationState;Lorg/gradle/internal/operations/DefaultBuildOperationRunner$BuildOperationExecution;)Ljava/lang/Object;+141
j  org.gradle.internal.operations.DefaultBuildOperationRunner.execute(Lorg/gradle/internal/operations/BuildOperation;Lorg/gradle/internal/operations/BuildOperationWorker;Lorg/gradle/internal/operations/BuildOperationState;)V+18
j  org.gradle.internal.operations.DefaultBuildOperationRunner.run(Lorg/gradle/internal/operations/RunnableBuildOperation;)V+9
j  org.gradle.configuration.BuildOperationScriptPlugin.lambda$apply$0(Ljava/lang/Object;Lorg/gradle/internal/code/UserCodeApplicationId;)V+14
j  org.gradle.configuration.BuildOperationScriptPlugin$$Lambda+0x0000015dc3450aa8.execute(Ljava/lang/Object;)V+12
j  org.gradle.internal.code.DefaultUserCodeApplicationContext.apply(Lorg/gradle/internal/code/UserCodeSource;Lorg/gradle/api/Action;)V+37
j  org.gradle.configuration.BuildOperationScriptPlugin.apply(Ljava/lang/Object;)V+71
j  org.gradle.configuration.DefaultInitScriptProcessor.process(Lorg/gradle/groovy/scripts/ScriptSource;Lorg/gradle/api/internal/GradleInternal;)V+123
j  org.gradle.initialization.InitScriptHandler$1.run(Lorg/gradle/internal/operations/BuildOperationContext;)V+66
j  org.gradle.internal.operations.DefaultBuildOperationRunner$1.execute(Lorg/gradle/internal/operations/RunnableBuildOperation;Lorg/gradle/internal/operations/BuildOperationContext;)V+2
j  org.gradle.internal.operations.DefaultBuildOperationRunner$1.execute(Lorg/gradle/internal/operations/BuildOperation;Lorg/gradle/internal/operations/BuildOperationContext;)V+6
j  org.gradle.internal.operations.DefaultBuildOperationRunner$2.execute(Lorg/gradle/internal/operations/BuildOperationDescriptor;Lorg/gradle/internal/operations/BuildOperationState;Lorg/gradle/internal/operations/BuildOperationState;Lorg/gradle/internal/operations/DefaultBuildOperationRunner$ReadableBuildOperationContext;Lorg/gradle/internal/operations/DefaultBuildOperationRunner$BuildOperationExecutionListener;)Lorg/gradle/internal/operations/BuildOperation;+22
j  org.gradle.internal.operations.DefaultBuildOperationRunner$2.execute(Lorg/gradle/internal/operations/BuildOperationDescriptor;Lorg/gradle/internal/operations/BuildOperationState;Lorg/gradle/internal/operations/BuildOperationState;Lorg/gradle/internal/operations/DefaultBuildOperationRunner$ReadableBuildOperationContext;Lorg/gradle/internal/operations/DefaultBuildOperationRunner$BuildOperationExecutionListener;)Ljava/lang/Object;+8
j  org.gradle.internal.operations.DefaultBuildOperationRunner.execute(Lorg/gradle/internal/operations/BuildOperationDescriptor$Builder;Lorg/gradle/internal/operations/BuildOperationState;Lorg/gradle/internal/operations/DefaultBuildOperationRunner$BuildOperationExecution;)Ljava/lang/Object;+141
j  org.gradle.internal.operations.DefaultBuildOperationRunner.execute(Lorg/gradle/internal/operations/BuildOperation;Lorg/gradle/internal/operations/BuildOperationWorker;Lorg/gradle/internal/operations/BuildOperationState;)V+18
j  org.gradle.internal.operations.DefaultBuildOperationRunner.run(Lorg/gradle/internal/operations/RunnableBuildOperation;)V+9
j  org.gradle.initialization.InitScriptHandler.executeScripts(Lorg/gradle/api/internal/GradleInternal;)V+34
j  org.gradle.initialization.InitScriptHandlingSettingsLoader.findAndLoadSettings(Lorg/gradle/api/internal/GradleInternal;)Lorg/gradle/initialization/SettingsState;+5
j  org.gradle.api.internal.initialization.CacheConfigurationsHandlingSettingsLoader.findAndLoadSettings(Lorg/gradle/api/internal/GradleInternal;)Lorg/gradle/initialization/SettingsState;+15
j  org.gradle.initialization.GradlePropertiesHandlingSettingsLoader.findAndLoadSettings(Lorg/gradle/api/internal/GradleInternal;)Lorg/gradle/initialization/SettingsState;+40
j  org.gradle.initialization.DefaultSettingsPreparer.prepareSettings(Lorg/gradle/api/internal/GradleInternal;)V+33
j  org.gradle.initialization.BuildOperationFiringSettingsPreparer$LoadBuild.doLoadBuild()V+11
j  org.gradle.initialization.BuildOperationFiringSettingsPreparer$LoadBuild.run(Lorg/gradle/internal/operations/BuildOperationContext;)V+1
j  org.gradle.internal.operations.DefaultBuildOperationRunner$1.execute(Lorg/gradle/internal/operations/RunnableBuildOperation;Lorg/gradle/internal/operations/BuildOperationContext;)V+2
j  org.gradle.internal.operations.DefaultBuildOperationRunner$1.execute(Lorg/gradle/internal/operations/BuildOperation;Lorg/gradle/internal/operations/BuildOperationContext;)V+6
j  org.gradle.internal.operations.DefaultBuildOperationRunner$2.execute(Lorg/gradle/internal/operations/BuildOperationDescriptor;Lorg/gradle/internal/operations/BuildOperationState;Lorg/gradle/internal/operations/BuildOperationState;Lorg/gradle/internal/operations/DefaultBuildOperationRunner$ReadableBuildOperationContext;Lorg/gradle/internal/operations/DefaultBuildOperationRunner$BuildOperationExecutionListener;)Lorg/gradle/internal/operations/BuildOperation;+22
j  org.gradle.internal.operations.DefaultBuildOperationRunner$2.execute(Lorg/gradle/internal/operations/BuildOperationDescriptor;Lorg/gradle/internal/operations/BuildOperationState;Lorg/gradle/internal/operations/BuildOperationState;Lorg/gradle/internal/operations/DefaultBuildOperationRunner$ReadableBuildOperationContext;Lorg/gradle/internal/operations/DefaultBuildOperationRunner$BuildOperationExecutionListener;)Ljava/lang/Object;+8
j  org.gradle.internal.operations.DefaultBuildOperationRunner.execute(Lorg/gradle/internal/operations/BuildOperationDescriptor$Builder;Lorg/gradle/internal/operations/BuildOperationState;Lorg/gradle/internal/operations/DefaultBuildOperationRunner$BuildOperationExecution;)Ljava/lang/Object;+141
j  org.gradle.internal.operations.DefaultBuildOperationRunner.execute(Lorg/gradle/internal/operations/BuildOperation;Lorg/gradle/internal/operations/BuildOperationWorker;Lorg/gradle/internal/operations/BuildOperationState;)V+18
j  org.gradle.internal.operations.DefaultBuildOperationRunner.run(Lorg/gradle/internal/operations/RunnableBuildOperation;)V+9
j  org.gradle.initialization.BuildOperationFiringSettingsPreparer.prepareSettings(Lorg/gradle/api/internal/GradleInternal;)V+31
j  org.gradle.initialization.VintageBuildModelController.lambda$prepareSettings$1()V+8
j  org.gradle.initialization.VintageBuildModelController$$Lambda+0x0000015dc3422228.run()V+4
j  org.gradle.internal.model.StateTransitionController.lambda$doTransition$14(Ljava/lang/Runnable;)Lorg/gradle/internal/build/ExecutionResult;+1
j  org.gradle.internal.model.StateTransitionController$$Lambda+0x0000015dc3422000.get()Ljava/lang/Object;+4
j  org.gradle.internal.model.StateTransitionController.doTransition(Lorg/gradle/internal/model/StateTransitionController$State;Lorg/gradle/internal/model/StateTransitionController$State;Ljava/util/function/Supplier;)Lorg/gradle/internal/build/ExecutionResult;+24
j  org.gradle.internal.model.StateTransitionController.doTransition(Lorg/gradle/internal/model/StateTransitionController$State;Lorg/gradle/internal/model/StateTransitionController$State;Ljava/lang/Runnable;)V+9
j  org.gradle.internal.model.StateTransitionController.lambda$transitionIfNotPreviously$11(Lorg/gradle/internal/model/StateTransitionController$State;Lorg/gradle/internal/model/StateTransitionController$State;Ljava/lang/Runnable;)V+16
j  org.gradle.internal.model.StateTransitionController$$Lambda+0x0000015dc3422450.run()V+16
j  org.gradle.internal.work.DefaultSynchronizer.withLock(Ljava/lang/Runnable;)V+6
j  org.gradle.internal.model.StateTransitionController.transitionIfNotPreviously(Lorg/gradle/internal/model/StateTransitionController$State;Lorg/gradle/internal/model/StateTransitionController$State;Ljava/lang/Runnable;)V+13
j  org.gradle.initialization.VintageBuildModelController.prepareSettings()V+16
j  org.gradle.initialization.VintageBuildModelController.prepareToScheduleTasks()V+1
j  org.gradle.internal.build.DefaultBuildLifecycleController.lambda$prepareToScheduleTasks$6()V+9
j  org.gradle.internal.build.DefaultBuildLifecycleController$$Lambda+0x0000015dc3427af0.run()V+4
j  org.gradle.internal.model.StateTransitionController.lambda$doTransition$14(Ljava/lang/Runnable;)Lorg/gradle/internal/build/ExecutionResult;+1
j  org.gradle.internal.model.StateTransitionController$$Lambda+0x0000015dc3422000.get()Ljava/lang/Object;+4
j  org.gradle.internal.model.StateTransitionController.doTransition(Lorg/gradle/internal/model/StateTransitionController$State;Lorg/gradle/internal/model/StateTransitionController$State;Ljava/util/function/Supplier;)Lorg/gradle/internal/build/ExecutionResult;+24
j  org.gradle.internal.model.StateTransitionController.doTransition(Lorg/gradle/internal/model/StateTransitionController$State;Lorg/gradle/internal/model/StateTransitionController$State;Ljava/lang/Runnable;)V+9
j  org.gradle.internal.model.StateTransitionController.lambda$maybeTransition$9(Lorg/gradle/internal/model/StateTransitionController$State;Lorg/gradle/internal/model/StateTransitionController$State;Ljava/lang/Runnable;)V+16
j  org.gradle.internal.model.StateTransitionController$$Lambda+0x0000015dc3427d18.run()V+16
j  org.gradle.internal.work.DefaultSynchronizer.withLock(Ljava/lang/Runnable;)V+6
j  org.gradle.internal.model.StateTransitionController.maybeTransition(Lorg/gradle/internal/model/StateTransitionController$State;Lorg/gradle/internal/model/StateTransitionController$State;Ljava/lang/Runnable;)V+13
j  org.gradle.internal.build.DefaultBuildLifecycleController.prepareToScheduleTasks()V+16
j  org.gradle.internal.buildtree.DefaultBuildTreeWorkPreparer.scheduleRequestedTasks(Lorg/gradle/internal/buildtree/BuildTreeWorkGraph;Lorg/gradle/execution/EntryTaskSelector;)Lorg/gradle/internal/buildtree/BuildTreeWorkGraph$FinalizedGraph;+4
j  org.gradle.internal.cc.impl.VintageBuildTreeWorkController$scheduleAndRunRequestedTasks$1.apply(Lorg/gradle/internal/buildtree/BuildTreeWorkGraph;)Lorg/gradle/internal/build/ExecutionResult;+18
j  org.gradle.internal.cc.impl.VintageBuildTreeWorkController$scheduleAndRunRequestedTasks$1.apply(Ljava/lang/Object;)Ljava/lang/Object;+5
j  org.gradle.composite.internal.DefaultIncludedBuildTaskGraph.withNewWorkGraph(Ljava/util/function/Function;)Ljava/lang/Object;+30
j  org.gradle.internal.cc.impl.VintageBuildTreeWorkController.scheduleAndRunRequestedTasks(Lorg/gradle/execution/EntryTaskSelector;)Lorg/gradle/internal/build/ExecutionResult;+16
j  org.gradle.internal.buildtree.DefaultBuildTreeLifecycleController.lambda$scheduleAndRunTasks$1(Lorg/gradle/execution/EntryTaskSelector;)Lorg/gradle/internal/build/ExecutionResult;+5
j  org.gradle.internal.buildtree.DefaultBuildTreeLifecycleController$$Lambda+0x0000015dc3426c50.get()Ljava/lang/Object;+8
j  org.gradle.internal.buildtree.DefaultBuildTreeLifecycleController.lambda$runBuild$4(Ljava/util/function/Supplier;)Ljava/lang/Object;+1
j  org.gradle.internal.buildtree.DefaultBuildTreeLifecycleController$$Lambda+0x0000015dc3426e78.get()Ljava/lang/Object;+8
j  org.gradle.internal.model.StateTransitionController.lambda$transition$6(Ljava/util/function/Supplier;)Lorg/gradle/internal/build/ExecutionResult;+1
j  org.gradle.internal.model.StateTransitionController$$Lambda+0x0000015dc34272c8.get()Ljava/lang/Object;+4
j  org.gradle.internal.model.StateTransitionController.doTransition(Lorg/gradle/internal/model/StateTransitionController$State;Lorg/gradle/internal/model/StateTransitionController$State;Ljava/util/function/Supplier;)Lorg/gradle/internal/build/ExecutionResult;+24
j  org.gradle.internal.model.StateTransitionController.lambda$transition$7(Lorg/gradle/internal/model/StateTransitionController$State;Lorg/gradle/internal/model/StateTransitionController$State;Ljava/util/function/Supplier;)Ljava/lang/Object;+9
j  org.gradle.internal.model.StateTransitionController$$Lambda+0x0000015dc34270a0.create()Ljava/lang/Object;+16
j  org.gradle.internal.work.DefaultSynchronizer.withLock(Lorg/gradle/internal/Factory;)Ljava/lang/Object;+6
j  org.gradle.internal.model.StateTransitionController.transition(Lorg/gradle/internal/model/StateTransitionController$State;Lorg/gradle/internal/model/StateTransitionController$State;Ljava/util/function/Supplier;)Ljava/lang/Object;+13
j  org.gradle.internal.buildtree.DefaultBuildTreeLifecycleController.runBuild(Ljava/util/function/Supplier;)Ljava/lang/Object;+17
j  org.gradle.internal.buildtree.DefaultBuildTreeLifecycleController.scheduleAndRunTasks(Lorg/gradle/execution/EntryTaskSelector;)V+8
j  org.gradle.internal.buildtree.DefaultBuildTreeLifecycleController.scheduleAndRunTasks()V+2
j  org.gradle.tooling.internal.provider.runner.BuildModelActionRunner.run(Lorg/gradle/internal/invocation/BuildAction;Lorg/gradle/internal/buildtree/BuildTreeLifecycleController;)Lorg/gradle/internal/buildtree/BuildActionRunner$Result;+65
j  org.gradle.launcher.exec.ChainingBuildActionRunner.run(Lorg/gradle/internal/invocation/BuildAction;Lorg/gradle/internal/buildtree/BuildTreeLifecycleController;)Lorg/gradle/internal/buildtree/BuildActionRunner$Result;+34
j  org.gradle.internal.buildtree.ProblemReportingBuildActionRunner.run(Lorg/gradle/internal/invocation/BuildAction;Lorg/gradle/internal/buildtree/BuildTreeLifecycleController;)Lorg/gradle/internal/buildtree/BuildActionRunner$Result;+12
j  org.gradle.launcher.exec.BuildOutcomeReportingBuildActionRunner.run(Lorg/gradle/internal/invocation/BuildAction;Lorg/gradle/internal/buildtree/BuildTreeLifecycleController;)Lorg/gradle/internal/buildtree/BuildActionRunner$Result;+69
j  org.gradle.tooling.internal.provider.FileSystemWatchingBuildActionRunner.run(Lorg/gradle/internal/invocation/BuildAction;Lorg/gradle/internal/buildtree/BuildTreeLifecycleController;)Lorg/gradle/internal/buildtree/BuildActionRunner$Result;+317
j  org.gradle.launcher.exec.BuildCompletionNotifyingBuildActionRunner.run(Lorg/gradle/internal/invocation/BuildAction;Lorg/gradle/internal/buildtree/BuildTreeLifecycleController;)Lorg/gradle/internal/buildtree/BuildActionRunner$Result;+6
j  org.gradle.launcher.exec.RootBuildLifecycleBuildActionExecutor.lambda$execute$0(Lorg/gradle/internal/invocation/BuildAction;Lorg/gradle/internal/buildtree/BuildTreeLifecycleController;)Lorg/gradle/internal/buildtree/BuildActionRunner$Result;+6
j  org.gradle.launcher.exec.RootBuildLifecycleBuildActionExecutor$$Lambda+0x0000015dc340e200.apply(Ljava/lang/Object;)Ljava/lang/Object;+12
j  org.gradle.composite.internal.DefaultRootBuildState.run(Ljava/util/function/Function;)Ljava/lang/Object;+87
j  org.gradle.launcher.exec.RootBuildLifecycleBuildActionExecutor.execute(Lorg/gradle/internal/invocation/BuildAction;Lorg/gradle/internal/buildtree/BuildTreeContext;)Lorg/gradle/internal/buildtree/BuildActionRunner$Result;+75
j  org.gradle.internal.buildtree.InitDeprecationLoggingActionExecutor.execute(Lorg/gradle/internal/invocation/BuildAction;Lorg/gradle/internal/buildtree/BuildTreeContext;)Lorg/gradle/internal/buildtree/BuildActionRunner$Result;+83
j  org.gradle.internal.buildtree.InitProblems.execute(Lorg/gradle/internal/invocation/BuildAction;Lorg/gradle/internal/buildtree/BuildTreeContext;)Lorg/gradle/internal/buildtree/BuildActionRunner$Result;+13
j  org.gradle.internal.buildtree.DefaultBuildTreeContext.execute(Lorg/gradle/internal/invocation/BuildAction;)Lorg/gradle/internal/buildtree/BuildActionRunner$Result;+64
j  org.gradle.launcher.exec.BuildTreeLifecycleBuildActionExecutor.lambda$execute$0(Lorg/gradle/internal/invocation/BuildAction;Lorg/gradle/internal/buildtree/BuildTreeContext;)Lorg/gradle/internal/buildtree/BuildActionRunner$Result;+2
j  org.gradle.launcher.exec.BuildTreeLifecycleBuildActionExecutor$$Lambda+0x0000015dc32b96f8.apply(Ljava/lang/Object;)Ljava/lang/Object;+8
j  org.gradle.internal.buildtree.BuildTreeState.run(Ljava/util/function/Function;)Ljava/lang/Object;+47
j  org.gradle.launcher.exec.BuildTreeLifecycleBuildActionExecutor.execute(Lorg/gradle/internal/invocation/BuildAction;Lorg/gradle/internal/session/BuildSessionContext;)Lorg/gradle/internal/buildtree/BuildActionRunner$Result;+74
j  org.gradle.launcher.exec.RunAsBuildOperationBuildActionExecutor$2.call(Lorg/gradle/internal/operations/BuildOperationContext;)Lorg/gradle/internal/buildtree/BuildActionRunner$Result;+25
j  org.gradle.launcher.exec.RunAsBuildOperationBuildActionExecutor$2.call(Lorg/gradle/internal/operations/BuildOperationContext;)Ljava/lang/Object;+2
j  org.gradle.internal.operations.DefaultBuildOperationRunner$CallableBuildOperationWorker.execute(Lorg/gradle/internal/operations/CallableBuildOperation;Lorg/gradle/internal/operations/BuildOperationContext;)V+3
j  org.gradle.internal.operations.DefaultBuildOperationRunner$CallableBuildOperationWorker.execute(Lorg/gradle/internal/operations/BuildOperation;Lorg/gradle/internal/operations/BuildOperationContext;)V+6
j  org.gradle.internal.operations.DefaultBuildOperationRunner$2.execute(Lorg/gradle/internal/operations/BuildOperationDescriptor;Lorg/gradle/internal/operations/BuildOperationState;Lorg/gradle/internal/operations/BuildOperationState;Lorg/gradle/internal/operations/DefaultBuildOperationRunner$ReadableBuildOperationContext;Lorg/gradle/internal/operations/DefaultBuildOperationRunner$BuildOperationExecutionListener;)Lorg/gradle/internal/operations/BuildOperation;+22
j  org.gradle.internal.operations.DefaultBuildOperationRunner$2.execute(Lorg/gradle/internal/operations/BuildOperationDescriptor;Lorg/gradle/internal/operations/BuildOperationState;Lorg/gradle/internal/operations/BuildOperationState;Lorg/gradle/internal/operations/DefaultBuildOperationRunner$ReadableBuildOperationContext;Lorg/gradle/internal/operations/DefaultBuildOperationRunner$BuildOperationExecutionListener;)Ljava/lang/Object;+8
j  org.gradle.internal.operations.DefaultBuildOperationRunner.execute(Lorg/gradle/internal/operations/BuildOperationDescriptor$Builder;Lorg/gradle/internal/operations/BuildOperationState;Lorg/gradle/internal/operations/DefaultBuildOperationRunner$BuildOperationExecution;)Ljava/lang/Object;+141
j  org.gradle.internal.operations.DefaultBuildOperationRunner.execute(Lorg/gradle/internal/operations/BuildOperation;Lorg/gradle/internal/operations/BuildOperationWorker;Lorg/gradle/internal/operations/BuildOperationState;)V+18
j  org.gradle.internal.operations.DefaultBuildOperationRunner.call(Lorg/gradle/internal/operations/CallableBuildOperation;)Ljava/lang/Object;+16
j  org.gradle.launcher.exec.RunAsBuildOperationBuildActionExecutor.execute(Lorg/gradle/internal/invocation/BuildAction;Lorg/gradle/internal/session/BuildSessionContext;)Lorg/gradle/internal/buildtree/BuildActionRunner$Result;+23
j  org.gradle.launcher.exec.RunAsWorkerThreadBuildActionExecutor.lambda$execute$0(Lorg/gradle/internal/invocation/BuildAction;Lorg/gradle/internal/session/BuildSessionContext;)Lorg/gradle/internal/buildtree/BuildActionRunner$Result;+6
j  org.gradle.launcher.exec.RunAsWorkerThreadBuildActionExecutor$$Lambda+0x0000015dc3288000.create()Ljava/lang/Object;+12
j  org.gradle.internal.work.DefaultWorkerLeaseService.withLocks(Ljava/util/Collection;Lorg/gradle/internal/Factory;)Ljava/lang/Object;+28
j  org.gradle.internal.work.DefaultWorkerLeaseService.runAsWorkerThread(Lorg/gradle/internal/Factory;)Ljava/lang/Object;+33
j  org.gradle.launcher.exec.RunAsWorkerThreadBuildActionExecutor.execute(Lorg/gradle/internal/invocation/BuildAction;Lorg/gradle/internal/session/BuildSessionContext;)Lorg/gradle/internal/buildtree/BuildActionRunner$Result;+12
j  org.gradle.tooling.internal.provider.continuous.ContinuousBuildActionExecutor.execute(Lorg/gradle/internal/invocation/BuildAction;Lorg/gradle/internal/session/BuildSessionContext;)Lorg/gradle/internal/buildtree/BuildActionRunner$Result;+58
j  org.gradle.tooling.internal.provider.SubscribableBuildActionExecutor.execute(Lorg/gradle/internal/invocation/BuildAction;Lorg/gradle/internal/session/BuildSessionContext;)Lorg/gradle/internal/buildtree/BuildActionRunner$Result;+30
j  org.gradle.internal.session.DefaultBuildSessionContext.execute(Lorg/gradle/internal/invocation/BuildAction;)Lorg/gradle/internal/buildtree/BuildActionRunner$Result;+64
j  org.gradle.internal.buildprocess.execution.BuildSessionLifecycleBuildActionExecutor$ActionImpl.apply(Lorg/gradle/internal/session/BuildSessionContext;)Lorg/gradle/launcher/exec/BuildActionResult;+6
j  org.gradle.internal.buildprocess.execution.BuildSessionLifecycleBuildActionExecutor$ActionImpl.apply(Ljava/lang/Object;)Ljava/lang/Object;+5
j  org.gradle.internal.session.BuildSessionState.run(Ljava/util/function/Function;)Ljava/lang/Object;+5
j  org.gradle.internal.buildprocess.execution.BuildSessionLifecycleBuildActionExecutor.execute(Lorg/gradle/internal/invocation/BuildAction;Lorg/gradle/launcher/exec/BuildActionParameters;Lorg/gradle/initialization/BuildRequestContext;)Lorg/gradle/launcher/exec/BuildActionResult;+95
j  org.gradle.internal.buildprocess.execution.BuildSessionLifecycleBuildActionExecutor.execute(Lorg/gradle/internal/invocation/BuildAction;Ljava/lang/Object;Ljava/lang/Object;)Lorg/gradle/launcher/exec/BuildActionResult;+10
j  org.gradle.internal.buildprocess.execution.StartParamsValidatingActionExecutor.execute(Lorg/gradle/internal/invocation/BuildAction;Lorg/gradle/launcher/exec/BuildActionParameters;Lorg/gradle/initialization/BuildRequestContext;)Lorg/gradle/launcher/exec/BuildActionResult;+203
j  org.gradle.internal.buildprocess.execution.StartParamsValidatingActionExecutor.execute(Lorg/gradle/internal/invocation/BuildAction;Ljava/lang/Object;Ljava/lang/Object;)Lorg/gradle/launcher/exec/BuildActionResult;+10
j  org.gradle.internal.buildprocess.execution.SessionFailureReportingActionExecutor.execute(Lorg/gradle/internal/invocation/BuildAction;Lorg/gradle/launcher/exec/BuildActionParameters;Lorg/gradle/initialization/BuildRequestContext;)Lorg/gradle/launcher/exec/BuildActionResult;+7
j  org.gradle.internal.buildprocess.execution.SessionFailureReportingActionExecutor.execute(Lorg/gradle/internal/invocation/BuildAction;Ljava/lang/Object;Ljava/lang/Object;)Lorg/gradle/launcher/exec/BuildActionResult;+10
j  org.gradle.internal.buildprocess.execution.SetupLoggingActionExecutor.execute(Lorg/gradle/internal/invocation/BuildAction;Lorg/gradle/launcher/exec/BuildActionParameters;Lorg/gradle/initialization/BuildRequestContext;)Lorg/gradle/launcher/exec/BuildActionResult;+50
j  org.gradle.internal.buildprocess.execution.SetupLoggingActionExecutor.execute(Lorg/gradle/internal/invocation/BuildAction;Ljava/lang/Object;Ljava/lang/Object;)Lorg/gradle/launcher/exec/BuildActionResult;+10
j  org.gradle.launcher.daemon.server.exec.ExecuteBuild.doBuild(Lorg/gradle/launcher/daemon/server/api/DaemonCommandExecution;Lorg/gradle/launcher/daemon/protocol/Build;)V+147
j  org.gradle.launcher.daemon.server.exec.BuildCommandOnly.execute(Lorg/gradle/launcher/daemon/server/api/DaemonCommandExecution;)V+49
j  org.gradle.launcher.daemon.server.api.DaemonCommandExecution.proceed()Z+23
j  org.gradle.launcher.daemon.server.exec.WatchForDisconnection.execute(Lorg/gradle/launcher/daemon/server/api/DaemonCommandExecution;)V+19
j  org.gradle.launcher.daemon.server.api.DaemonCommandExecution.proceed()Z+23
j  org.gradle.launcher.daemon.server.exec.ResetDeprecationLogger.execute(Lorg/gradle/launcher/daemon/server/api/DaemonCommandExecution;)V+7
j  org.gradle.launcher.daemon.server.api.DaemonCommandExecution.proceed()Z+23
j  org.gradle.launcher.daemon.server.exec.RequestStopIfSingleUsedDaemon.execute(Lorg/gradle/launcher/daemon/server/api/DaemonCommandExecution;)V+33
j  org.gradle.launcher.daemon.server.api.DaemonCommandExecution.proceed()Z+23
j  org.gradle.launcher.daemon.server.exec.ForwardClientInput.lambda$execute$0(Lorg/gradle/launcher/daemon/server/api/DaemonCommandExecution;Lorg/gradle/internal/daemon/clientinput/StdinHandler;)Ljava/lang/Object;+11
j  org.gradle.launcher.daemon.server.exec.ForwardClientInput$$Lambda+0x0000015dc318f150.apply(Ljava/lang/Object;)Ljava/lang/Object;+8
j  org.gradle.internal.daemon.clientinput.ClientInputForwarder.forwardInput(Ljava/util/function/Function;)Ljava/lang/Object;+46
j  org.gradle.launcher.daemon.server.exec.ForwardClientInput.execute(Lorg/gradle/launcher/daemon/server/api/DaemonCommandExecution;)V+10
j  org.gradle.launcher.daemon.server.api.DaemonCommandExecution.proceed()Z+23
j  org.gradle.launcher.daemon.server.exec.LogAndCheckHealth.execute(Lorg/gradle/launcher/daemon/server/api/DaemonCommandExecution;)V+51
j  org.gradle.launcher.daemon.server.api.DaemonCommandExecution.proceed()Z+23
j  org.gradle.launcher.daemon.server.exec.LogToClient.doBuild(Lorg/gradle/launcher/daemon/server/api/DaemonCommandExecution;Lorg/gradle/launcher/daemon/protocol/Build;)V+87
j  org.gradle.launcher.daemon.server.exec.BuildCommandOnly.execute(Lorg/gradle/launcher/daemon/server/api/DaemonCommandExecution;)V+49
j  org.gradle.launcher.daemon.server.api.DaemonCommandExecution.proceed()Z+23
j  org.gradle.launcher.daemon.server.exec.EstablishBuildEnvironment.doBuild(Lorg/gradle/launcher/daemon/server/api/DaemonCommandExecution;Lorg/gradle/launcher/daemon/protocol/Build;)V+356
j  org.gradle.launcher.daemon.server.exec.BuildCommandOnly.execute(Lorg/gradle/launcher/daemon/server/api/DaemonCommandExecution;)V+49
j  org.gradle.launcher.daemon.server.api.DaemonCommandExecution.proceed()Z+23
j  org.gradle.launcher.daemon.server.exec.StartBuildOrRespondWithBusy$1.run()V+44
j  org.gradle.launcher.daemon.server.DaemonStateCoordinator.lambda$runCommand$0(Ljava/lang/Runnable;)V+1
j  org.gradle.launcher.daemon.server.DaemonStateCoordinator$$Lambda+0x0000015dc318dce0.run()V+8
j  org.gradle.internal.concurrent.ExecutorPolicy$CatchAndRecordFailures.onExecute(Ljava/lang/Runnable;)V+1
j  org.gradle.internal.concurrent.AbstractManagedExecutor$1.run()V+25
j  java.util.concurrent.ThreadPoolExecutor.runWorker(Ljava/util/concurrent/ThreadPoolExecutor$Worker;)V+92 java.base@21.0.12.1
j  java.util.concurrent.ThreadPoolExecutor$Worker.run()V+5 java.base@21.0.12.1
j  java.lang.Thread.runWith(Ljava/lang/Object;Ljava/lang/Runnable;)V+5 java.base@21.0.12.1
j  java.lang.Thread.run()V+19 java.base@21.0.12.1
v  ~StubRoutines::call_stub 0x0000015daf3a100d

Compiled method (n/a) 81565  805     n 0       java.lang.ClassLoader::findBootstrapClass (native)
 total in heap  [0x0000015daf990a10,0x0000015daf990f38] = 1320
 relocation     [0x0000015daf990b70,0x0000015daf990ba8] = 56
 main code      [0x0000015daf990bc0,0x0000015daf990f36] = 886
 stub code      [0x0000015daf990f36,0x0000015daf990f38] = 2

[Constant Pool (empty)]

[MachCode]
[Entry Point]
  # {method} {0x0000015dc2434ab8} 'findBootstrapClass' '(Ljava/lang/String;)Ljava/lang/Class;' in 'java/lang/ClassLoader'
  # parm0:    rdx:rdx   = 'java/lang/String'
  #           [sp+0x70]  (sp of caller)
  0x0000015daf990bc0: 448b 5208 | 49bb 0000 | 00c2 5d01 | 0000 4d03 | d349 3bc2 | 0f84 0600 

  0x0000015daf990bd8: ;   {runtime_call ic_miss_stub}
  0x0000015daf990bd8: 0000 e9a1 | dba5 ff90 
[Verified Entry Point]
  0x0000015daf990be0: 8984 2400 | 80ff ff55 | 488b ec48 | 83ec 6090 | 4181 7f20 | 0300 0000 

  0x0000015daf990bf8: ;   {runtime_call StubRoutines (final stubs)}
  0x0000015daf990bf8: 7405 e8e1 | 58a4 ff48 | 8954 2420 | 4883 fa00 | 4c8d 4424 | 204c 0f44 

  0x0000015daf990c10: ;   {oop(a 'java/lang/Class'{0x0000000680473208} = 'java/lang/ClassLoader')}
  0x0000015daf990c10: 4424 2049 | be08 3247 | 8006 0000 | 004c 8974 | 2450 4c8d | 7424 5049 | 8bd6 c5f8 

  0x0000015daf990c2c: ;   {internal_word}
  0x0000015daf990c2c: 7749 ba2a | 0c99 af5d | 0100 004d | 8997 a803 | 0000 4989 | a7a0 0300 

  0x0000015daf990c44: ;   {external_word}
  0x0000015daf990c44: 0049 ba06 | 6d5b 38fc | 7f00 0041 | 803a 000f | 844a 0000 | 0052 4150 

  0x0000015daf990c5c: ;   {metadata({method} {0x0000015dc2434ab8} 'findBootstrapClass' '(Ljava/lang/String;)Ljava/lang/Class;' in 'java/lang/ClassLoader')}
  0x0000015daf990c5c: 48ba b04a | 43c2 5d01 | 0000 498b | cf48 83ec | 2040 f6c4 | 0f0f 8419 | 0000 0048 

  0x0000015daf990c78: ;   {runtime_call}
  0x0000015daf990c78: 83ec 0848 | b8e0 ea04 | 38fc 7f00 | 00ff d048 | 83c4 08e9 | 0c00 0000 

  0x0000015daf990c90: ;   {runtime_call}
  0x0000015daf990c90: 48b8 e0ea | 0438 fc7f | 0000 ffd0 | 4883 c420 | 4158 5a49 | 8d8f c003 | 0000 41c7 | 874c 0400 
  0x0000015daf990cb0: 0004 0000 

  0x0000015daf990cb4: ;   {runtime_call}
  0x0000015daf990cb4: 0048 b8c0 | 1907 d1fc | 7f00 00ff | d0c5 f877 | 41c7 874c | 0400 0005 | 0000 00f0 | 8344 24c0 
  0x0000015daf990cd4: 0049 3baf | 5004 0000 | 0f87 0e00 | 0000 4183 | bf48 0400 | 0000 0f84 | 2b00 0000 | c5f8 7748 
  0x0000015daf990cf4: 8945 f849 | 8bcf 4c8b | e448 83ec | 2048 83e4 

  0x0000015daf990d04: ;   {runtime_call}
  0x0000015daf990d04: f048 b800 | 58d0 37fc | 7f00 00ff | d049 8be4 | 4d33 e448 | 8b45 f841 | c787 4c04 | 0000 0800 
  0x0000015daf990d24: 0000 4183 | bfc8 0400 | 0002 0f84 | d501 0000 

  0x0000015daf990d34: ;   {external_word}
  0x0000015daf990d34: 49ba 066d | 5b38 fc7f | 0000 4180 | 3a00 0f84 | 4c00 0000 | 4889 45f8 

  0x0000015daf990d4c: ;   {metadata({method} {0x0000015dc2434ab8} 'findBootstrapClass' '(Ljava/lang/String;)Ljava/lang/Class;' in 'java/lang/ClassLoader')}
  0x0000015daf990d4c: 48ba b04a | 43c2 5d01 | 0000 498b | cf48 83ec | 2040 f6c4 | 0f0f 8419 | 0000 0048 

  0x0000015daf990d68: ;   {runtime_call}
  0x0000015daf990d68: 83ec 0848 | b8e0 ea04 | 38fc 7f00 | 00ff d048 | 83c4 08e9 | 0c00 0000 

  0x0000015daf990d80: ;   {runtime_call}
  0x0000015daf990d80: 48b8 e0ea | 0438 fc7f | 0000 ffd0 | 4883 c420 | 488b 45f8 | 49c7 87a0 | 0300 0000 | 0000 0049 
  0x0000015daf990da0: c787 a803 | 0000 0000 | 0000 c5f8 | 7748 85c0 | 0f84 3001 | 0000 a803 | 0f85 0800 | 0000 488b 
  0x0000015daf990dc0: 00e9 2001 | 0000 a801 | 0f85 0900 | 0000 488b | 40fe e90f | 0100 0048 | 8b40 ff41 | 807f 4000 
  0x0000015daf990de0: 0f84 0001 | 0000 4883 | f800 0f84 | f600 0000 | 498b 4f28 | 4883 f900 | 0f84 1400 | 0000 4883 
  0x0000015daf990e00: e908 4989 | 4f28 4903 | 4f38 4889 | 01e9 d400 | 0000 4883 | ec70 4889 | 0424 4889 | 4c24 0848 
  0x0000015daf990e20: 8954 2410 | 4c89 4424 | 184c 894c | 2420 4c89 | 5424 284c | 895c 2430 | c5fb 1144 | 2440 c5fb 
  0x0000015daf990e40: 114c 2448 | c5fb 1154 | 2450 c5fb | 115c 2458 | c5fb 1164 | 2460 c5fb | 116c 2468 | 498b d748 
  0x0000015daf990e60: 8bc8 4883 | ec20 40f6 | c40f 0f84 | 1900 0000 | 4883 ec08 

  0x0000015daf990e74: ;   {runtime_call}
  0x0000015daf990e74: 48b8 20a4 | c337 fc7f | 0000 ffd0 | 4883 c408 | e90c 0000 

  0x0000015daf990e88: ;   {runtime_call}
  0x0000015daf990e88: 0048 b820 | a4c3 37fc | 7f00 00ff | d048 83c4 | 20c5 fb10 | 6c24 68c5 | fb10 6424 | 60c5 fb10 
  0x0000015daf990ea8: 5c24 58c5 | fb10 5424 | 50c5 fb10 | 4c24 48c5 | fb10 4424 | 404c 8b5c | 2430 4c8b | 5424 284c 
  0x0000015daf990ec8: 8b4c 2420 | 4c8b 4424 | 1848 8b54 | 2410 488b | 4c24 0848 | 8b04 2448 | 83c4 70c5 | f877 498b 
  0x0000015daf990ee8: 8f30 0400 | 00c7 8100 | 0100 0000 | 0000 00c9 | 4983 7f08 | 000f 8501 | 0000 00c3 

  0x0000015daf990f04: ;   {runtime_call StubRoutines (initial stubs)}
  0x0000015daf990f04: e9f7 ffa0 | ffc5 f877 | 4889 45f8 | 4c8b e448 | 83ec 2048 

  0x0000015daf990f18: ;   {runtime_call}
  0x0000015daf990f18: 83e4 f048 | b830 2205 | 38fc 7f00 | 00ff d049 | 8be4 4d33 | e448 8b45 | f8e9 fefd | ffff f4f4 
[/MachCode]


Compiled method (c2) 81591 2874   !   4       java.lang.ClassLoader::loadClass (121 bytes)
 total in heap  [0x0000015dafa9bd90,0x0000015dafaaedc0] = 77872
 relocation     [0x0000015dafa9bef0,0x0000015dafa9c828] = 2360
 constants      [0x0000015dafa9c840,0x0000015dafa9c860] = 32
 main code      [0x0000015dafa9c860,0x0000015dafaa7990] = 45360
 stub code      [0x0000015dafaa7990,0x0000015dafaa7c78] = 744
 oops           [0x0000015dafaa7c78,0x0000015dafaa7cc0] = 72
 metadata       [0x0000015dafaa7cc0,0x0000015dafaa8110] = 1104
 scopes data    [0x0000015dafaa8110,0x0000015dafaacf50] = 20032
 scopes pcs     [0x0000015dafaacf50,0x0000015dafaae160] = 4624
 dependencies   [0x0000015dafaae160,0x0000015dafaae208] = 168
 handler table  [0x0000015dafaae208,0x0000015dafaaecd0] = 2760
 nul chk table  [0x0000015dafaaecd0,0x0000015dafaaedc0] = 240


[Constant Pool]
             Address          hex4                    hex8      
  0x0000015dafa9c840:   0x3f400000      0xf4f4f4f43f400000      
  0x0000015dafa9c844:   0xf4f4f4f4                              
  0x0000015dafa9c848:   0xf4f4f4f4      0xf4f4f4f4f4f4f4f4      
  0x0000015dafa9c84c:   0xf4f4f4f4                              
  0x0000015dafa9c850:   0xf4f4f4f4      0xf4f4f4f4f4f4f4f4      
  0x0000015dafa9c854:   0xf4f4f4f4                              
  0x0000015dafa9c858:   0xf4f4f4f4      0xf4f4f4f4f4f4f4f4      
  0x0000015dafa9c85c:   0xf4f4f4f4                              

[MachCode]
[Entry Point]
  # {method} {0x0000015dc2014398} 'loadClass' '(Ljava/lang/String;Z)Ljava/lang/Class;' in 'java/lang/ClassLoader'
  # this:     rdx:rdx   = 'java/lang/ClassLoader'
  # parm0:    r8:r8     = 'java/lang/String'
  # parm1:    r9        = boolean
  #           [sp+0x160]  (sp of caller)
  0x0000015dafa9c860: ;   {no_reloc}
  0x0000015dafa9c860: 448b 5208 | 49bb 0000 | 00c2 5d01 | 0000 4d03 | d349 3bc2 

  0x0000015dafa9c874: ;   {runtime_call ic_miss_stub}
  0x0000015dafa9c874: 0f85 061f | 95ff 6690 | 0f1f 4000 
[Verified Entry Point]
  0x0000015dafa9c880: 8984 2400 | 80ff ff55 | 4881 ec50 | 0100 0090 | 4181 7f20 | 0300 0000 | 0f85 e7b0 | 0000 4489 
  0x0000015dafa9c8a0: 4c24 304c | 8984 24b0 | 0000 0048 | 8954 2448 | 448b 5a28 | 4585 db0f | 84b7 6000 | 0049 8b87 
  0x0000015dafa9c8c0: b801 0000 | 4c8b d049 | 83c2 104d | 3b97 c801 | 0000 0f83 | 944c 0000 | 4d89 97b8 | 0100 0041 
  0x0000015dafa9c8e0: 0f0d 8ac0 | 0000 0048 | c700 0100 

  0x0000015dafa9c8ec: ;   {metadata('java/lang/Object')}
  0x0000015dafa9c8ec: 0000 c740 | 0890 0e00 | 0044 8960 | 0c44 895c | 242c 488b | e844 8b5c | 242c 4b8d | 14dc 4c8b 
  0x0000015dafa9c90c: 8424 b000 | 0000 4c8b | cdbf 0100 | 0000 6690 

  0x0000015dafa9c91c: ;   {optimized virtual_call}
  0x0000015dafa9c91c: c5f8 77e8 

  0x0000015dafa9c920: ; ImmutableOopMap {rbp=Oop [72]=Oop [176]=Oop }
                      ;*invokevirtual putVal {reexecute=0 rethrow=0 return_oop=1}
                      ; - java.util.concurrent.ConcurrentHashMap::putIfAbsent@4
                      ; - java.lang.ClassLoader::getClassLoadingLock@23
                      ; - java.lang.ClassLoader::loadClass@2
  0x0000015dafa9c920: 7cff feff 

  0x0000015dafa9c924: ;   {other}
  0x0000015dafa9c924: 0f1f 8400 | 940b 0000 | 4885 c00f | 8584 4500 | 0048 896c | 2450 488d | 9c24 3001 | 0000 4c8b 
  0x0000015dafa9c944: 5c24 5049 | 8b03 a802 | 0f85 2300 | 0000 4883 | c801 4889 | 03f0 490f | b11b 0f84 | 3700 0000 
  0x0000015dafa9c964: 482b c448 | 2507 f0ff | ff48 8903 | e924 0000 | 004c 8bd0 | 4833 c0f0 | 4d0f b17a | 3e48 c703 
  0x0000015dafa9c984: 0300 0000 | 7411 4c3b | f875 1549 | ff82 8600 | 0000 4833 | c075 0949 | ff87 5005 | 0000 33c0 
  0x0000015dafa9c9a4: 0f85 1f5d | 0000 4c8b | 9424 b000 | 0000 458b | 5a14 478b | 4cdc 0c45 | 85c9 0f86 | 2d5d 0000 
  0x0000015dafa9c9c4: 450f be52 | 1045 85d2 | 0f85 325f | 0000 c4c2 | 2af7 d141 | 3bd1 410f | 4fd1 4f8d | 14dc 4f8d 
  0x0000015dafa9c9e4: 54dc 1085 | d20f 8ecd | 0000 0044 | 3bca 0f82 | 245d 0000 | 498b fab8 | 2f00 0000 | 488b df83 
  0x0000015dafa9ca04: fa10 0f8c | 7900 0000 | 83fa 200f | 8c36 0000 | 00c5 f96e | c0c4 e27d | 78c0 c5ed 

  0x0000015dafa9ca20: ;   {no_reloc}
  0x0000015dafa9ca20: efd2 8bca | 83e1 e083 | e21f c5fe | 6f0b c5f5 | 74c8 c4e2 | 7d17 d10f | 8369 0000 | 0048 83c3 
  0x0000015dafa9ca40: 2083 e920 | 75e4 e90d | 0000 00c5 | f96e c0c5 | e9ef d2c4 | e279 00c2 | 83fa 100f | 8c24 0000 
  0x0000015dafa9ca60: 008b ca83 | e1f0 83e2 | 0fc5 fa6f | 0bc5 f174 | c8c4 e279 | 17d1 0f83 | 2a00 0000 | 4883 c310 
  0x0000015dafa9ca80: 83e9 1075 | e485 d20f | 8412 0000 | 000f b60b | 3bc1 741c | 4883 c301 | 83ea 0174 | 02eb eebb 
  0x0000015dafa9caa0: ffff ffff | eb0d c5fd | d7c9 0fbc | c148 03d8 | 482b df83 | fbff 0f85 | 805e 0000 | 450f b61a 
  0x0000015dafa9cac0: 4183 fb5b | 0f84 ce5e | 0000 488b | 5424 484c | 8b84 24b0 | 0000 0090 

  0x0000015dafa9cad8: ;   {optimized virtual_call}
  0x0000015dafa9cad8: c5f8 77e8 

  0x0000015dafa9cadc: ; ImmutableOopMap {[72]=Oop [80]=Oop [176]=Oop }
                      ;*invokevirtual findLoadedClass0 {reexecute=0 rethrow=0 return_oop=1}
                      ; - java.lang.ClassLoader::findLoadedClass@11
                      ; - java.lang.ClassLoader::loadClass@10
  0x0000015dafa9cadc: 00d8 ebff 

  0x0000015dafa9cae0: ;   {other}
  0x0000015dafa9cae0: 0f1f 8400 | 500d 0001 | 488b d848 | 85c0 0f85 | 4d35 0000 | c5f8 7749 | bad0 30fe | 37fc 7f00 
  0x0000015dafa9cb00: 0041 ffd2 

  0x0000015dafa9cb04: ;   {other}
  0x0000015dafa9cb04: 0f1f 8400 | 0000 0000 | 4889 4424 | 404c 8b54 | 2448 458b | 4218 478b | 4cc4 084f 

  0x0000015dafa9cb20: ;   {metadata('org/gradle/internal/classloader/VisitableURLClassLoader')}
  0x0000015dafa9cb20: 8d14 c441 | 81f9 083a | 0001 0f84 | b503 0000 

  0x0000015dafa9cb30: ;   {metadata('jdk/internal/loader/ClassLoaders$PlatformClassLoader')}
  0x0000015dafa9cb30: 4181 f9f8 | 8206 000f | 85e7 5e00 | 0041 8b6a | 2885 ed0f | 84e7 6a00 | 0049 8b87 | b801 0000 
  0x0000015dafa9cb50: 4c8b d849 | 83c3 104d | 3b9f c801 | 0000 0f83 | 154b 0000 | 4d89 9fb8 | 0100 0041 | 0f0d 8bc0 
  0x0000015dafa9cb70: 0000 0048 | c700 0100 

  0x0000015dafa9cb78: ;   {metadata('java/lang/Object')}
  0x0000015dafa9cb78: 0000 c740 | 0890 0e00 | 0044 8960 | 0c4c 8954 | 2478 4889 | 4424 2049 | 8d14 ec4c | 8b84 24b0 
  0x0000015dafa9cb98: 0000 004c | 8bc8 bf01 | 0000 0049 | 8be8 6690 

  0x0000015dafa9cba8: ;   {optimized virtual_call}
  0x0000015dafa9cba8: c5f8 77e8 

  0x0000015dafa9cbac: ; ImmutableOopMap {rbp=Oop [32]=Oop [72]=Oop [80]=Oop [120]=Oop [176]=Oop }
                      ;*invokevirtual putVal {reexecute=0 rethrow=0 return_oop=1}
                      ; - java.util.concurrent.ConcurrentHashMap::putIfAbsent@4
                      ; - java.lang.ClassLoader::getClassLoadingLock@23
                      ; - jdk.internal.loader.BuiltinClassLoader::loadClassOrNull@2
                      ; - jdk.internal.loader.BuiltinClassLoader::loadClass@3
                      ; - java.lang.ClassLoader::loadClass@38
  0x0000015dafa9cbac: f0fc feff 

  0x0000015dafa9cbb0: ;   {other}
  0x0000015dafa9cbb0: 0f1f 8400 | 200e 0002 | 4885 c00f | 8594 4300 | 004c 8b54 | 2420 488d | 9c24 3801 | 0000 498b 
  0x0000015dafa9cbd0: 02a8 020f | 8523 0000 | 0048 83c8 | 0148 8903 | f049 0fb1 | 1a0f 8437 | 0000 0048 | 2bc4 4825 
  0x0000015dafa9cbf0: 07f0 ffff | 4889 03e9 | 2400 0000 | 4c8b d848 | 33c0 f04d | 0fb1 7b3e | 48c7 0303 | 0000 0074 
  0x0000015dafa9cc10: 114c 3bf8 | 7515 49ff | 8386 0000 | 0048 33c0 | 7509 49ff | 8750 0500 | 0033 c00f | 852f 5e00 
  0x0000015dafa9cc30: 004c 8b9c | 24b0 0000 | 0045 8b43 | 1447 8b4c | c40c 4585 | c90f 864d | 5e00 0041 | 0fbe 4b10 
  0x0000015dafa9cc50: 85c9 0f85 | 2067 0000 | c4c2 72f7 | d141 3bd1 | 410f 4fd1 | 4b8d 0cc4 | 4b8d 74c4 | 1085 d20f 
  0x0000015dafa9cc70: 8ecd 0000 | 0044 3bca | 0f82 ea5e | 0000 488b | feb8 2f00 | 0000 488b | df83 fa10 | 0f8c 7900 
  0x0000015dafa9cc90: 0000 83fa | 200f 8c36 | 0000 00c5 | f96e c8c4 | e27d 78c9 | c5fd efc0 | 8bca 83e1 

  0x0000015dafa9ccac: ;   {no_reloc}
  0x0000015dafa9ccac: e083 e21f | c5fe 6f13 | c5ed 74d1 | c4e2 7d17 | c20f 8369 | 0000 0048 | 83c3 2083 | e920 75e4 
  0x0000015dafa9cccc: e90d 0000 | 00c5 f96e | c8c5 f9ef | c0c4 e271 | 00c8 83fa | 100f 8c24 | 0000 008b | ca83 e1f0 
  0x0000015dafa9ccec: 83e2 0fc5 | fa6f 13c5 | e974 d1c4 | e279 17c2 | 0f83 2a00 | 0000 4883 | c310 83e9 | 1075 e485 
  0x0000015dafa9cd0c: d20f 8412 | 0000 000f | b60b 3bc1 | 741c 4883 | c301 83ea | 0174 02eb | eebb ffff | ffff eb0d 
  0x0000015dafa9cd2c: c5fd d7ca | 0fbc c148 | 03d8 482b | df83 fbff | 0f85 ba66 | 0000 440f | b60e 4183 | f95b 0f84 
  0x0000015dafa9cd4c: 1c69 0000 | 4c89 5424 | 6848 8b54 | 2478 4d8b | c34c 8944 | 2420 4c89 | 4424 2848 | 8b6c 2468 
  0x0000015dafa9cd6c: ;   {optimized virtual_call}
  0x0000015dafa9cd6c: c5f8 77e8 

  0x0000015dafa9cd70: ; ImmutableOopMap {rbp=Oop [32]=Oop [40]=Oop [72]=Oop [80]=Oop [104]=Oop [120]=Oop [176]=Oop }
                      ;*invokevirtual findLoadedClass0 {reexecute=0 rethrow=0 return_oop=1}
                      ; - java.lang.ClassLoader::findLoadedClass@11
                      ; - jdk.internal.loader.BuiltinClassLoader::loadClassOrNull@10
                      ; - jdk.internal.loader.BuiltinClassLoader::loadClass@3
                      ; - java.lang.ClassLoader::loadClass@38
  0x0000015dafa9cd70: 6cd5 ebff 

  0x0000015dafa9cd74: ;   {other}
  0x0000015dafa9cd74: 0f1f 8400 | e40f 0003 | 488b d848 | 85c0 0f85 | e930 0000 | 4c8b 4c24 | 2045 8b41 | 1447 8b5c 
  0x0000015dafa9cd94: c40c 4489 | 8424 8000 | 0000 450f | be51 1044 | 895c 2420 | c442 2af7 | db45 8d43 | ff45 85d2 
  0x0000015dafa9cdb4: 0f85 fe65 | 0000 448b | 8c24 8000 | 0000 4b8d | 2ccc 448b | 5424 2041 | ffca 453b | d045 0f4f 
  0x0000015dafa9cdd4: d045 85d2 | 0f8c fc42 | 0000 448b | 4424 2045 | 85c0 0f86 | e45b 0000 | 453b d00f | 83db 5b00 
  0x0000015dafa9cdf4: 0045 85d2 | 0f8e 195d | 0000 458d | 42ff 49b9 | 0000 bcb4 | 5d01 0000 | 420f be4c | 1510 83f9 
  0x0000015dafa9ce14: 2e0f 848b | 4000 0041 | ffca 453b | d07f e941 | 83fa 020f | 8e89 0000 | 0041 8d4a | fe33 db41 
  0x0000015dafa9ce34: 83fa 020f | 4ccb 81f9 | a00f 0000 | bba0 0f00 | 000f 47cb | 418b d22b | d166 6690 | 4d63 c242 
  0x0000015dafa9ce54: 0fbe 5c05 | 1083 fb2e | 0f84 a527 | 0000 460f | be44 050f | 4183 f82e | 0f84 9a27 

  0x0000015dafa9ce70: ;   {no_reloc}
  0x0000015dafa9ce70: 0000 458d | 42fe 420f | be4c 0510 | 83f9 2e0f | 8490 2700 | 0041 8d4a | fd44 0fbe | 440d 1041 
  0x0000015dafa9ce90: 83f8 2e0f | 8479 2700 | 0041 83c2 | fc44 3bd2 | 7fae 4d8b | 8758 0400 

  0x0000015dafa9cea8: ; ImmutableOopMap {rbp=Oop [72]=Oop [80]=Oop [104]=Oop [120]=Oop [128]=NarrowOop [176]=Oop }
                      ;*goto {reexecute=1 rethrow=0 return_oop=0}
                      ; - (reexecute) java.lang.StringLatin1::lastIndexOf@35
                      ; - java.lang.String::lastIndexOf@13
                      ; - java.lang.String::lastIndexOf@8
                      ; - jdk.internal.loader.BuiltinClassLoader::findLoadedModule@3
                      ; - jdk.internal.loader.BuiltinClassLoader::loadClassOrNull@22
                      ; - jdk.internal.loader.BuiltinClassLoader::loadClass@3
                      ; - java.lang.ClassLoader::loadClass@38
                      ;   {poll}
  0x0000015dafa9cea8: 0041 8500 | 4183 fa02 | 0f8f 77ff | ffff 4183 | faff 7e21 | 460f be44 | 1510 4183 | f82e 0f84 
  0x0000015dafa9cec8: 885f 0000 | 41ff ca41 | 83fa ff7f | e749 8bc9 | e907 4200 | 0049 8bc9 | e9ff 4100 | 0041 8b6a 
  0x0000015dafa9cee8: 2885 ed0f | 8497 6100 | 0049 8b87 | b801 0000 | 4c8b d849 | 83c3 104d | 3b9f c801 | 0000 0f83 
  0x0000015dafa9cf08: 2547 0000 | 4d89 9fb8 | 0100 0041 | 0f0d 8bc0 | 0000 0048 | c700 0100 

  0x0000015dafa9cf20: ;   {metadata('java/lang/Object')}
  0x0000015dafa9cf20: 0000 c740 | 0890 0e00 | 0044 8960 | 0c44 8944 | 2428 4c89 | 9424 b800 | 0000 4889 | 4424 2049 
  0x0000015dafa9cf40: 8d14 ec4c | 8b84 24b0 | 0000 004c | 8bc8 bf01 | 0000 0049 | 8be8 6690 

  0x0000015dafa9cf58: ;   {optimized virtual_call}
  0x0000015dafa9cf58: c5f8 77e8 

  0x0000015dafa9cf5c: ; ImmutableOopMap {rbp=Oop [32]=Oop [40]=NarrowOop [72]=Oop [80]=Oop [176]=Oop [184]=Oop }
                      ;*invokevirtual putVal {reexecute=0 rethrow=0 return_oop=1}
                      ; - java.util.concurrent.ConcurrentHashMap::putIfAbsent@4
                      ; - java.lang.ClassLoader::getClassLoadingLock@23
                      ; - java.lang.ClassLoader::loadClass@2
                      ; - java.lang.ClassLoader::loadClass@38
  0x0000015dafa9cf5c: 40f9 feff 

  0x0000015dafa9cf60: ;   {other}
  0x0000015dafa9cf60: 0f1f 8400 | d011 0005 | 4885 c00f | 85d0 3f00 | 004c 8b5c | 2420 488d | 9c24 3801 | 0000 498b 
  0x0000015dafa9cf80: 03a8 020f | 8523 0000 | 0048 83c8 | 0148 8903 | f049 0fb1 | 1b0f 8437 | 0000 0048 | 2bc4 4825 
  0x0000015dafa9cfa0: 07f0 ffff | 4889 03e9 | 2400 0000 | 4c8b d048 | 33c0 f04d | 0fb1 7a3e | 48c7 0303 | 0000 0074 
  0x0000015dafa9cfc0: 114c 3bf8 | 7515 49ff | 8286 0000 | 0048 33c0 | 7509 49ff | 8750 0500 | 0033 c00f | 854b 5800 
  0x0000015dafa9cfe0: 004c 8b8c | 24b0 0000 | 0045 8b51 | 1447 8b44 | d40c 4585 | c00f 8669 | 5800 0041 | 0fbe 5910 
  0x0000015dafa9d000: 85db 0f85 | f05f 0000 | 4c89 5c24 | 78c4 c262 | f7d0 413b | d041 0f4f | d04f 8d1c | d44f 8d5c 
  0x0000015dafa9d020: d410 85d2 | 0f8e cd00 | 0000 443b | c20f 8279 | 5800 0049 | 8bfb b82f | 0000 0048 | 8bdf 83fa 
  0x0000015dafa9d040: 100f 8c79 | 0000 0083 | fa20 0f8c | 3600 0000 | c5f9 6ec0 | c4e2 7d78 | c0c5 edef 

  0x0000015dafa9d05c: ;   {no_reloc}
  0x0000015dafa9d05c: d28b ca83 | e1e0 83e2 | 1fc5 fe6f | 0bc5 f574 | c8c4 e27d | 17d1 0f83 | 6900 0000 | 4883 c320 
  0x0000015dafa9d07c: 83e9 2075 | e4e9 0d00 | 0000 c5f9 | 6ec0 c5e9 | efd2 c4e2 | 7900 c283 | fa10 0f8c | 2400 0000 
  0x0000015dafa9d09c: 8bca 83e1 | f083 e20f | c5fa 6f0b | c5f1 74c8 | c4e2 7917 | d10f 832a | 0000 0048 | 83c3 1083 
  0x0000015dafa9d0bc: e910 75e4 | 85d2 0f84 | 1200 0000 | 0fb6 0b3b | c174 1c48 | 83c3 0183 | ea01 7402 | ebee bbff 
  0x0000015dafa9d0dc: ffff ffeb | 0dc5 fdd7 | c90f bcc1 | 4803 d848 | 2bdf 83fb | ff0f 8541 | 5f00 0045 | 0fb6 1341 
  0x0000015dafa9d0fc: 83fa 5b0f | 84bf 5f00 | 0048 8b94 | 24b8 0000 | 004d 8bc1 | 4c89 4424 | 2048 8b6c | 2478 6690 
  0x0000015dafa9d11c: ;   {optimized virtual_call}
  0x0000015dafa9d11c: c5f8 77e8 

  0x0000015dafa9d120: ; ImmutableOopMap {rbp=Oop [32]=Oop [40]=NarrowOop [72]=Oop [80]=Oop [120]=Oop [176]=Oop [184]=Oop }
                      ;*invokevirtual findLoadedClass0 {reexecute=0 rethrow=0 return_oop=1}
                      ; - java.lang.ClassLoader::findLoadedClass@11
                      ; - java.lang.ClassLoader::loadClass@10
                      ; - java.lang.ClassLoader::loadClass@38
  0x0000015dafa9d120: bcd1 ebff 

  0x0000015dafa9d124: ;   {other}
  0x0000015dafa9d124: 0f1f 8400 | 9413 0006 | 488b d848 | 85c0 0f85 | 1922 0000 | c5f8 7749 | bad0 30fe | 37fc 7f00 
  0x0000015dafa9d144: 0041 ffd2 

  0x0000015dafa9d148: ;   {other}
  0x0000015dafa9d148: 0f1f 8400 | 0000 0000 | 4889 4424 | 684c 8b94 | 24b8 0000 | 0045 8b5a | 1847 8b44 | dc08 4b8d 
  0x0000015dafa9d168: ;   {metadata('org/gradle/internal/classloader/VisitableURLClassLoader')}
  0x0000015dafa9d168: 14dc 4181 | f808 3a00 | 010f 84e7 

  0x0000015dafa9d174: ;   {metadata('jdk/internal/loader/ClassLoaders$PlatformClassLoader')}
  0x0000015dafa9d174: 0300 0041 | 81f8 f882 | 0600 0f85 | 1460 0000 | 4c8b da41 | 8b6b 2885 | ed0f 8479 | 7200 0049 
  0x0000015dafa9d194: 8b87 b801 | 0000 4c8b | d049 83c2 | 104d 3b97 | c801 0000 | 0f83 db47 | 0000 4d89 | 97b8 0100 
  0x0000015dafa9d1b4: 0041 0f0d | 8ac0 0000 | 0048 c700 | 0100 0000 

  0x0000015dafa9d1c4: ;   {metadata('java/lang/Object')}
  0x0000015dafa9d1c4: c740 0890 | 0e00 0044 | 8960 0c4c | 899c 24a0 | 0000 0048 | 8944 2420 | 498d 14ec | 4c8b 8424 
  0x0000015dafa9d1e4: b000 0000 | 4c8b c8bf | 0100 0000 | 4c8b 5424 | 784c 8954 | 2458 498b | e866 6690 

  0x0000015dafa9d200: ;   {optimized virtual_call}
  0x0000015dafa9d200: c5f8 77e8 

  0x0000015dafa9d204: ; ImmutableOopMap {rbp=Oop [32]=Oop [40]=NarrowOop [72]=Oop [80]=Oop [88]=Oop [120]=Oop [160]=Oop [176]=Oop [184]=Oop }
                      ;*invokevirtual putVal {reexecute=0 rethrow=0 return_oop=1}
                      ; - java.util.concurrent.ConcurrentHashMap::putIfAbsent@4
                      ; - java.lang.ClassLoader::getClassLoadingLock@23
                      ; - jdk.internal.loader.BuiltinClassLoader::loadClassOrNull@2
                      ; - jdk.internal.loader.BuiltinClassLoader::loadClass@3
                      ; - java.lang.ClassLoader::loadClass@38
                      ; - java.lang.ClassLoader::loadClass@38
  0x0000015dafa9d204: 98f6 feff 

  0x0000015dafa9d208: ;   {other}
  0x0000015dafa9d208: 0f1f 8400 | 7814 0007 | 4885 c00f | 8592 3e00 | 004c 8b44 | 2420 488d | 9c24 4001 | 0000 498b 
  0x0000015dafa9d228: 00a8 020f | 8523 0000 | 0048 83c8 | 0148 8903 | f049 0fb1 | 180f 8437 | 0000 0048 | 2bc4 4825 
  0x0000015dafa9d248: 07f0 ffff | 4889 03e9 | 2400 0000 | 4c8b d048 | 33c0 f04d | 0fb1 7a3e | 48c7 0303 | 0000 0074 
  0x0000015dafa9d268: 114c 3bf8 | 7515 49ff | 8286 0000 | 0048 33c0 | 7509 49ff | 8750 0500 | 0033 c00f | 855b 5f00 
  0x0000015dafa9d288: 004c 8b8c | 24b0 0000 | 0041 8b69 | 1445 8b5c | ec0c 4585 | db0f 8679 | 5f00 0045 | 0fbe 5110 
  0x0000015dafa9d2a8: 4585 d20f | 85cf 6f00 | 00c4 422a | f7d3 453b | d345 0f4f | d349 8d0c | ec49 8d74 | ec10 4585 
  0x0000015dafa9d2c8: d20f 8ed0 | 0000 0045 | 3bda 0f82 | 5460 0000 | 488b fe41 | 8bd2 b82f | 0000 0048 | 8bdf 83fa 
  0x0000015dafa9d2e8: 100f 8c79 | 0000 0083 | fa20 0f8c | 3600 0000 | c5f9 6ec0 | c4e2 7d78 | c0c5 edef 

  0x0000015dafa9d304: ;   {no_reloc}
  0x0000015dafa9d304: d28b ca83 | e1e0 83e2 | 1fc5 fe6f | 0bc5 f574 | c8c4 e27d | 17d1 0f83 | 6900 0000 | 4883 c320 
  0x0000015dafa9d324: 83e9 2075 | e4e9 0d00 | 0000 c5f9 | 6ec0 c5e9 | efd2 c4e2 | 7900 c283 | fa10 0f8c | 2400 0000 
  0x0000015dafa9d344: 8bca 83e1 | f083 e20f | c5fa 6f0b | c5f1 74c8 | c4e2 7917 | d10f 832a | 0000 0048 | 83c3 1083 
  0x0000015dafa9d364: e910 75e4 | 85d2 0f84 | 1200 0000 | 0fb6 0b3b | c174 1c48 | 83c3 0183 | ea01 7402 | ebee bbff 
  0x0000015dafa9d384: ffff ffeb | 0dc5 fdd7 | c90f bcc1 | 4803 d848 | 2bdf 83fb | ff0f 8599 | 6f00 000f | b62e 83fd 
  0x0000015dafa9d3a4: 5b0f 84a9 | 7000 004c | 8984 24a8 | 0000 0048 | 8b94 24a0 | 0000 004d | 8bc1 4c89 | 4424 204c 
  0x0000015dafa9d3c4: 8b54 2478 | 4c89 5424 | 384c 8944 | 2458 488b | ac24 a800 | 0000 6690 

  0x0000015dafa9d3dc: ;   {optimized virtual_call}
  0x0000015dafa9d3dc: c5f8 77e8 

  0x0000015dafa9d3e0: ; ImmutableOopMap {rbp=Oop [32]=Oop [40]=NarrowOop [56]=Oop [72]=Oop [80]=Oop [88]=Oop [120]=Oop [160]=Oop [168]=Oop [176]=Oop [184]=Oop }
                      ;*invokevirtual findLoadedClass0 {reexecute=0 rethrow=0 return_oop=1}
                      ; - java.lang.ClassLoader::findLoadedClass@11
                      ; - jdk.internal.loader.BuiltinClassLoader::loadClassOrNull@10
                      ; - jdk.internal.loader.BuiltinClassLoader::loadClass@3
                      ; - java.lang.ClassLoader::loadClass@38
                      ; - java.lang.ClassLoader::loadClass@38
  0x0000015dafa9d3e0: fcce ebff 

  0x0000015dafa9d3e4: ;   {other}
  0x0000015dafa9d3e4: 0f1f 8400 | 5416 0008 | 488b d848 | 85c0 0f85 | cc3c 0000 | 4c8b 5424 | 2045 8b42 | 1447 8b5c 
  0x0000015dafa9d404: c40c 4489 | 5c24 2044 | 8984 248c | 0000 0045 | 0fbe 5a10 | c462 22f7 | 4424 2045 | 8d50 ff45 
  0x0000015dafa9d424: 85db 0f85 | b06e 0000 | 448b 9c24 | 8c00 0000 | 4b8d 2cdc | 448b 5c24 | 2041 ffcb | 453b da45 
  0x0000015dafa9d444: 0f4f da45 | 85db 0f8c | 363d 0000 | 448b 4c24 | 2045 85c9 | 0f86 ba5c | 0000 453b | d90f 83b1 
  0x0000015dafa9d464: 5c00 0045 | 85db 0f8e | 3d5e 0000 | 458d 53ff | 49b9 0000 | bcb4 5d01 | 0000 4c89 | 8c24 d800 
  0x0000015dafa9d484: 0000 460f | be4c 1d10 | 4183 f92e | 0f84 963a | 0000 41ff | cb45 3bda | 7fe8 4183 | fb02 0f8e 
  0x0000015dafa9d4a4: 8e00 0000 | 458d 4bfe | 4533 d241 | 83fb 0245 | 0f4c ca41 | 81f9 a00f | 0000 41ba | a00f 0000 
  0x0000015dafa9d4c4: 450f 47ca | 418b fb41 | 2bf9 6690 | 4d63 d342 | 0fbe 4c15 | 1083 f92e | 0f84 b900 

  0x0000015dafa9d4e0: ;   {no_reloc}
  0x0000015dafa9d4e0: 0000 460f | be54 150f | 4183 fa2e | 0f84 ae00 | 0000 458d | 53fe 420f | be4c 1510 | 83f9 2e0f 
  0x0000015dafa9d500: 849f 0000 | 0045 8d53 | fd46 0fbe | 4c15 1041 | 83f9 2e0f | 848b 0000 | 0041 83c3 | fc44 3bdf 
  0x0000015dafa9d520: 7fae 4d8b | 9758 0400 

  0x0000015dafa9d528: ; ImmutableOopMap {rbp=Oop [40]=NarrowOop [72]=Oop [80]=Oop [120]=Oop [140]=NarrowOop [160]=Oop [168]=Oop [176]=Oop [184]=Oop }
                      ;*goto {reexecute=1 rethrow=0 return_oop=0}
                      ; - (reexecute) java.lang.StringLatin1::lastIndexOf@35
                      ; - java.lang.String::lastIndexOf@13
                      ; - java.lang.String::lastIndexOf@8
                      ; - jdk.internal.loader.BuiltinClassLoader::findLoadedModule@3
                      ; - jdk.internal.loader.BuiltinClassLoader::loadClassOrNull@22
                      ; - jdk.internal.loader.BuiltinClassLoader::loadClass@3
                      ; - java.lang.ClassLoader::loadClass@38
                      ; - java.lang.ClassLoader::loadClass@38
                      ;   {poll}
  0x0000015dafa9d528: 0041 8502 | 4183 fb02 | 0f8f 72ff | ffff 4183 | fbff 0f8e | 583c 0000 | 460f be54 | 1d10 4183 
  0x0000015dafa9d548: fa2e 0f84 | c468 0000 | 41ff cb41 | 83fb ff7f | e7e9 3a3c | 0000 4c8b | 4424 2045 | 33c9 6690 
  0x0000015dafa9d568: ;   {optimized virtual_call}
  0x0000015dafa9d568: c5f8 77e8 

  0x0000015dafa9d56c: ; ImmutableOopMap {rbp=Oop [32]=Oop [40]=NarrowOop [72]=Oop [80]=Oop [120]=Oop [176]=Oop [184]=Oop }
                      ;*invokevirtual loadClass {reexecute=0 rethrow=0 return_oop=1}
                      ; - java.lang.ClassLoader::loadClass@38
                      ; - java.lang.ClassLoader::loadClass@38
  0x0000015dafa9d56c: 10f3 ffff 

  0x0000015dafa9d570: ;   {other}
  0x0000015dafa9d570: 0f1f 8400 | e017 000a | 488b d848 | 85c0 0f85 | cd1d 0000 | 49ba 0000 | bcb4 5d01 | 0000 4c89 
  0x0000015dafa9d590: 9424 2001 | 0000 e9fa | 0900 0045 | 8bd3 eb04 | 458d 53ff | 4585 d20f | 8cef 6e00 | 0045 3bd0 
  0x0000015dafa9d5b0: 0f8f 566f | 0000 453b | d00f 844e | 2c00 0045 | 85d2 0f84 | 8444 0000 | 4489 5424 | 244d 8b9f 
  0x0000015dafa9d5d0: b801 0000 | 4d8b d349 | 83c2 184d | 3b97 c801 | 0000 0f83 | 3544 0000 | 4d89 97b8 | 0100 0041 
  0x0000015dafa9d5f0: 0f0d 8ac0 | 0000 0049 | c703 0100 

  0x0000015dafa9d5fc: ;   {metadata('java/lang/String')}
  0x0000015dafa9d5fc: 0000 41c7 | 4308 78e8 | 0000 4589 | 630c 4d89 | 6310 448b | 9424 8c00 | 0000 4f8d | 4cd4 1044 
  0x0000015dafa9d61c: 8b44 2424 | 443b 4424 | 200f 85d0 | 0000 004c | 894c 2438 | 4c89 9c24 | 8800 0000 | 4489 5424 
  0x0000015dafa9d63c: 2c4c 6354 | 2420 4c89 | 5424 5844 | 8b5c 2420 | 4181 fb00 | 0010 000f | 87a4 4d00 | 004d 8b97 
  0x0000015dafa9d65c: b801 0000 | 4c8b 5c24 | 5849 83c3 | 1749 83e3 | f84d 8bc2 | 4d03 c34d | 3b87 c801 | 0000 0f83 
  0x0000015dafa9d67c: 7d4d 0000 | 4d89 87b8 | 0100 0041 | 0f0d 88c0 | 0000 0049 | c702 0100 | 0000 410f | 0d88 0001 
  0x0000015dafa9d69c: ;   {metadata({type array byte})}
  0x0000015dafa9d69c: 0000 41c7 | 4208 1823 | 0000 448b | 5c24 2045 | 895a 0c41 | 0f0d 8840 | 0100 0041 | 0f0d 8880 
  0x0000015dafa9d6bc: 0100 0049 | 8bd2 4883 | c210 498b | da4c 8b54 | 2458 4983 | c207 49c1 | ea03 488b | 4c24 384d 
  0x0000015dafa9d6dc: 8bc2 c5f8 | 7749 ba60 | 4b3d af5d | 0100 0041 

  0x0000015dafa9d6ec: ;   {other}
  0x0000015dafa9d6ec: ffd2 0f1f | 8400 0000 | 0000 e91c | 0100 0041 | 81f8 0000 | 1000 0f87 | 1467 0000 | 4c89 4c24 
  0x0000015dafa9d70c: 384c 899c | 2488 0000 | 0044 8944 | 242c 458b | da4d 63c0 | 448b 4c24 | 2044 3b4c | 242c 8b4c 
  0x0000015dafa9d72c: 242c 458b | d144 0f4f | d144 8954 | 2434 443b | 4c24 340f | 8263 6700 | 003b 4c24 | 340f 8259 
  0x0000015dafa9d74c: 6700 0049 | 83c0 174c | 8944 2420 | 4d8b d049 | 83e2 f84c | 8954 2458 | 81f9 0000 | 1000 0f87 
  0x0000015dafa9d76c: 9a4b 0000 | 498b 9fb8 | 0100 004c | 8bd3 4c8b | 5c24 584d | 03d3 4d3b | 97c8 0100 | 000f 837b 
  0x0000015dafa9d78c: 4b00 004d | 8997 b801 | 0000 410f | 0d8a c000 | 0000 48c7 | 0301 0000 | 0041 0f0d | 8a00 0100 
  0x0000015dafa9d7ac: ;   {metadata({type array byte})}
  0x0000015dafa9d7ac: 00c7 4308 | 1823 0000 | 894b 0c41 | 0f0d 8a40 | 0100 0041 | 0f0d 8a80 | 0100 0048 | 8bd3 4883 
  0x0000015dafa9d7cc: c210 4c8b | 5424 2049 | c1ea 038b | 6c24 3485 | ed0f 8459 | 6600 003b | 6c24 2c0f | 8c3e 3c00 
  0x0000015dafa9d7ec: 004c 8b44 | 2458 4983 | c0f0 49c1 | e803 488b | 4c24 38c5 | f877 49ba | 604b 3daf | 5d01 0000 
  0x0000015dafa9d80c: ;   {other}
  0x0000015dafa9d80c: 41ff d20f | 1f84 0000 | 0000 0041 | 807f 4000 | 0f85 903a | 0000 4c8b | 8424 8800 | 0000 4d8b 
  0x0000015dafa9d82c: d04c 8bdb | 49c1 eb03 | 4589 5814 | 4c8b db4d | 33da 49c1 | eb16 4d85 | db74 1a49 | c1ea 0948 
  0x0000015dafa9d84c: b900 00bc | b45d 0100 | 0049 03ca | 8039 020f | 859b 3a00 | 0045 8860 | 1041 8b40 | 0c85 c075 
  0x0000015dafa9d86c: 5545 0fb6 | 5811 4585 | db0f 8580 | 3d00 0045 | 8b58 1449 | 8bd3 48c1 | e203 4180 | 7810 000f 
  0x0000015dafa9d88c: 8559 4300 | 0049 8be8 | 4c8b 9424 | b000 0000 | 4c89 5424 | 3866 6690 

  0x0000015dafa9d8a4: ;   {static_call}
  0x0000015dafa9d8a4: c5f8 77e8 

  0x0000015dafa9d8a8: ; ImmutableOopMap {rbp=Oop [40]=NarrowOop [56]=Oop [72]=Oop [80]=Oop [120]=Oop [160]=Oop [168]=Oop [176]=Oop [184]=Oop }
                      ;*invokestatic hashCode {reexecute=0 rethrow=0 return_oop=0}
                      ; - java.lang.String::hashCode@27
                      ; - java.util.concurrent.ConcurrentHashMap::get@1
                      ; - jdk.internal.loader.BuiltinClassLoader::findLoadedModule@24
                      ; - jdk.internal.loader.BuiltinClassLoader::loadClassOrNull@22
                      ; - jdk.internal.loader.BuiltinClassLoader::loadClass@3
                      ; - java.lang.ClassLoader::loadClass@38
                      ; - java.lang.ClassLoader::loadClass@38
  0x0000015dafa9d8a8: 14f1 ecff 

  0x0000015dafa9d8ac: ;   {other}
  0x0000015dafa9d8ac: 0f1f 8400 | 1c1b 000b | 85c0 0f84 | 2043 0000 | 4c8b c589 

  0x0000015dafa9d8c0: ;   {oop(a 'java/util/concurrent/ConcurrentHashMap'{0x00000006804aebf8})}
  0x0000015dafa9d8c0: 450c 49ba | f8eb 4a80 | 0600 0000 | 418b 4a28 | 85c9 0f84 | f003 0000 | 458b 54cc | 0c45 85d2 
  0x0000015dafa9d8e0: 0f86 b66a | 0000 448b | d841 c1eb | 1044 33d8 | 4d8d 0ccc | 4181 e3ff | ffff 7f41 | ffca 4523 
  0x0000015dafa9d900: d34d 63d2 | 478b 4c91 | 1045 85c9 | 0f84 b603 | 0000 438b | 6ccc 0c41 | 3beb 0f85 | f002 0000 
  0x0000015dafa9d920: 438b 6ccc | 104c 8bd5 | 49c1 e203 | 4d3b d00f | 8428 0100 | 0045 8b54 | ec08 458b | f145 8bcb 
  0x0000015dafa9d940: 4d8b d849 | 8d0c ec4c | 3bc1 0f84 | 0f36 0000 

  0x0000015dafa9d950: ;   {metadata('java/lang/String')}
  0x0000015dafa9d950: 4181 fa78 | e800 000f | 8513 8300 | 0045 0fbe | 4010 0fbe | 6910 443b | c50f 85c1 | 7600 0044 
  0x0000015dafa9d970: 8b51 1441 | 8b5b 1447 | 8b44 d40c | 418b 4cdc | 0c41 3bc8 | 0f85 633c | 0000 4f8d | 04d4 4b8d 
  0x0000015dafa9d990: 74d4 104d | 8d14 dc49 | 8d7c dc10 | 85c9 0f84 | 9d00 0000 | 8bc1 83e0 | 1f83 e1e0 | 0f84 4b00 
  0x0000015dafa9d9b0: 0000 488d | 3c0f 488d | 340e 48f7 | d9c5 fe6f | 0c0f c5fe | 6f04 0ec5 | f5ef c8c4 | e27d 17c9 
  0x0000015dafa9d9d0: 0f85 7200 | 0000 4883 | c120 75e1 | 85c0 0f84 | 5d00 0000 | c5fe 6f4c | 07e0 c5fe | 6f44 06e0 
  0x0000015dafa9d9f0: c5f5 efc8 | c4e2 7d17 | c975 4deb | 448b c883 | e1fc 7419 | 488d 3c0f | 488d 340e | 48f7 d98b 
  0x0000015dafa9da10: 1c0f 3b1c | 0e75 3148 | 83c1 0475 | f2a8 0274 | 120f b71f | 0fb7 0e3b | d975 1d48 | 8d7f 0248 
  0x0000015dafa9da30: 8d76 02a8 | 0174 0a0f | b61f 0fb6 | 0e3b d975 | 07b8 0100 | 0000 eb02 | 33c0 c5f5 

  0x0000015dafa9da4c: ;   {no_reloc}
  0x0000015dafa9da4c: efc9 c5fd | efc0 85c0 | 0f84 d43c | 0000 458b | ce43 8b6c | cc14 85ed | 0f84 5e02 | 0000 458b 
  0x0000015dafa9da6c: ;   {metadata('jdk/internal/loader/BuiltinClassLoader$LoadedModule')}
  0x0000015dafa9da6c: 54ec 0841 | 81fa a8de | 1600 0f85 | 6c81 0000 | 4d8d 14ec | 418b 6a0c | 4c8b dd49 | c1e3 034c 
  0x0000015dafa9da8c: 8b84 24a0 | 0000 004d | 3bd8 0f84 | cb34 0000 

  0x0000015dafa9da9c: ; implicit exception: dispatches to 0x0000015dafaa65c0
  0x0000015dafa9da9c: 458b 5cec 

  0x0000015dafa9daa0: ;   {metadata('jdk/internal/loader/ClassLoaders$BootClassLoader')}
  0x0000015dafa9daa0: 0841 81fb | 104d 1700 | 0f85 7e64 | 0000 4c8b | 8c24 b000 | 0000 418b | 6914 418b | 4cec 0c85 
  0x0000015dafa9dac0: c90f 86b5 | 6400 0045 | 0fbe 5910 | 4585 db0f | 85db 7100 | 00c4 6222 | f7d1 443b | d144 0f4f 
  0x0000015dafa9dae0: d14d 8d1c | ec4d 8d5c | ec10 4585 | d20f 8ed0 | 0000 0041 | 3bca 0f82 | e864 0000 | 498b fb41 
  0x0000015dafa9db00: 8bd2 b82f | 0000 0048 | 8bdf 83fa | 100f 8c79 | 0000 0083 | fa20 0f8c | 3600 0000 | c5f9 6ec0 
  0x0000015dafa9db20: c4e2 7d78 | c0c5 edef | d28b ca83 | e1e0 83e2 | 1fc5 fe6f | 0bc5 f574 | c8c4 e27d | 17d1 0f83 
  0x0000015dafa9db40: 6900 0000 | 4883 c320 | 83e9 2075 | e4e9 0d00 | 0000 c5f9 | 6ec0 c5e9 | efd2 c4e2 | 7900 c283 
  0x0000015dafa9db60: fa10 0f8c | 2400 0000 | 8bca 83e1 | f083 e20f | c5fa 6f0b | c5f1 74c8 | c4e2 7917 | d10f 832a 
  0x0000015dafa9db80: 0000 0048 | 83c3 1083 | e910 75e4 | 85d2 0f84 | 1200 0000 | 0fb6 0b3b | c174 1c48 | 83c3 0183 
  0x0000015dafa9dba0: ;   {no_reloc}
  0x0000015dafa9dba0: ea01 7402 | ebee bbff | ffff ffeb | 0dc5 fdd7 | c90f bcc1 | 4803 d848 | 2bdf 83fb | ff0f 8545 
  0x0000015dafa9dbc0: 7100 0041 | 0fb6 2b83 | fd5b 0f84 | a471 0000 | 498b d14c | 894c 2458 | 4c8b 5424 | 784c 8954 
  0x0000015dafa9dbe0: 2460 4c89 | 4c24 7048 | 8bac 24a8 | 0000 0090 

  0x0000015dafa9dbf0: ;   {static_call}
  0x0000015dafa9dbf0: c5f8 77e8 

  0x0000015dafa9dbf4: ; ImmutableOopMap {rbp=Oop [40]=NarrowOop [72]=Oop [80]=Oop [88]=Oop [96]=Oop [112]=Oop [120]=Oop [160]=Oop [168]=Oop [176]=Oop [184]=Oop }
                      ;*invokestatic findBootstrapClass {reexecute=0 rethrow=0 return_oop=1}
                      ; - java.lang.ClassLoader::findBootstrapClassOrNull@10
                      ; - java.lang.System$2::findBootstrapClassOrNull@1
                      ; - jdk.internal.loader.ClassLoaders$BootClassLoader::loadClassOrNull@4
                      ; - jdk.internal.loader.BuiltinClassLoader::loadClassOrNull@3
                      ; - jdk.internal.loader.BuiltinClassLoader::loadClassOrNull@66
                      ; - jdk.internal.loader.BuiltinClassLoader::loadClass@3
                      ; - java.lang.ClassLoader::loadClass@38
                      ; - java.lang.ClassLoader::loadClass@38
  0x0000015dafa9dbf4: e82f efff 

  0x0000015dafa9dbf8: ;   {other}
  0x0000015dafa9dbf8: 0f1f 8400 | 681e 000c | 488b d84c | 8b84 24d8 | 0000 00e9 | 5402 0000 | 85ed 0f8c | 9874 0000 
  0x0000015dafa9dc18: 478b 54cc | 1845 85d2 | 0f84 a200 | 0000 4f8d | 0cd4 418b | 790c 498b | 8f58 0400 

  0x0000015dafa9dc34: ; ImmutableOopMap {r8=Oop r9=Oop [40]=NarrowOop [72]=Oop [80]=Oop [120]=Oop [160]=Oop [168]=Oop [176]=Oop [184]=Oop }
                      ;*if_icmpne {reexecute=1 rethrow=0 return_oop=0}
                      ; - (reexecute) java.util.concurrent.ConcurrentHashMap::get@127
                      ; - jdk.internal.loader.BuiltinClassLoader::findLoadedModule@24
                      ; - jdk.internal.loader.BuiltinClassLoader::loadClassOrNull@22
                      ; - jdk.internal.loader.BuiltinClassLoader::loadClass@3
                      ; - java.lang.ClassLoader::loadClass@38
                      ; - java.lang.ClassLoader::loadClass@38
                      ;   {poll}
  0x0000015dafa9dc34: 0085 0141 | 3bfb 7413 | 458b 5118 | 4585 d20f | 847f 0000 | 004f 8d0c | d4eb db41 | 8b69 104c 
  0x0000015dafa9dc54: 8bd5 49c1 | e203 4d3b | d074 5d85 | ed0f 843d | 7a00 004c | 898c 2488 | 0000 0044 | 895c 242c 
  0x0000015dafa9dc74: 4c89 8424 | 8000 0000 | 4d8d 04ec | 488b 9424 | 8000 0000 | 488b 6c24 | 484c 8b94 | 24b0 0000 
  0x0000015dafa9dc94: 004c 8954 | 2420 6690 

  0x0000015dafa9dc9c: ;   {optimized virtual_call}
  0x0000015dafa9dc9c: c5f8 77e8 

  0x0000015dafa9dca0: ; ImmutableOopMap {rbp=Oop [32]=Oop [40]=NarrowOop [72]=Oop [80]=Oop [120]=Oop [128]=Oop [136]=Oop [160]=Oop [168]=Oop [176]=Oop [184]=Oop }
                      ;*invokevirtual equals {reexecute=0 rethrow=0 return_oop=0}
                      ; - java.util.concurrent.ConcurrentHashMap::get@149
                      ; - jdk.internal.loader.BuiltinClassLoader::findLoadedModule@24
                      ; - jdk.internal.loader.BuiltinClassLoader::loadClassOrNull@22
                      ; - jdk.internal.loader.BuiltinClassLoader::loadClass@3
                      ; - java.lang.ClassLoader::loadClass@38
                      ; - java.lang.ClassLoader::loadClass@38
  0x0000015dafa9dca0: 9c1c ebff 

  0x0000015dafa9dca4: ;   {other}
  0x0000015dafa9dca4: 0f1f 8400 | 141f 000e | 85c0 0f84 | 687a 0000 | 4c8b 8c24 | 8800 0000 | 418b 6914 | 85ed 0f85 
  0x0000015dafa9dcc4: a2fd ffff | 4c8b 8424 | a000 0000 | 418b 6854 

  0x0000015dafa9dcd4: ; implicit exception: dispatches to 0x0000015dafaa6840
  0x0000015dafa9dcd4: 458b 5cec 

  0x0000015dafa9dcd8: ;   {metadata('jdk/internal/loader/ClassLoaders$BootClassLoader')}
  0x0000015dafa9dcd8: 0841 81fb | 104d 1700 | 0f85 066d | 0000 4c8b | 8c24 b000 | 0000 418b | 6914 418b | 5cec 0c85 
  0x0000015dafa9dcf8: db0f 864d | 6d00 0045 | 0fbe 5910 | 4585 db0f | 8537 7100 | 00c4 6222 | f7d3 443b | d344 0f4f 
  0x0000015dafa9dd18: d34d 8d1c | ec49 8d74 | ec10 4585 | d20f 8ed0 | 0000 0041 | 3bda 0f82 | 806d 0000 | 488b fe41 
  0x0000015dafa9dd38: 8bd2 b82f | 0000 0048 | 8bdf 83fa | 100f 8c79 | 0000 0083 | fa20 0f8c | 3600 0000 | c5f9 6ec0 
  0x0000015dafa9dd58: c4e2 7d78 | c0c5 edef | d28b ca83 | e1e0 83e2 | 1fc5 fe6f | 0bc5 f574 | c8c4 e27d | 17d1 0f83 
  0x0000015dafa9dd78: 6900 0000 | 4883 c320 | 83e9 2075 | e4e9 0d00 | 0000 c5f9 | 6ec0 c5e9 | efd2 c4e2 | 7900 c283 
  0x0000015dafa9dd98: fa10 0f8c | 2400 0000 | 8bca 83e1 | f083 e20f | c5fa 6f0b | c5f1 74c8 | c4e2 7917 | d10f 832a 
  0x0000015dafa9ddb8: 0000 0048 | 83c3 1083 | e910 75e4 | 85d2 0f84 | 1200 0000 | 0fb6 0b3b | c174 1c48 | 83c3 0183 
  0x0000015dafa9ddd8: ;   {no_reloc}
  0x0000015dafa9ddd8: ea01 7402 | ebee bbff | ffff ffeb | 0dc5 fdd7 | c90f bcc1 | 4803 d848 | 2bdf 83fb | ff0f 8509 
  0x0000015dafa9ddf8: 7100 000f | b62e 83fd | 5b0f 8469 | 7100 0048 | ffb4 24a0 | 0000 0048 | 8f84 2480 | 0000 0049 
  0x0000015dafa9de18: 8bd1 488b | 6c24 484c | 894c 2470 | 4c89 8c24 | 9000 0000 

  0x0000015dafa9de2c: ;   {static_call}
  0x0000015dafa9de2c: c5f8 77e8 

  0x0000015dafa9de30: ; ImmutableOopMap {rbp=Oop [40]=NarrowOop [72]=Oop [80]=Oop [112]=Oop [120]=Oop [128]=Oop [144]=Oop [168]=Oop [176]=Oop [184]=Oop }
                      ;*invokestatic findBootstrapClass {reexecute=0 rethrow=0 return_oop=1}
                      ; - java.lang.ClassLoader::findBootstrapClassOrNull@10
                      ; - java.lang.System$2::findBootstrapClassOrNull@1
                      ; - jdk.internal.loader.ClassLoaders$BootClassLoader::loadClassOrNull@4
                      ; - jdk.internal.loader.BuiltinClassLoader::loadClassOrNull@3
                      ; - jdk.internal.loader.BuiltinClassLoader::loadClassOrNull@86
                      ; - jdk.internal.loader.BuiltinClassLoader::loadClass@3
                      ; - java.lang.ClassLoader::loadClass@38
                      ; - java.lang.ClassLoader::loadClass@38
  0x0000015dafa9de30: ac2d efff 

  0x0000015dafa9de34: ;   {other}
  0x0000015dafa9de34: 0f1f 8400 | a420 000f | 4885 c00f | 8547 7000 | 004c 8b9c | 2480 0000 | 0045 8b43 | 5845 85c0 
  0x0000015dafa9de54: 0f85 7671 | 0000 33db | 4c8b 8424 | d800 0000 | 4c8b 9c24 | a800 0000 | 488d 8424 | 4001 0000 
  0x0000015dafa9de74: 4883 3800 | 0f84 7900 | 0000 4d8b | 1341 f6c2 | 020f 8462 | 0000 0049 | 83ba 8600 | 0000 0074 
  0x0000015dafa9de94: 0949 ff8a | 8600 0000 | eb4b 498b | 8296 0000 | 0049 0b82 | 8e00 0000 | 750a 49c7 | 423e 0000 
  0x0000015dafa9deb4: 0000 eb3d | 4983 ba9e | 0000 0000 | 7422 4833 | c049 c742 | 3e00 0000 | 00f0 8304 | 2400 4983 
  0x0000015dafa9ded4: ba9e 0000 | 0000 750d | f04d 0fb1 | 7a3e 7505 | 83c8 01eb | 0ca8 00eb | 084c 8b10 | f04d 0fb1 
  0x0000015dafa9def4: 1375 0a49 | ff8f 5005 | 0000 4533 | d20f 8575 | 5300 0048 | 85db 0f85 | 4114 0000 | 498b 87b8 
  0x0000015dafa9df14: 0100 004c | 8bd0 4983 | c228 4d3b | 97c8 0100 | 000f 83b6 | 3a00 004d | 8997 b801 

  0x0000015dafa9df30: ;   {no_reloc}
  0x0000015dafa9df30: 0000 410f | 0d8a c000 | 0000 48c7 | 0001 0000 

  0x0000015dafa9df40: ;   {metadata('java/lang/ClassNotFoundException')}
  0x0000015dafa9df40: 00c7 4008 | 8893 0600 | 4489 600c | 4c89 6010 | 4c89 6018 | 4c89 6020 | 4c89 4424 | 2048 8bd0 
  0x0000015dafa9df60: 4c8b 8424 | b000 0000 | 4c89 4424 | 5848 8b6c | 2478 4889 | 5424 6090 

  0x0000015dafa9df78: ;   {optimized virtual_call}
  0x0000015dafa9df78: c5f8 77e8 

  0x0000015dafa9df7c: ; ImmutableOopMap {rbp=Oop [40]=NarrowOop [72]=Oop [80]=Oop [88]=Oop [96]=Oop [120]=Oop [176]=Oop [184]=Oop }
                      ;*invokespecial <init> {reexecute=0 rethrow=0 return_oop=0}
                      ; - jdk.internal.loader.BuiltinClassLoader::loadClass@16
                      ; - java.lang.ClassLoader::loadClass@38
                      ; - java.lang.ClassLoader::loadClass@38
  0x0000015dafa9df7c: 0042 0400 

  0x0000015dafa9df80: ;   {other}
  0x0000015dafa9df80: 0f1f 8400 | f021 0010 | 4c8b 4c24 | 204c 898c | 2420 0100 | 00c5 f877 | 49ba d030 | fe37 fc7f 
  0x0000015dafa9dfa0: 0000 41ff 

  0x0000015dafa9dfa4: ;   {other}
  0x0000015dafa9dfa4: d20f 1f84 | 0000 0000 | 0048 8944 | 2470 4c8b | 9424 b800 | 0000 458b | 5a58 4585 | db0f 84ee 
  0x0000015dafa9dfc4: 3000 004b | 8d2c dc48 | 8bd5 4c8b | 5424 784c | 8954 2438 | 4c8b 9424 | b000 0000 | 4c89 5424 
  0x0000015dafa9dfe4: 584c 8954 | 2460 6690 

  0x0000015dafa9dfec: ;   {static_call}
  0x0000015dafa9dfec: c5f8 77e8 

  0x0000015dafa9dff0: ; ImmutableOopMap {rbp=Oop [40]=NarrowOop [56]=Oop [72]=Oop [80]=Oop [88]=Oop [96]=Oop [120]=Oop [176]=Oop [184]=Oop }
                      ;*invokestatic ensureMaterializedForStackWalk {reexecute=0 rethrow=0 return_oop=0}
                      ; - java.security.AccessController::executePrivileged@5
                      ; - java.security.AccessController::doPrivileged@13
                      ; - java.net.URLClassLoader::findClass@13
                      ; - java.lang.ClassLoader::loadClass@69
                      ; - java.lang.ClassLoader::loadClass@38
  0x0000015dafa9dff0: eccb eeff 

  0x0000015dafa9dff4: ;   {other}
  0x0000015dafa9dff4: 0f1f 8400 | 6422 0011 | 4c8b dd4c | 8b8c 24b0 | 0000 0045 | 0fbe 5110 | 4585 d20f | 85b3 5500 
  0x0000015dafa9e014: 0045 8b41 | 1447 8b54 | c40c 4585 | d20f 867b | 0400 0041 | 8d5a ff41 | 3bda 0f83 | 184c 0000 
  0x0000015dafa9e034: 895c 2420 | 4489 5424 | 3444 8984 | 24c0 0000 | 004c 899c | 2480 0000 | 0041 83c2 | fd44 8954 
  0x0000015dafa9e054: 2424 4f8d | 14c4 4c89 | 5424 3843 | 807c c410 | 2e0f 8475 | 2f00 0044 | 8b5c 2424 | 4183 fb01 
  0x0000015dafa9e074: 0f8e 2931 | 0000 bd01 | 0000 0044 | 8b5c 2434 | 442b dd41 | 83c3 fd44 | 8b54 2424 | 4533 c944 
  0x0000015dafa9e094: 3bd5 450f | 4cd9 4181 | fba0 0f00 | 0041 b8a0 | 0f00 0045 | 0f47 d844 | 03dd eb03 | 418b e84c 
  0x0000015dafa9e0b4: 63cd 4c8b | 5424 3847 | 0fbe 440a | 1041 83f8 | 2e74 5747 | 0fbe 440a | 1141 83f8 | 2e74 4447 
  0x0000015dafa9e0d4: 0fbe 440a | 1241 83f8 | 2e74 3c47 | 0fbe 540a | 1341 83fa | 2e74 2944 | 8d45 0445 

  0x0000015dafa9e0f0: ;   {no_reloc}
  0x0000015dafa9e0f0: 3bc3 7cbc | 4d8b 9f58 | 0400 0083 

  0x0000015dafa9e0fc: ; ImmutableOopMap {[40]=NarrowOop [56]=Oop [72]=Oop [80]=Oop [120]=Oop [128]=Oop [176]=Oop [184]=Oop [192]=NarrowOop }
                      ;*if_icmpne {reexecute=1 rethrow=0 return_oop=0}
                      ; - (reexecute) java.lang.StringLatin1::replace@28
                      ; - java.lang.String::replace@18
                      ; - java.net.URLClassLoader$1::run@8
                      ; - java.net.URLClassLoader$1::run@1
                      ; - java.security.AccessController::executePrivileged@29
                      ; - java.security.AccessController::doPrivileged@13
                      ; - java.net.URLClassLoader::findClass@13
                      ; - java.lang.ClassLoader::loadClass@69
                      ; - java.lang.ClassLoader::loadClass@38
                      ;   {poll}
  0x0000015dafa9e0fc: c503 4185 | 0344 3b44 | 2424 0f8d | 9d30 0000 | 418b e8e9 | 6bff ffff | 83c5 02ff | c5eb 0383 
  0x0000015dafa9e11c: c502 3b6c | 2434 0f8d | 6203 0000 | 448b 5424 | 3441 81fa | 0000 1000 | 0f87 eb36 | 0000 4d8b 
  0x0000015dafa9e13c: 87b8 0100 | 004d 63d2 | 4983 c217 | 4983 e2f8 | 4d8b d84d | 03da 4d3b | 9fc8 0100 | 000f 83c6 
  0x0000015dafa9e15c: 3600 004d | 899f b801 | 0000 410f | 0d8b c000 | 0000 49c7 | 0001 0000 | 0041 0f0d | 8b00 0100 
  0x0000015dafa9e17c: ;   {metadata({type array byte})}
  0x0000015dafa9e17c: 0041 c740 | 0818 2300 | 0044 8b4c | 2434 4589 | 480c 410f | 0d8b 4001 | 0000 410f | 0d8b 8001 
  0x0000015dafa9e19c: 0000 4c89 | 8424 9000 | 0000 85ed | 0f8e d500 | 0000 8d4d | ff3b 4c24 | 340f 83c9 | 5800 0044 
  0x0000015dafa9e1bc: 8b5c 2434 | 4585 db0f | 86bb 5800 | 0044 8b94 | 24c0 0000 | 0047 0fbe | 5cd4 1045 | 8858 1083 
  0x0000015dafa9e1dc: f901 0f8e | f458 0000 | bfd0 0700 | 0041 b901 | 0000 008b | dd41 2bd9 | ffcb 4533 | db41 3bc9 
  0x0000015dafa9e1fc: 410f 4cdb | 81fb d007 | 0000 0f47 | df41 03d9 | 0f1f 4000 | 4d63 d14c | 8b5c 2438 | 470f be44 
  0x0000015dafa9e21c: 1310 4c8b | 9c24 9000 | 0000 4788 | 4413 104c | 8b5c 2438 | 470f be5c | 1311 4c8b | 8424 9000 
  0x0000015dafa9e23c: 0000 4788 | 5c10 1141 | 83c1 0244 | 3bcb 7cc4 | 4d8b 9758 

  0x0000015dafa9e250: ; ImmutableOopMap {r8=Oop [40]=NarrowOop [56]=Oop [72]=Oop [80]=Oop [120]=Oop [128]=Oop [144]=Oop [176]=Oop [184]=Oop [192]=NarrowOop }
                      ;*goto {reexecute=1 rethrow=0 return_oop=0}
                      ; - (reexecute) java.lang.StringLatin1::replace@76
                      ; - java.lang.String::replace@18
                      ; - java.net.URLClassLoader$1::run@8
                      ; - java.net.URLClassLoader$1::run@1
                      ; - java.security.AccessController::executePrivileged@29
                      ; - java.security.AccessController::doPrivileged@13
                      ; - java.net.URLClassLoader::findClass@13
                      ; - java.lang.ClassLoader::loadClass@69
                      ; - java.lang.ClassLoader::loadClass@38
                      ;   {poll}
  0x0000015dafa9e250: 0400 0041 | 8502 443b | c97c 9444 | 3bcd 7d23 | 4d63 d14c | 8b5c 2438 | 470f be5c | 1310 4c8b 
  0x0000015dafa9e270: 8424 9000 | 0000 4788 | 5c10 1041 | ffc1 443b | cd7c dd3b | 6c24 340f | 8d98 0100 | 003b 6c24 
  0x0000015dafa9e290: 340f 8368 | 4b00 0044 | 8b5c 2420 | 443b 5c24 | 340f 8358 | 4b00 0044 | 8d55 014c | 63dd 4c8b 
  0x0000015dafa9e2b0: 4424 3847 | 0fbe 4418 | 1041 83f8 | 2e0f 84d4 | 1e00 004c | 8b8c 2490 | 0000 0047 | 8844 1910 
  0x0000015dafa9e2d0: 448d 5d01 | 453b da7d | 0541 8beb | ebcd 443b | 5c24 240f | 8d03 0100 | 00ff c5e9 | c800 0000 
  0x0000015dafa9e2f0: 41bb 2f00 | 0000 6666 | 0f1f 8400 | 0000 0000 | 4c8b 9424 | 9000 0000 | 4788 5c02 | 1383 c504 
  0x0000015dafa9e310: 413b e90f | 8d8f 0000 | 004c 63c5 | 4c8b 5424 | 3847 0fbe | 5c02 1041 | 83fb 2e74 | 634c 8b94 
  0x0000015dafa9e330: 2490 0000 | 0047 885c | 0210 4c8b | 5424 3847 | 0fbe 5c02 | 1141 83fb | 2e74 554c | 8b94 2490 
  0x0000015dafa9e350: ;   {no_reloc}
  0x0000015dafa9e350: 0000 0047 | 885c 0211 | 4c8b 5424 | 3847 0fbe | 5c02 1241 | 83fb 2e74 | 2f4c 8b94 | 2490 0000 
  0x0000015dafa9e370: 0047 885c | 0212 4c8b | 5424 3847 | 0fbe 5c02 | 1341 83fb | 2e0f 8575 | ffff ffe9 | 60ff ffff 
  0x0000015dafa9e390: 41bb 2f00 | 0000 eb95 | 41bb 2f00 | 0000 ebc9 | 41bb 2f00 | 0000 eba3 | 4d8b 9758 

  0x0000015dafa9e3ac: ; ImmutableOopMap {[40]=NarrowOop [56]=Oop [72]=Oop [80]=Oop [120]=Oop [128]=Oop [144]=Oop [176]=Oop [184]=Oop }
                      ;*goto {reexecute=1 rethrow=0 return_oop=0}
                      ; - (reexecute) java.lang.StringLatin1::replace@113
                      ; - java.lang.String::replace@18
                      ; - java.net.URLClassLoader$1::run@8
                      ; - java.net.URLClassLoader$1::run@1
                      ; - java.security.AccessController::executePrivileged@29
                      ; - java.security.AccessController::doPrivileged@13
                      ; - java.net.URLClassLoader::findClass@13
                      ; - java.lang.ClassLoader::loadClass@69
                      ; - java.lang.ClassLoader::loadClass@38
                      ;   {poll}
  0x0000015dafa9e3ac: 0400 0041 | 8502 3b6c | 2424 7d37 | 448b 4c24 | 3444 2bcd | 4183 c1fd | 448b 5424 | 2445 33c0 
  0x0000015dafa9e3cc: 443b d545 | 0f4c c841 | 81f9 a00f | 0000 41bb | a00f 0000 | 450f 47cb | 4403 cde9 | 2dff ffff 
  0x0000015dafa9e3ec: 418b eb3b | 6c24 347d | 3066 6690 | 4c63 d54c | 8b5c 2438 | 470f be5c | 1310 4183 | fb2e 0f84 
  0x0000015dafa9e40c: 9e2a 0000 | 4c8b 8424 | 9000 0000 | 4788 5c10 | 10ff c53b | 6c24 347c | d349 8b8f | b801 0000 
  0x0000015dafa9e42c: 4c8b d149 | 83c2 184d | 3b97 c801 | 0000 0f83 | 1c34 0000 | 4d89 97b8 | 0100 0041 | 0f0d 8ac0 
  0x0000015dafa9e44c: 0000 0048 | c701 0100 

  0x0000015dafa9e454: ;   {metadata('java/lang/String')}
  0x0000015dafa9e454: 0000 c741 | 0878 e800 | 0044 8961 | 0c4c 8961 | 104c 8b84 | 2490 0000 | 004d 8bd0 | 49c1 ea03 
  0x0000015dafa9e474: 4489 5114 | 4c8b 8c24 | b000 0000 | 4c8b 9c24 | 8000 0000 | eb1f 4c8b | 8c24 b000 | 0000 4c8b 
  0x0000015dafa9e494: 9c24 8000 | 0000 448b | 8424 c000 | 0000 49c1 | e003 498b | c945 8b50 | 0c45 85d2 | 0f86 551c 
  0x0000015dafa9e4b4: 0000 4489 | 5424 2c4c | 8984 2488 | 0000 004c | 899c 2480 | 0000 004c | 898c 24b0 | 0000 0044 
  0x0000015dafa9e4d4: 0fbe 5910 | 4489 9c24 | 9000 0000 | 4889 8c24 | 9800 0000 | c442 22f7 | d244 8994 | 2494 0000 
  0x0000015dafa9e4f4: 004d 63d2 | 4c89 9424 | a000 0000 | 4183 fb01 | 0f84 1a58 | 0000 448b | 9c24 9400 | 0000 4585 
  0x0000015dafa9e514: db0f 8cf3 | 5500 004c | 8b9c 24a0 | 0000 0049 | 83c3 0641 | 8beb 85ed | 0f8c 4e56 | 0000 4d8b 
  0x0000015dafa9e534: d349 c1fa | 2045 8bc2 | c462 39f7 | c544 8984 | 24a8 0000 | 0045 85c0 | 0f8c 4258 | 0000 4181 
  0x0000015dafa9e554: ;   {no_reloc}
  0x0000015dafa9e554: f800 0010 | 000f 8765 | 4700 004d | 63d0 4181 | f800 0010 | 000f 87dc | 3100 004d | 8b8f b801 
  0x0000015dafa9e574: 0000 4983 | c217 4983 | e2f8 4d8b | c14d 03c2 | 4d3b 87c8 | 0100 000f | 83ba 3100 | 004d 8987 
  0x0000015dafa9e594: b801 0000 | 410f 0d88 | c000 0000 | 49c7 0101 | 0000 0041 | 0f0d 8800 

  0x0000015dafa9e5ac: ;   {metadata({type array byte})}
  0x0000015dafa9e5ac: 0100 0041 | c741 0818 | 2300 008b | ac24 a800 | 0000 4189 | 690c 410f | 0d88 4001 | 0000 410f 
  0x0000015dafa9e5cc: 0d88 8001 | 0000 4c89 | 8c24 c000 | 0000 448b | 8424 9400 | 0000 4183 | c006 448b | 9424 a800 
  0x0000015dafa9e5ec: 0000 458b | da45 3bd0 | 0f82 d246 | 0000 4c63 | 8c24 9400 | 0000 448b | 8424 9400 | 0000 4585 
  0x0000015dafa9e60c: c00f 8f98 | 0100 004c | 8b94 24c0 | 0000 0043 | c644 0a10 | 2e43 c644 | 0a11 6343 | c644 0a12 
  0x0000015dafa9e62c: 6c43 c644 | 0a13 6143 | c644 0a14 | 7343 c644 | 0a15 7344 | 8b94 2490 | 0000 0045 | 85d2 0f85 
  0x0000015dafa9e64c: 8455 0000 | 443b 5c24 | 2c0f 82e9 | 4600 0044 | 8b54 242c | 4585 d276 | 3348 8b94 | 24c0 0000 
  0x0000015dafa9e66c: 0048 83c2 | 1048 8b8c | 2488 0000 | 0048 83c1 | 104d 63c2 | c5f8 7749 | bac0 443d | af5d 0100 
  0x0000015dafa9e68c: 0041 ffd2 

  0x0000015dafa9e690: ;   {other}
  0x0000015dafa9e690: 0f1f 8400 | 0000 0000 | 498b 87b8 | 0100 004c | 8bd0 4983 | c218 4d3b | 97c8 0100 | 000f 83dd 
  0x0000015dafa9e6b0: 3000 004d | 8997 b801 | 0000 410f | 0d8a c000 | 0000 48c7 | 0001 0000 

  0x0000015dafa9e6c8: ;   {metadata('java/lang/String')}
  0x0000015dafa9e6c8: 00c7 4008 | 78e8 0000 | 4489 600c | 4489 6010 | 4c8b 9424 | c000 0000 | 49c1 ea03 | 4489 5014 
  0x0000015dafa9e6e8: 4889 8424 | a000 0000 | 4c8b 9c24 | b800 0000 | 458b 5354 | 4585 d20f | 84e3 4400 | 004f 8d1c 
  0x0000015dafa9e708: d44c 895c | 2438 4489 | 9424 8800 | 0000 498b | d345 33c0 | 4c8b 5424 | 784c 8954 | 2420 6690 
  0x0000015dafa9e728: ;   {optimized virtual_call}
  0x0000015dafa9e728: c5f8 77e8 

  0x0000015dafa9e72c: ; ImmutableOopMap {[32]=Oop [40]=NarrowOop [56]=Oop [72]=Oop [80]=Oop [120]=Oop [128]=Oop [136]=NarrowOop [160]=Oop [176]=Oop [184]=Oop }
                      ;*invokevirtual getLoader {reexecute=0 rethrow=0 return_oop=1}
                      ; - jdk.internal.loader.URLClassPath::getResource@42
                      ; - java.net.URLClassLoader$1::run@26
                      ; - java.net.URLClassLoader$1::run@1
                      ; - java.security.AccessController::executePrivileged@29
                      ; - java.security.AccessController::doPrivileged@13
                      ; - java.net.URLClassLoader::findClass@13
                      ; - java.lang.ClassLoader::loadClass@69
                      ; - java.lang.ClassLoader::loadClass@38
  0x0000015dafa9e72c: 50b4 f0ff 

  0x0000015dafa9e730: ;   {other}
  0x0000015dafa9e730: 0f1f 8400 | a029 0015 | 4885 c00f | 84db 0c00 | 004c 8b94 | 24b8 0000 | 004d 8bda | 49c1 eb03 
  0x0000015dafa9e750: 4489 5c24 | 2c4c 8b94 | 24b0 0000 | 0049 c1ea | 0344 8954 | 2434 4c8b | 9424 b800 | 0000 4c89 
  0x0000015dafa9e770: 9424 c800 | 0000 4c8b | 9424 b000 | 0000 4c89 | 9424 d800 | 0000 4489 | 9c24 f000 | 0000 448b 
  0x0000015dafa9e790: 5c24 3444 | 899c 24f4 | 0000 0045 | 33d2 4489 | 9424 d000 | 0000 e94d | 0100 004c | 8b94 24c0 
  0x0000015dafa9e7b0: 0000 0043 | c644 0a15 | 7343 c644 | 0a14 7343 | c644 0a13 | 6143 c644 | 0a12 6c43 | c644 0a11 
  0x0000015dafa9e7d0: 6343 c644 | 0a10 2ee9 | 63fe ffff | 0f1f 4000 | 448b 9424 | f000 0000 | 49c1 e203 | 4c89 9424 
  0x0000015dafa9e7f0: c000 0000 | 448b 9c24 | f400 0000 | 4d8b d349 | c1e2 034c | 8994 24a8 | 0000 0047 | 8b54 c408 
  0x0000015dafa9e810: ;   {metadata('java/util/jar/JarFile')}
  0x0000015dafa9e810: 4181 fa08 | 1419 000f | 8527 3300 | 004b 8d14 | c44c 8b84 | 24a0 0000 | 004c 8b54 | 2478 4c89 
  0x0000015dafa9e830: 5424 2090 

  0x0000015dafa9e834: ;   {optimized virtual_call}
  0x0000015dafa9e834: c5f8 77e8 

  0x0000015dafa9e838: ; ImmutableOopMap {[32]=Oop [40]=NarrowOop [44]=NarrowOop [52]=NarrowOop [56]=Oop [72]=Oop [80]=Oop [120]=Oop [128]=Oop [136]=NarrowOop [152]=Oop [160]=Oop [168]=Oop [176]=Oop [184]=Oop [192]=Oop [240]=NarrowOop [244]=NarrowOop }
                      ;*invokevirtual getEntry {reexecute=0 rethrow=0 return_oop=1}
                      ; - java.util.jar.JarFile::getJarEntry@2
                      ; - jdk.internal.loader.URLClassPath$JarLoader::getResource@22
                      ; - jdk.internal.loader.URLClassPath::getResource@53
                      ; - java.net.URLClassLoader$1::run@26
                      ; - java.net.URLClassLoader$1::run@1
                      ; - java.security.AccessController::executePrivileged@29
                      ; - java.security.AccessController::doPrivileged@13
                      ; - java.net.URLClassLoader::findClass@13
                      ; - java.lang.ClassLoader::loadClass@69
                      ; - java.lang.ClassLoader::loadClass@38
  0x0000015dafa9e838: c432 f0ff 

  0x0000015dafa9e83c: ;   {other}
  0x0000015dafa9e83c: 0f1f 8400 | ac2a 0016 | 448b 9424 | f000 0000 | 49c1 e203 | 4c89 9424 | c800 0000 | 448b 9c24 
  0x0000015dafa9e85c: f400 0000 | 4d8b d349 | c1e2 034c | 8994 24d8 | 0000 0048 | 85c0 7449 | 448b 5008 

  0x0000015dafa9e878: ;   {metadata('java/util/jar/JarFile$JarFileEntry')}
  0x0000015dafa9e878: 4181 fad0 | 3231 000f | 85bb 7200 | 0048 8bf8 | 488b 9424 | 9800 0000 | 4c8b 8424 | a000 0000 
  0x0000015dafa9e898: 4533 c990 

  0x0000015dafa9e89c: ;   {optimized virtual_call}
  0x0000015dafa9e89c: c5f8 77e8 

  0x0000015dafa9e8a0: ; ImmutableOopMap {[32]=Oop [40]=NarrowOop [44]=NarrowOop [52]=NarrowOop [56]=Oop [72]=Oop [80]=Oop [120]=Oop [128]=Oop [136]=NarrowOop [160]=Oop [168]=Oop [176]=Oop [184]=Oop [192]=Oop [200]=Oop [216]=Oop [240]=NarrowOop [244]=NarrowOop }
                      ;*invokevirtual checkResource {reexecute=0 rethrow=0 return_oop=1}
                      ; - jdk.internal.loader.URLClassPath$JarLoader::getResource@34
                      ; - jdk.internal.loader.URLClassPath::getResource@53
                      ; - java.net.URLClassLoader$1::run@26
                      ; - java.net.URLClassLoader$1::run@1
                      ; - java.security.AccessController::executePrivileged@29
                      ; - java.security.AccessController::doPrivileged@13
                      ; - java.net.URLClassLoader::findClass@13
                      ; - java.lang.ClassLoader::loadClass@69
                      ; - java.lang.ClassLoader::loadClass@38
  0x0000015dafa9e8a0: dc9a 63f8 

  0x0000015dafa9e8a4: ;   {other}
  0x0000015dafa9e8a4: 0f1f 8400 | 142b 0017 | 4889 8424 | e000 0000 | 4885 c00f | 854f 0100 | 008b ac24 | d000 0000 
  0x0000015dafa9e8c4: ffc5 488b | 5424 3844 | 8bc5 4c8b | 5424 784c | 8954 2458 

  0x0000015dafa9e8d8: ;   {optimized virtual_call}
  0x0000015dafa9e8d8: c5f8 77e8 

  0x0000015dafa9e8dc: ; ImmutableOopMap {[40]=NarrowOop [44]=NarrowOop [52]=NarrowOop [56]=Oop [72]=Oop [80]=Oop [88]=Oop [120]=Oop [128]=Oop [136]=NarrowOop [160]=Oop [168]=Oop [176]=Oop [184]=Oop [192]=Oop [200]=Oop [216]=Oop [240]=NarrowOop [244]=NarrowOop }
                      ;*invokevirtual getLoader {reexecute=0 rethrow=0 return_oop=1}
                      ; - jdk.internal.loader.URLClassPath::getResource@42
                      ; - java.net.URLClassLoader$1::run@26
                      ; - java.net.URLClassLoader$1::run@1
                      ; - java.security.AccessController::executePrivileged@29
                      ; - java.security.AccessController::doPrivileged@13
                      ; - java.net.URLClassLoader::findClass@13
                      ; - java.lang.ClassLoader::loadClass@69
                      ; - java.lang.ClassLoader::loadClass@38
  0x0000015dafa9e8dc: a0b2 f0ff 

  0x0000015dafa9e8e0: ;   {other}
  0x0000015dafa9e8e0: 0f1f 8400 | 502b 0018 | 4885 c00f | 842b 0b00 | 0089 ac24 | d000 0000 | 448b 5808 

  0x0000015dafa9e8fc: ;   {metadata('jdk/internal/loader/URLClassPath$JarLoader')}
  0x0000015dafa9e8fc: 4181 fb70 | 0c21 000f | 85b2 3100 | 0048 8984 | 2498 0000 | 0044 8b40 | 1845 85c0 | 0f85 c2fe 
  0x0000015dafa9e91c: ffff 498b | 87b8 0100 | 004c 8bd0 | 4983 c210 | 4d3b 97c8 | 0100 000f | 83c9 2c00 | 004d 8997 
  0x0000015dafa9e93c: b801 0000 | 410f 0d8a | c000 0000 | 48c7 0001 

  0x0000015dafa9e94c: ;   {metadata('jdk/internal/loader/URLClassPath$JarLoader$1')}
  0x0000015dafa9e94c: 0000 00c7 | 4008 402e | 2100 4489 | 600c 4889 | 4424 204c | 8b94 2498 | 0000 0045 | 8b52 284c 
  0x0000015dafa9e96c: 8b9c 2498 | 0000 004d | 8bc3 49c1 | e803 4489 | 400c 4585 | d20f 841d | 2700 004b | 8d2c d448 
  0x0000015dafa9e98c: 8bd5 6690 

  0x0000015dafa9e990: ;   {static_call}
  0x0000015dafa9e990: c5f8 77e8 

  0x0000015dafa9e994: ; ImmutableOopMap {rbp=Oop [32]=Oop [40]=NarrowOop [44]=NarrowOop [52]=NarrowOop [56]=Oop [72]=Oop [80]=Oop [120]=Oop [128]=Oop [136]=NarrowOop [152]=Oop [160]=Oop [176]=Oop [184]=Oop }
                      ;*invokestatic ensureMaterializedForStackWalk {reexecute=0 rethrow=0 return_oop=0}
                      ; - java.security.AccessController::executePrivileged@5
                      ; - java.security.AccessController::doPrivileged@13
                      ; - jdk.internal.loader.URLClassPath$JarLoader::ensureOpen@19
                      ; - jdk.internal.loader.URLClassPath$JarLoader::getResource@1
                      ; - jdk.internal.loader.URLClassPath::getResource@53
                      ; - java.net.URLClassLoader$1::run@26
                      ; - java.net.URLClassLoader$1::run@1
                      ; - java.security.AccessController::executePrivileged@29
                      ; - java.security.AccessController::doPrivileged@13
                      ; - java.net.URLClassLoader::findClass@13
                      ; - java.lang.ClassLoader::loadClass@69
                      ; - java.lang.ClassLoader::loadClass@38
  0x0000015dafa9e994: e806 95ff 

  0x0000015dafa9e998: ;   {other}
  0x0000015dafa9e998: 0f1f 8400 | 082c 0019 | 488b 5424 | 2066 6690 

  0x0000015dafa9e9a8: ;   {optimized virtual_call}
  0x0000015dafa9e9a8: c5f8 77e8 

  0x0000015dafa9e9ac: ; ImmutableOopMap {rbp=Oop [40]=NarrowOop [44]=NarrowOop [52]=NarrowOop [56]=Oop [72]=Oop [80]=Oop [120]=Oop [128]=Oop [136]=NarrowOop [152]=Oop [160]=Oop [176]=Oop [184]=Oop }
                      ;*invokevirtual run {reexecute=0 rethrow=0 return_oop=1}
                      ; - jdk.internal.loader.URLClassPath$JarLoader$1::run@1
                      ; - java.security.AccessController::executePrivileged@29
                      ; - java.security.AccessController::doPrivileged@13
                      ; - jdk.internal.loader.URLClassPath$JarLoader::ensureOpen@19
                      ; - jdk.internal.loader.URLClassPath$JarLoader::getResource@1
                      ; - jdk.internal.loader.URLClassPath::getResource@53
                      ; - java.net.URLClassLoader$1::run@26
                      ; - java.net.URLClassLoader$1::run@1
                      ; - java.security.AccessController::executePrivileged@29
                      ; - java.security.AccessController::doPrivileged@13
                      ; - java.net.URLClassLoader::findClass@13
                      ; - java.lang.ClassLoader::loadClass@69
                      ; - java.lang.ClassLoader::loadClass@38
  0x0000015dafa9e9ac: d000 95ff 

  0x0000015dafa9e9b0: ;   {other}
  0x0000015dafa9e9b0: 0f1f 8400 | 202c 001a | 4c8b 9424 | 9800 0000 | 458b 4218 | 4585 c00f | 84c0 3d00 | 0044 8b54 
  0x0000015dafa9e9d0: 242c 4489 | 9424 f000 | 0000 4c8b | 9424 b800 | 0000 4c89 | 9424 c000 | 0000 448b | 5c24 3444 
  0x0000015dafa9e9f0: 899c 24f4 | 0000 004c | 8b94 24b0 | 0000 004c | 8994 24a8 | 0000 00e9 | fffd ffff | c5f8 7749 
  0x0000015dafa9ea10: bad0 30fe | 37fc 7f00 | 0041 ffd2 

  0x0000015dafa9ea1c: ;   {other}
  0x0000015dafa9ea1c: 0f1f 8400 | 0000 0000 | 4889 8424 | c000 0000 | 4c8b 9424 | b000 0000 | 458b 5a14 | 4489 9c24 
  0x0000015dafa9ea3c: d000 0000 

  0x0000015dafa9ea40: ; implicit exception: dispatches to 0x0000015dafaa617c
  0x0000015dafa9ea40: 478b 54dc | 0c44 8954 | 242c 4c8b | 9424 b000 | 0000 450f | be42 10c4 | 623a f74c | 242c 458d 
  0x0000015dafa9ea60: 51ff 4585 | c00f 853d | 5b00 0044 | 8b44 242c | 41ff c845 | 3bc2 450f | 4fc2 4f8d | 14dc 4c89 
  0x0000015dafa9ea80: 5424 3845 | 85c0 0f8c | 2601 0000 | 448b 5c24 | 2c45 85db | 0f86 4a4a | 0000 453b | c30f 8341 
  0x0000015dafa9eaa0: 4a00 0045 | 85c0 0f8e | 404f 0000 | 458d 58ff | 4c8b 5424 | 3847 0fbe | 5402 1041 | 83fa 2e0f 
  0x0000015dafa9eac0: 846f 2400 | 0041 ffc8 | 453b c37f | e341 83f8 | 020f 8eb5 | 0000 0045 | 8d58 fe45 | 33d2 4183 
  0x0000015dafa9eae0: f802 450f | 4cda 4181 | fba0 0f00 | 00b9 a00f | 0000 440f | 47d9 458b | d045 2bd3 | 0f1f 4000 
  0x0000015dafa9eb00: 4963 c84c | 8b5c 2438 | 450f be5c | 0b10 4183 | fb2e 0f84 | aa00 0000 

  0x0000015dafa9eb18: ;   {no_reloc}
  0x0000015dafa9eb18: 4c8b 5c24 | 3841 0fbe | 4c0b 0f83 | f92e 0f84 | a000 0000 | 458d 58fe | 4489 9c24 | a800 0000 
  0x0000015dafa9eb38: 4c8b 5c24 | 388b ac24 | a800 0000 | 450f be5c | 2b10 4183 | fb2e 0f84 | 8300 0000 | 418d 48fd 
  0x0000015dafa9eb58: 898c 24a8 | 0000 004c | 8b5c 2438 | 410f be4c | 0b10 83f9 | 2e74 6841 | 83c0 fc45 | 3bc2 7f88 
  0x0000015dafa9eb78: 4d8b 9758 

  0x0000015dafa9eb7c: ; ImmutableOopMap {r11=Oop [40]=NarrowOop [56]=Oop [72]=Oop [80]=Oop [120]=Oop [128]=Oop [176]=Oop [184]=Oop [200]=Oop [208]=NarrowOop [216]=Oop [224]=Oop [240]=NarrowOop [244]=NarrowOop }
                      ;*goto {reexecute=1 rethrow=0 return_oop=0}
                      ; - (reexecute) java.lang.StringLatin1::lastIndexOf@35
                      ; - java.lang.String::lastIndexOf@13
                      ; - java.lang.String::lastIndexOf@8
                      ; - java.net.URLClassLoader::defineClass@7
                      ; - java.net.URLClassLoader$1::run@43
                      ; - java.net.URLClassLoader$1::run@1
                      ; - java.security.AccessController::executePrivileged@29
                      ; - java.security.AccessController::doPrivileged@13
                      ; - java.net.URLClassLoader::findClass@13
                      ; - java.lang.ClassLoader::loadClass@69
                      ; - java.lang.ClassLoader::loadClass@38
                      ;   {poll}
  0x0000015dafa9eb7c: 0400 0041 | 8502 4183 | f802 0f8f | 4bff ffff | 4183 f8ff | 7e20 6690 | 4c8b 5424 | 3847 0fbe 
  0x0000015dafa9eb9c: 5c02 1041 | 83fb 2e0f | 84e7 5400 | 0041 ffc8 | 4183 f8ff | 7fe2 41ba | ffff ffff | 4489 9424 
  0x0000015dafa9ebbc: a800 0000 | eb15 4489 | 8424 a800 | 0000 eb0b | 41ff c844 | 8984 24a8 | 0000 004c | 8b94 24e0 
  0x0000015dafa9ebdc: 0000 0045 | 8b5a 2047 | 8b5c dc1c | 4489 9c24 | d400 0000 | 448b 9424 | a800 0000 | 4183 faff 
  0x0000015dafa9ebfc: 0f84 f65a | 0000 4585 | d20f 8c35 | 5a00 0045 | 3bd1 0f8f | 845b 0000 | 453b d10f | 84fd 1500 
  0x0000015dafa9ec1c: 0045 85d2 | 0f84 7e2e | 0000 4d8b | 9fb8 0100 | 004d 8bd3 | 4983 c218 | 4d3b 97c8 | 0100 000f 
  0x0000015dafa9ec3c: 831a 2e00 | 004d 8997 | b801 0000 | 410f 0d8a | c000 0000 | 49c7 0301 

  0x0000015dafa9ec54: ;   {metadata('java/lang/String')}
  0x0000015dafa9ec54: 0000 0041 | c743 0878 | e800 0045 | 8963 0c4d | 8963 104c | 899c 24e8 | 0000 0044 | 8b9c 24d0 
  0x0000015dafa9ec74: 0000 004f | 8d54 dc10 | 4c89 5424 | 588b ac24 | a800 0000 | 3b6c 242c | 0f85 be00 | 0000 4c63 
  0x0000015dafa9ec94: 5424 2c4c | 8954 2420 | 448b 5c24 | 2c41 81fb | 0000 1000 | 0f87 8637 | 0000 4d8b | 97b8 0100 
  0x0000015dafa9ecb4: 004c 8b5c | 2420 4983 | c317 4983 | e3f8 4d8b | c24d 03c3 | 4d3b 87c8 | 0100 000f | 835f 3700 
  0x0000015dafa9ecd4: 004d 8987 | b801 0000 | 410f 0d88 | c000 0000 | 49c7 0201 | 0000 0041 | 0f0d 8800 

  0x0000015dafa9ecf0: ;   {metadata({type array byte})}
  0x0000015dafa9ecf0: 0100 0041 | c742 0818 | 2300 0044 | 8b5c 242c | 4589 5a0c | 410f 0d88 | 4001 0000 | 410f 0d88 
  0x0000015dafa9ed10: 8001 0000 | 498b da49 | 8bd2 4883 | c210 4c8b | 5424 2049 | 83c2 0749 | c1ea 0348 | 8b4c 2458 
  0x0000015dafa9ed30: 4d8b c2c5 | f877 49ba | 604b 3daf | 5d01 0000 

  0x0000015dafa9ed40: ;   {other}
  0x0000015dafa9ed40: 41ff d20f | 1f84 0000 | 0000 00e9 | 2401 0000 | 81fd 0000 | 1000 0f87 | 9453 0000 | 4c63 9c24 
  0x0000015dafa9ed60: a800 0000 | 8b6c 242c | 3bac 24a8 | 0000 0044 | 8b94 24a8 | 0000 0041 | 0f4f ea44 | 8b44 242c 
  0x0000015dafa9ed80: 443b c50f | 82e3 5300 | 0044 3bd5 | 0f82 da53 | 0000 4983 | c317 4c89 | 5c24 604d | 8bd3 4983 
  0x0000015dafa9eda0: e2f8 4c89 | 9424 8800 | 0000 448b | 9424 a800 | 0000 4181 | fa00 0010 | 000f 87cd | 3500 0049 
  0x0000015dafa9edc0: 8b9f b801 | 0000 4c8b | d34c 8b9c | 2488 0000 | 004d 03d3 | 4d3b 97c8 | 0100 000f | 83ab 3500 
  0x0000015dafa9ede0: 004d 8997 | b801 0000 | 410f 0d8a | c000 0000 | 48c7 0301 | 0000 0041 | 0f0d 8a00 

  0x0000015dafa9edfc: ;   {metadata({type array byte})}
  0x0000015dafa9edfc: 0100 00c7 | 4308 1823 | 0000 448b | 9c24 a800 | 0000 4489 | 5b0c 410f | 0d8a 4001 | 0000 410f 
  0x0000015dafa9ee1c: 0d8a 8001 | 0000 488b | d348 83c2 | 104c 8b54 | 2460 49c1 | ea03 85ed | 0f84 c652 | 0000 3bac 
  0x0000015dafa9ee3c: 24a8 0000 | 000f 8c88 | 2600 004c | 8b84 2488 | 0000 0049 | 83c0 f049 | c1e8 0348 | 8b4c 2458 
  0x0000015dafa9ee5c: c5f8 7749 | ba60 4b3d | af5d 0100 | 0041 ffd2 

  0x0000015dafa9ee6c: ;   {other}
  0x0000015dafa9ee6c: 0f1f 8400 | 0000 0000 | 4180 7f40 | 000f 850c | 2500 004c | 8bdb 49c1 | eb03 4c8b | 9424 e800 
  0x0000015dafa9ee8c: 0000 4589 | 5a14 4c8b | db4d 33da | 49c1 eb16 | 4d85 db74 | 1a49 c1ea | 0948 b900 | 00bc b45d 
  0x0000015dafa9eeac: 0100 0049 | 03ca 8039 | 020f 850f | 2500 004c | 8b94 24e8 | 0000 0045 | 8862 104c | 8b94 24b8 
  0x0000015dafa9eecc: 0000 004c | 8994 24c8 | 0000 004c | 8b94 24b0 | 0000 004c | 8994 24d8 | 0000 004c | 8b94 24c8 
  0x0000015dafa9eeec: 0000 0049 | c1ea 0344 | 8994 24f0 | 0000 004c | 8b94 24d8 | 0000 004d | 8bda 49c1 | eb03 4489 
  0x0000015dafa9ef0c: 9c24 f400 

  0x0000015dafa9ef10: ;   {oop(a 'java/lang/Class'{0x000000068040aa40} = 'jdk/internal/access/SharedSecrets')}
  0x0000015dafa9ef10: 0000 49ba | 40aa 4080 | 0600 0000 | 458b 8ad4 | 0000 0047 | 8b44 cc08 | 4c8b 9424 | e000 0000 
  0x0000015dafa9ef30: 458b 5a20 

  0x0000015dafa9ef34: ; implicit exception: dispatches to 0x0000015dafaa6270
  0x0000015dafa9ef34: 478b 5cdc | 1844 899c | 24c8 0000 

  0x0000015dafa9ef40: ;   {metadata('java/util/jar/JavaUtilJarAccessImpl')}
  0x0000015dafa9ef40: 0041 81f8 | a05b 3100 | 0f85 7647 | 0000 4585 | db0f 84fd | 4400 004f | 8d14 dc4c | 8954 2438 
  0x0000015dafa9ef60: 4c8b 5c24 | 3848 8d9c | 2440 0100 | 0049 8b03 | a802 0f85 | 2300 0000 | 4883 c801 | 4889 03f0 
  0x0000015dafa9ef80: 490f b11b | 0f84 3700 | 0000 482b | c448 2507 | f0ff ff48 | 8903 e924 | 0000 004c | 8bd0 4833 
  0x0000015dafa9efa0: c0f0 4d0f | b17a 3e48 | c703 0300 | 0000 7411 | 4c3b f875 | 1549 ff82 | 8600 0000 | 4833 c075 
  0x0000015dafa9efc0: 0949 ff87 | 5005 0000 | 33c0 0f85 | ac47 0000 | 448b 9424 | c800 0000 | 438b 6cd4 | 3085 ed0f 
  0x0000015dafa9efe0: 8573 5800 | 0045 8bda | 470f b65c | dc12 4585 | db0f 85f0 | 1f00 004c | 8b5c 2438 | 488d 8424 
  0x0000015dafa9f000: 4001 0000 | 4883 3800 | 0f84 7900 | 0000 4d8b | 1341 f6c2 | 020f 8462 | 0000 0049 | 83ba 8600 
  0x0000015dafa9f020: 0000 0074 | 0949 ff8a | 8600 0000 | eb4b 498b | 8296 0000 | 0049 0b82 | 8e00 0000 | 750a 49c7 
  0x0000015dafa9f040: ;   {no_reloc}
  0x0000015dafa9f040: 423e 0000 | 0000 eb3d | 4983 ba9e | 0000 0000 | 7422 4833 | c049 c742 | 3e00 0000 | 00f0 8304 
  0x0000015dafa9f060: 2400 4983 | ba9e 0000 | 0000 750d | f04d 0fb1 | 7a3e 7505 | 83c8 01eb | 0ca8 00eb | 084c 8b10 
  0x0000015dafa9f080: f04d 0fb1 | 1375 0a49 | ff8f 5005 | 0000 4533 | d20f 852a | 4700 004c | 8b84 24e0 | 0000 0045 
  0x0000015dafa9f0a0: 8b50 2043 | 8b6c d418 

  0x0000015dafa9f0a8: ; implicit exception: dispatches to 0x0000015dafaa63a8
  0x0000015dafa9f0a8: 458b 5cec 

  0x0000015dafa9f0ac: ;   {metadata('java/util/jar/JarFile')}
  0x0000015dafa9f0ac: 0841 81fb | 0814 1900 | 0f85 3547 | 0000 4d8d | 04ec 418b | 7028 85f6 | 0f84 9411 | 0000 418b 
  0x0000015dafa9f0cc: 6cf4 0c41 | 807f 4000 | 0f85 7922 | 0000 458b | 5cec 084d | 8b54 f420 

  0x0000015dafa9f0e4: ;   {oop(a 'java/lang/Class'{0x000000068040a7d8} = 'java/lang/ref/SoftReference')}
  0x0000015dafa9f0e4: 49b9 d8a7 | 4080 0600 | 0000 4d8b | 4970 4d3b | d10f 8550 

  0x0000015dafa9f0f8: ;   {metadata('java/util/jar/Manifest')}
  0x0000015dafa9f0f8: 1e00 0041 | 81fb a0e1 | 0400 0f85 | 386c 0000 | 4d8d 14ec | 4c89 9424 | 9800 0000 | 448b 9c24 
  0x0000015dafa9f118: d400 0000 | 4d8b d349 | c1e2 034c | 8954 2420 | 488b 9424 | b800 0000 | 4c8b 8424 | e800 0000 
  0x0000015dafa9f138: 4c8b 8c24 | 9800 0000 | 498b fa4c | 8b54 2478 | 4c89 5424 | 384c 8b94 | 24e0 0000 | 004c 8994 
  0x0000015dafa9f158: 2490 0000 | 0066 6690 

  0x0000015dafa9f160: ;   {optimized virtual_call}
  0x0000015dafa9f160: c5f8 77e8 

  0x0000015dafa9f164: ; ImmutableOopMap {[32]=Oop [40]=NarrowOop [56]=Oop [72]=Oop [80]=Oop [120]=Oop [128]=Oop [144]=Oop [152]=Oop [176]=Oop [184]=Oop [212]=NarrowOop [224]=Oop [232]=Oop }
                      ;*invokevirtual getAndVerifyPackage {reexecute=0 rethrow=0 return_oop=1}
                      ; - java.net.URLClassLoader::defineClass@46
                      ; - java.net.URLClassLoader$1::run@43
                      ; - java.net.URLClassLoader$1::run@1
                      ; - java.security.AccessController::executePrivileged@29
                      ; - java.security.AccessController::doPrivileged@13
                      ; - java.net.URLClassLoader::findClass@13
                      ; - java.lang.ClassLoader::loadClass@69
                      ; - java.lang.ClassLoader::loadClass@38
  0x0000015dafa9f164: b817 59f8 

  0x0000015dafa9f168: ;   {other}
  0x0000015dafa9f168: 0f1f 8400 | d833 001c | 4885 c00f | 8429 1000 | 0048 8b94 | 24e0 0000 | 004c 8b54 | 2478 4c89 
  0x0000015dafa9f188: 5424 3848 | 8994 2490 | 0000 0090 

  0x0000015dafa9f194: ;   {optimized virtual_call}
  0x0000015dafa9f194: c5f8 77e8 

  0x0000015dafa9f198: ; ImmutableOopMap {[32]=Oop [40]=NarrowOop [56]=Oop [72]=Oop [80]=Oop [120]=Oop [128]=Oop [144]=Oop [176]=Oop [184]=Oop [212]=NarrowOop [224]=Oop }
                      ;*invokevirtual getByteBuffer {reexecute=0 rethrow=0 return_oop=1}
                      ; - java.net.URLClassLoader::defineClass@132
                      ; - java.net.URLClassLoader$1::run@43
                      ; - java.net.URLClassLoader$1::run@1
                      ; - java.security.AccessController::executePrivileged@29
                      ; - java.security.AccessController::doPrivileged@13
                      ; - java.net.URLClassLoader::findClass@13
                      ; - java.lang.ClassLoader::loadClass@69
                      ; - java.lang.ClassLoader::loadClass@38
  0x0000015dafa9f198: a447 6cf8 

  0x0000015dafa9f19c: ;   {other}
  0x0000015dafa9f19c: 0f1f 8400 | 0c34 001d | 4885 c00f | 850f 5700 | 0048 8b94 | 2490 0000 | 0066 6690 

  0x0000015dafa9f1b8: ;   {optimized virtual_call}
  0x0000015dafa9f1b8: c5f8 77e8 

  0x0000015dafa9f1bc: ; ImmutableOopMap {[32]=Oop [40]=NarrowOop [56]=Oop [72]=Oop [80]=Oop [120]=Oop [128]=Oop [144]=Oop [176]=Oop [184]=Oop [212]=NarrowOop [224]=Oop }
                      ;*invokevirtual getBytes {reexecute=0 rethrow=0 return_oop=1}
                      ; - java.net.URLClassLoader::defineClass@179
                      ; - java.net.URLClassLoader$1::run@43
                      ; - java.net.URLClassLoader$1::run@1
                      ; - java.security.AccessController::executePrivileged@29
                      ; - java.security.AccessController::doPrivileged@13
                      ; - java.net.URLClassLoader::findClass@13
                      ; - java.lang.ClassLoader::loadClass@69
                      ; - java.lang.ClassLoader::loadClass@38
  0x0000015dafa9f1bc: 000b 7af8 

  0x0000015dafa9f1c0: ;   {other}
  0x0000015dafa9f1c0: 0f1f 8400 | 3034 001e | 4889 8424 | a800 0000 | 488b 9424 | 9000 0000 

  0x0000015dafa9f1d8: ;   {optimized virtual_call}
  0x0000015dafa9f1d8: c5f8 77e8 

  0x0000015dafa9f1dc: ; ImmutableOopMap {[32]=Oop [40]=NarrowOop [56]=Oop [72]=Oop [80]=Oop [120]=Oop [128]=Oop [168]=Oop [176]=Oop [184]=Oop [212]=NarrowOop [224]=Oop }
                      ;*invokevirtual getCodeSigners {reexecute=0 rethrow=0 return_oop=1}
                      ; - java.net.URLClassLoader::defineClass@185
                      ; - java.net.URLClassLoader$1::run@43
                      ; - java.net.URLClassLoader$1::run@1
                      ; - java.security.AccessController::executePrivileged@29
                      ; - java.security.AccessController::doPrivileged@13
                      ; - java.net.URLClassLoader::findClass@13
                      ; - java.lang.ClassLoader::loadClass@69
                      ; - java.lang.ClassLoader::loadClass@38
  0x0000015dafa9f1dc: 0070 6cf8 

  0x0000015dafa9f1e0: ;   {other}
  0x0000015dafa9f1e0: 0f1f 8400 | 5034 001f | 4885 c00f | 859b 4600 | 0049 8b87 | b801 0000 | 4c8b d049 | 83c2 284d 
  0x0000015dafa9f200: 3b97 c801 | 0000 0f83 | b127 0000 | 4d89 97b8 | 0100 0041 | 0f0d 8ac0 | 0000 0048 | c700 0100 
  0x0000015dafa9f220: ;   {metadata('java/security/CodeSource')}
  0x0000015dafa9f220: 0000 c740 | 0828 5c00 | 0044 8960 | 0c4c 8960 | 104c 8960 | 184c 8960 | 2048 8984 | 24c8 0000 
  0x0000015dafa9f240: 0048 8bd0 | 4c8b 4424 | 2045 33c9 | 4c8b 5424 | 784c 8954 | 2420 6690 

  0x0000015dafa9f258: ;   {optimized virtual_call}
  0x0000015dafa9f258: c5f8 77e8 

  0x0000015dafa9f25c: ; ImmutableOopMap {[32]=Oop [40]=NarrowOop [72]=Oop [80]=Oop [120]=Oop [128]=Oop [168]=Oop [176]=Oop [184]=Oop [200]=Oop [224]=Oop }
                      ;*invokespecial <init> {reexecute=0 rethrow=0 return_oop=0}
                      ; - java.net.URLClassLoader::defineClass@198
                      ; - java.net.URLClassLoader$1::run@43
                      ; - java.net.URLClassLoader$1::run@1
                      ; - java.security.AccessController::executePrivileged@29
                      ; - java.security.AccessController::doPrivileged@13
                      ; - java.net.URLClassLoader::findClass@13
                      ; - java.lang.ClassLoader::loadClass@69
                      ; - java.lang.ClassLoader::loadClass@38
  0x0000015dafa9f25c: 407b 5df8 

  0x0000015dafa9f260: ;   {other}
  0x0000015dafa9f260: 0f1f 8400 | d034 0020 

  0x0000015dafa9f268: ;   {oop(a 'jdk/internal/perf/PerfCounter'{0x00000006804a26d8})}
  0x0000015dafa9f268: 48ba d826 | 4a80 0600 | 0000 4c8b | 8424 c000 | 0000 6690 

  0x0000015dafa9f27c: ;   {optimized virtual_call}
  0x0000015dafa9f27c: c5f8 77e8 

  0x0000015dafa9f280: ; ImmutableOopMap {[32]=Oop [40]=NarrowOop [72]=Oop [80]=Oop [120]=Oop [128]=Oop [168]=Oop [176]=Oop [184]=Oop [200]=Oop [224]=Oop }
                      ;*invokevirtual addElapsedTimeFrom {reexecute=0 rethrow=0 return_oop=0}
                      ; - java.net.URLClassLoader::defineClass@207
                      ; - java.net.URLClassLoader$1::run@43
                      ; - java.net.URLClassLoader$1::run@1
                      ; - java.security.AccessController::executePrivileged@29
                      ; - java.security.AccessController::doPrivileged@13
                      ; - java.net.URLClassLoader::findClass@13
                      ; - java.lang.ClassLoader::loadClass@69
                      ; - java.lang.ClassLoader::loadClass@38
  0x0000015dafa9f280: bc2b 0100 

  0x0000015dafa9f284: ;   {other}
  0x0000015dafa9f284: 0f1f 8400 | f434 0021 | 4c8b 8c24 | a800 0000 

  0x0000015dafa9f294: ; implicit exception: dispatches to 0x0000015dafaa6450
  0x0000015dafa9f294: 418b 710c | 488b 9424 | b800 0000 | 4c8b 8424 | b000 0000 | 33ff 488b | 8c24 c800 | 0000 6690 
  0x0000015dafa9f2b4: ;   {optimized virtual_call}
  0x0000015dafa9f2b4: c5f8 77e8 

  0x0000015dafa9f2b8: ; ImmutableOopMap {[32]=Oop [40]=NarrowOop [72]=Oop [80]=Oop [120]=Oop [128]=Oop [176]=Oop [184]=Oop [224]=Oop }
                      ;*invokevirtual defineClass {reexecute=0 rethrow=0 return_oop=1}
                      ; - java.net.URLClassLoader::defineClass@220
                      ; - java.net.URLClassLoader$1::run@43
                      ; - java.net.URLClassLoader$1::run@1
                      ; - java.security.AccessController::executePrivileged@29
                      ; - java.security.AccessController::doPrivileged@13
                      ; - java.net.URLClassLoader::findClass@13
                      ; - java.lang.ClassLoader::loadClass@69
                      ; - java.lang.ClassLoader::loadClass@38
  0x0000015dafa9f2b8: 2483 5df8 

  0x0000015dafa9f2bc: ;   {other}
  0x0000015dafa9f2bc: 0f1f 8400 | 2c35 0022 | 4885 c00f | 844f 0100 | 0048 8944 | 2420 4c8b | 4424 704c | 2b44 2468 
  0x0000015dafa9f2dc: 448b 5c24 | 284b 8d2c 

  0x0000015dafa9f2e4: ;   {oop(a 'jdk/internal/perf/PerfCounter'{0x00000006804cdd00})}
  0x0000015dafa9f2e4: dc48 ba00 | dd4c 8006 | 0000 004c | 8b54 2478 | 4c89 5424 | 3866 6690 

  0x0000015dafa9f2fc: ;   {optimized virtual_call}
  0x0000015dafa9f2fc: c5f8 77e8 

  0x0000015dafa9f300: ; ImmutableOopMap {rbp=Oop [32]=Oop [56]=Oop [72]=Oop [80]=Oop [120]=Oop [176]=Oop }
                      ;*invokevirtual add {reexecute=0 rethrow=0 return_oop=0}
                      ; - jdk.internal.perf.PerfCounter::addTime@2
                      ; - java.lang.ClassLoader::loadClass@82
                      ; - java.lang.ClassLoader::loadClass@38
  0x0000015dafa9f300: 9c5f f8ff 

  0x0000015dafa9f304: ;   {other}
  0x0000015dafa9f304: 0f1f 8400 | 7435 0023 

  0x0000015dafa9f30c: ;   {oop(a 'jdk/internal/perf/PerfCounter'{0x00000006804cdd18})}
  0x0000015dafa9f30c: 48ba 18dd | 4c80 0600 | 0000 4c8b | 4424 7090 

  0x0000015dafa9f31c: ;   {optimized virtual_call}
  0x0000015dafa9f31c: c5f8 77e8 

  0x0000015dafa9f320: ; ImmutableOopMap {rbp=Oop [32]=Oop [56]=Oop [72]=Oop [80]=Oop [120]=Oop [176]=Oop }
                      ;*invokevirtual addElapsedTimeFrom {reexecute=0 rethrow=0 return_oop=0}
                      ; - java.lang.ClassLoader::loadClass@90
                      ; - java.lang.ClassLoader::loadClass@38
  0x0000015dafa9f320: 1c2b 0100 

  0x0000015dafa9f324: ;   {other}
  0x0000015dafa9f324: 0f1f 8400 | 9435 0024 

  0x0000015dafa9f32c: ;   {oop(a 'jdk/internal/perf/PerfCounter'{0x00000006804cdd30})}
  0x0000015dafa9f32c: 48ba 30dd | 4c80 0600 | 0000 41b8 | 0100 0000 

  0x0000015dafa9f33c: ;   {optimized virtual_call}
  0x0000015dafa9f33c: c5f8 77e8 

  0x0000015dafa9f340: ; ImmutableOopMap {rbp=Oop [32]=Oop [56]=Oop [72]=Oop [80]=Oop [120]=Oop [176]=Oop }
                      ;*invokevirtual add {reexecute=0 rethrow=0 return_oop=0}
                      ; - jdk.internal.perf.PerfCounter::increment@2
                      ; - java.lang.ClassLoader::loadClass@96
                      ; - java.lang.ClassLoader::loadClass@38
  0x0000015dafa9f340: 5c5f f8ff 

  0x0000015dafa9f344: ;   {other}
  0x0000015dafa9f344: 0f1f 8400 | b435 0025 | 488b 5c24 | 204c 8b5c | 2478 488d | 8424 3801 | 0000 4883 | 3800 0f84 
  0x0000015dafa9f364: 7900 0000 | 4d8b 1341 | f6c2 020f | 8462 0000 | 0049 83ba | 8600 0000 | 0074 0949 | ff8a 8600 
  0x0000015dafa9f384: 0000 eb4b | 498b 8296 | 0000 0049 | 0b82 8e00 | 0000 750a | 49c7 423e | 0000 0000 | eb3d 4983 
  0x0000015dafa9f3a4: ba9e 0000 | 0000 7422 | 4833 c049 | c742 3e00 | 0000 00f0 | 8304 2400 | 4983 ba9e | 0000 0000 
  0x0000015dafa9f3c4: 750d f04d | 0fb1 7a3e | 7505 83c8 | 01eb 0ca8 | 00eb 084c | 8b10 f04d | 0fb1 1375 | 0a49 ff8f 
  0x0000015dafa9f3e4: 5005 0000 | 4533 d20f | 8450 0c00 | 0049 8bcb | 488d 9424 | 3801 0000 | 4d8b c7c5 | f877 49ba 
  0x0000015dafa9f404: 40d9 0438 | fc7f 0000 

  0x0000015dafa9f40c: ;   {other}
  0x0000015dafa9f40c: 41ff d20f | 1f84 0000 | 0000 00e9 | 250c 0000 | 498b 87b8 | 0100 004c | 8bd0 4983 | c228 4d3b 
  0x0000015dafa9f42c: 97c8 0100 | 000f 838a | 2300 004d | 8997 b801 | 0000 410f | 0d8a c000 | 0000 48c7 | 0001 0000 
  0x0000015dafa9f44c: ;   {metadata('java/lang/ClassNotFoundException')}
  0x0000015dafa9f44c: 00c7 4008 | 8893 0600 | 4489 600c | 4c89 6010 | 4c89 6018 | 4c89 6020 | 488b e848 | 8bd5 4c8b 
  0x0000015dafa9f46c: 8424 b000 | 0000 4c8b | 5424 784c | 8954 2428 

  0x0000015dafa9f47c: ;   {optimized virtual_call}
  0x0000015dafa9f47c: c5f8 77e8 

  0x0000015dafa9f480: ; ImmutableOopMap {rbp=Oop [40]=Oop [72]=Oop [80]=Oop [120]=Oop [176]=Oop [184]=Oop }
                      ;*invokespecial <init> {reexecute=0 rethrow=0 return_oop=0}
                      ; - java.net.URLClassLoader::findClass@41
                      ; - java.lang.ClassLoader::loadClass@69
                      ; - java.lang.ClassLoader::loadClass@38
  0x0000015dafa9f480: fc2c 0400 

  0x0000015dafa9f484: ;   {other}
  0x0000015dafa9f484: 0f1f 8400 | f436 0026 | 4c8b 5c24 | 7848 8d84 | 2438 0100 | 0048 8338 | 000f 8479 | 0000 004d 
  0x0000015dafa9f4a4: 8b13 41f6 | c202 0f84 | 6200 0000 | 4983 ba86 | 0000 0000 | 7409 49ff | 8a86 0000 | 00eb 4b49 
  0x0000015dafa9f4c4: 8b82 9600 | 0000 490b | 828e 0000 | 0075 0a49 | c742 3e00 | 0000 00eb | 3d49 83ba | 9e00 0000 
  0x0000015dafa9f4e4: 0074 2248 | 33c0 49c7 | 423e 0000 | 0000 f083 | 0424 0049 | 83ba 9e00 | 0000 0075 | 0df0 4d0f 
  0x0000015dafa9f504: b17a 3e75 | 0583 c801 | eb0c a800 | eb08 4c8b | 10f0 4d0f | b113 750a | 49ff 8f50 | 0500 0045 
  0x0000015dafa9f524: 33d2 0f85 | a838 0000 | 448b 5d08 | 49b8 0000 | 00c2 5d01 | 0000 4d03 | c34d 8b50 

  0x0000015dafa9f540: ;   {metadata('java/lang/ClassNotFoundException')}
  0x0000015dafa9f540: 5049 bb88 | 9306 c25d | 0100 004d | 3bd3 0f84 | 2c0a 0000 | 488d 8424 | 3001 0000 | 4c8b 5c24 
  0x0000015dafa9f560: 5048 8338 | 000f 8479 | 0000 004d | 8b13 41f6 | c202 0f84 | 6200 0000 | 4983 ba86 | 0000 0000 
  0x0000015dafa9f580: 7409 49ff | 8a86 0000 | 00eb 4b49 | 8b82 9600 | 0000 490b | 828e 0000 | 0075 0a49 | c742 3e00 
  0x0000015dafa9f5a0: 0000 00eb | 3d49 83ba | 9e00 0000 | 0074 2248 | 33c0 49c7 | 423e 0000 | 0000 f083 | 0424 0049 
  0x0000015dafa9f5c0: 83ba 9e00 | 0000 0075 | 0df0 4d0f | b17a 3e75 | 0583 c801 | eb0c a800 | eb08 4c8b | 10f0 4d0f 
  0x0000015dafa9f5e0: b113 750a | 49ff 8f50 | 0500 0045 | 33d2 0f85 | d057 0000 | 488b d5c5 | f877 4881 | c450 0100 
  0x0000015dafa9f600: ;   {runtime_call _rethrow_Java}
  0x0000015dafa9f600: 005d e979 | 5998 ff45 | 8bc2 eb09 | 458d 42ff | eb03 448b | c149 8bc9 | 4585 c00f | 8c13 4300 
  0x0000015dafa9f620: 0045 3bc3 | 0f8f 5643 | 0000 453b | c30f 8457 | 0b00 0045 | 85c0 0f84 | 0021 0000 | 4d8b 8fb8 
  0x0000015dafa9f640: 0100 004d | 8bd1 4983 | c218 4d3b | 97c8 0100 | 000f 8392 | 2000 004d | 8997 b801 | 0000 410f 
  0x0000015dafa9f660: 0d8a c000 | 0000 49c7 | 0101 0000 

  0x0000015dafa9f66c: ;   {metadata('java/lang/String')}
  0x0000015dafa9f66c: 0041 c741 | 0878 e800 | 0045 8961 | 0c4d 8961 | 1044 8b94 | 2480 0000 | 004b 8d5c | d410 443b 
  0x0000015dafa9f68c: 4424 200f | 85c4 0000 | 004c 6344 | 2420 448b | 5c24 2041 | 81fb 0000 | 1000 0f87 | 942c 0000 
  0x0000015dafa9f6ac: 4c89 4424 | 5848 895c | 2438 4c89 | 4c24 7044 | 8954 242c | 4889 4c24 | 2049 8b9f | b801 0000 
  0x0000015dafa9f6cc: 4d8d 5017 | 4983 e2f8 | 4c8b c34d | 03c2 4d3b | 87c8 0100 | 000f 8372 | 2c00 004d | 8987 b801 
  0x0000015dafa9f6ec: 0000 410f | 0d88 c000 | 0000 48c7 | 0301 0000 | 0041 0f0d | 8800 0100 

  0x0000015dafa9f704: ;   {metadata({type array byte})}
  0x0000015dafa9f704: 00c7 4308 | 1823 0000 | 4489 5b0c | 410f 0d88 | 4001 0000 | 410f 0d88 | 8001 0000 | 488b d348 
  0x0000015dafa9f724: 83c2 104c | 8b44 2458 | 4983 c007 | 49c1 e803 | 488b 4c24 | 38c5 f877 | 49ba 604b | 3daf 5d01 
  0x0000015dafa9f744: 0000 41ff 

  0x0000015dafa9f748: ;   {other}
  0x0000015dafa9f748: d20f 1f84 | 0000 0000 | 004c 8bdb | e91c 0100 | 0041 81f8 | 0000 1000 | 0f87 f636 | 0000 4963 
  0x0000015dafa9f768: d08b 7c24 | 2041 3bf8 | 448b df45 | 0f4f d844 | 895c 2434 | 413b fb0f | 824b 3700 | 0045 3bc3 
  0x0000015dafa9f788: 0f82 4237 | 0000 4883 | c217 4c8b | d249 83e2 | f841 81f8 | 0000 1000 | 0f87 8621 | 0000 4c89 
  0x0000015dafa9f7a8: 5424 6048 | 8954 2458 | 4889 5c24 | 384c 894c | 2470 4489 | 4424 2848 | 894c 2420 | 4d8b 9fb8 
  0x0000015dafa9f7c8: 0100 004d | 8bc3 4d03 | c24d 3b87 | c801 0000 | 0f83 6c21 | 0000 4d89 | 87b8 0100 | 0041 0f0d 
  0x0000015dafa9f7e8: 88c0 0000 | 0049 c703 | 0100 0000 | 410f 0d88 | 0001 0000 

  0x0000015dafa9f7fc: ;   {metadata({type array byte})}
  0x0000015dafa9f7fc: 41c7 4308 | 1823 0000 | 448b 5424 | 2845 8953 | 0c41 0f0d | 8840 0100 | 0041 0f0d | 8880 0100 
  0x0000015dafa9f81c: 0049 8bd3 | 4883 c210 | 4c8b 4424 | 5849 c1e8 | 038b 6c24 | 3485 ed0f | 842b 3600 | 0041 3bea 
  0x0000015dafa9f83c: 0f8c c719 | 0000 498b | db4c 8b54 | 2460 4983 | c2f0 49c1 | ea03 488b | 4c24 384d | 8bc2 c5f8 
  0x0000015dafa9f85c: 7749 ba60 | 4b3d af5d | 0100 0041 

  0x0000015dafa9f868: ;   {other}
  0x0000015dafa9f868: ffd2 0f1f | 8400 0000 | 0000 4c8b | db41 807f | 4000 0f85 | 6f18 0000 | 4c8b 4c24 | 704d 8bd3 
  0x0000015dafa9f888: 49c1 ea03 | 4589 5114 | 4d8b d14d | 33da 49c1 | eb16 4d85 | db74 1649 | c1ea 094c | 8b44 2420 
  0x0000015dafa9f8a8: 4d03 c241 | 8038 020f | 8576 1800 | 0045 8861 | 1041 8b41 | 0c85 c075 | 6445 0fb6 | 5911 4585 
  0x0000015dafa9f8c8: db0f 85f9 | 1b00 0045 | 8b59 1449 | 8bd3 48c1 | e203 4180 | 7910 000f | 8511 1f00 | 004c 894c 
  0x0000015dafa9f8e8: 2420 4c8b | 9424 b000 | 0000 4c89 | 5424 384c | 8954 2458 | 488b 6c24 | 6866 6690 

  0x0000015dafa9f904: ;   {static_call}
  0x0000015dafa9f904: c5f8 77e8 

  0x0000015dafa9f908: ; ImmutableOopMap {rbp=Oop [32]=Oop [56]=Oop [72]=Oop [80]=Oop [88]=Oop [104]=Oop [120]=Oop [176]=Oop }
                      ;*invokestatic hashCode {reexecute=0 rethrow=0 return_oop=0}
                      ; - java.lang.String::hashCode@27
                      ; - java.util.concurrent.ConcurrentHashMap::get@1
                      ; - jdk.internal.loader.BuiltinClassLoader::findLoadedModule@24
                      ; - jdk.internal.loader.BuiltinClassLoader::loadClassOrNull@22
                      ; - jdk.internal.loader.BuiltinClassLoader::loadClass@3
                      ; - java.lang.ClassLoader::loadClass@38
  0x0000015dafa9f908: b4d0 ecff 

  0x0000015dafa9f90c: ;   {other}
  0x0000015dafa9f90c: 0f1f 8400 | 7c3b 0027 | 85c0 0f84 | c91e 0000 | 4c8b 4c24 | 2041 8941 

  0x0000015dafa9f924: ;   {oop(a 'java/util/concurrent/ConcurrentHashMap'{0x00000006804aebf8})}
  0x0000015dafa9f924: 0c49 baf8 | eb4a 8006 | 0000 0041 | 8b4a 2885 | c90f 84b9 | 0300 0045 | 8b44 cc0c | 4585 c00f 
  0x0000015dafa9f944: 8633 3c00 | 0044 8bd0 | 41c1 ea10 | 4433 d04d | 8d1c cc41 | 81e2 ffff | ff7f 41ff | c845 23c2 
  0x0000015dafa9f964: 4d63 c047 | 8b5c 8310 | 4585 db0f | 847f 0300 | 0043 8b6c | dc0c 413b | ea0f 85c5 | 0200 0043 
  0x0000015dafa9f984: 8b6c dc10 | 4c8b c549 | c1e0 034d | 3bc1 0f84 | 1a01 0000 

  0x0000015dafa9f998: ; implicit exception: dispatches to 0x0000015dafaa67ec
  0x0000015dafa9f998: 458b 44ec | 0849 8d0c | ec4c 3bc9 | 0f84 0801 

  0x0000015dafa9f9a8: ;   {metadata('java/lang/String')}
  0x0000015dafa9f9a8: 0000 4181 | f878 e800 | 000f 8531 | 6300 0041 | 0fbe 5910 | 0fbe 6910 | 3bdd 0f85 | 8c52 0000 
  0x0000015dafa9f9c8: 448b 4114 | 418b 7914 | 438b 5cc4 | 0c41 8b4c | fc0c 3bcb | 0f85 6e02 | 0000 4b8d | 1cc4 4b8d 
  0x0000015dafa9f9e8: 74c4 104d | 8d04 fc49 | 8d7c fc10 | 85c9 0f84 | 9d00 0000 | 8bc1 83e0 | 1f83 e1e0 | 0f84 4b00 
  0x0000015dafa9fa08: 0000 488d | 3c0f 488d | 340e 48f7 | d9c5 fe6f | 0c0f c5fe | 6f04 0ec5 | f5ef c8c4 | e27d 17c9 
  0x0000015dafa9fa28: 0f85 7200 | 0000 4883 | c120 75e1 | 85c0 0f84 | 5d00 0000 | c5fe 6f4c | 07e0 c5fe | 6f44 06e0 
  0x0000015dafa9fa48: c5f5 efc8 | c4e2 7d17 | c975 4deb | 448b c883 | e1fc 7419 | 488d 3c0f | 488d 340e | 48f7 d98b 
  0x0000015dafa9fa68: 1c0f 3b1c | 0e75 3148 | 83c1 0475 | f2a8 0274 | 120f b71f | 0fb7 0e3b | d975 1d48 | 8d7f 0248 
  0x0000015dafa9fa88: 8d76 02a8 | 0174 0a0f | b61f 0fb6 | 0e3b d975 | 07b8 0100 | 0000 eb02 | 33c0 c5f5 | efc9 c5fd 
  0x0000015dafa9faa8: ;   {no_reloc}
  0x0000015dafa9faa8: efc0 85c0 | 0f84 9e01 | 0000 438b | 6cdc 1485 | ed0f 8435 | 0200 0045 | 8b54 ec08 

  0x0000015dafa9fac4: ;   {metadata('jdk/internal/loader/BuiltinClassLoader$LoadedModule')}
  0x0000015dafa9fac4: 4181 faa8 | de16 000f | 8567 6100 | 004d 8d14 | ec41 8b6a | 0c4c 8bdd | 49c1 e303 | 4c8b 4424 
  0x0000015dafa9fae4: 784d 3bd8 | 0f84 d513 | 0000 458b 

  0x0000015dafa9faf0: ;   {metadata('jdk/internal/loader/ClassLoaders$BootClassLoader')}
  0x0000015dafa9faf0: 5cec 0841 | 81fb 104d | 1700 0f85 | 3034 0000 | 488b b424 | b000 0000 | 8b6e 1445 | 8b4c ec0c 
  0x0000015dafa9fb10: 4585 c90f | 864f 3400 | 0044 0fbe | 5e10 4585 | db0f 8521 | 4500 00c4 | 4222 f7d1 | 453b d145 
  0x0000015dafa9fb30: 0f4f d14d | 8d1c ec4d | 8d5c ec10 | 4585 d20f | 8ed0 0000 | 0045 3bca | 0f82 6634 | 0000 498b 
  0x0000015dafa9fb50: fb41 8bd2 | b82f 0000 | 0048 8bdf | 83fa 100f | 8c79 0000 | 0083 fa20 | 0f8c 3600 | 0000 c5f9 
  0x0000015dafa9fb70: 6ec0 c4e2 | 7d78 c0c5 | edef d28b | ca83 e1e0 | 83e2 1fc5 | fe6f 0bc5 | f574 c8c4 | e27d 17d1 
  0x0000015dafa9fb90: 0f83 6900 | 0000 4883 | c320 83e9 | 2075 e4e9 | 0d00 0000 | c5f9 6ec0 | c5e9 efd2 | c4e2 7900 
  0x0000015dafa9fbb0: c283 fa10 | 0f8c 2400 | 0000 8bca | 83e1 f083 | e20f c5fa | 6f0b c5f1 | 74c8 c4e2 | 7917 d10f 
  0x0000015dafa9fbd0: 832a 0000 | 0048 83c3 | 1083 e910 | 75e4 85d2 | 0f84 1200 | 0000 0fb6 | 0b3b c174 | 1c48 83c3 
  0x0000015dafa9fbf0: ;   {no_reloc}
  0x0000015dafa9fbf0: 0183 ea01 | 7402 ebee | bbff ffff | ffeb 0dc5 | fdd7 c90f | bcc1 4803 | d848 2bdf | 83fb ff0f 
  0x0000015dafa9fc10: 8588 4400 | 0041 0fb6 | 2b83 fd5b | 0f84 2a46 | 0000 488b | d648 8954 | 2438 488b | 6c24 6890 
  0x0000015dafa9fc30: ;   {static_call}
  0x0000015dafa9fc30: c5f8 77e8 

  0x0000015dafa9fc34: ; ImmutableOopMap {rbp=Oop [56]=Oop [72]=Oop [80]=Oop [104]=Oop [120]=Oop [176]=Oop }
                      ;*invokestatic findBootstrapClass {reexecute=0 rethrow=0 return_oop=1}
                      ; - java.lang.ClassLoader::findBootstrapClassOrNull@10
                      ; - java.lang.System$2::findBootstrapClassOrNull@1
                      ; - jdk.internal.loader.ClassLoaders$BootClassLoader::loadClassOrNull@4
                      ; - jdk.internal.loader.BuiltinClassLoader::loadClassOrNull@3
                      ; - jdk.internal.loader.BuiltinClassLoader::loadClassOrNull@66
                      ; - jdk.internal.loader.BuiltinClassLoader::loadClass@3
                      ; - java.lang.ClassLoader::loadClass@38
  0x0000015dafa9fc34: a80f efff 

  0x0000015dafa9fc38: ;   {other}
  0x0000015dafa9fc38: 0f1f 8400 | a83e 0028 | 488b d8e9 | 2902 0000 | 85ed 0f8c | a151 0000 | 478b 5cdc | 1845 85db 
  0x0000015dafa9fc58: 0f84 9600 | 0000 4f8d | 04dc 418b | 500c 498b | 8f58 0400 

  0x0000015dafa9fc6c: ; ImmutableOopMap {r8=Oop r9=Oop [72]=Oop [80]=Oop [104]=Oop [120]=Oop [176]=Oop }
                      ;*if_icmpne {reexecute=1 rethrow=0 return_oop=0}
                      ; - (reexecute) java.util.concurrent.ConcurrentHashMap::get@127
                      ; - jdk.internal.loader.BuiltinClassLoader::findLoadedModule@24
                      ; - jdk.internal.loader.BuiltinClassLoader::loadClassOrNull@22
                      ; - jdk.internal.loader.BuiltinClassLoader::loadClass@3
                      ; - java.lang.ClassLoader::loadClass@38
                      ;   {poll}
  0x0000015dafa9fc6c: 0085 0141 | 3bd2 740f | 458b 5818 | 4585 db74 | 774f 8d04 | dceb df41 | 8b68 104c | 8bdd 49c1 
  0x0000015dafa9fc8c: e303 4d3b | d974 5585 | ed0f 848d | 5400 004c | 8984 2480 | 0000 0044 | 8954 242c | 4c89 4c24 
  0x0000015dafa9fcac: 704d 8d04 | ec49 8bd1 | 488b 6c24 | 484c 8b94 | 24b0 0000 | 004c 8954 | 2420 6690 

  0x0000015dafa9fcc8: ;   {optimized virtual_call}
  0x0000015dafa9fcc8: c5f8 77e8 

  0x0000015dafa9fccc: ; ImmutableOopMap {rbp=Oop [32]=Oop [72]=Oop [80]=Oop [104]=Oop [112]=Oop [120]=Oop [128]=Oop [176]=Oop }
                      ;*invokevirtual equals {reexecute=0 rethrow=0 return_oop=0}
                      ; - java.util.concurrent.ConcurrentHashMap::get@149
                      ; - jdk.internal.loader.BuiltinClassLoader::findLoadedModule@24
                      ; - jdk.internal.loader.BuiltinClassLoader::loadClassOrNull@22
                      ; - jdk.internal.loader.BuiltinClassLoader::loadClass@3
                      ; - java.lang.ClassLoader::loadClass@38
  0x0000015dafa9fccc: b0ed 94ff 

  0x0000015dafa9fcd0: ;   {other}
  0x0000015dafa9fcd0: 0f1f 8400 | 403f 002a | 85c0 0f84 | 9c54 0000 | 4c8b 8424 | 8000 0000 | 418b 6814 | 85ed 0f85 
  0x0000015dafa9fcf0: cbfd ffff | 488b 7424 | 788b 6e54 

  0x0000015dafa9fcfc: ; implicit exception: dispatches to 0x0000015dafaa67b4
  0x0000015dafa9fcfc: 458b 5cec 

  0x0000015dafa9fd00: ;   {metadata('jdk/internal/loader/ClassLoaders$BootClassLoader')}
  0x0000015dafa9fd00: 0841 81fb | 104d 1700 | 0f85 4e3f | 0000 4c8b | 8c24 b000 | 0000 418b | 6914 458b | 44ec 0c45 
  0x0000015dafa9fd20: 85c0 0f86 | 743f 0000 | 450f be59 | 1045 85db | 0f85 d24d | 0000 c442 | 22f7 d045 | 3bd0 450f 
  0x0000015dafa9fd40: 4fd0 4d8d | 1cec 4d8d | 5cec 1045 | 85d2 0f8e | d000 0000 | 453b c20f | 8283 3f00 | 0049 8bfb 
  0x0000015dafa9fd60: 418b d2b8 | 2f00 0000 | 488b df83 | fa10 0f8c | 7900 0000 | 83fa 200f | 8c36 0000 | 00c5 f96e 
  0x0000015dafa9fd80: c0c4 e27d | 78c0 c5f5 | efc9 8bca | 83e1 e083 | e21f c5fe | 6f13 c5ed | 74d0 c4e2 | 7d17 ca0f 
  0x0000015dafa9fda0: 8369 0000 | 0048 83c3 | 2083 e920 | 75e4 e90d | 0000 00c5 | f96e c0c5 | f1ef c9c4 | e279 00c1 
  0x0000015dafa9fdc0: 83fa 100f | 8c24 0000 | 008b ca83 | e1f0 83e2 | 0fc5 fa6f | 13c5 e974 | d0c4 e279 | 17ca 0f83 
  0x0000015dafa9fde0: 2a00 0000 | 4883 c310 | 83e9 1075 | e485 d20f | 8412 0000 | 000f b60b | 3bc1 741c | 4883 c301 
  0x0000015dafa9fe00: ;   {no_reloc}
  0x0000015dafa9fe00: 83ea 0174 | 02eb eebb | ffff ffff | eb0d c5fd | d7ca 0fbc | c148 03d8 | 482b df83 | fbff 0f85 
  0x0000015dafa9fe20: 744d 0000 | 410f b62b | 83fd 5b0f | 84af 4d00 | 0049 8bd1 | 4c89 4c24 | 204c 894c | 2428 488b 
  0x0000015dafa9fe40: 6c24 6890 

  0x0000015dafa9fe44: ;   {static_call}
  0x0000015dafa9fe44: c5f8 77e8 

  0x0000015dafa9fe48: ; ImmutableOopMap {rbp=Oop [32]=Oop [40]=Oop [72]=Oop [80]=Oop [104]=Oop [120]=Oop [176]=Oop }
                      ;*invokestatic findBootstrapClass {reexecute=0 rethrow=0 return_oop=1}
                      ; - java.lang.ClassLoader::findBootstrapClassOrNull@10
                      ; - java.lang.System$2::findBootstrapClassOrNull@1
                      ; - jdk.internal.loader.ClassLoaders$BootClassLoader::loadClassOrNull@4
                      ; - jdk.internal.loader.BuiltinClassLoader::loadClassOrNull@3
                      ; - jdk.internal.loader.BuiltinClassLoader::loadClassOrNull@86
                      ; - jdk.internal.loader.BuiltinClassLoader::loadClass@3
                      ; - java.lang.ClassLoader::loadClass@38
  0x0000015dafa9fe48: 940d efff 

  0x0000015dafa9fe4c: ;   {other}
  0x0000015dafa9fe4c: 0f1f 8400 | bc40 002b | 4885 c00f | 85f3 4c00 | 004c 8b44 | 2478 458b | 5858 4585 | db0f 85b1 
  0x0000015dafa9fe6c: 4d00 0033 | db4c 8b5c | 2468 488d | 8424 3801 | 0000 4883 | 3800 0f84 | 7900 0000 | 4d8b 1341 
  0x0000015dafa9fe8c: f6c2 020f | 8462 0000 | 0049 83ba | 8600 0000 | 0074 0949 | ff8a 8600 | 0000 eb4b | 498b 8296 
  0x0000015dafa9feac: 0000 0049 | 0b82 8e00 | 0000 750a | 49c7 423e | 0000 0000 | eb3d 4983 | ba9e 0000 | 0000 7422 
  0x0000015dafa9fecc: 4833 c049 | c742 3e00 | 0000 00f0 | 8304 2400 | 4983 ba9e | 0000 0000 | 750d f04d | 0fb1 7a3e 
  0x0000015dafa9feec: 7505 83c8 | 01eb 0ca8 | 00eb 084c | 8b10 f04d | 0fb1 1375 | 0a49 ff8f | 5005 0000 | 4533 d20f 
  0x0000015dafa9ff0c: 85db 2b00 | 0048 85db | 0f85 2701 | 0000 498b | 87b8 0100 | 004c 8bd0 | 4983 c228 | 4d3b 97c8 
  0x0000015dafa9ff2c: 0100 000f | 8380 1700 | 004d 8997 | b801 0000 | 410f 0d8a | c000 0000 | 48c7 0001 

  0x0000015dafa9ff48: ;   {metadata('java/lang/ClassNotFoundException')}
  0x0000015dafa9ff48: 0000 00c7 | 4008 8893 | 0600 4489 | 600c 4c89 | 6010 4c89 | 6018 4c89 | 6020 488b | d04c 8b84 
  0x0000015dafa9ff68: 24b0 0000 | 0048 8bea 

  0x0000015dafa9ff70: ;   {optimized virtual_call}
  0x0000015dafa9ff70: c5f8 77e8 

  0x0000015dafa9ff74: ; ImmutableOopMap {rbp=Oop [72]=Oop [80]=Oop [176]=Oop }
                      ;*invokespecial <init> {reexecute=0 rethrow=0 return_oop=0}
                      ; - jdk.internal.loader.BuiltinClassLoader::loadClass@16
                      ; - java.lang.ClassLoader::loadClass@38
  0x0000015dafa9ff74: 0822 0400 

  0x0000015dafa9ff78: ;   {other}
  0x0000015dafa9ff78: 0f1f 8400 | e841 002c | c5f8 7749 | bad0 30fe | 37fc 7f00 | 0041 ffd2 

  0x0000015dafa9ff90: ;   {other}
  0x0000015dafa9ff90: 0f1f 8400 | 0000 0000 | 4889 4424 | 2848 8b54 | 2448 448b 

  0x0000015dafa9ffa4: ;   {metadata('org/gradle/internal/classloader/VisitableURLClassLoader')}
  0x0000015dafa9ffa4: 5a08 4181 | fb08 3a00 | 010f 857c | 0200 0048 | 8954 2420 | 4c8b 8424 | b000 0000 

  0x0000015dafa9ffc0: ;   {optimized virtual_call}
  0x0000015dafa9ffc0: c5f8 77e8 

  0x0000015dafa9ffc4: ; ImmutableOopMap {[32]=Oop [72]=Oop [80]=Oop }
                      ;*invokevirtual findClass {reexecute=0 rethrow=0 return_oop=1}
                      ; - java.lang.ClassLoader::loadClass@69
  0x0000015dafa9ffc4: 9807 0700 

  0x0000015dafa9ffc8: ;   {other}
  0x0000015dafa9ffc8: 0f1f 8400 | 3842 002d | 4889 4424 | 204c 8b44 | 2428 4c2b 

  0x0000015dafa9ffdc: ;   {oop(a 'jdk/internal/perf/PerfCounter'{0x00000006804cdd00})}
  0x0000015dafa9ffdc: 4424 4048 | ba00 dd4c | 8006 0000 | 0066 6690 

  0x0000015dafa9ffec: ;   {optimized virtual_call}
  0x0000015dafa9ffec: c5f8 77e8 

  0x0000015dafa9fff0: ; ImmutableOopMap {[32]=Oop [72]=Oop [80]=Oop }
                      ;*invokevirtual add {reexecute=0 rethrow=0 return_oop=0}
                      ; - jdk.internal.perf.PerfCounter::addTime@2
                      ; - java.lang.ClassLoader::loadClass@82
  0x0000015dafa9fff0: ac52 f8ff 

  0x0000015dafa9fff4: ;   {other}
  0x0000015dafa9fff4: 0f1f 8400 | 6442 002e 

  0x0000015dafa9fffc: ;   {oop(a 'jdk/internal/perf/PerfCounter'{0x00000006804cdd18})}
  0x0000015dafa9fffc: 48ba 18dd | 4c80 0600 | 0000 4c8b | 4424 2890 

  0x0000015dafaa000c: ;   {optimized virtual_call}
  0x0000015dafaa000c: c5f8 77e8 

  0x0000015dafaa0010: ; ImmutableOopMap {[32]=Oop [72]=Oop [80]=Oop }
                      ;*invokevirtual addElapsedTimeFrom {reexecute=0 rethrow=0 return_oop=0}
                      ; - java.lang.ClassLoader::loadClass@90
  0x0000015dafaa0010: 2c1e 0100 

  0x0000015dafaa0014: ;   {other}
  0x0000015dafaa0014: 0f1f 8400 | 8442 002f 

  0x0000015dafaa001c: ;   {oop(a 'jdk/internal/perf/PerfCounter'{0x00000006804cdd30})}
  0x0000015dafaa001c: 48ba 30dd | 4c80 0600 | 0000 41b8 | 0100 0000 

  0x0000015dafaa002c: ;   {optimized virtual_call}
  0x0000015dafaa002c: c5f8 77e8 

  0x0000015dafaa0030: ; ImmutableOopMap {[32]=Oop [72]=Oop [80]=Oop }
                      ;*invokevirtual add {reexecute=0 rethrow=0 return_oop=0}
                      ; - jdk.internal.perf.PerfCounter::increment@2
                      ; - java.lang.ClassLoader::loadClass@96
  0x0000015dafaa0030: 6c52 f8ff 

  0x0000015dafaa0034: ;   {other}
  0x0000015dafaa0034: 0f1f 8400 | a442 0030 | 488b 5c24 | 2044 8b5c | 2430 4585 | db0f 8579 | 2b00 0048 | 8d84 2430 
  0x0000015dafaa0054: 0100 004c | 8b5c 2450 | 4883 3800 | 0f84 7900 | 0000 4d8b | 1341 f6c2 | 020f 8462 | 0000 0049 
  0x0000015dafaa0074: 83ba 8600 | 0000 0074 | 0949 ff8a | 8600 0000 | eb4b 498b | 8296 0000 | 0049 0b82 | 8e00 0000 
  0x0000015dafaa0094: 750a 49c7 | 423e 0000 | 0000 eb3d | 4983 ba9e | 0000 0000 | 7422 4833 | c049 c742 | 3e00 0000 
  0x0000015dafaa00b4: 00f0 8304 | 2400 4983 | ba9e 0000 | 0000 750d | f04d 0fb1 | 7a3e 7505 | 83c8 01eb | 0ca8 00eb 
  0x0000015dafaa00d4: 084c 8b10 | f04d 0fb1 | 1375 0a49 | ff8f 5005 | 0000 4533 | d20f 8571 | 2600 0048 | 8bc3 c5f8 
  0x0000015dafaa00f4: 7748 81c4 | 5001 0000 

  0x0000015dafaa00fc: ;   {poll_return}
  0x0000015dafaa00fc: 5d49 3ba7 | 5004 0000 | 0f87 6578 | 0000 c349 | 8b87 b801 | 0000 4c8b | d049 83c2 | 184d 3b97 
  0x0000015dafaa011c: c801 0000 | 0f83 9222 | 0000 4d89 | 97b8 0100 | 0041 0f0d | 8ac0 0000 | 0048 c700 | 0100 0000 
  0x0000015dafaa013c: ;   {metadata('java/lang/String')}
  0x0000015dafaa013c: c740 0878 | e800 0044 | 8960 0c44 | 8960 104c | 898c 24b0 | 0000 004c | 899c 2480 

  0x0000015dafaa0158: ;   {oop([B{0x000000068057e928})}
  0x0000015dafaa0158: 0000 00c7 | 4014 25fd 

  0x0000015dafaa0160: ;   {oop(".class"{0x00000006804ae690})}
  0x0000015dafaa0160: 0ad0 49ba | 90e6 4a80 | 0600 0000 | 458b 5a0c | 4489 580c | 450f b65a | 1144 8858 | 1148 8984 
  0x0000015dafaa0180: 24a0 0000 | 00e9 66e5 | ffff 4c8b | 8c24 b000 | 0000 e922 | f7ff ff41 | b82f 0000 | 00e9 21e1 
  0x0000015dafaa01a0: ;   {metadata('java/lang/IllegalArgumentException')}
  0x0000015dafaa01a0: ffff 48bd | c09a 06c2 | 5d01 0000 | 4c8b 9424 | 9800 0000 | 4d85 d20f | 84e0 1300 | 0048 ffb4 
  0x0000015dafaa01c0: 2498 0000 | 0048 8f44 | 2438 488b | 9424 b800 | 0000 4c8b | 8424 e800 | 0000 4c8b | 8c24 9800 
  0x0000015dafaa01e0: 0000 488b | 7c24 204c | 8b94 24e0 | 0000 004c | 8994 24a0 | 0000 0090 

  0x0000015dafaa01f8: ;   {optimized virtual_call}
  0x0000015dafaa01f8: c5f8 77e8 

  0x0000015dafaa01fc: ; ImmutableOopMap {[32]=Oop [40]=NarrowOop [56]=Oop [72]=Oop [80]=Oop [120]=Oop [128]=Oop [160]=Oop [176]=Oop [184]=Oop [212]=NarrowOop [224]=Oop [232]=Oop }
                      ;*invokevirtual definePackage {reexecute=0 rethrow=0 return_oop=1}
                      ; - java.net.URLClassLoader::defineClass@64
                      ; - java.net.URLClassLoader$1::run@43
                      ; - java.net.URLClassLoader$1::run@1
                      ; - java.security.AccessController::executePrivileged@29
                      ; - java.security.AccessController::doPrivileged@13
                      ; - java.net.URLClassLoader::findClass@13
                      ; - java.lang.ClassLoader::loadClass@69
                      ; - java.lang.ClassLoader::loadClass@38
  0x0000015dafaa01fc: a027 6ff8 

  0x0000015dafaa0200: ;   {other}
  0x0000015dafaa0200: 0f1f 8400 | 7044 0031 | e96c efff | ff4c 8b84 | 24b0 0000 | 00e9 4bd6 | ffff 4c8b | 9424 b000 
  0x0000015dafaa0220: 0000 4c89 | 9424 e800 | 0000 e9e3 | ecff ff4c | 8b84 24b0 | 0000 0066 | 6690 c5f8 | 7748 b870 
  0x0000015dafaa0240: b609 c35d 

  0x0000015dafaa0244: ;   {virtual_call}
  0x0000015dafaa0244: 0100 00e8 

  0x0000015dafaa0248: ; ImmutableOopMap {[72]=Oop [80]=Oop }
                      ;*invokevirtual findClass {reexecute=0 rethrow=0 return_oop=1}
                      ; - java.lang.ClassLoader::loadClass@69
  0x0000015dafaa0248: d433 9cf8 

  0x0000015dafaa024c: ;   {other}
  0x0000015dafaa024c: 0f1f 8400 | bc44 0032 | 4889 4424 | 20e9 77fd | ffff 4c89 | 4424 2049 | 8bd0 4c8b | 5424 784c 
  0x0000015dafaa026c: 8954 2458 | 4c8b 9424 | e000 0000 | 4c89 9424 | 9800 0000 

  0x0000015dafaa0280: ;   {optimized virtual_call}
  0x0000015dafaa0280: c5f8 77e8 

  0x0000015dafaa0284: ; ImmutableOopMap {[32]=Oop [40]=NarrowOop [72]=Oop [80]=Oop [88]=Oop [120]=Oop [128]=Oop [152]=Oop [176]=Oop [184]=Oop [212]=NarrowOop [224]=Oop [232]=Oop }
                      ;*invokevirtual getManEntry {reexecute=0 rethrow=0 return_oop=1}
                      ; - java.util.jar.JarFile::getManifestFromReference@27
                      ; - java.util.jar.JarFile::getManifest@1
                      ; - jdk.internal.loader.URLClassPath$JarLoader$2::getManifest@22
                      ; - java.net.URLClassLoader::defineClass@34
                      ; - java.net.URLClassLoader$1::run@43
                      ; - java.net.URLClassLoader$1::run@1
                      ; - java.security.AccessController::executePrivileged@29
                      ; - java.security.AccessController::doPrivileged@13
                      ; - java.net.URLClassLoader::findClass@13
                      ; - java.lang.ClassLoader::loadClass@69
                      ; - java.lang.ClassLoader::loadClass@38
  0x0000015dafaa0284: 78a8 6af8 

  0x0000015dafaa0288: ;   {other}
  0x0000015dafaa0288: 0f1f 8400 | f844 0033 | 4885 c00f | 8482 1100 | 004c 8b44 | 2420 450f | b650 1245 | 85d2 0f85 
  0x0000015dafaa02a8: e100 0000 | 4c89 8424 | f000 0000 | 498b d04c | 8bc0 488b | 6c24 4890 

  0x0000015dafaa02c0: ;   {optimized virtual_call}
  0x0000015dafaa02c0: c5f8 77e8 

  0x0000015dafaa02c4: ; ImmutableOopMap {rbp=Oop [40]=NarrowOop [72]=Oop [80]=Oop [120]=Oop [128]=Oop [152]=Oop [176]=Oop [184]=Oop [212]=NarrowOop [224]=Oop [232]=Oop [240]=Oop }
                      ;*invokespecial getInputStream {reexecute=0 rethrow=0 return_oop=1}
                      ; - java.util.jar.JarFile::getManifestFromReference@130
                      ; - java.util.jar.JarFile::getManifest@1
                      ; - jdk.internal.loader.URLClassPath$JarLoader$2::getManifest@22
                      ; - java.net.URLClassLoader::defineClass@34
                      ; - java.net.URLClassLoader$1::run@43
                      ; - java.net.URLClassLoader$1::run@1
                      ; - java.security.AccessController::executePrivileged@29
                      ; - java.security.AccessController::doPrivileged@13
                      ; - java.net.URLClassLoader::findClass@13
                      ; - java.lang.ClassLoader::loadClass@69
                      ; - java.lang.ClassLoader::loadClass@38
  0x0000015dafaa02c4: 7859 4ff8 

  0x0000015dafaa02c8: ;   {other}
  0x0000015dafaa02c8: 0f1f 8400 | 3845 0034 | 488b e849 | 8b87 b801 | 0000 4c8b | d049 83c2 | 184d 3b97 | c801 0000 
  0x0000015dafaa02e8: 0f83 bb23 | 0000 4d89 | 97b8 0100 | 0041 0f0d | 8ac0 0000 | 0048 c700 | 0100 0000 

  0x0000015dafaa0304: ;   {metadata('java/util/jar/Manifest')}
  0x0000015dafaa0304: c740 08a0 | e104 0044 | 8960 0c4c | 8960 104c | 8bd0 4c89 | 9424 c800 | 0000 4c8b | 9424 f000 
  0x0000015dafaa0324: 0000 458b | 5214 4d8b | ca49 c1e1 | 0348 8b94 | 24c8 0000 | 004c 8bc5 

  0x0000015dafaa033c: ;   {optimized virtual_call}
  0x0000015dafaa033c: c5f8 77e8 

  0x0000015dafaa0340: ; ImmutableOopMap {rbp=Oop [40]=NarrowOop [72]=Oop [80]=Oop [120]=Oop [128]=Oop [152]=Oop [176]=Oop [184]=Oop [200]=Oop [212]=NarrowOop [224]=Oop [232]=Oop [240]=Oop }
                      ;*invokespecial <init> {reexecute=0 rethrow=0 return_oop=0}
                      ; - java.util.jar.JarFile::getManifestFromReference@143
                      ; - java.util.jar.JarFile::getManifest@1
                      ; - jdk.internal.loader.URLClassPath$JarLoader$2::getManifest@22
                      ; - java.net.URLClassLoader::defineClass@34
                      ; - java.net.URLClassLoader$1::run@43
                      ; - java.net.URLClassLoader$1::run@1
                      ; - java.security.AccessController::executePrivileged@29
                      ; - java.security.AccessController::doPrivileged@13
                      ; - java.net.URLClassLoader::findClass@13
                      ; - java.lang.ClassLoader::loadClass@69
                      ; - java.lang.ClassLoader::loadClass@38
  0x0000015dafaa0340: 2c78 0000 

  0x0000015dafaa0344: ;   {other}
  0x0000015dafaa0344: 0f1f 8400 | b445 0035 | 4c8b dd45 

  0x0000015dafaa0350: ;   {metadata('java/util/zip/ZipFile$ZipFileInflaterInputStream')}
  0x0000015dafaa0350: 8b53 0841 | 81fa c0a4 | 3100 0f85 | 7c52 0000 | 498b d348 | 8b6c 2448 

  0x0000015dafaa0368: ;   {optimized virtual_call}
  0x0000015dafaa0368: c5f8 77e8 

  0x0000015dafaa036c: ; ImmutableOopMap {rbp=Oop [40]=NarrowOop [72]=Oop [80]=Oop [120]=Oop [128]=Oop [152]=Oop [176]=Oop [184]=Oop [200]=Oop [212]=NarrowOop [224]=Oop [232]=Oop [240]=Oop }
                      ;*invokevirtual close {reexecute=0 rethrow=0 return_oop=0}
                      ; - java.util.jar.JarFile::getManifestFromReference@152
                      ; - java.util.jar.JarFile::getManifest@1
                      ; - jdk.internal.loader.URLClassPath$JarLoader$2::getManifest@22
                      ; - java.net.URLClassLoader::defineClass@34
                      ; - java.net.URLClassLoader$1::run@43
                      ; - java.net.URLClassLoader$1::run@1
                      ; - java.security.AccessController::executePrivileged@29
                      ; - java.security.AccessController::doPrivileged@13
                      ; - java.net.URLClassLoader::findClass@13
                      ; - java.lang.ClassLoader::loadClass@69
                      ; - java.lang.ClassLoader::loadClass@38
  0x0000015dafaa036c: 10e7 94ff 

  0x0000015dafaa0370: ;   {other}
  0x0000015dafaa0370: 0f1f 8400 | e045 0036 | 4c8b 9424 | c800 0000 | 4c89 9424 | 0001 0000 | e940 0a00 | 0048 8984 
  0x0000015dafaa0390: 24c8 0000 | 0049 8be8 | 498b d04c | 8bc0 6690 

  0x0000015dafaa03a0: ;   {optimized virtual_call}
  0x0000015dafaa03a0: c5f8 77e8 

  0x0000015dafaa03a4: ; ImmutableOopMap {rbp=Oop [40]=NarrowOop [72]=Oop [80]=Oop [120]=Oop [128]=Oop [152]=Oop [176]=Oop [184]=Oop [200]=Oop [212]=NarrowOop [224]=Oop [232]=Oop }
                      ;*invokevirtual getBytes {reexecute=0 rethrow=0 return_oop=1}
                      ; - java.util.jar.JarFile::getManifestFromReference@44
                      ; - java.util.jar.JarFile::getManifest@1
                      ; - jdk.internal.loader.URLClassPath$JarLoader$2::getManifest@22
                      ; - java.net.URLClassLoader::defineClass@34
                      ; - java.net.URLClassLoader$1::run@43
                      ; - java.net.URLClassLoader$1::run@1
                      ; - java.security.AccessController::executePrivileged@29
                      ; - java.security.AccessController::doPrivileged@13
                      ; - java.net.URLClassLoader::findClass@13
                      ; - java.lang.ClassLoader::loadClass@69
                      ; - java.lang.ClassLoader::loadClass@38
  0x0000015dafaa03a4: d8e6 94ff 

  0x0000015dafaa03a8: ;   {other}
  0x0000015dafaa03a8: 0f1f 8400 | 1846 0037 | 4889 8424 | d800 0000 | 4c8b dd41 | 0fb6 6b11 | 85ed 0f85 | c453 0000 
  0x0000015dafaa03c8: 4c89 9c24 | f000 0000 | 498b d348 | 8b6c 2448 

  0x0000015dafaa03d8: ;   {optimized virtual_call}
  0x0000015dafaa03d8: c5f8 77e8 

  0x0000015dafaa03dc: ; ImmutableOopMap {rbp=Oop [40]=NarrowOop [72]=Oop [80]=Oop [120]=Oop [128]=Oop [152]=Oop [176]=Oop [184]=Oop [200]=Oop [212]=NarrowOop [216]=Oop [224]=Oop [232]=Oop [240]=Oop }
                      ;*invokevirtual getManifestNum {reexecute=0 rethrow=0 return_oop=0}
                      ; - java.util.zip.ZipFile$1::getManifestNum@1
                      ; - java.util.jar.JarFile::getManifestFromReference@59
                      ; - java.util.jar.JarFile::getManifest@1
                      ; - jdk.internal.loader.URLClassPath$JarLoader$2::getManifest@22
                      ; - java.net.URLClassLoader::defineClass@34
                      ; - java.net.URLClassLoader$1::run@43
                      ; - java.net.URLClassLoader$1::run@1
                      ; - java.security.AccessController::executePrivileged@29
                      ; - java.security.AccessController::doPrivileged@13
                      ; - java.net.URLClassLoader::findClass@13
                      ; - java.lang.ClassLoader::loadClass@69
                      ; - java.lang.ClassLoader::loadClass@38
  0x0000015dafaa03dc: a0e6 94ff 

  0x0000015dafaa03e0: ;   {other}
  0x0000015dafaa03e0: 0f1f 8400 | 5046 0038 | 83f8 010f | 8557 5400 | 004d 8b97 | b801 0000 | 4d8b da49 | 83c3 404d 
  0x0000015dafaa0400: 3b9f c801 | 0000 0f83 | a120 0000 | 4d89 9fb8 | 0100 0041 | 0f0d 8bc0 | 0000 0049 | c702 0100 
  0x0000015dafaa0420: ;   {metadata('java/util/jar/JarVerifier')}
  0x0000015dafaa0420: 0000 41c7 | 4208 789e | 1600 4589 | 620c 4d89 | 6210 4d89 | 6218 4d89 | 6220 4d89 | 6228 4d89 
  0x0000015dafaa0440: 6230 4d89 | 6238 4c89 | 9424 f800 | 0000 4c8b | 9424 c800 | 0000 458b 

  0x0000015dafaa0458: ;   {metadata('java/util/jar/JarFile$JarFileEntry')}
  0x0000015dafaa0458: 5208 4181 | fad0 3231 | 000f 8569 | 4d00 004c | 8b94 24c8 | 0000 004c | 8b9c 24f8 | 0000 0041 
  0x0000015dafaa0478: c643 0e01 | 458b 5a60 | 4c8b 9424 | f800 0000 | 4589 5a30 | 41c6 420d | 014d 8bd3 | 49c1 e203 
  0x0000015dafaa0498: 4c8b 8424 | f800 0000 | 4d33 d04c | 8b8c 24d8 | 0000 0049 | 8bf9 48c1 | ef03 49c1 | ea16 4d85 
  0x0000015dafaa04b8: d274 1f45 | 85db 741a | 49c1 e809 | 48b9 0000 | bcb4 5d01 | 0000 4903 | c880 3902 | 0f85 8e1d 
  0x0000015dafaa04d8: 0000 4180 | 7f40 000f | 852c 1700 | 004c 8b94 | 24f8 0000 | 0041 897a | 2c4c 8b94 | 24d8 0000 
  0x0000015dafaa04f8: 004c 8b9c | 24f8 0000 | 004d 33d3 | 49c1 ea16 | 4d85 d274 | 274c 8b94 | 24d8 0000 | 004d 85d2 
  0x0000015dafaa0518: 741a 49c1 | eb09 48b9 | 0000 bcb4 | 5d01 0000 | 4903 cb80 | 3902 0f85 | 851d 0000 | 498b afb8 
  0x0000015dafaa0538: 0100 004c | 8bd5 4983 | c230 4d3b | 97c8 0100 | 000f 8381 | 1f00 004d | 8997 b801 | 0000 410f 
  0x0000015dafaa0558: ;   {no_reloc}
  0x0000015dafaa0558: 0d8a c000 | 0000 48c7 | 4500 0100 

  0x0000015dafaa0564: ;   {metadata('java/util/Hashtable')}
  0x0000015dafaa0564: 0000 c745 | 08b8 d300 | 0044 8965 | 0c4c 8965 | 104c 8965 | 184c 8965 | 204c 8965 

  0x0000015dafaa0580: ;   {section_word}
  0x0000015dafaa0580: 28c5 fa10 | 05b7 c2ff | ff66 6690 

  0x0000015dafaa058c: ;   {static_call}
  0x0000015dafaa058c: c5f8 77e8 

  0x0000015dafaa0590: ; ImmutableOopMap {rbp=Oop [40]=NarrowOop [72]=Oop [80]=Oop [120]=Oop [128]=Oop [152]=Oop [176]=Oop [184]=Oop [212]=NarrowOop [216]=Oop [224]=Oop [232]=Oop [240]=Oop [248]=Oop }
                      ;*invokestatic isNaN {reexecute=0 rethrow=0 return_oop=0}
                      ; - java.util.Hashtable::<init>@47
                      ; - java.util.Hashtable::<init>@5
                      ; - java.util.jar.JarVerifier::<init>@39
                      ; - java.util.jar.JarFile::getManifestFromReference@78
                      ; - java.util.jar.JarFile::getManifest@1
                      ; - jdk.internal.loader.URLClassPath$JarLoader$2::getManifest@22
                      ; - java.net.URLClassLoader::defineClass@34
                      ; - java.net.URLClassLoader$1::run@43
                      ; - java.net.URLClassLoader$1::run@1
                      ; - java.security.AccessController::executePrivileged@29
                      ; - java.security.AccessController::doPrivileged@13
                      ; - java.net.URLClassLoader::findClass@13
                      ; - java.lang.ClassLoader::loadClass@69
                      ; - java.lang.ClassLoader::loadClass@38
  0x0000015dafaa0590: ecea 94ff 

  0x0000015dafaa0594: ;   {other}
  0x0000015dafaa0594: 0f1f 8400 | 0448 0039 | 85c0 0f85 | 244d 0000 | c745 1400 | 0040 3f4d | 8b97 b801 | 0000 4d8b 
  0x0000015dafaa05b4: da49 83c3 | 404d 3b9f | c801 0000 | 0f83 5a1f | 0000 4d89 | 9fb8 0100 | 0041 0f0d | 8bc0 0000 
  0x0000015dafaa05d4: 0049 c702 | 0100 0000 | 410f 0d8b | 0001 0000 

  0x0000015dafaa05e4: ;   {metadata('java/util/Hashtable$Entry'[])}
  0x0000015dafaa05e4: 41c7 4208 | a87f 1300 | 410f 0d8b | 4001 0000 | 41c7 420c | 0b00 0000 | 410f 0d8b | 8001 0000 
  0x0000015dafaa0604: 4d89 6210 | 4d89 6218 | 4d89 6220 | 4d89 6228 | 4d89 6230 | 4d89 6238 | 498b da41 | 807f 4000 
  0x0000015dafaa0624: 0f85 6516 | 0000 4c8b | d34d 8bda | 49c1 eb03 | 4489 5d1c | 4c8b dd4d | 33d3 488b | dd48 c1eb 
  0x0000015dafaa0644: 0349 c1ea | 164d 85d2 | 741a 49c1 | eb09 48b9 | 0000 bcb4 | 5d01 0000 | 4903 cb80 | 3902 0f85 
  0x0000015dafaa0664: 8518 0000 | 4180 7f40 | 000f 85dd | 1500 004c | 8b94 24f8 | 0000 0041 | 895a 14c7 | 4510 0800 
  0x0000015dafaa0684: 0000 4c8b | d54c 8b9c | 24f8 0000 | 004d 33d3 | 49c1 ea16 | 4d85 d274 | 1a49 c1eb | 0948 b900 
  0x0000015dafaa06a4: 00bc b45d | 0100 0049 | 03cb 8039 | 020f 8587 | 1800 0049 | 8baf b801 | 0000 4c8b | d549 83c2 
  0x0000015dafaa06c4: 304d 3b97 | c801 0000 | 0f83 261e | 0000 4d89 | 97b8 0100 | 0041 0f0d | 8ac0 0000 

  0x0000015dafaa06e0: ;   {no_reloc}
  0x0000015dafaa06e0: 0048 c745 | 0001 0000 

  0x0000015dafaa06e8: ;   {metadata('java/util/Hashtable')}
  0x0000015dafaa06e8: 00c7 4508 | b8d3 0000 | 4489 650c | 4c89 6510 | 4c89 6518 | 4c89 6520 | 4c89 6528 

  0x0000015dafaa0704: ;   {section_word}
  0x0000015dafaa0704: c5fa 1005 | 34c1 ffff 

  0x0000015dafaa070c: ;   {static_call}
  0x0000015dafaa070c: c5f8 77e8 

  0x0000015dafaa0710: ; ImmutableOopMap {rbp=Oop [40]=NarrowOop [72]=Oop [80]=Oop [120]=Oop [128]=Oop [152]=Oop [176]=Oop [184]=Oop [212]=NarrowOop [216]=Oop [224]=Oop [232]=Oop [240]=Oop [248]=Oop }
                      ;*invokestatic isNaN {reexecute=0 rethrow=0 return_oop=0}
                      ; - java.util.Hashtable::<init>@47
                      ; - java.util.Hashtable::<init>@5
                      ; - java.util.jar.JarVerifier::<init>@50
                      ; - java.util.jar.JarFile::getManifestFromReference@78
                      ; - java.util.jar.JarFile::getManifest@1
                      ; - jdk.internal.loader.URLClassPath$JarLoader$2::getManifest@22
                      ; - java.net.URLClassLoader::defineClass@34
                      ; - java.net.URLClassLoader$1::run@43
                      ; - java.net.URLClassLoader$1::run@1
                      ; - java.security.AccessController::executePrivileged@29
                      ; - java.security.AccessController::doPrivileged@13
                      ; - java.net.URLClassLoader::findClass@13
                      ; - java.lang.ClassLoader::loadClass@69
                      ; - java.lang.ClassLoader::loadClass@38
  0x0000015dafaa0710: 6ce9 94ff 

  0x0000015dafaa0714: ;   {other}
  0x0000015dafaa0714: 0f1f 8400 | 8449 003a | 85c0 0f85 | a04c 0000 | c745 1400 | 0040 3f4d | 8b97 b801 | 0000 4d8b 
  0x0000015dafaa0734: da49 83c3 | 404d 3b9f | c801 0000 | 0f83 2a1e | 0000 4d89 | 9fb8 0100 | 0041 0f0d | 8bc0 0000 
  0x0000015dafaa0754: 0049 c702 | 0100 0000 | 410f 0d8b | 0001 0000 

  0x0000015dafaa0764: ;   {metadata('java/util/Hashtable$Entry'[])}
  0x0000015dafaa0764: 41c7 4208 | a87f 1300 | 410f 0d8b | 4001 0000 | 41c7 420c | 0b00 0000 | 410f 0d8b | 8001 0000 
  0x0000015dafaa0784: 4d89 6210 | 4d89 6218 | 4d89 6220 | 4d89 6228 | 4d89 6230 | 4d89 6238 | 498b da41 | 807f 4000 
  0x0000015dafaa07a4: 0f85 1c15 | 0000 4c8b | d349 c1ea | 0344 8955 | 1c4c 8bd3 | 4c8b dd4d | 33d3 488b | fd48 c1ef 
  0x0000015dafaa07c4: 0349 c1ea | 164d 85d2 | 741a 49c1 | eb09 48b9 | 0000 bcb4 | 5d01 0000 | 4903 cb80 | 3902 0f85 
  0x0000015dafaa07e4: f817 0000 | 4180 7f40 | 000f 850a | 1500 004c | 8b94 24f8 | 0000 0041 | 897a 10c7 | 4510 0800 
  0x0000015dafaa0804: 0000 4c8b | d54c 8b9c | 24f8 0000 | 004d 33d3 | 49c1 ea16 | 4d85 d274 | 1a49 c1eb | 0948 b900 
  0x0000015dafaa0824: 00bc b45d | 0100 0049 | 03cb 8039 | 020f 8558 | 1700 0049 | 8baf b801 | 0000 4c8b | d549 83c2 
  0x0000015dafaa0844: 304d 3b97 | c801 0000 | 0f83 f61c | 0000 4d89 | 97b8 0100 | 0041 0f0d | 8ac0 0000 

  0x0000015dafaa0860: ;   {no_reloc}
  0x0000015dafaa0860: 0048 c745 | 0001 0000 

  0x0000015dafaa0868: ;   {metadata('java/util/Hashtable')}
  0x0000015dafaa0868: 00c7 4508 | b8d3 0000 | 4489 650c | 4c89 6510 | 4c89 6518 | 4c89 6520 | 4c89 6528 

  0x0000015dafaa0884: ;   {section_word}
  0x0000015dafaa0884: c5fa 1005 | b4bf ffff 

  0x0000015dafaa088c: ;   {static_call}
  0x0000015dafaa088c: c5f8 77e8 

  0x0000015dafaa0890: ; ImmutableOopMap {rbp=Oop [40]=NarrowOop [72]=Oop [80]=Oop [120]=Oop [128]=Oop [152]=Oop [176]=Oop [184]=Oop [212]=NarrowOop [216]=Oop [224]=Oop [232]=Oop [240]=Oop [248]=Oop }
                      ;*invokestatic isNaN {reexecute=0 rethrow=0 return_oop=0}
                      ; - java.util.Hashtable::<init>@47
                      ; - java.util.Hashtable::<init>@4
                      ; - java.util.jar.JarVerifier::<init>@63
                      ; - java.util.jar.JarFile::getManifestFromReference@78
                      ; - java.util.jar.JarFile::getManifest@1
                      ; - jdk.internal.loader.URLClassPath$JarLoader$2::getManifest@22
                      ; - java.net.URLClassLoader::defineClass@34
                      ; - java.net.URLClassLoader$1::run@43
                      ; - java.net.URLClassLoader$1::run@1
                      ; - java.security.AccessController::executePrivileged@29
                      ; - java.security.AccessController::doPrivileged@13
                      ; - java.net.URLClassLoader::findClass@13
                      ; - java.lang.ClassLoader::loadClass@69
                      ; - java.lang.ClassLoader::loadClass@38
  0x0000015dafaa0890: ece7 94ff 

  0x0000015dafaa0894: ;   {other}
  0x0000015dafaa0894: 0f1f 8400 | 044b 003b | 85c0 0f85 | 1c4c 0000 | c745 1400 | 0040 3f4d | 8b97 b801 | 0000 4d8b 
  0x0000015dafaa08b4: da49 83c3 | 404d 3b9f | c801 0000 | 0f83 f71c | 0000 4d89 | 9fb8 0100 | 0041 0f0d | 8bc0 0000 
  0x0000015dafaa08d4: 0049 c702 | 0100 0000 | 410f 0d8b | 0001 0000 

  0x0000015dafaa08e4: ;   {metadata('java/util/Hashtable$Entry'[])}
  0x0000015dafaa08e4: 41c7 4208 | a87f 1300 | 410f 0d8b | 4001 0000 | 41c7 420c | 0b00 0000 | 410f 0d8b | 8001 0000 
  0x0000015dafaa0904: 4d89 6210 | 4d89 6218 | 4d89 6220 | 4d89 6228 | 4d89 6230 | 4d89 6238 | 498b da41 | 807f 4000 
  0x0000015dafaa0924: 0f85 1214 | 0000 4c8b | d54c 8bdb | 4d33 da4c | 8bc3 49c1 | e803 4489 | 451c 49c1 | eb16 488b 
  0x0000015dafaa0944: dd48 c1eb | 034d 85db | 741a 49c1 | ea09 48b9 | 0000 bcb4 | 5d01 0000 | 4903 ca80 | 3902 0f85 
  0x0000015dafaa0964: 1a17 0000 | 4180 7f40 | 000f 8500 | 1400 004c | 8b94 24f8 | 0000 0041 | 895a 18c7 | 4510 0800 
  0x0000015dafaa0984: 0000 4c8b | dd4d 33da | 49c1 eb16 | 4d85 db74 | 1a49 c1ea | 0948 b900 | 00bc b45d | 0100 0049 
  0x0000015dafaa09a4: 03ca 8039 | 020f 8582 | 1600 0049 | 8b87 b801 | 0000 4c8b | d049 83c2 | 184d 3b97 | c801 0000 
  0x0000015dafaa09c4: 0f83 ce1b | 0000 4d89 | 97b8 0100 | 0041 0f0d | 8ac0 0000 | 0048 c700 | 0100 0000 

  0x0000015dafaa09e0: ;   {metadata('java/util/ArrayList')}
  0x0000015dafaa09e0: c740 08d0 | 890b 0044 | 8960 0c4c | 8960 104c | 8bd0 498b | ea49 8bd2 

  0x0000015dafaa09f8: ;   {optimized virtual_call}
  0x0000015dafaa09f8: c5f8 77e8 

  0x0000015dafaa09fc: ; ImmutableOopMap {rbp=Oop [40]=NarrowOop [72]=Oop [80]=Oop [120]=Oop [128]=Oop [152]=Oop [176]=Oop [184]=Oop [212]=NarrowOop [216]=Oop [224]=Oop [232]=Oop [240]=Oop [248]=Oop }
                      ;*invokespecial <init> {reexecute=0 rethrow=0 return_oop=0}
                      ; - java.util.jar.JarVerifier::<init>@74
                      ; - java.util.jar.JarFile::getManifestFromReference@78
                      ; - java.util.jar.JarFile::getManifest@1
                      ; - jdk.internal.loader.URLClassPath$JarLoader$2::getManifest@22
                      ; - java.net.URLClassLoader::defineClass@34
                      ; - java.net.URLClassLoader$1::run@43
                      ; - java.net.URLClassLoader$1::run@1
                      ; - java.security.AccessController::executePrivileged@29
                      ; - java.security.AccessController::doPrivileged@13
                      ; - java.net.URLClassLoader::findClass@13
                      ; - java.lang.ClassLoader::loadClass@69
                      ; - java.lang.ClassLoader::loadClass@38
  0x0000015dafaa09fc: 80e0 94ff 

  0x0000015dafaa0a00: ;   {other}
  0x0000015dafaa0a00: 0f1f 8400 | 704c 003c | 4180 7f40 | 000f 859f | 1300 004c | 8bd5 49c1 | ea03 4c8b | 9c24 f800 
  0x0000015dafaa0a20: 0000 4589 | 531c 4c8b | d54d 33d3 | 49c1 ea16 | 4d85 d274 | 1a49 c1eb | 0948 b900 | 00bc b45d 
  0x0000015dafaa0a40: 0100 0049 | 03cb 8039 | 020f 8584 | 1600 0049 | 8b87 b801 | 0000 4c8b | d049 83c2 | 184d 3b97 
  0x0000015dafaa0a60: c801 0000 | 0f83 7e1b | 0000 4d89 | 97b8 0100 | 0041 0f0d | 8ac0 0000 | 0048 c700 | 0100 0000 
  0x0000015dafaa0a80: ;   {metadata('java/io/ByteArrayOutputStream')}
  0x0000015dafaa0a80: c740 08a0 | 0022 0044 | 8960 0c4c | 8960 104c | 8bd0 498b | ea49 8bd2 

  0x0000015dafaa0a98: ;   {optimized virtual_call}
  0x0000015dafaa0a98: c5f8 77e8 

  0x0000015dafaa0a9c: ; ImmutableOopMap {rbp=Oop [40]=NarrowOop [72]=Oop [80]=Oop [120]=Oop [128]=Oop [152]=Oop [176]=Oop [184]=Oop [212]=NarrowOop [216]=Oop [224]=Oop [232]=Oop [240]=Oop [248]=Oop }
                      ;*invokespecial <init> {reexecute=0 rethrow=0 return_oop=0}
                      ; - java.util.jar.JarVerifier::<init>@85
                      ; - java.util.jar.JarFile::getManifestFromReference@78
                      ; - java.util.jar.JarFile::getManifest@1
                      ; - jdk.internal.loader.URLClassPath$JarLoader$2::getManifest@22
                      ; - java.net.URLClassLoader::defineClass@34
                      ; - java.net.URLClassLoader$1::run@43
                      ; - java.net.URLClassLoader$1::run@1
                      ; - java.security.AccessController::executePrivileged@29
                      ; - java.security.AccessController::doPrivileged@13
                      ; - java.net.URLClassLoader::findClass@13
                      ; - java.lang.ClassLoader::loadClass@69
                      ; - java.lang.ClassLoader::loadClass@38
  0x0000015dafaa0a9c: e0df 94ff 

  0x0000015dafaa0aa0: ;   {other}
  0x0000015dafaa0aa0: 0f1f 8400 | 104d 003d | 4180 7f40 | 000f 853e | 1300 004c | 8b94 24f8 | 0000 004c | 8bdd 4d33 
  0x0000015dafaa0ac0: da4c 8bcd | 49c1 e903 | 4c8b 8424 | f800 0000 | 4589 4824 | 49c1 eb16 | 4d85 db74 | 1a49 c1ea 
  0x0000015dafaa0ae0: 0948 b900 | 00bc b45d | 0100 0049 | 03ca 8039 | 020f 852d | 1600 0049 | 8b87 b801 | 0000 4c8b 
  0x0000015dafaa0b00: d049 83c2 | 184d 3b97 | c801 0000 | 0f83 fb1a | 0000 4d89 | 97b8 0100 | 0041 0f0d | 8ac0 0000 
  0x0000015dafaa0b20: 0048 c700 | 0100 0000 

  0x0000015dafaa0b28: ;   {metadata('java/util/ArrayList')}
  0x0000015dafaa0b28: c740 08d0 | 890b 0044 | 8960 0c4c | 8960 104c | 8bd0 498b | ea49 8bd2 

  0x0000015dafaa0b40: ;   {optimized virtual_call}
  0x0000015dafaa0b40: c5f8 77e8 

  0x0000015dafaa0b44: ; ImmutableOopMap {rbp=Oop [40]=NarrowOop [72]=Oop [80]=Oop [120]=Oop [128]=Oop [152]=Oop [176]=Oop [184]=Oop [212]=NarrowOop [216]=Oop [224]=Oop [232]=Oop [240]=Oop [248]=Oop }
                      ;*invokespecial <init> {reexecute=0 rethrow=0 return_oop=0}
                      ; - java.util.jar.JarVerifier::<init>@96
                      ; - java.util.jar.JarFile::getManifestFromReference@78
                      ; - java.util.jar.JarFile::getManifest@1
                      ; - jdk.internal.loader.URLClassPath$JarLoader$2::getManifest@22
                      ; - java.net.URLClassLoader::defineClass@34
                      ; - java.net.URLClassLoader$1::run@43
                      ; - java.net.URLClassLoader$1::run@1
                      ; - java.security.AccessController::executePrivileged@29
                      ; - java.security.AccessController::doPrivileged@13
                      ; - java.net.URLClassLoader::findClass@13
                      ; - java.lang.ClassLoader::loadClass@69
                      ; - java.lang.ClassLoader::loadClass@38
  0x0000015dafaa0b44: 38df 94ff 

  0x0000015dafaa0b48: ;   {other}
  0x0000015dafaa0b48: 0f1f 8400 | b84d 003e | 4180 7f40 | 000f 85d5 | 1200 004c | 8b94 24f8 | 0000 004c | 8bdd 4d33 
  0x0000015dafaa0b68: da4c 8bcd | 49c1 e903 | 4c8b 8424 | f800 0000 | 4589 4834 | 49c1 eb16 | 4d85 db74 | 1a49 c1ea 
  0x0000015dafaa0b88: 0948 b900 | 00bc b45d | 0100 0049 | 03ca 8039 | 020f 85d6 | 1500 0049 | 8b87 b801 | 0000 4c8b 
  0x0000015dafaa0ba8: d049 83c2 | 304d 3b97 | c801 0000 | 0f83 771a | 0000 4d89 | 97b8 0100 | 0041 0f0d | 8ac0 0000 
  0x0000015dafaa0bc8: 0048 c700 | 0100 0000 

  0x0000015dafaa0bd0: ;   {metadata('java/util/HashMap')}
  0x0000015dafaa0bd0: c740 0868 | a908 0044 | 8960 0c4c | 8960 104c | 8960 184c | 8960 204c | 8960 284c | 8bd0 498b 
  0x0000015dafaa0bf0: ea49 8bd2 

  0x0000015dafaa0bf4: ;   {optimized virtual_call}
  0x0000015dafaa0bf4: c5f8 77e8 

  0x0000015dafaa0bf8: ; ImmutableOopMap {rbp=Oop [40]=NarrowOop [72]=Oop [80]=Oop [120]=Oop [128]=Oop [152]=Oop [176]=Oop [184]=Oop [212]=NarrowOop [216]=Oop [224]=Oop [232]=Oop [240]=Oop [248]=Oop }
                      ;*invokespecial <init> {reexecute=0 rethrow=0 return_oop=0}
                      ; - java.util.jar.JarVerifier::<init>@107
                      ; - java.util.jar.JarFile::getManifestFromReference@78
                      ; - java.util.jar.JarFile::getManifest@1
                      ; - jdk.internal.loader.URLClassPath$JarLoader$2::getManifest@22
                      ; - java.net.URLClassLoader::defineClass@34
                      ; - java.net.URLClassLoader$1::run@43
                      ; - java.net.URLClassLoader$1::run@1
                      ; - java.security.AccessController::executePrivileged@29
                      ; - java.security.AccessController::doPrivileged@13
                      ; - java.net.URLClassLoader::findClass@13
                      ; - java.lang.ClassLoader::loadClass@69
                      ; - java.lang.ClassLoader::loadClass@38
  0x0000015dafaa0bf8: 84de 94ff 

  0x0000015dafaa0bfc: ;   {other}
  0x0000015dafaa0bfc: 0f1f 8400 | 6c4e 003f | 4180 7f40 | 000f 859f | 1200 004c | 8b94 24f8 | 0000 004c | 8bdd 4d33 
  0x0000015dafaa0c1c: da4c 8bcd | 49c1 e903 | 4c8b 8424 | f800 0000 | 4589 4838 | 49c1 eb16 | 498b f848 | c1ef 034d 
  0x0000015dafaa0c3c: 85db 741a | 49c1 ea09 | 48b9 0000 | bcb4 5d01 | 0000 4903 | ca80 3902 | 0f85 6c15 | 0000 4180 
  0x0000015dafaa0c5c: 7f40 000f | 850a 1200 | 004c 8b94 | 24f0 0000 | 0041 897a | 304c 8b94 | 24f8 0000 | 004c 8b9c 
  0x0000015dafaa0c7c: 24f0 0000 | 004d 33d3 | 49c1 ea16 | 4d85 d274 | 1a49 c1eb | 0948 b900 | 00bc b45d | 0100 0049 
  0x0000015dafaa0c9c: 03cb 8039 | 020f 8570 | 1500 0049 | 8b87 b801 | 0000 4c8b | d049 83c2 | 184d 3b97 | c801 0000 
  0x0000015dafaa0cbc: 0f83 c319 | 0000 4d89 | 97b8 0100 | 0041 0f0d | 8ac0 0000 | 0048 c700 | 0100 0000 

  0x0000015dafaa0cd8: ;   {metadata('java/util/jar/Manifest')}
  0x0000015dafaa0cd8: c740 08a0 | e104 0044 | 8960 0c4c | 8960 104c | 8bd0 4c89 | 5424 204c | 8b94 24f0 | 0000 0041 
  0x0000015dafaa0cf8: 8b6a 3049 | 8b87 b801 | 0000 4c8b | d049 83c2 | 204d 3b97 | c801 0000 | 0f83 3f19 | 0000 4d89 
  0x0000015dafaa0d18: 97b8 0100 | 0041 0f0d | 8ac0 0000 | 0048 c700 | 0100 0000 

  0x0000015dafaa0d2c: ;   {metadata('java/io/ByteArrayInputStream')}
  0x0000015dafaa0d2c: c740 08a0 | 2305 0044 | 8960 0c4c | 8960 104c | 8960 184c | 8bd0 4c89 | 5424 3849 | 8bd2 4c8b 
  0x0000015dafaa0d4c: 8424 d800 | 0000 4c8b | 9424 e000 | 0000 4c89 | 9424 a000 | 0000 6690 

  0x0000015dafaa0d64: ;   {optimized virtual_call}
  0x0000015dafaa0d64: c5f8 77e8 

  0x0000015dafaa0d68: ; ImmutableOopMap {rbp=NarrowOop [32]=Oop [40]=NarrowOop [56]=Oop [72]=Oop [80]=Oop [120]=Oop [128]=Oop [160]=Oop [176]=Oop [184]=Oop [212]=NarrowOop [224]=Oop [232]=Oop [240]=Oop }
                      ;*invokespecial <init> {reexecute=0 rethrow=0 return_oop=0}
                      ; - java.util.jar.JarFile::getManifestFromReference@114
                      ; - java.util.jar.JarFile::getManifest@1
                      ; - jdk.internal.loader.URLClassPath$JarLoader$2::getManifest@22
                      ; - java.net.URLClassLoader::defineClass@34
                      ; - java.net.URLClassLoader$1::run@43
                      ; - java.net.URLClassLoader$1::run@1
                      ; - java.security.AccessController::executePrivileged@29
                      ; - java.security.AccessController::doPrivileged@13
                      ; - java.net.URLClassLoader::findClass@13
                      ; - java.lang.ClassLoader::loadClass@69
                      ; - java.lang.ClassLoader::loadClass@38
  0x0000015dafaa0d68: 14dd 94ff 

  0x0000015dafaa0d6c: ;   {other}
  0x0000015dafaa0d6c: 0f1f 8400 | dc4f 0040 | 4c8b 9424 | f000 0000 | 458b 5a14 | 4c8b c549 | c1e0 0349 | 8bfb 48c1 
  0x0000015dafaa0d8c: e703 488b | 5424 204c | 8b4c 2438 | 488b 6c24 | 484c 8b94 | 24a0 0000 | 004c 8994 | 2498 0000 
  0x0000015dafaa0dac: 0066 6690 

  0x0000015dafaa0db0: ;   {optimized virtual_call}
  0x0000015dafaa0db0: c5f8 77e8 

  0x0000015dafaa0db4: ; ImmutableOopMap {rbp=Oop [32]=Oop [40]=NarrowOop [72]=Oop [80]=Oop [120]=Oop [128]=Oop [152]=Oop [176]=Oop [184]=Oop [212]=NarrowOop [224]=Oop [232]=Oop [240]=Oop }
                      ;*invokespecial <init> {reexecute=0 rethrow=0 return_oop=0}
                      ; - java.util.jar.JarFile::getManifestFromReference@121
                      ; - java.util.jar.JarFile::getManifest@1
                      ; - jdk.internal.loader.URLClassPath$JarLoader$2::getManifest@22
                      ; - java.net.URLClassLoader::defineClass@34
                      ; - java.net.URLClassLoader$1::run@43
                      ; - java.net.URLClassLoader$1::run@1
                      ; - java.security.AccessController::executePrivileged@29
                      ; - java.security.AccessController::doPrivileged@13
                      ; - java.net.URLClassLoader::findClass@13
                      ; - java.lang.ClassLoader::loadClass@69
                      ; - java.lang.ClassLoader::loadClass@38
  0x0000015dafaa0db4: c8dc 94ff 

  0x0000015dafaa0db8: ;   {other}
  0x0000015dafaa0db8: 0f1f 8400 | 2850 0041 | 4c8b 5424 | 204c 8994 | 2400 0100 | 0049 8b87 | b801 0000 | 4c8b d049 
  0x0000015dafaa0dd8: 83c2 284d | 3b97 c801 | 0000 0f83 | 9016 0000 | 4d89 97b8 | 0100 0041 | 0f0d 8ac0 | 0000 0048 
  0x0000015dafaa0df8: c700 0100 

  0x0000015dafaa0dfc: ;   {metadata('java/lang/ref/SoftReference')}
  0x0000015dafaa0dfc: 0000 c740 | 0890 df03 | 0044 8960 | 0c4c 8960 | 104c 8960 | 184c 8960 | 204c 8bd0 | 498b ea49 
  0x0000015dafaa0e1c: 8bd2 4c8b | 8424 0001 | 0000 4c8b | 9424 e000 | 0000 4c89 | 9424 9800 | 0000 6690 

  0x0000015dafaa0e38: ;   {optimized virtual_call}
  0x0000015dafaa0e38: c5f8 77e8 

  0x0000015dafaa0e3c: ; ImmutableOopMap {rbp=Oop [40]=NarrowOop [72]=Oop [80]=Oop [120]=Oop [128]=Oop [152]=Oop [176]=Oop [184]=Oop [212]=NarrowOop [224]=Oop [232]=Oop [240]=Oop [256]=Oop }
                      ;*invokespecial <init> {reexecute=0 rethrow=0 return_oop=0}
                      ; - java.util.jar.JarFile::getManifestFromReference@189
                      ; - java.util.jar.JarFile::getManifest@1
                      ; - jdk.internal.loader.URLClassPath$JarLoader$2::getManifest@22
                      ; - java.net.URLClassLoader::defineClass@34
                      ; - java.net.URLClassLoader$1::run@43
                      ; - java.net.URLClassLoader$1::run@1
                      ; - java.security.AccessController::executePrivileged@29
                      ; - java.security.AccessController::doPrivileged@13
                      ; - java.net.URLClassLoader::findClass@13
                      ; - java.lang.ClassLoader::loadClass@69
                      ; - java.lang.ClassLoader::loadClass@38
  0x0000015dafaa0e3c: c071 5df8 

  0x0000015dafaa0e40: ;   {other}
  0x0000015dafaa0e40: 0f1f 8400 | b050 0042 | 4180 7f40 | 000f 853d | 0a00 004c | 8b94 24f0 | 0000 004d | 8bda 4c8b 
  0x0000015dafaa0e60: c549 c1e8 | 0345 8942 | 284c 8bd5 | 4d33 d349 | c1ea 164d | 85d2 7419 | 49c1 eb09 | 4c8b 9424 
  0x0000015dafaa0e80: 2001 0000 | 4d03 d341 | 803a 020f | 8546 0a00 | 004c 8b94 | 2400 0100 | 004c 8994 | 2498 0000 
  0x0000015dafaa0ea0: 00e9 6ee2 | ffff 458b | c2e9 67e7 | ffff 41bb | 2f00 0000 | e957 d5ff | ff48 8944 | 2450 e977 
  0x0000015dafaa0ec0: baff ff4c | 8954 2428 | 48ff 7424 | 7848 8f44 | 2420 4c8b | 9424 b000 | 0000 4c89 | 5424 5848 
  0x0000015dafaa0ee0: 8b6c 2468 

  0x0000015dafaa0ee4: ;   {static_call}
  0x0000015dafaa0ee4: c5f8 77e8 

  0x0000015dafaa0ee8: ; ImmutableOopMap {rbp=Oop [32]=Oop [40]=Oop [72]=Oop [80]=Oop [88]=Oop [104]=Oop [176]=Oop }
                      ;*invokestatic isModuleSystemInited {reexecute=0 rethrow=0 return_oop=0}
                      ; - jdk.internal.loader.BuiltinClassLoader::loadClassOrNull@45
                      ; - jdk.internal.loader.BuiltinClassLoader::loadClass@3
                      ; - java.lang.ClassLoader::loadClass@38
  0x0000015dafaa0ee8: 94e1 94ff 

  0x0000015dafaa0eec: ;   {other}
  0x0000015dafaa0eec: 0f1f 8400 | 5c51 0043 | 85c0 0f84 | c101 0000 | 488b 6c24 | 2048 8bd5 | 4c8b 4424 | 284c 8b4c 
  0x0000015dafaa0f0c: 2458 4c89 | 4c24 6090 

  0x0000015dafaa0f14: ;   {optimized virtual_call}
  0x0000015dafaa0f14: c5f8 77e8 

  0x0000015dafaa0f18: ; ImmutableOopMap {rbp=Oop [72]=Oop [80]=Oop [96]=Oop [104]=Oop [176]=Oop }
                      ;*invokevirtual findClassInModuleOrNull {reexecute=0 rethrow=0 return_oop=1}
                      ; - jdk.internal.loader.BuiltinClassLoader::loadClassOrNull@55
                      ; - jdk.internal.loader.BuiltinClassLoader::loadClass@3
                      ; - java.lang.ClassLoader::loadClass@38
  0x0000015dafaa0f18: 64db 94ff 

  0x0000015dafaa0f1c: ;   {other}
  0x0000015dafaa0f1c: 0f1f 8400 | 8c51 0044 | 488b d8e9 | 45ef ffff | 458b d3e9 | 70c6 ffff | 4489 8424 | a800 0000 
  0x0000015dafaa0f3c: e996 dcff | ff48 8944 | 2420 e926 | c0ff ff4d | 894c f420 | e9a6 e1ff | ff48 8944 | 2420 e962 
  0x0000015dafaa0f5c: bcff ff45 | 8bce e9f6 | caff ff4c | 8954 2420 | 488b ac24 | a000 0000 | 4c8b 9424 | b000 0000 
  0x0000015dafaa0f7c: 4c89 5424 | 5866 6690 

  0x0000015dafaa0f84: ;   {static_call}
  0x0000015dafaa0f84: c5f8 77e8 

  0x0000015dafaa0f88: ; ImmutableOopMap {rbp=Oop [32]=Oop [40]=NarrowOop [72]=Oop [80]=Oop [88]=Oop [120]=Oop [168]=Oop [176]=Oop [184]=Oop }
                      ;*invokestatic isModuleSystemInited {reexecute=0 rethrow=0 return_oop=0}
                      ; - jdk.internal.loader.BuiltinClassLoader::loadClassOrNull@45
                      ; - jdk.internal.loader.BuiltinClassLoader::loadClass@3
                      ; - java.lang.ClassLoader::loadClass@38
                      ; - java.lang.ClassLoader::loadClass@38
  0x0000015dafaa0f88: f4e0 94ff 

  0x0000015dafaa0f8c: ;   {other}
  0x0000015dafaa0f8c: 0f1f 8400 | fc51 0045 | 85c0 0f84 | 3701 0000 | 488b d54c | 8b44 2420 | 4c8b 4c24 | 584c 894c 
  0x0000015dafaa0fac: 2470 4c89 | 8c24 8800 | 0000 4c8b | 9424 a800 | 0000 4c89 | 9424 9800 | 0000 6690 

  0x0000015dafaa0fc8: ;   {optimized virtual_call}
  0x0000015dafaa0fc8: c5f8 77e8 

  0x0000015dafaa0fcc: ; ImmutableOopMap {rbp=Oop [40]=NarrowOop [72]=Oop [80]=Oop [112]=Oop [120]=Oop [136]=Oop [152]=Oop [168]=Oop [176]=Oop [184]=Oop }
                      ;*invokevirtual findClassInModuleOrNull {reexecute=0 rethrow=0 return_oop=1}
                      ; - jdk.internal.loader.BuiltinClassLoader::loadClassOrNull@55
                      ; - jdk.internal.loader.BuiltinClassLoader::loadClass@3
                      ; - java.lang.ClassLoader::loadClass@38
                      ; - java.lang.ClassLoader::loadClass@38
  0x0000015dafaa0fcc: b0da 94ff 

  0x0000015dafaa0fd0: ;   {other}
  0x0000015dafaa0fd0: 0f1f 8400 | 4052 0046 | 488b d8e9 | 23cc ffff | 33ed e937 | d1ff ff48 | 8b54 2438 | 41b8 0100 
  0x0000015dafaa0ff0: 0000 488b | 6c24 484c | 8b94 24e0 | 0000 004c | 8994 2498 | 0000 0090 

  0x0000015dafaa1008: ;   {optimized virtual_call}
  0x0000015dafaa1008: c5f8 77e8 

  0x0000015dafaa100c: ; ImmutableOopMap {rbp=Oop [40]=NarrowOop [56]=Oop [72]=Oop [80]=Oop [120]=Oop [128]=Oop [152]=Oop [176]=Oop [184]=Oop [200]=NarrowOop [212]=NarrowOop [224]=Oop [232]=Oop }
                      ;*invokevirtual getManifestName {reexecute=0 rethrow=0 return_oop=1}
                      ; - java.util.zip.ZipFile$1::getManifestName@2
                      ; - java.util.jar.JarFile::maybeInstantiateVerifier@20
                      ; - java.util.jar.JarFile::ensureInitialization@1
                      ; - java.util.jar.JavaUtilJarAccessImpl::ensureInitialization@1
                      ; - jdk.internal.loader.URLClassPath$JarLoader$2::getManifest@10
                      ; - java.net.URLClassLoader::defineClass@34
                      ; - java.net.URLClassLoader$1::run@43
                      ; - java.net.URLClassLoader$1::run@1
                      ; - java.security.AccessController::executePrivileged@29
                      ; - java.security.AccessController::doPrivileged@13
                      ; - java.net.URLClassLoader::findClass@13
                      ; - java.lang.ClassLoader::loadClass@69
                      ; - java.lang.ClassLoader::loadClass@38
  0x0000015dafaa100c: 70c9 60f8 

  0x0000015dafaa1010: ;   {other}
  0x0000015dafaa1010: 0f1f 8400 | 8052 0047 | 4885 c00f | 855b 4a00 | 0044 8b94 | 24c8 0000 | 0047 8864 | d412 458b 
  0x0000015dafaa1030: da43 8b6c | dc30 85ed | 0f84 b9df | ffff ba45 | ffff ff4c | 8b54 2448 | 4c89 5424 | 204c 8b54 
  0x0000015dafaa1050: 2450 4c89 | 5424 484c | 8b54 2478 | 4c89 5424 | 584c 8b54 | 2468 4c89 | 5424 604c | 8b54 2470 
  0x0000015dafaa1070: 4c89 5424 | 684c 8b94 | 2498 0000 | 004c 8994 | 2488 0000 | 0044 8b94 | 24d4 0000 | 0044 8954 
  0x0000015dafaa1090: 2434 6690 

  0x0000015dafaa1094: ;   {runtime_call UncommonTrapBlob}
  0x0000015dafaa1094: c5f8 77e8 

  0x0000015dafaa1098: ; ImmutableOopMap {rbp=NarrowOop [32]=Oop [52]=NarrowOop [72]=Oop [88]=Oop [128]=Oop [136]=Oop [176]=Oop [184]=Oop [200]=NarrowOop [232]=Oop }
                      ;*ifnull {reexecute=1 rethrow=0 return_oop=0}
                      ; - (reexecute) java.util.jar.JarFile::ensureInitialization@21
                      ; - java.util.jar.JavaUtilJarAccessImpl::ensureInitialization@1
                      ; - jdk.internal.loader.URLClassPath$JarLoader$2::getManifest@10
                      ; - java.net.URLClassLoader::defineClass@34
                      ; - java.net.URLClassLoader$1::run@43
                      ; - java.net.URLClassLoader$1::run@1
                      ; - java.security.AccessController::executePrivileged@29
                      ; - java.security.AccessController::doPrivileged@13
                      ; - java.net.URLClassLoader::findClass@13
                      ; - java.lang.ClassLoader::loadClass@69
                      ; - java.lang.ClassLoader::loadClass@38
  0x0000015dafaa1098: e432 95ff 

  0x0000015dafaa109c: ;   {other}
  0x0000015dafaa109c: 0f1f 8400 | 0c53 0048 | 33ed e9f5 | d8ff ff48 | 8944 2420 | e964 c1ff | ff45 33db | e942 cfff 
  0x0000015dafaa10bc: ff33 dbe9 | aded ffff | 49b8 0000 | bcb4 5d01 | 0000 e991 | cdff ff33 | dbe9 29cb | ffff 48b9 
  0x0000015dafaa10dc: 0000 bcb4 | 5d01 0000 | 41b8 ffff | ffff e929 | e5ff ff4c | 8b4c 2470 | 458b 4114 | 4585 c00f 
  0x0000015dafaa10fc: 8484 e7ff | ff4d 8b57 | 2849 8bc8 | 48c1 e103 | 4d85 d20f | 84ce 2900 | 004d 8b47 | 384b 894c 
  0x0000015dafaa111c: 10f8 4983 | c2f8 4d89 | 5728 e95a | e7ff ff4d | 8b57 584d | 8b5f 48f0 | 8344 24c0 | 0041 8038 
  0x0000015dafaa113c: 000f 8472 | e7ff ff45 | 8820 4d85 | db75 2949 | 8bd9 498b | c849 8bd7 | c5f8 7749 | ba00 a4c3 
  0x0000015dafaa115c: 37fc 7f00 | 0041 ffd2 

  0x0000015dafaa1164: ;   {other}
  0x0000015dafaa1164: 0f1f 8400 | 0000 0000 | 4c8b cbe9 | 41e7 ffff | 4f89 441a | f849 83c3 | f84d 895f | 48e9 2fe7 
  0x0000015dafaa1184: ffff 49ba | 0000 bcb4 | 5d01 0000 | 4c89 9424 | d800 0000 | 41ba ffff | ffff e901 | c4ff ff41 
  0x0000015dafaa11a4: b801 0000 | 0044 3b44 | 2434 7d3c | 4c8b 5424 | 3847 0fbe | 5c02 1041 | 83fb 2e0f | 84ab 1200 
  0x0000015dafaa11c4: 0041 ffc0 | 443b 4424 | 347c e14c | 8b8c 24b0 | 0000 004c | 8b9c 2480 | 0000 0044 | 8b84 24c0 
  0x0000015dafaa11e4: 0000 00e9 | b6d2 ffff | 4c8b 8c24 | b000 0000 | 4c8b 9c24 | 8000 0000 | 448b 8424 | c000 0000 
  0x0000015dafaa1204: e999 d2ff | ff49 8bdb | 4d8b d044 | 8bdd 4d63 | c34d 8d58 | 1049 8bcb | 4883 e1f8 | 488b fb48 
  0x0000015dafaa1224: 03f9 49c1 | eb03 4d2b | d349 8bca | 4833 c048 | 83f9 087f | 1048 ffc9 | 784f 4889 | 04cf 48ff 
  0x0000015dafaa1244: c97d f7eb | 44c5 fdef | c0e9 0d00 | 0000 c5fe | 7f07 c5fe | 7f47 2048 | 83c7 4048 

  0x0000015dafaa1260: ;   {no_reloc}
  0x0000015dafaa1260: 83e9 087d | ed48 83c1 | 047c 0cc5 | fe7f 0748 | 83c7 2048 | 83e9 0448 | 83c1 047e | 1048 ffc9 
  0x0000015dafaa1280: c5f9 d607 | 4883 c708 | 48ff c97d | f348 8b4c | 2438 c5f8 | 7749 bac0 | 443d af5d | 0100 0041 
  0x0000015dafaa12a0: ;   {other}
  0x0000015dafaa12a0: ffd2 0f1f | 8400 0000 | 0000 4c8b | dbe9 c3e5 | ffff 4c8b | 8424 8800 | 0000 458b | 5814 4585 
  0x0000015dafaa12c0: db0f 8463 | c5ff ff4d | 8b57 2849 | 8bcb 48c1 | e103 4d85 | d20f 84a9 | 3600 0048 | 8bbc 2488 
  0x0000015dafaa12e0: 0000 004d | 8b5f 384b | 894c 13f8 | 4983 c2f8 | 4d89 5728 | 4c8b c7e9 | 2ec5 ffff | 4d8b 5748 
  0x0000015dafaa1300: 4d8b 5f58 | f083 4424 | c000 8039 | 000f 844e | c5ff ff44 | 8821 4d85 | d275 2649 | 8bd8 498b 
  0x0000015dafaa1320: d7c5 f877 | 49ba 00a4 | c337 fc7f | 0000 41ff 

  0x0000015dafaa1330: ;   {other}
  0x0000015dafaa1330: d20f 1f84 | 0000 0000 | 004c 8bc3 | e920 c5ff | ff4b 894c | 13f8 4983 | c2f8 4d89 | 5748 e90e 
  0x0000015dafaa1350: c5ff ff85 | ed0f 847f | ddff ff49 | 8bd8 4d8b | 5728 488b | cd48 c1e1 | 034d 85d2 | 0f84 3a36 
  0x0000015dafaa1370: 0000 4d8b | 5f38 4b89 | 4c13 f849 | 83c2 f84d | 8957 284c | 8bc3 e94f | ddff ff4c | 8b94 24e8 
  0x0000015dafaa1390: 0000 0045 | 8b52 1445 | 85d2 0f84 | dfda ffff | 4d8b 5f28 | 498b ca48 | c1e1 034d | 85db 0f84 
  0x0000015dafaa13b0: 1836 0000 | 4d8b 5738 | 4b89 4c1a | f849 83c3 | f84d 895f | 28e9 b5da | ffff 4d8b | 5758 4d8b 
  0x0000015dafaa13d0: 5f48 f083 | 4424 c000 | 8039 000f | 84da daff | ff44 8821 | 4d85 db75 | 2049 8bd7 | c5f8 7749 
  0x0000015dafaa13f0: ba00 a4c3 | 37fc 7f00 | 0041 ffd2 

  0x0000015dafaa13fc: ;   {other}
  0x0000015dafaa13fc: 0f1f 8400 | 0000 0000 | e9b2 daff | ff4b 894c | 1af8 4983 | c3f8 4d89 | 5f48 e9a0 | daff ff45 
  0x0000015dafaa141c: 33d2 4c89 | 9424 9800 | 0000 e9e9 | dcff ff4c | 63c5 4d8d | 5810 4d8b | cb49 83e1 | f848 8bfb 
  0x0000015dafaa143c: 4903 f949 | c1eb 034d | 2bd3 498b | ca48 33c0 | 4883 f908 | 7f10 48ff | c978 4f48 | 8904 cf48 
  0x0000015dafaa145c: ffc9 7df7 | eb44 c5fd | efc0 e90d | 0000 00c5 | fe7f 07c5 | fe7f 4720 | 4883 c740 | 4883 e908 
  0x0000015dafaa147c: 7ded 4883 | c104 7c0c | c5fe 7f07 | 4883 c720 | 4883 e904 | 4883 c104 | 7e10 48ff | c9c5 f9d6 
  0x0000015dafaa149c: 0748 83c7 | 0848 ffc9 | 7df3 488b | 4c24 38c5 | f877 49ba | c044 3daf | 5d01 0000 

  0x0000015dafaa14b8: ;   {other}
  0x0000015dafaa14b8: 41ff d20f | 1f84 0000 | 0000 00e9 | 4fc3 ffff | 33c0 e956 | e4ff ff4c | 63c5 4d8d | 4810 4d8b 
  0x0000015dafaa14d8: d949 83e3 | f848 8bfb | 4903 fb49 | c1e9 034d | 2bd1 498b | ca48 33c0 | 4883 f908 | 7f10 48ff 
  0x0000015dafaa14f8: c978 4f48 | 8904 cf48 | ffc9 7df7 | eb44 c5fd | efc0 e90d | 0000 00c5 | fe7f 07c5 | fe7f 4720 
  0x0000015dafaa1518: 4883 c740 | 4883 e908 | 7ded 4883 | c104 7c0c | c5fe 7f07 | 4883 c720 | 4883 e904 | 4883 c104 
  0x0000015dafaa1538: 7e10 48ff | c9c5 f9d6 | 0748 83c7 | 0848 ffc9 | 7df3 488b | 4c24 58c5 | f877 49ba | c044 3daf 
  0x0000015dafaa1558: 5d01 0000 

  0x0000015dafaa155c: ;   {other}
  0x0000015dafaa155c: 41ff d20f | 1f84 0000 | 0000 00e9 | 08d9 ffff | 4489 5c24 

  0x0000015dafaa1570: ;   {metadata('java/lang/Object')}
  0x0000015dafaa1570: 2c48 ba90 | 0e00 c25d | 0100 0048 | 8b6c 2448 | 4c89 4424 | 4066 6690 

  0x0000015dafaa1588: ;   {runtime_call _new_instance_Java}
  0x0000015dafaa1588: c5f8 77e8 

  0x0000015dafaa158c: ; ImmutableOopMap {rbp=Oop [44]=NarrowOop [64]=Oop [72]=Oop [176]=Oop }
                      ;*new {reexecute=0 rethrow=0 return_oop=1}
                      ; - java.lang.ClassLoader::getClassLoadingLock@9
                      ; - java.lang.ClassLoader::loadClass@2
  0x0000015dafaa158c: 70a6 97ff 

  0x0000015dafaa1590: ;   {other}
  0x0000015dafaa1590: 0f1f 8400 | 0058 0049 | e961 b3ff | ff48 8b94 | 24b8 0000 | 004c 8b84 | 24e8 0000 | 0045 33c9 
  0x0000015dafaa15b0: 33ff 33f6 | 33c9 4533 | d24c 8914 | 244c 8954 | 2408 4c89 | 5424 104c | 8b94 24e0 | 0000 004c 
  0x0000015dafaa15d0: 8994 24a0 | 0000 0090 

  0x0000015dafaa15d8: ;   {optimized virtual_call}
  0x0000015dafaa15d8: c5f8 77e8 

  0x0000015dafaa15dc: ; ImmutableOopMap {[32]=Oop [40]=NarrowOop [72]=Oop [80]=Oop [120]=Oop [128]=Oop [160]=Oop [176]=Oop [184]=Oop [212]=NarrowOop [224]=Oop [232]=Oop }
                      ;*invokevirtual definePackage {reexecute=0 rethrow=0 return_oop=1}
                      ; - java.net.URLClassLoader::defineClass@81
                      ; - java.net.URLClassLoader$1::run@43
                      ; - java.net.URLClassLoader$1::run@1
                      ; - java.security.AccessController::executePrivileged@29
                      ; - java.security.AccessController::doPrivileged@13
                      ; - java.net.URLClassLoader::findClass@13
                      ; - java.lang.ClassLoader::loadClass@69
                      ; - java.lang.ClassLoader::loadClass@38
  0x0000015dafaa15dc: a0d4 94ff 

  0x0000015dafaa15e0: ;   {other}
  0x0000015dafaa15e0: 0f1f 8400 | 5058 004a | e98c dbff | ff4d 8bc3 | 458b d945 | 8bce e91d | c6ff ff33 | c0e9 c0c2 
  0x0000015dafaa1600: ;   {metadata('jdk/internal/loader/URLClassPath$JarLoader$1')}
  0x0000015dafaa1600: ffff 48ba | 402e 21c2 | 5d01 0000 | 4c8b 9424 | c800 0000 | 4c89 5424 | 2066 6690 

  0x0000015dafaa161c: ;   {runtime_call _new_instance_Java}
  0x0000015dafaa161c: c5f8 77e8 

  0x0000015dafaa1620: ; ImmutableOopMap {[32]=Oop [40]=NarrowOop [44]=NarrowOop [52]=NarrowOop [56]=Oop [72]=Oop [80]=Oop [120]=Oop [128]=Oop [136]=NarrowOop [152]=Oop [160]=Oop [176]=Oop [184]=Oop [216]=Oop }
                      ;*new {reexecute=0 rethrow=0 return_oop=1}
                      ; - jdk.internal.loader.URLClassPath$JarLoader::ensureOpen@7
                      ; - jdk.internal.loader.URLClassPath$JarLoader::getResource@1
                      ; - jdk.internal.loader.URLClassPath::getResource@53
                      ; - java.net.URLClassLoader$1::run@26
                      ; - java.net.URLClassLoader$1::run@1
                      ; - java.security.AccessController::executePrivileged@29
                      ; - java.security.AccessController::doPrivileged@13
                      ; - java.net.URLClassLoader::findClass@13
                      ; - java.lang.ClassLoader::loadClass@69
                      ; - java.lang.ClassLoader::loadClass@38
  0x0000015dafaa1620: dca5 97ff 

  0x0000015dafaa1624: ;   {other}
  0x0000015dafaa1624: 0f1f 8400 | 9458 004b | e929 d3ff | ff4c 8994 | 24b8 0000 | 0044 8944 

  0x0000015dafaa163c: ;   {metadata('java/lang/Object')}
  0x0000015dafaa163c: 2428 48ba | 900e 00c2 | 5d01 0000 | 4c8b 9424 | b000 0000 | 4c89 5424 | 384c 8b94 | 24b8 0000 
  0x0000015dafaa165c: 004c 8954 | 2460 6690 

  0x0000015dafaa1664: ;   {runtime_call _new_instance_Java}
  0x0000015dafaa1664: c5f8 77e8 

  0x0000015dafaa1668: ; ImmutableOopMap {rbp=NarrowOop [40]=NarrowOop [56]=Oop [72]=Oop [80]=Oop [96]=Oop [176]=Oop [184]=Oop }
                      ;*new {reexecute=0 rethrow=0 return_oop=1}
                      ; - java.lang.ClassLoader::getClassLoadingLock@9
                      ; - java.lang.ClassLoader::loadClass@2
                      ; - java.lang.ClassLoader::loadClass@38
  0x0000015dafaa1668: 94a5 97ff 

  0x0000015dafaa166c: ;   {other}
  0x0000015dafaa166c: 0f1f 8400 | dc58 004c | e9c1 b8ff | ff4c 8954 

  0x0000015dafaa167c: ;   {metadata('java/lang/Object')}
  0x0000015dafaa167c: 2478 48ba | 900e 00c2 | 5d01 0000 | 4c8b 9424 | b000 0000 | 4c89 5424 | 284c 8b54 | 2478 4c89 
  0x0000015dafaa169c: 5424 6890 

  0x0000015dafaa16a0: ;   {runtime_call _new_instance_Java}
  0x0000015dafaa16a0: c5f8 77e8 

  0x0000015dafaa16a4: ; ImmutableOopMap {rbp=NarrowOop [40]=Oop [72]=Oop [80]=Oop [104]=Oop [120]=Oop [176]=Oop }
                      ;*new {reexecute=0 rethrow=0 return_oop=1}
                      ; - java.lang.ClassLoader::getClassLoadingLock@9
                      ; - jdk.internal.loader.BuiltinClassLoader::loadClassOrNull@2
                      ; - jdk.internal.loader.BuiltinClassLoader::loadClass@3
                      ; - java.lang.ClassLoader::loadClass@38
  0x0000015dafaa16a4: 58a5 97ff 

  0x0000015dafaa16a8: ;   {other}
  0x0000015dafaa16a8: 0f1f 8400 | 1859 004d | e9d5 b4ff 

  0x0000015dafaa16b4: ;   {metadata('java/lang/ClassNotFoundException')}
  0x0000015dafaa16b4: ff48 ba88 | 9306 c25d | 0100 0048 | 8b6c 2448 | 4c8b 9424 | b000 0000 | 4c89 5424 | 2066 6690 
  0x0000015dafaa16d4: ;   {runtime_call _new_instance_Java}
  0x0000015dafaa16d4: c5f8 77e8 

  0x0000015dafaa16d8: ; ImmutableOopMap {rbp=Oop [32]=Oop [72]=Oop [80]=Oop [176]=Oop }
                      ;*new {reexecute=0 rethrow=0 return_oop=1}
                      ; - jdk.internal.loader.BuiltinClassLoader::loadClass@11
                      ; - java.lang.ClassLoader::loadClass@38
  0x0000015dafaa16d8: 24a5 97ff 

  0x0000015dafaa16dc: ;   {other}
  0x0000015dafaa16dc: 0f1f 8400 | 4c59 004e | e979 e8ff | ff44 8944 | 2424 4889 

  0x0000015dafaa16f0: ;   {metadata('java/lang/String')}
  0x0000015dafaa16f0: 4c24 2848 | ba78 e800 | c25d 0100 | 004c 8b94 | 24b0 0000 | 004c 8954 | 2458 6690 

  0x0000015dafaa170c: ;   {runtime_call _new_instance_Java}
  0x0000015dafaa170c: c5f8 77e8 

  0x0000015dafaa1710: ; ImmutableOopMap {rbp=Oop [72]=Oop [80]=Oop [88]=Oop [104]=Oop [120]=Oop [128]=NarrowOop [176]=Oop }
                      ;*new {reexecute=0 rethrow=0 return_oop=1}
                      ; - java.lang.StringLatin1::newString@7
                      ; - java.lang.String::substring@41
                      ; - jdk.internal.loader.BuiltinClassLoader::findLoadedModule@16
                      ; - jdk.internal.loader.BuiltinClassLoader::loadClassOrNull@22
                      ; - jdk.internal.loader.BuiltinClassLoader::loadClass@3
                      ; - java.lang.ClassLoader::loadClass@38
  0x0000015dafaa1710: eca4 97ff 

  0x0000015dafaa1714: ;   {other}
  0x0000015dafaa1714: 0f1f 8400 | 8459 004f | 488b 4c24 | 2844 8b44 | 2424 4c8b | c8e9 4fdf | ffff 4d8b | c345 8bd9 
  0x0000015dafaa1734: 458b cee9 | dcc4 ffff 

  0x0000015dafaa173c: ;   {oop(""{0x0000000680401558})}
  0x0000015dafaa173c: 49b9 5815 | 4080 0600 | 0000 e96e 

  0x0000015dafaa1748: ;   {metadata({type array byte})}
  0x0000015dafaa1748: e1ff ff48 | ba18 2300 | c25d 0100 | 0044 8b84 | 24a8 0000 | 0048 8b6c | 2448 4c8b | 9424 b000 
  0x0000015dafaa1768: 0000 4c89 | 5424 204c | 899c 24c8 | 0000 0090 

  0x0000015dafaa1778: ;   {runtime_call _new_array_Java}
  0x0000015dafaa1778: c5f8 77e8 

  0x0000015dafaa177c: ; ImmutableOopMap {rbp=Oop [32]=Oop [40]=NarrowOop [72]=Oop [80]=Oop [120]=Oop [128]=Oop [136]=Oop [152]=Oop [176]=Oop [184]=Oop }
                      ;*invokevirtual allocateUninitializedArray0 {reexecute=0 rethrow=0 return_oop=1}
                      ; - jdk.internal.misc.Unsafe::allocateUninitializedArray@51
                      ; - java.lang.StringConcatHelper::newArray@33
                      ; - java.lang.StringConcatHelper::simpleConcat@61
                      ; - java.lang.String::concat@11
                      ; - java.net.URLClassLoader$1::run@13
                      ; - java.net.URLClassLoader$1::run@1
                      ; - java.security.AccessController::executePrivileged@29
                      ; - java.security.AccessController::doPrivileged@13
                      ; - java.net.URLClassLoader::findClass@13
                      ; - java.lang.ClassLoader::loadClass@69
                      ; - java.lang.ClassLoader::loadClass@38
  0x0000015dafaa177c: 80a1 97ff 

  0x0000015dafaa1780: ;   {other}
  0x0000015dafaa1780: 0f1f 8400 | f059 0050 | 4c8b c8e9 | 42ce ffff 

  0x0000015dafaa1790: ;   {metadata('java/lang/String')}
  0x0000015dafaa1790: 48ba 78e8 | 00c2 5d01 | 0000 488b | 6c24 484c | 8b94 24b0 | 0000 004c | 8954 2420 

  0x0000015dafaa17ac: ;   {runtime_call _new_instance_Java}
  0x0000015dafaa17ac: c5f8 77e8 

  0x0000015dafaa17b0: ; ImmutableOopMap {rbp=Oop [32]=Oop [40]=NarrowOop [72]=Oop [80]=Oop [120]=Oop [128]=Oop [176]=Oop [184]=Oop [192]=Oop }
                      ;*new {reexecute=0 rethrow=0 return_oop=1}
                      ; - java.lang.StringConcatHelper::newString@6
                      ; - java.lang.StringConcatHelper::simpleConcat@90
                      ; - java.lang.String::concat@11
                      ; - java.net.URLClassLoader$1::run@13
                      ; - java.net.URLClassLoader$1::run@1
                      ; - java.security.AccessController::executePrivileged@29
                      ; - java.security.AccessController::doPrivileged@13
                      ; - java.net.URLClassLoader::findClass@13
                      ; - java.lang.ClassLoader::loadClass@69
                      ; - java.lang.ClassLoader::loadClass@38
  0x0000015dafaa17b0: 4ca4 97ff 

  0x0000015dafaa17b4: ;   {other}
  0x0000015dafaa17b4: 0f1f 8400 | 245a 0051 | e917 cfff 

  0x0000015dafaa17c0: ;   {metadata('java/lang/ClassNotFoundException')}
  0x0000015dafaa17c0: ff48 ba88 | 9306 c25d | 0100 0048 | 8b6c 2448 

  0x0000015dafaa17d0: ;   {runtime_call _new_instance_Java}
  0x0000015dafaa17d0: c5f8 77e8 

  0x0000015dafaa17d4: ; ImmutableOopMap {rbp=Oop [72]=Oop [80]=Oop [120]=Oop [176]=Oop [184]=Oop }
                      ;*new {reexecute=0 rethrow=0 return_oop=1}
                      ; - java.net.URLClassLoader::findClass@36
                      ; - java.lang.ClassLoader::loadClass@69
                      ; - java.lang.ClassLoader::loadClass@38
  0x0000015dafaa17d4: 28a4 97ff 

  0x0000015dafaa17d8: ;   {other}
  0x0000015dafaa17d8: 0f1f 8400 | 485a 0052 | e97f dcff | ff4c 8b4c | 2420 41c6 | 4111 0133 | c0e9 2fe1 | ffff 4c89 
  0x0000015dafaa17f8: 4c24 204c | 8b54 2448 | 498b ea4c | 8b94 24b0 | 0000 004c | 8954 2428 

  0x0000015dafaa1810: ;   {static_call}
  0x0000015dafaa1810: c5f8 77e8 

  0x0000015dafaa1814: ; ImmutableOopMap {rbp=Oop [32]=Oop [40]=Oop [72]=Oop [80]=Oop [104]=Oop [120]=Oop [176]=Oop }
                      ;*invokestatic hashCode {reexecute=0 rethrow=0 return_oop=0}
                      ; - java.lang.String::hashCode@37
                      ; - java.util.concurrent.ConcurrentHashMap::get@1
                      ; - jdk.internal.loader.BuiltinClassLoader::findLoadedModule@24
                      ; - jdk.internal.loader.BuiltinClassLoader::loadClassOrNull@22
                      ; - jdk.internal.loader.BuiltinClassLoader::loadClass@3
                      ; - java.lang.ClassLoader::loadClass@38
  0x0000015dafaa1814: 68d8 94ff 

  0x0000015dafaa1818: ;   {other}
  0x0000015dafaa1818: 0f1f 8400 | 885a 0053 | e9ef e0ff 

  0x0000015dafaa1824: ;   {metadata({type array byte})}
  0x0000015dafaa1824: ff48 ba18 | 2300 c25d | 0100 0044 | 8b44 2434 | 4c8b 9424 | b000 0000 | 4c89 5424 | 5866 6690 
  0x0000015dafaa1844: ;   {runtime_call _new_array_Java}
  0x0000015dafaa1844: c5f8 77e8 

  0x0000015dafaa1848: ; ImmutableOopMap {[40]=NarrowOop [56]=Oop [72]=Oop [80]=Oop [88]=Oop [120]=Oop [128]=Oop [176]=Oop [184]=Oop [192]=NarrowOop }
                      ;*invokevirtual allocateUninitializedArray0 {reexecute=0 rethrow=0 return_oop=1}
                      ; - jdk.internal.misc.Unsafe::allocateUninitializedArray@51
                      ; - java.lang.StringConcatHelper::newArray@33
                      ; - java.lang.StringLatin1::replace@49
                      ; - java.lang.String::replace@18
                      ; - java.net.URLClassLoader$1::run@8
                      ; - java.net.URLClassLoader$1::run@1
                      ; - java.security.AccessController::executePrivileged@29
                      ; - java.security.AccessController::doPrivileged@13
                      ; - java.net.URLClassLoader::findClass@13
                      ; - java.lang.ClassLoader::loadClass@69
                      ; - java.lang.ClassLoader::loadClass@38
  0x0000015dafaa1848: b4a0 97ff 

  0x0000015dafaa184c: ;   {other}
  0x0000015dafaa184c: 0f1f 8400 | bc5a 0054 | 4c8b c0e9 | 42c9 ffff 

  0x0000015dafaa185c: ;   {metadata('java/lang/String')}
  0x0000015dafaa185c: 48ba 78e8 | 00c2 5d01 | 0000 488b | 6c24 484c | 8b94 24b0 | 0000 004c | 8954 2420 

  0x0000015dafaa1878: ;   {runtime_call _new_instance_Java}
  0x0000015dafaa1878: c5f8 77e8 

  0x0000015dafaa187c: ; ImmutableOopMap {rbp=Oop [32]=Oop [40]=NarrowOop [72]=Oop [80]=Oop [120]=Oop [128]=Oop [144]=Oop [176]=Oop [184]=Oop }
                      ;*new {reexecute=0 rethrow=0 return_oop=1}
                      ; - java.lang.StringLatin1::replace@116
                      ; - java.lang.String::replace@18
                      ; - java.net.URLClassLoader$1::run@8
                      ; - java.net.URLClassLoader$1::run@1
                      ; - java.security.AccessController::executePrivileged@29
                      ; - java.security.AccessController::doPrivileged@13
                      ; - java.net.URLClassLoader::findClass@13
                      ; - java.lang.ClassLoader::loadClass@69
                      ; - java.lang.ClassLoader::loadClass@38
  0x0000015dafaa187c: 80a3 97ff 

  0x0000015dafaa1880: ;   {other}
  0x0000015dafaa1880: 0f1f 8400 | f05a 0055 | 488b c8e9 | d5cb ffff | 4c8b 9424 | f000 0000 | 458b 5a28 | 4585 db0f 
  0x0000015dafaa18a0: 84b6 f5ff | ff4d 8b57 | 2849 8bcb | 48c1 e103 | 4d85 d20f | 8403 3d00 | 004d 8b5f | 384b 894c 
  0x0000015dafaa18c0: 13f8 4983 | c2f8 4d89 | 5728 4c8b | 9424 f000 | 0000 e984 | f5ff ff4d | 8b5f 484d | 8b47 58f0 
  0x0000015dafaa18e0: 8344 24c0 | 0041 803a | 000f 84a2 | f5ff ff45 | 8822 4d85 | db75 2349 | 8bca 498b | d7c5 f877 
  0x0000015dafaa1900: 49ba 00a4 | c337 fc7f | 0000 41ff 

  0x0000015dafaa190c: ;   {other}
  0x0000015dafaa190c: d20f 1f84 | 0000 0000 | 00e9 77f5 | ffff 4f89 | 5418 f849 | 83c3 f84d | 895f 48e9 | 65f5 ffff 
  0x0000015dafaa192c: 4889 4c24 | 2044 8944 | 2428 4c89 | 4c24 7048 | 895c 2438 | 4889 5424 | 584c 8954 

  0x0000015dafaa1948: ;   {metadata({type array byte})}
  0x0000015dafaa1948: 2460 48ba | 1823 00c2 | 5d01 0000 | 448b 4424 | 284c 8b94 | 24b0 0000 | 004c 8994 | 2480 0000 
  0x0000015dafaa1968: 0066 6690 

  0x0000015dafaa196c: ;   {runtime_call _new_array_nozero_Java}
  0x0000015dafaa196c: c5f8 77e8 

  0x0000015dafaa1970: ; ImmutableOopMap {rbp=Oop [56]=Derived_oop_rbp [72]=Oop [80]=Oop [104]=Oop [112]=Oop [120]=Oop [128]=Oop [176]=Oop }
                      ;*newarray {reexecute=0 rethrow=0 return_oop=1}
                      ; - java.util.Arrays::copyOfRangeByte@10
                      ; - java.util.Arrays::copyOfRange@13
                      ; - java.lang.StringLatin1::newString@16
                      ; - java.lang.String::substring@41
                      ; - jdk.internal.loader.BuiltinClassLoader::findLoadedModule@16
                      ; - jdk.internal.loader.BuiltinClassLoader::loadClassOrNull@22
                      ; - jdk.internal.loader.BuiltinClassLoader::loadClass@3
                      ; - java.lang.ClassLoader::loadClass@38
  0x0000015dafaa1970: 0c9c 97ff 

  0x0000015dafaa1974: ;   {other}
  0x0000015dafaa1974: 0f1f 8400 | e45b 0056 | 448b 5424 | 284c 8bd8 | e994 deff | ff4c 899c | 24a0 0000 

  0x0000015dafaa1990: ;   {metadata('java/lang/Object')}
  0x0000015dafaa1990: 0048 ba90 | 0e00 c25d | 0100 004c | 8b94 24b0 | 0000 004c | 8954 2438 

  0x0000015dafaa19a8: ;   {runtime_call _new_instance_Java}
  0x0000015dafaa19a8: c5f8 77e8 

  0x0000015dafaa19ac: ; ImmutableOopMap {rbp=NarrowOop [40]=NarrowOop [56]=Oop [72]=Oop [80]=Oop [120]=Oop [160]=Oop [176]=Oop [184]=Oop }
                      ;*new {reexecute=0 rethrow=0 return_oop=1}
                      ; - java.lang.ClassLoader::getClassLoadingLock@9
                      ; - jdk.internal.loader.BuiltinClassLoader::loadClassOrNull@2
                      ; - jdk.internal.loader.BuiltinClassLoader::loadClass@3
                      ; - java.lang.ClassLoader::loadClass@38
                      ; - java.lang.ClassLoader::loadClass@38
  0x0000015dafaa19ac: 50a2 97ff 

  0x0000015dafaa19b0: ;   {other}
  0x0000015dafaa19b0: 0f1f 8400 | 205c 0057 | e91a b8ff 

  0x0000015dafaa19bc: ;   {metadata('java/security/CodeSource')}
  0x0000015dafaa19bc: ff48 ba28 | 5c00 c25d | 0100 0048 | 8b6c 2448 

  0x0000015dafaa19cc: ;   {runtime_call _new_instance_Java}
  0x0000015dafaa19cc: c5f8 77e8 

  0x0000015dafaa19d0: ; ImmutableOopMap {rbp=Oop [32]=Oop [40]=NarrowOop [72]=Oop [80]=Oop [120]=Oop [128]=Oop [168]=Oop [176]=Oop [184]=Oop [212]=NarrowOop [224]=Oop }
                      ;*new {reexecute=0 rethrow=0 return_oop=1}
                      ; - java.net.URLClassLoader::defineClass@190
                      ; - java.net.URLClassLoader$1::run@43
                      ; - java.net.URLClassLoader$1::run@1
                      ; - java.security.AccessController::executePrivileged@29
                      ; - java.security.AccessController::doPrivileged@13
                      ; - java.net.URLClassLoader::findClass@13
                      ; - java.lang.ClassLoader::loadClass@69
                      ; - java.lang.ClassLoader::loadClass@38
  0x0000015dafaa19d0: 2ca2 97ff 

  0x0000015dafaa19d4: ;   {other}
  0x0000015dafaa19d4: 0f1f 8400 | 445c 0058 | e958 d8ff | ff4c 8944 

  0x0000015dafaa19e4: ;   {metadata('java/lang/ClassNotFoundException')}
  0x0000015dafaa19e4: 2420 48ba | 8893 06c2 | 5d01 0000 | 4c8b 5424 | 4849 8bea | 4c8b 9424 | b000 0000 | 4c89 5424 
  0x0000015dafaa1a04: 3866 6690 

  0x0000015dafaa1a08: ;   {runtime_call _new_instance_Java}
  0x0000015dafaa1a08: c5f8 77e8 

  0x0000015dafaa1a0c: ; ImmutableOopMap {rbp=Oop [40]=NarrowOop [56]=Oop [72]=Oop [80]=Oop [120]=Oop [176]=Oop [184]=Oop }
                      ;*new {reexecute=0 rethrow=0 return_oop=1}
                      ; - jdk.internal.loader.BuiltinClassLoader::loadClass@11
                      ; - java.lang.ClassLoader::loadClass@38
                      ; - java.lang.ClassLoader::loadClass@38
  0x0000015dafaa1a0c: f0a1 97ff 

  0x0000015dafaa1a10: ;   {other}
  0x0000015dafaa1a10: 0f1f 8400 | 805c 0059 | e940 c5ff 

  0x0000015dafaa1a1c: ;   {metadata('java/lang/String')}
  0x0000015dafaa1a1c: ff48 ba78 | e800 c25d | 0100 004c | 8b94 24b0 | 0000 004c | 8954 2458 

  0x0000015dafaa1a34: ;   {runtime_call _new_instance_Java}
  0x0000015dafaa1a34: c5f8 77e8 

  0x0000015dafaa1a38: ; ImmutableOopMap {rbp=Oop [40]=NarrowOop [72]=Oop [80]=Oop [88]=Oop [120]=Oop [140]=NarrowOop [160]=Oop [168]=Oop [176]=Oop [184]=Oop }
                      ;*new {reexecute=0 rethrow=0 return_oop=1}
                      ; - java.lang.StringLatin1::newString@7
                      ; - java.lang.String::substring@41
                      ; - jdk.internal.loader.BuiltinClassLoader::findLoadedModule@16
                      ; - jdk.internal.loader.BuiltinClassLoader::loadClassOrNull@22
                      ; - jdk.internal.loader.BuiltinClassLoader::loadClass@3
                      ; - java.lang.ClassLoader::loadClass@38
                      ; - java.lang.ClassLoader::loadClass@38
  0x0000015dafaa1a38: c4a1 97ff 

  0x0000015dafaa1a3c: ;   {other}
  0x0000015dafaa1a3c: 0f1f 8400 | ac5c 005a | 4c8b d8e9 | c2bb ffff 

  0x0000015dafaa1a4c: ;   {oop(""{0x0000000680401558})}
  0x0000015dafaa1a4c: 49b8 5815 | 4080 0600 | 0000 e90a 

  0x0000015dafaa1a58: ;   {metadata('java/lang/String')}
  0x0000015dafaa1a58: beff ff48 | ba78 e800 | c25d 0100 | 0048 8bac | 24d8 0000 | 004c 8b94 | 24c8 0000 | 004c 8954 
  0x0000015dafaa1a78: 2420 4c8b | 9424 e000 | 0000 4c89 | 9424 c800 | 0000 6690 

  0x0000015dafaa1a8c: ;   {runtime_call _new_instance_Java}
  0x0000015dafaa1a8c: c5f8 77e8 

  0x0000015dafaa1a90: ; ImmutableOopMap {rbp=Oop [32]=Oop [40]=NarrowOop [56]=Oop [72]=Oop [80]=Oop [120]=Oop [128]=Oop [176]=Oop [184]=Oop [200]=Oop [208]=NarrowOop [212]=NarrowOop [224]=Oop }
                      ;*new {reexecute=0 rethrow=0 return_oop=1}
                      ; - java.lang.StringLatin1::newString@7
                      ; - java.lang.String::substring@41
                      ; - java.net.URLClassLoader::defineClass@28
                      ; - java.net.URLClassLoader$1::run@43
                      ; - java.net.URLClassLoader$1::run@1
                      ; - java.security.AccessController::executePrivileged@29
                      ; - java.security.AccessController::doPrivileged@13
                      ; - java.net.URLClassLoader::findClass@13
                      ; - java.lang.ClassLoader::loadClass@69
                      ; - java.lang.ClassLoader::loadClass@38
  0x0000015dafaa1a90: 6ca1 97ff 

  0x0000015dafaa1a94: ;   {other}
  0x0000015dafaa1a94: 0f1f 8400 | 045d 005b | 4c8b d8e9 | c3d1 ffff 

  0x0000015dafaa1aa4: ;   {oop(""{0x0000000680401558})}
  0x0000015dafaa1aa4: 49ba 5815 | 4080 0600 | 0000 4c89 | 9424 e800 | 0000 e92c | d4ff ffba | deff ffff | 488b 6c24 
  0x0000015dafaa1ac4: 4844 8b5c | 2430 4489 | 5c24 284c | 8b54 2440 | 4c89 5424 | 384c 8b54 | 2450 4c89 | 5424 404c 
  0x0000015dafaa1ae4: 8b54 2478 | 4c89 5424 | 504c 8b54 | 2468 4c89 | 5424 584c | 8b54 2470 | 4c89 5424 | 604c 8b94 
  0x0000015dafaa1b04: 2480 0000 | 004c 8954 | 2478 448b | 9424 8800 | 0000 4489 | 5424 2c4c | 8b94 24a0 | 0000 0048 
  0x0000015dafaa1b24: 8984 2490 | 0000 004c | 8994 2498 | 0000 0090 

  0x0000015dafaa1b34: ;   {runtime_call UncommonTrapBlob}
  0x0000015dafaa1b34: c5f8 77e8 

  0x0000015dafaa1b38: ; ImmutableOopMap {rbp=Oop [44]=NarrowOop [64]=Oop [80]=Oop [120]=Oop [144]=Oop [152]=Oop [176]=Oop [184]=Oop [200]=Oop [216]=Oop }
                      ;*invokevirtual getResource {reexecute=0 rethrow=0 return_oop=0}
                      ; - jdk.internal.loader.URLClassPath::getResource@53
                      ; - java.net.URLClassLoader$1::run@26
                      ; - java.net.URLClassLoader$1::run@1
                      ; - java.security.AccessController::executePrivileged@29
                      ; - java.security.AccessController::doPrivileged@13
                      ; - java.net.URLClassLoader::findClass@13
                      ; - java.lang.ClassLoader::loadClass@69
                      ; - java.lang.ClassLoader::loadClass@38
  0x0000015dafaa1b38: 4428 95ff 

  0x0000015dafaa1b3c: ;   {other}
  0x0000015dafaa1b3c: 0f1f 8400 | ac5d 005c | ba66 ffff | ff48 8b6c | 2448 448b | 5424 3044 | 8954 2428 | 4c8b 5424 
  0x0000015dafaa1b5c: 404c 8954 | 2438 4c8b | 5424 504c | 8954 2440 | 4c8b 5424 | 784c 8954 | 2450 4c8b | 5424 684c 
  0x0000015dafaa1b7c: 8954 2458 | 4c8b 5424 | 704c 8954 | 2460 4c8b | 9424 b000 | 0000 4c89 | 5424 704c | 8b94 2480 
  0x0000015dafaa1b9c: 0000 004c | 8954 2478 | 448b 9c24 | 8800 0000 | 4489 5c24 | 2c4c 8b94 | 2498 0000 | 004c 8994 
  0x0000015dafaa1bbc: 2490 0000 | 0044 8984 | 248c 0000 | 0066 6690 

  0x0000015dafaa1bcc: ;   {runtime_call UncommonTrapBlob}
  0x0000015dafaa1bcc: c5f8 77e8 

  0x0000015dafaa1bd0: ; ImmutableOopMap {rbp=Oop [44]=NarrowOop [64]=Oop [80]=Oop [112]=Oop [120]=Oop [140]=NarrowOop [144]=Oop [160]=Oop [168]=Oop [184]=Oop [192]=Oop }
                      ;*invokevirtual getEntry {reexecute=0 rethrow=0 return_oop=0}
                      ; - java.util.jar.JarFile::getJarEntry@2
                      ; - jdk.internal.loader.URLClassPath$JarLoader::getResource@22
                      ; - jdk.internal.loader.URLClassPath::getResource@53
                      ; - java.net.URLClassLoader$1::run@26
                      ; - java.net.URLClassLoader$1::run@1
                      ; - java.security.AccessController::executePrivileged@29
                      ; - java.security.AccessController::doPrivileged@13
                      ; - java.net.URLClassLoader::findClass@13
                      ; - java.lang.ClassLoader::loadClass@69
                      ; - java.lang.ClassLoader::loadClass@38
  0x0000015dafaa1bd0: ac27 95ff 

  0x0000015dafaa1bd4: ;   {other}
  0x0000015dafaa1bd4: 0f1f 8400 | 445e 005d | 4c8b c5c6 | 4511 0133 | c0e9 d8bc | ffff 498b | e84c 8b94 | 24b0 0000 
  0x0000015dafaa1bf4: 004c 8954 | 2438 6690 

  0x0000015dafaa1bfc: ;   {static_call}
  0x0000015dafaa1bfc: c5f8 77e8 

  0x0000015dafaa1c00: ; ImmutableOopMap {rbp=Oop [40]=NarrowOop [56]=Oop [72]=Oop [80]=Oop [120]=Oop [160]=Oop [168]=Oop [176]=Oop [184]=Oop }
                      ;*invokestatic hashCode {reexecute=0 rethrow=0 return_oop=0}
                      ; - java.lang.String::hashCode@37
                      ; - java.util.concurrent.ConcurrentHashMap::get@1
                      ; - jdk.internal.loader.BuiltinClassLoader::findLoadedModule@24
                      ; - jdk.internal.loader.BuiltinClassLoader::loadClassOrNull@22
                      ; - jdk.internal.loader.BuiltinClassLoader::loadClass@3
                      ; - java.lang.ClassLoader::loadClass@38
                      ; - java.lang.ClassLoader::loadClass@38
  0x0000015dafaa1c00: 7cd4 94ff 

  0x0000015dafaa1c04: ;   {other}
  0x0000015dafaa1c04: 0f1f 8400 | 745e 005e | e9a3 bcff | ff4c 8b94 | 24f8 0000 | 0045 8b5a | 2c45 85db | 0f84 bfe8 
  0x0000015dafaa1c24: ffff 4d8b | 5728 498b | cb48 c1e1 | 034d 85d2 | 0f84 c23c | 0000 4d8b | 5f38 4b89 | 4c13 f849 
  0x0000015dafaa1c44: 83c2 f84d | 8957 28e9 | 95e8 ffff | 4c8b 9424 | f800 0000 | 458b 5a14 | 4585 db0f | 840e eaff 
  0x0000015dafaa1c64: ff4d 8b57 | 2849 8bcb | 48c1 e103 | 4d85 d20f | 84c3 3c00 | 004d 8b5f | 384b 894c | 13f8 4983 
  0x0000015dafaa1c84: c2f8 4d89 | 5728 e9e4 | e9ff ff44 | 8b55 1c45 | 85d2 0f84 | 8ee9 ffff | 4d8b 5f28 | 498b ca48 
  0x0000015dafaa1ca4: c1e1 034d | 85db 0f84 | 6c3c 0000 | 4d8b 5738 | 4b89 4c1a | f849 83c3 | f84d 895f | 28e9 64e9 
  0x0000015dafaa1cc4: ffff 448b | 5d1c 4585 | db0f 84d7 | eaff ff4d | 8b57 2849 | 8bcb 48c1 | e103 4d85 | d20f 8495 
  0x0000015dafaa1ce4: 3c00 004d | 8b5f 384b | 894c 13f8 | 4983 c2f8 | 4d89 5728 | e9ad eaff | ff4c 8b94 

  0x0000015dafaa1d00: ;   {no_reloc}
  0x0000015dafaa1d00: 24f8 0000 | 0045 8b52 | 1045 85d2 | 0f84 e1ea | ffff 4d8b | 5f28 498b | ca48 c1e1 | 034d 85db 
  0x0000015dafaa1d20: 0f84 363c | 0000 4d8b | 5738 4b89 | 4c1a f849 | 83c3 f84d | 895f 28e9 | b7ea ffff | 448b 551c 
  0x0000015dafaa1d40: 4585 d20f | 84e1 ebff | ff4d 8b5f | 2849 8bca | 48c1 e103 | 4d85 db0f | 845f 3c00 | 004d 8b57 
  0x0000015dafaa1d60: 384b 894c | 1af8 4983 | c3f8 4d89 | 5f28 e9b7 | ebff ff4c | 8b94 24f8 | 0000 0045 | 8b5a 1845 
  0x0000015dafaa1d80: 85db 0f84 | ebeb ffff | 4d8b 5728 | 498b cb48 | c1e1 034d | 85d2 0f84 | 003c 0000 | 4d8b 5f38 
  0x0000015dafaa1da0: 4b89 4c13 | f849 83c2 | f84d 8957 | 28e9 c1eb | ffff 4c8b | 9424 f800 | 0000 458b | 5a1c 4585 
  0x0000015dafaa1dc0: db0f 844c | ecff ff4d | 8b57 2849 | 8bcb 48c1 | e103 4d85 | d20f 8401 | 3c00 004d | 8b5f 384b 
  0x0000015dafaa1de0: 894c 13f8 | 4983 c2f8 | 4d89 5728 | e922 ecff | ff4c 8b94 | 24f8 0000 | 0045 8b5a | 2445 85db 
  0x0000015dafaa1e00: ;   {no_reloc}
  0x0000015dafaa1e00: 0f84 adec | ffff 4d8b | 5728 498b | cb48 c1e1 | 034d 85d2 | 0f84 e23b | 0000 4d8b | 5f38 4b89 
  0x0000015dafaa1e20: 4c13 f849 | 83c2 f84d | 8957 28e9 | 83ec ffff | 4c8b 9424 | f800 0000 | 458b 5a34 | 4585 db0f 
  0x0000015dafaa1e40: 8416 edff | ff4d 8b57 | 2849 8bcb | 48c1 e103 | 4d85 d20f | 84c3 3b00 | 004d 8b5f | 384b 894c 
  0x0000015dafaa1e60: 13f8 4983 | c2f8 4d89 | 5728 e9ec | ecff ff4c | 8b94 24f0 | 0000 0045 | 8b52 3045 | 85d2 0f84 
  0x0000015dafaa1e80: e1ed ffff | 4d8b 5f28 | 498b ca48 | c1e1 034d | 85db 0f84 | a43b 0000 | 4d8b 5738 | 4b89 4c1a 
  0x0000015dafaa1ea0: f849 83c3 | f84d 895f | 28e9 b7ed | ffff 4c8b | 9424 f800 | 0000 458b | 5a38 4585 | db0f 844c 
  0x0000015dafaa1ec0: edff ff4d | 8b57 2849 | 8bcb 48c1 | e103 4d85 | d20f 8485 | 3b00 004d | 8b5f 384b | 894c 13f8 
  0x0000015dafaa1ee0: 4983 c2f8 | 4d89 5728 | e922 edff | ff4d 8b57 | 584d 8b5f | 48f0 8344 | 24c0 0080 | 3900 0f84 
  0x0000015dafaa1f00: ;   {no_reloc}
  0x0000015dafaa1f00: 64e7 ffff | 4488 214d | 85db 7520 | 498b d7c5 | f877 49ba | 00a4 c337 | fc7f 0000 

  0x0000015dafaa1f1c: ;   {other}
  0x0000015dafaa1f1c: 41ff d20f | 1f84 0000 | 0000 00e9 | 3ce7 ffff | 4b89 4c1a | f849 83c3 | f84d 895f | 48e9 2ae7 
  0x0000015dafaa1f3c: ffff 4d8b | 5748 4d8b | 5f58 f083 | 4424 c000 | 8039 000f | 8462 e7ff | ff44 8821 | 4d85 d275 
  0x0000015dafaa1f5c: 2049 8bd7 | c5f8 7749 | ba00 a4c3 | 37fc 7f00 | 0041 ffd2 

  0x0000015dafaa1f70: ;   {other}
  0x0000015dafaa1f70: 0f1f 8400 | 0000 0000 | e93a e7ff | ff4b 894c | 13f8 4983 | c2f8 4d89 | 5748 e928 | e7ff ff4d 
  0x0000015dafaa1f90: 8b57 484d | 8b5f 58f0 | 8344 24c0 | 0080 3900 | 0f84 91e8 | ffff 4488 | 214d 85d2 | 7520 498b 
  0x0000015dafaa1fb0: d7c5 f877 | 49ba 00a4 | c337 fc7f | 0000 41ff 

  0x0000015dafaa1fc0: ;   {other}
  0x0000015dafaa1fc0: d20f 1f84 | 0000 0000 | 00e9 69e8 | ffff 4b89 | 4c13 f849 | 83c2 f84d | 8957 48e9 | 57e8 ffff 
  0x0000015dafaa1fe0: 4d8b 5758 | 4d8b 5f48 | f083 4424 | c000 8039 | 000f 84f1 | e7ff ff44 | 8821 4d85 | db75 2049 
  0x0000015dafaa2000: 8bd7 c5f8 | 7749 ba00 | a4c3 37fc | 7f00 0041 

  0x0000015dafaa2010: ;   {other}
  0x0000015dafaa2010: ffd2 0f1f | 8400 0000 | 0000 e9c9 | e7ff ff4b | 894c 1af8 | 4983 c3f8 | 4d89 5f48 | e9b7 e7ff 
  0x0000015dafaa2030: ff4d 8b57 | 484d 8b5f | 58f0 8344 | 24c0 0080 | 3900 0f84 | 67e9 ffff | 4488 214d | 85d2 7520 
  0x0000015dafaa2050: 498b d7c5 | f877 49ba | 00a4 c337 | fc7f 0000 

  0x0000015dafaa2060: ;   {other}
  0x0000015dafaa2060: 41ff d20f | 1f84 0000 | 0000 00e9 | 3fe9 ffff | 4b89 4c13 | f849 83c2 | f84d 8957 | 48e9 2de9 
  0x0000015dafaa2080: ffff 4d8b | 5748 4d8b | 5f58 f083 | 4424 c000 | 8039 000f | 84cf e8ff | ff44 8821 | 4d85 d275 
  0x0000015dafaa20a0: 2049 8bd7 | c5f8 7749 | ba00 a4c3 | 37fc 7f00 | 0041 ffd2 

  0x0000015dafaa20b4: ;   {other}
  0x0000015dafaa20b4: 0f1f 8400 | 0000 0000 | e9a7 e8ff | ff4b 894c | 13f8 4983 | c2f8 4d89 | 5748 e995 | e8ff ff4d 
  0x0000015dafaa20d4: 8b57 584d | 8b5f 48f0 | 8344 24c0 | 0080 3900 | 0f84 65e9 | ffff 4488 | 214d 85db | 7520 498b 
  0x0000015dafaa20f4: d7c5 f877 | 49ba 00a4 | c337 fc7f | 0000 41ff 

  0x0000015dafaa2104: ;   {other}
  0x0000015dafaa2104: d20f 1f84 | 0000 0000 | 00e9 3de9 | ffff 4b89 | 4c1a f849 | 83c3 f84d | 895f 48e9 | 2be9 ffff 
  0x0000015dafaa2124: 4d8b 5748 | 4d8b 5f58 | f083 4424 | c000 8039 | 000f 84bc | e9ff ff44 | 8821 4d85 | d275 2049 
  0x0000015dafaa2144: 8bd7 c5f8 | 7749 ba00 | a4c3 37fc | 7f00 0041 

  0x0000015dafaa2154: ;   {other}
  0x0000015dafaa2154: ffd2 0f1f | 8400 0000 | 0000 e994 | e9ff ff4b | 894c 13f8 | 4983 c2f8 | 4d89 5748 | e982 e9ff 
  0x0000015dafaa2174: ff4d 8b57 | 484d 8b5f | 58f0 8344 | 24c0 0080 | 3900 0f84 | 13ea ffff | 4488 214d | 85d2 7520 
  0x0000015dafaa2194: 498b d7c5 | f877 49ba | 00a4 c337 | fc7f 0000 

  0x0000015dafaa21a4: ;   {other}
  0x0000015dafaa21a4: 41ff d20f | 1f84 0000 | 0000 00e9 | ebe9 ffff | 4b89 4c13 | f849 83c2 | f84d 8957 | 48e9 d9e9 
  0x0000015dafaa21c4: ffff 4d8b | 5748 4d8b | 5f58 f083 | 4424 c000 | 8039 000f | 847d eaff | ff44 8821 | 4d85 d275 
  0x0000015dafaa21e4: 2049 8bd7 | c5f8 7749 | ba00 a4c3 | 37fc 7f00 | 0041 ffd2 

  0x0000015dafaa21f8: ;   {other}
  0x0000015dafaa21f8: 0f1f 8400 | 0000 0000 | e955 eaff | ff4b 894c | 13f8 4983 | c2f8 4d89 | 5748 e943 | eaff ff4d 
  0x0000015dafaa2218: 8b57 484d | 8b5f 58f0 | 8344 24c0 | 0080 3900 | 0f84 79ea | ffff 4488 | 214d 85d2 | 7520 498b 
  0x0000015dafaa2238: d7c5 f877 | 49ba 00a4 | c337 fc7f | 0000 41ff 

  0x0000015dafaa2248: ;   {other}
  0x0000015dafaa2248: d20f 1f84 | 0000 0000 | 00e9 51ea | ffff 4b89 | 4c13 f849 | 83c2 f84d | 8957 48e9 | 3fea ffff 
  0x0000015dafaa2268: 4d8b 5758 | 4d8b 5f48 | f083 4424 | c000 8039 | 000f 845b | e2ff ff44 | 8821 4d85 | db75 2049 
  0x0000015dafaa2288: 8bd7 c5f8 | 7749 ba00 | a4c3 37fc | 7f00 0041 

  0x0000015dafaa2298: ;   {other}
  0x0000015dafaa2298: ffd2 0f1f | 8400 0000 | 0000 e933 | e2ff ff4b | 894c 1af8 | 4983 c3f8 | 4d89 5f48 | e921 e2ff 
  0x0000015dafaa22b8: ff4d 8b57 | 584d 8b5f | 48f0 8344 | 24c0 0080 | 3900 0f84 | 64e2 ffff | 4488 214d | 85db 7520 
  0x0000015dafaa22d8: 498b d7c5 | f877 49ba | 00a4 c337 | fc7f 0000 

  0x0000015dafaa22e8: ;   {other}
  0x0000015dafaa22e8: 41ff d20f | 1f84 0000 | 0000 00e9 | 3ce2 ffff | 4b89 4c1a | f849 83c3 | f84d 895f | 48e9 2ae2 
  0x0000015dafaa2308: ;   {metadata({type array byte})}
  0x0000015dafaa2308: ffff 48ba | 1823 00c2 | 5d01 0000 | 448b 4424 | 2c4c 8b94 | 24b0 0000 | 004c 8954 | 2460 6690 
  0x0000015dafaa2328: ;   {runtime_call _new_array_nozero_Java}
  0x0000015dafaa2328: c5f8 77e8 

  0x0000015dafaa232c: ; ImmutableOopMap {rbp=Oop [56]=Derived_oop_rbp [40]=NarrowOop [72]=Oop [80]=Oop [96]=Oop [120]=Oop [136]=Oop [160]=Oop [168]=Oop [176]=Oop [184]=Oop }
                      ;*newarray {reexecute=0 rethrow=0 return_oop=1}
                      ; - java.util.Arrays::copyOfRangeByte@10
                      ; - java.util.Arrays::copyOfRange@13
                      ; - java.lang.StringLatin1::newString@16
                      ; - java.lang.String::substring@41
                      ; - jdk.internal.loader.BuiltinClassLoader::findLoadedModule@16
                      ; - jdk.internal.loader.BuiltinClassLoader::loadClassOrNull@22
                      ; - jdk.internal.loader.BuiltinClassLoader::loadClass@3
                      ; - java.lang.ClassLoader::loadClass@38
                      ; - java.lang.ClassLoader::loadClass@38
  0x0000015dafaa232c: 5092 97ff 

  0x0000015dafaa2330: ;   {other}
  0x0000015dafaa2330: 0f1f 8400 | a065 005f | 488b d8e9 | 87b4 ffff | 4889 4c24 | 2044 8954 | 242c 4c89 | 4c24 7048 
  0x0000015dafaa2350: 895c 2438 | 4c89 4424 

  0x0000015dafaa2358: ;   {metadata({type array byte})}
  0x0000015dafaa2358: 5848 ba18 | 2300 c25d | 0100 0045 | 8bc3 4c8b | 9424 b000 | 0000 4c89 | 5424 6090 

  0x0000015dafaa2374: ;   {runtime_call _new_array_nozero_Java}
  0x0000015dafaa2374: c5f8 77e8 

  0x0000015dafaa2378: ; ImmutableOopMap {rbp=Oop [56]=Derived_oop_rbp [44]=NarrowOop [72]=Oop [80]=Oop [96]=Oop [104]=Oop [112]=Oop [120]=Oop [176]=Oop }
                      ;*invokevirtual clone {reexecute=1 rethrow=0 return_oop=1}
                      ; - (reexecute) java.util.Arrays::copyOfRange@18
                      ; - java.lang.StringLatin1::newString@16
                      ; - java.lang.String::substring@41
                      ; - jdk.internal.loader.BuiltinClassLoader::findLoadedModule@16
                      ; - jdk.internal.loader.BuiltinClassLoader::loadClassOrNull@22
                      ; - jdk.internal.loader.BuiltinClassLoader::loadClass@3
                      ; - java.lang.ClassLoader::loadClass@38
  0x0000015dafaa2378: 0492 97ff 

  0x0000015dafaa237c: ;   {other}
  0x0000015dafaa237c: 0f1f 8400 | ec65 0060 | 488b d8e9 | 94d3 ffff 

  0x0000015dafaa238c: ;   {metadata({type array byte})}
  0x0000015dafaa238c: 48ba 1823 | 00c2 5d01 | 0000 448b | 8424 a800 | 0000 6690 

  0x0000015dafaa23a0: ;   {runtime_call _new_array_nozero_Java}
  0x0000015dafaa23a0: c5f8 77e8 

  0x0000015dafaa23a4: ; ImmutableOopMap {[40]=NarrowOop [56]=Oop [88]=Derived_oop_[56] [72]=Oop [80]=Oop [120]=Oop [128]=Oop [176]=Oop [184]=Oop [212]=NarrowOop [224]=Oop [232]=Oop }
                      ;*newarray {reexecute=0 rethrow=0 return_oop=1}
                      ; - java.util.Arrays::copyOfRangeByte@10
                      ; - java.util.Arrays::copyOfRange@13
                      ; - java.lang.StringLatin1::newString@16
                      ; - java.lang.String::substring@41
                      ; - java.net.URLClassLoader::defineClass@28
                      ; - java.net.URLClassLoader$1::run@43
                      ; - java.net.URLClassLoader$1::run@1
                      ; - java.security.AccessController::executePrivileged@29
                      ; - java.security.AccessController::doPrivileged@13
                      ; - java.net.URLClassLoader::findClass@13
                      ; - java.lang.ClassLoader::loadClass@69
                      ; - java.lang.ClassLoader::loadClass@38
  0x0000015dafaa23a4: d891 97ff 

  0x0000015dafaa23a8: ;   {other}
  0x0000015dafaa23a8: 0f1f 8400 | 1866 0061 | 488b d8e9 | 6aca ffff | 4c89 9c24 | 8000 0000 | 4c89 8c24 | b000 0000 
  0x0000015dafaa23c8: ;   {metadata('java/lang/String')}
  0x0000015dafaa23c8: 48ba 78e8 | 00c2 5d01 | 0000 488b | 6c24 484c | 898c 2490 | 0000 004c | 898c 2498 | 0000 0090 
  0x0000015dafaa23e8: ;   {runtime_call _new_instance_Java}
  0x0000015dafaa23e8: c5f8 77e8 

  0x0000015dafaa23ec: ; ImmutableOopMap {rbp=Oop [40]=NarrowOop [72]=Oop [80]=Oop [120]=Oop [128]=Oop [144]=Oop [152]=Oop [176]=Oop [184]=Oop }
                      ;*new {reexecute=0 rethrow=0 return_oop=1}
                      ; - java.lang.StringConcatHelper::simpleConcat@17
                      ; - java.lang.String::concat@11
                      ; - java.net.URLClassLoader$1::run@13
                      ; - java.net.URLClassLoader$1::run@1
                      ; - java.security.AccessController::executePrivileged@29
                      ; - java.security.AccessController::doPrivileged@13
                      ; - java.net.URLClassLoader::findClass@13
                      ; - java.lang.ClassLoader::loadClass@69
                      ; - java.lang.ClassLoader::loadClass@38
  0x0000015dafaa23ec: 1098 97ff 

  0x0000015dafaa23f0: ;   {other}
  0x0000015dafaa23f0: 0f1f 8400 | 6066 0062 | e95e ddff 

  0x0000015dafaa23fc: ;   {metadata({type array byte})}
  0x0000015dafaa23fc: ff48 ba18 | 2300 c25d | 0100 0044 | 8b44 2420 | 4c8b 9424 | b000 0000 | 4c89 5424 | 6066 6690 
  0x0000015dafaa241c: ;   {runtime_call _new_array_nozero_Java}
  0x0000015dafaa241c: c5f8 77e8 

  0x0000015dafaa2420: ; ImmutableOopMap {rbp=Oop [56]=Derived_oop_rbp [40]=NarrowOop [44]=NarrowOop [72]=Oop [80]=Oop [96]=Oop [120]=Oop [136]=Oop [160]=Oop [168]=Oop [176]=Oop [184]=Oop }
                      ;*invokevirtual clone {reexecute=1 rethrow=0 return_oop=1}
                      ; - (reexecute) java.util.Arrays::copyOfRange@18
                      ; - java.lang.StringLatin1::newString@16
                      ; - java.lang.String::substring@41
                      ; - jdk.internal.loader.BuiltinClassLoader::findLoadedModule@16
                      ; - jdk.internal.loader.BuiltinClassLoader::loadClassOrNull@22
                      ; - jdk.internal.loader.BuiltinClassLoader::loadClass@3
                      ; - java.lang.ClassLoader::loadClass@38
                      ; - java.lang.ClassLoader::loadClass@38
  0x0000015dafaa2420: 5c91 97ff 

  0x0000015dafaa2424: ;   {other}
  0x0000015dafaa2424: 0f1f 8400 | 9466 0063 | 4c8b d0e9 | 8bb2 ffff 

  0x0000015dafaa2434: ;   {metadata({type array byte})}
  0x0000015dafaa2434: 48ba 1823 | 00c2 5d01 | 0000 488b | 6c24 3844 | 8b44 242c | 4c8b 9424 | e000 0000 | 4c89 9424 
  0x0000015dafaa2454: c800 0000 

  0x0000015dafaa2458: ;   {runtime_call _new_array_nozero_Java}
  0x0000015dafaa2458: c5f8 77e8 

  0x0000015dafaa245c: ; ImmutableOopMap {rbp=Oop [88]=Derived_oop_rbp [40]=NarrowOop [72]=Oop [80]=Oop [120]=Oop [128]=Oop [176]=Oop [184]=Oop [200]=Oop [208]=NarrowOop [212]=NarrowOop [224]=Oop [232]=Oop }
                      ;*invokevirtual clone {reexecute=1 rethrow=0 return_oop=1}
                      ; - (reexecute) java.util.Arrays::copyOfRange@18
                      ; - java.lang.StringLatin1::newString@16
                      ; - java.lang.String::substring@41
                      ; - java.net.URLClassLoader::defineClass@28
                      ; - java.net.URLClassLoader$1::run@43
                      ; - java.net.URLClassLoader$1::run@1
                      ; - java.security.AccessController::executePrivileged@29
                      ; - java.security.AccessController::doPrivileged@13
                      ; - java.net.URLClassLoader::findClass@13
                      ; - java.lang.ClassLoader::loadClass@69
                      ; - java.lang.ClassLoader::loadClass@38
  0x0000015dafaa245c: 2091 97ff 

  0x0000015dafaa2460: ;   {other}
  0x0000015dafaa2460: 0f1f 8400 | d066 0064 | 4c8b d0e9 | a4c8 ffff | 418b e8e9 | a6bc ffff 

  0x0000015dafaa2478: ;   {metadata('java/lang/ref/SoftReference')}
  0x0000015dafaa2478: 48ba 90df | 03c2 5d01 | 0000 488b | 6c24 484c | 8b94 24e0 | 0000 004c | 8994 2498 | 0000 0090 
  0x0000015dafaa2498: ;   {runtime_call _new_instance_Java}
  0x0000015dafaa2498: c5f8 77e8 

  0x0000015dafaa249c: ; ImmutableOopMap {rbp=Oop [40]=NarrowOop [72]=Oop [80]=Oop [120]=Oop [128]=Oop [152]=Oop [176]=Oop [184]=Oop [212]=NarrowOop [224]=Oop [232]=Oop [240]=Oop [256]=Oop }
                      ;*new {reexecute=0 rethrow=0 return_oop=1}
                      ; - java.util.jar.JarFile::getManifestFromReference@184
                      ; - java.util.jar.JarFile::getManifest@1
                      ; - jdk.internal.loader.URLClassPath$JarLoader$2::getManifest@22
                      ; - java.net.URLClassLoader::defineClass@34
                      ; - java.net.URLClassLoader$1::run@43
                      ; - java.net.URLClassLoader$1::run@1
                      ; - java.security.AccessController::executePrivileged@29
                      ; - java.security.AccessController::doPrivileged@13
                      ; - java.net.URLClassLoader::findClass@13
                      ; - java.lang.ClassLoader::loadClass@69
                      ; - java.lang.ClassLoader::loadClass@38
  0x0000015dafaa249c: 6097 97ff 

  0x0000015dafaa24a0: ;   {other}
  0x0000015dafaa24a0: 0f1f 8400 | 1067 0065 | e968 e9ff 

  0x0000015dafaa24ac: ;   {metadata('java/util/jar/JarVerifier')}
  0x0000015dafaa24ac: ff48 ba78 | 9e16 c25d | 0100 0090 

  0x0000015dafaa24b8: ;   {runtime_call _new_instance_Java}
  0x0000015dafaa24b8: c5f8 77e8 

  0x0000015dafaa24bc: ; ImmutableOopMap {rbp=Oop [40]=NarrowOop [72]=Oop [80]=Oop [120]=Oop [128]=Oop [152]=Oop [176]=Oop [184]=Oop [200]=Oop [212]=NarrowOop [216]=Oop [224]=Oop [232]=Oop [240]=Oop }
                      ;*new {reexecute=0 rethrow=0 return_oop=1}
                      ; - java.util.jar.JarFile::getManifestFromReference@69
                      ; - java.util.jar.JarFile::getManifest@1
                      ; - jdk.internal.loader.URLClassPath$JarLoader$2::getManifest@22
                      ; - java.net.URLClassLoader::defineClass@34
                      ; - java.net.URLClassLoader$1::run@43
                      ; - java.net.URLClassLoader$1::run@1
                      ; - java.security.AccessController::executePrivileged@29
                      ; - java.security.AccessController::doPrivileged@13
                      ; - java.net.URLClassLoader::findClass@13
                      ; - java.lang.ClassLoader::loadClass@69
                      ; - java.lang.ClassLoader::loadClass@38
  0x0000015dafaa24bc: 4097 97ff 

  0x0000015dafaa24c0: ;   {other}
  0x0000015dafaa24c0: 0f1f 8400 | 3067 0066 | 4c8b d0e9 | 76df ffff 

  0x0000015dafaa24d0: ;   {metadata('java/util/Hashtable')}
  0x0000015dafaa24d0: 48ba b8d3 | 00c2 5d01 | 0000 488b | 6c24 4890 

  0x0000015dafaa24e0: ;   {runtime_call _new_instance_Java}
  0x0000015dafaa24e0: c5f8 77e8 

  0x0000015dafaa24e4: ; ImmutableOopMap {rbp=Oop [40]=NarrowOop [72]=Oop [80]=Oop [120]=Oop [128]=Oop [152]=Oop [176]=Oop [184]=Oop [212]=NarrowOop [216]=Oop [224]=Oop [232]=Oop [240]=Oop [248]=Oop }
                      ;*new {reexecute=0 rethrow=0 return_oop=1}
                      ; - java.util.jar.JarVerifier::<init>@35
                      ; - java.util.jar.JarFile::getManifestFromReference@78
                      ; - java.util.jar.JarFile::getManifest@1
                      ; - jdk.internal.loader.URLClassPath$JarLoader$2::getManifest@22
                      ; - java.net.URLClassLoader::defineClass@34
                      ; - java.net.URLClassLoader$1::run@43
                      ; - java.net.URLClassLoader$1::run@1
                      ; - java.security.AccessController::executePrivileged@29
                      ; - java.security.AccessController::doPrivileged@13
                      ; - java.net.URLClassLoader::findClass@13
                      ; - java.lang.ClassLoader::loadClass@69
                      ; - java.lang.ClassLoader::loadClass@38
  0x0000015dafaa24e4: 1897 97ff 

  0x0000015dafaa24e8: ;   {other}
  0x0000015dafaa24e8: 0f1f 8400 | 5867 0067 | 488b e8e9 | 89e0 ffff 

  0x0000015dafaa24f8: ;   {metadata('java/util/Hashtable')}
  0x0000015dafaa24f8: 48ba b8d3 | 00c2 5d01 | 0000 488b | 6c24 4890 

  0x0000015dafaa2508: ;   {runtime_call _new_instance_Java}
  0x0000015dafaa2508: c5f8 77e8 

  0x0000015dafaa250c: ; ImmutableOopMap {rbp=Oop [40]=NarrowOop [72]=Oop [80]=Oop [120]=Oop [128]=Oop [152]=Oop [176]=Oop [184]=Oop [212]=NarrowOop [216]=Oop [224]=Oop [232]=Oop [240]=Oop [248]=Oop }
                      ;*new {reexecute=0 rethrow=0 return_oop=1}
                      ; - java.util.jar.JarVerifier::<init>@46
                      ; - java.util.jar.JarFile::getManifestFromReference@78
                      ; - java.util.jar.JarFile::getManifest@1
                      ; - jdk.internal.loader.URLClassPath$JarLoader$2::getManifest@22
                      ; - java.net.URLClassLoader::defineClass@34
                      ; - java.net.URLClassLoader$1::run@43
                      ; - java.net.URLClassLoader$1::run@1
                      ; - java.security.AccessController::executePrivileged@29
                      ; - java.security.AccessController::doPrivileged@13
                      ; - java.net.URLClassLoader::findClass@13
                      ; - java.lang.ClassLoader::loadClass@69
                      ; - java.lang.ClassLoader::loadClass@38
  0x0000015dafaa250c: f096 97ff 

  0x0000015dafaa2510: ;   {other}
  0x0000015dafaa2510: 0f1f 8400 | 8067 0068 | 488b e8e9 | e4e1 ffff 

  0x0000015dafaa2520: ;   {metadata('java/util/Hashtable$Entry'[])}
  0x0000015dafaa2520: 48ba a87f | 13c2 5d01 | 0000 41b8 | 0b00 0000 

  0x0000015dafaa2530: ;   {runtime_call _new_array_Java}
  0x0000015dafaa2530: c5f8 77e8 

  0x0000015dafaa2534: ; ImmutableOopMap {rbp=Oop [40]=NarrowOop [72]=Oop [80]=Oop [120]=Oop [128]=Oop [152]=Oop [176]=Oop [184]=Oop [212]=NarrowOop [216]=Oop [224]=Oop [232]=Oop [240]=Oop [248]=Oop }
                      ;*anewarray {reexecute=0 rethrow=0 return_oop=1}
                      ; - java.util.Hashtable::<init>@93
                      ; - java.util.Hashtable::<init>@5
                      ; - java.util.jar.JarVerifier::<init>@39
                      ; - java.util.jar.JarFile::getManifestFromReference@78
                      ; - java.util.jar.JarFile::getManifest@1
                      ; - jdk.internal.loader.URLClassPath$JarLoader$2::getManifest@22
                      ; - java.net.URLClassLoader::defineClass@34
                      ; - java.net.URLClassLoader$1::run@43
                      ; - java.net.URLClassLoader$1::run@1
                      ; - java.security.AccessController::executePrivileged@29
                      ; - java.security.AccessController::doPrivileged@13
                      ; - java.net.URLClassLoader::findClass@13
                      ; - java.lang.ClassLoader::loadClass@69
                      ; - java.lang.ClassLoader::loadClass@38
  0x0000015dafaa2534: c893 97ff 

  0x0000015dafaa2538: ;   {other}
  0x0000015dafaa2538: 0f1f 8400 | a867 0069 | 4c8b d0e9 | d4e0 ffff 

  0x0000015dafaa2548: ;   {metadata('java/util/Hashtable')}
  0x0000015dafaa2548: 48ba b8d3 | 00c2 5d01 | 0000 488b | 6c24 4890 

  0x0000015dafaa2558: ;   {runtime_call _new_instance_Java}
  0x0000015dafaa2558: c5f8 77e8 

  0x0000015dafaa255c: ; ImmutableOopMap {rbp=Oop [40]=NarrowOop [72]=Oop [80]=Oop [120]=Oop [128]=Oop [152]=Oop [176]=Oop [184]=Oop [212]=NarrowOop [216]=Oop [224]=Oop [232]=Oop [240]=Oop [248]=Oop }
                      ;*new {reexecute=0 rethrow=0 return_oop=1}
                      ; - java.util.jar.JarVerifier::<init>@57
                      ; - java.util.jar.JarFile::getManifestFromReference@78
                      ; - java.util.jar.JarFile::getManifest@1
                      ; - jdk.internal.loader.URLClassPath$JarLoader$2::getManifest@22
                      ; - java.net.URLClassLoader::defineClass@34
                      ; - java.net.URLClassLoader$1::run@43
                      ; - java.net.URLClassLoader$1::run@1
                      ; - java.security.AccessController::executePrivileged@29
                      ; - java.security.AccessController::doPrivileged@13
                      ; - java.net.URLClassLoader::findClass@13
                      ; - java.lang.ClassLoader::loadClass@69
                      ; - java.lang.ClassLoader::loadClass@38
  0x0000015dafaa255c: a096 97ff 

  0x0000015dafaa2560: ;   {other}
  0x0000015dafaa2560: 0f1f 8400 | d067 006a | 488b e8e9 | 14e3 ffff 

  0x0000015dafaa2570: ;   {metadata('java/util/Hashtable$Entry'[])}
  0x0000015dafaa2570: 48ba a87f | 13c2 5d01 | 0000 41b8 | 0b00 0000 

  0x0000015dafaa2580: ;   {runtime_call _new_array_Java}
  0x0000015dafaa2580: c5f8 77e8 

  0x0000015dafaa2584: ; ImmutableOopMap {rbp=Oop [40]=NarrowOop [72]=Oop [80]=Oop [120]=Oop [128]=Oop [152]=Oop [176]=Oop [184]=Oop [212]=NarrowOop [216]=Oop [224]=Oop [232]=Oop [240]=Oop [248]=Oop }
                      ;*anewarray {reexecute=0 rethrow=0 return_oop=1}
                      ; - java.util.Hashtable::<init>@93
                      ; - java.util.Hashtable::<init>@5
                      ; - java.util.jar.JarVerifier::<init>@50
                      ; - java.util.jar.JarFile::getManifestFromReference@78
                      ; - java.util.jar.JarFile::getManifest@1
                      ; - jdk.internal.loader.URLClassPath$JarLoader$2::getManifest@22
                      ; - java.net.URLClassLoader::defineClass@34
                      ; - java.net.URLClassLoader$1::run@43
                      ; - java.net.URLClassLoader$1::run@1
                      ; - java.security.AccessController::executePrivileged@29
                      ; - java.security.AccessController::doPrivileged@13
                      ; - java.net.URLClassLoader::findClass@13
                      ; - java.lang.ClassLoader::loadClass@69
                      ; - java.lang.ClassLoader::loadClass@38
  0x0000015dafaa2584: 7893 97ff 

  0x0000015dafaa2588: ;   {other}
  0x0000015dafaa2588: 0f1f 8400 | f867 006b | 4c8b d0e9 | 04e2 ffff 

  0x0000015dafaa2598: ;   {metadata('java/util/ArrayList')}
  0x0000015dafaa2598: 48ba d089 | 0bc2 5d01 | 0000 488b | 6c24 4890 

  0x0000015dafaa25a8: ;   {runtime_call _new_instance_Java}
  0x0000015dafaa25a8: c5f8 77e8 

  0x0000015dafaa25ac: ; ImmutableOopMap {rbp=Oop [40]=NarrowOop [72]=Oop [80]=Oop [120]=Oop [128]=Oop [152]=Oop [176]=Oop [184]=Oop [212]=NarrowOop [216]=Oop [224]=Oop [232]=Oop [240]=Oop [248]=Oop }
                      ;*new {reexecute=0 rethrow=0 return_oop=1}
                      ; - java.util.jar.JarVerifier::<init>@70
                      ; - java.util.jar.JarFile::getManifestFromReference@78
                      ; - java.util.jar.JarFile::getManifest@1
                      ; - jdk.internal.loader.URLClassPath$JarLoader$2::getManifest@22
                      ; - java.net.URLClassLoader::defineClass@34
                      ; - java.net.URLClassLoader$1::run@43
                      ; - java.net.URLClassLoader$1::run@1
                      ; - java.security.AccessController::executePrivileged@29
                      ; - java.security.AccessController::doPrivileged@13
                      ; - java.net.URLClassLoader::findClass@13
                      ; - java.lang.ClassLoader::loadClass@69
                      ; - java.lang.ClassLoader::loadClass@38
  0x0000015dafaa25ac: 5096 97ff 

  0x0000015dafaa25b0: ;   {other}
  0x0000015dafaa25b0: 0f1f 8400 | 2068 006c | e932 e4ff 

  0x0000015dafaa25bc: ;   {metadata('java/util/Hashtable$Entry'[])}
  0x0000015dafaa25bc: ff48 baa8 | 7f13 c25d | 0100 0041 | b80b 0000 | 0066 6690 

  0x0000015dafaa25d0: ;   {runtime_call _new_array_Java}
  0x0000015dafaa25d0: c5f8 77e8 

  0x0000015dafaa25d4: ; ImmutableOopMap {rbp=Oop [40]=NarrowOop [72]=Oop [80]=Oop [120]=Oop [128]=Oop [152]=Oop [176]=Oop [184]=Oop [212]=NarrowOop [216]=Oop [224]=Oop [232]=Oop [240]=Oop [248]=Oop }
                      ;*anewarray {reexecute=0 rethrow=0 return_oop=1}
                      ; - java.util.Hashtable::<init>@93
                      ; - java.util.Hashtable::<init>@4
                      ; - java.util.jar.JarVerifier::<init>@63
                      ; - java.util.jar.JarFile::getManifestFromReference@78
                      ; - java.util.jar.JarFile::getManifest@1
                      ; - jdk.internal.loader.URLClassPath$JarLoader$2::getManifest@22
                      ; - java.net.URLClassLoader::defineClass@34
                      ; - java.net.URLClassLoader$1::run@43
                      ; - java.net.URLClassLoader$1::run@1
                      ; - java.security.AccessController::executePrivileged@29
                      ; - java.security.AccessController::doPrivileged@13
                      ; - java.net.URLClassLoader::findClass@13
                      ; - java.lang.ClassLoader::loadClass@69
                      ; - java.lang.ClassLoader::loadClass@38
  0x0000015dafaa25d4: 2893 97ff 

  0x0000015dafaa25d8: ;   {other}
  0x0000015dafaa25d8: 0f1f 8400 | 4868 006d | 4c8b d0e9 | 34e3 ffff 

  0x0000015dafaa25e8: ;   {metadata('java/io/ByteArrayOutputStream')}
  0x0000015dafaa25e8: 48ba a000 | 22c2 5d01 | 0000 488b | 6c24 4890 

  0x0000015dafaa25f8: ;   {runtime_call _new_instance_Java}
  0x0000015dafaa25f8: c5f8 77e8 

  0x0000015dafaa25fc: ; ImmutableOopMap {rbp=Oop [40]=NarrowOop [72]=Oop [80]=Oop [120]=Oop [128]=Oop [152]=Oop [176]=Oop [184]=Oop [212]=NarrowOop [216]=Oop [224]=Oop [232]=Oop [240]=Oop [248]=Oop }
                      ;*new {reexecute=0 rethrow=0 return_oop=1}
                      ; - java.util.jar.JarVerifier::<init>@81
                      ; - java.util.jar.JarFile::getManifestFromReference@78
                      ; - java.util.jar.JarFile::getManifest@1
                      ; - jdk.internal.loader.URLClassPath$JarLoader$2::getManifest@22
                      ; - java.net.URLClassLoader::defineClass@34
                      ; - java.net.URLClassLoader$1::run@43
                      ; - java.net.URLClassLoader$1::run@1
                      ; - java.security.AccessController::executePrivileged@29
                      ; - java.security.AccessController::doPrivileged@13
                      ; - java.net.URLClassLoader::findClass@13
                      ; - java.lang.ClassLoader::loadClass@69
                      ; - java.lang.ClassLoader::loadClass@38
  0x0000015dafaa25fc: 0096 97ff 

  0x0000015dafaa2600: ;   {other}
  0x0000015dafaa2600: 0f1f 8400 | 7068 006e | e982 e4ff 

  0x0000015dafaa260c: ;   {metadata('java/util/ArrayList')}
  0x0000015dafaa260c: ff48 bad0 | 890b c25d | 0100 0048 | 8b6c 2448 

  0x0000015dafaa261c: ;   {runtime_call _new_instance_Java}
  0x0000015dafaa261c: c5f8 77e8 

  0x0000015dafaa2620: ; ImmutableOopMap {rbp=Oop [40]=NarrowOop [72]=Oop [80]=Oop [120]=Oop [128]=Oop [152]=Oop [176]=Oop [184]=Oop [212]=NarrowOop [216]=Oop [224]=Oop [232]=Oop [240]=Oop [248]=Oop }
                      ;*new {reexecute=0 rethrow=0 return_oop=1}
                      ; - java.util.jar.JarVerifier::<init>@92
                      ; - java.util.jar.JarFile::getManifestFromReference@78
                      ; - java.util.jar.JarFile::getManifest@1
                      ; - jdk.internal.loader.URLClassPath$JarLoader$2::getManifest@22
                      ; - java.net.URLClassLoader::defineClass@34
                      ; - java.net.URLClassLoader$1::run@43
                      ; - java.net.URLClassLoader$1::run@1
                      ; - java.security.AccessController::executePrivileged@29
                      ; - java.security.AccessController::doPrivileged@13
                      ; - java.net.URLClassLoader::findClass@13
                      ; - java.lang.ClassLoader::loadClass@69
                      ; - java.lang.ClassLoader::loadClass@38
  0x0000015dafaa2620: dc95 97ff 

  0x0000015dafaa2624: ;   {other}
  0x0000015dafaa2624: 0f1f 8400 | 9468 006f | e906 e5ff 

  0x0000015dafaa2630: ;   {metadata('java/util/HashMap')}
  0x0000015dafaa2630: ff48 ba68 | a908 c25d | 0100 0048 | 8b6c 2448 

  0x0000015dafaa2640: ;   {runtime_call _new_instance_Java}
  0x0000015dafaa2640: c5f8 77e8 

  0x0000015dafaa2644: ; ImmutableOopMap {rbp=Oop [40]=NarrowOop [72]=Oop [80]=Oop [120]=Oop [128]=Oop [152]=Oop [176]=Oop [184]=Oop [212]=NarrowOop [216]=Oop [224]=Oop [232]=Oop [240]=Oop [248]=Oop }
                      ;*new {reexecute=0 rethrow=0 return_oop=1}
                      ; - java.util.jar.JarVerifier::<init>@103
                      ; - java.util.jar.JarFile::getManifestFromReference@78
                      ; - java.util.jar.JarFile::getManifest@1
                      ; - jdk.internal.loader.URLClassPath$JarLoader$2::getManifest@22
                      ; - java.net.URLClassLoader::defineClass@34
                      ; - java.net.URLClassLoader$1::run@43
                      ; - java.net.URLClassLoader$1::run@1
                      ; - java.security.AccessController::executePrivileged@29
                      ; - java.security.AccessController::doPrivileged@13
                      ; - java.net.URLClassLoader::findClass@13
                      ; - java.lang.ClassLoader::loadClass@69
                      ; - java.lang.ClassLoader::loadClass@38
  0x0000015dafaa2644: b895 97ff 

  0x0000015dafaa2648: ;   {other}
  0x0000015dafaa2648: 0f1f 8400 | b868 0070 | e996 e5ff 

  0x0000015dafaa2654: ;   {metadata('java/io/ByteArrayInputStream')}
  0x0000015dafaa2654: ff48 baa0 | 2305 c25d | 0100 004c | 8b94 24e0 | 0000 004c | 8994 24a0 | 0000 0090 

  0x0000015dafaa2670: ;   {runtime_call _new_instance_Java}
  0x0000015dafaa2670: c5f8 77e8 

  0x0000015dafaa2674: ; ImmutableOopMap {rbp=NarrowOop [32]=Oop [40]=NarrowOop [72]=Oop [80]=Oop [120]=Oop [128]=Oop [160]=Oop [176]=Oop [184]=Oop [212]=NarrowOop [216]=Oop [224]=Oop [232]=Oop [240]=Oop }
                      ;*new {reexecute=0 rethrow=0 return_oop=1}
                      ; - java.util.jar.JarFile::getManifestFromReference@109
                      ; - java.util.jar.JarFile::getManifest@1
                      ; - jdk.internal.loader.URLClassPath$JarLoader$2::getManifest@22
                      ; - java.net.URLClassLoader::defineClass@34
                      ; - java.net.URLClassLoader$1::run@43
                      ; - java.net.URLClassLoader$1::run@1
                      ; - java.security.AccessController::executePrivileged@29
                      ; - java.security.AccessController::doPrivileged@13
                      ; - java.net.URLClassLoader::findClass@13
                      ; - java.lang.ClassLoader::loadClass@69
                      ; - java.lang.ClassLoader::loadClass@38
  0x0000015dafaa2674: 8895 97ff 

  0x0000015dafaa2678: ;   {other}
  0x0000015dafaa2678: 0f1f 8400 | e868 0071 | e9ba e6ff 

  0x0000015dafaa2684: ;   {metadata('java/util/jar/Manifest')}
  0x0000015dafaa2684: ff48 baa0 | e104 c25d | 0100 0048 | 8b6c 2448 

  0x0000015dafaa2694: ;   {runtime_call _new_instance_Java}
  0x0000015dafaa2694: c5f8 77e8 

  0x0000015dafaa2698: ; ImmutableOopMap {rbp=Oop [40]=NarrowOop [72]=Oop [80]=Oop [120]=Oop [128]=Oop [152]=Oop [176]=Oop [184]=Oop [212]=NarrowOop [216]=Oop [224]=Oop [232]=Oop [240]=Oop }
                      ;*new {reexecute=0 rethrow=0 return_oop=1}
                      ; - java.util.jar.JarFile::getManifestFromReference@101
                      ; - java.util.jar.JarFile::getManifest@1
                      ; - jdk.internal.loader.URLClassPath$JarLoader$2::getManifest@22
                      ; - java.net.URLClassLoader::defineClass@34
                      ; - java.net.URLClassLoader$1::run@43
                      ; - java.net.URLClassLoader$1::run@1
                      ; - java.security.AccessController::executePrivileged@29
                      ; - java.security.AccessController::doPrivileged@13
                      ; - java.net.URLClassLoader::findClass@13
                      ; - java.lang.ClassLoader::loadClass@69
                      ; - java.lang.ClassLoader::loadClass@38
  0x0000015dafaa2698: 6495 97ff 

  0x0000015dafaa269c: ;   {other}
  0x0000015dafaa269c: 0f1f 8400 | 0c69 0072 | e93e e6ff 

  0x0000015dafaa26a8: ;   {metadata('java/util/jar/Manifest')}
  0x0000015dafaa26a8: ff48 baa0 | e104 c25d | 0100 0090 

  0x0000015dafaa26b4: ;   {runtime_call _new_instance_Java}
  0x0000015dafaa26b4: c5f8 77e8 

  0x0000015dafaa26b8: ; ImmutableOopMap {rbp=Oop [40]=NarrowOop [72]=Oop [80]=Oop [120]=Oop [128]=Oop [152]=Oop [176]=Oop [184]=Oop [212]=NarrowOop [224]=Oop [232]=Oop [240]=Oop }
                      ;*new {reexecute=0 rethrow=0 return_oop=1}
                      ; - java.util.jar.JarFile::getManifestFromReference@134
                      ; - java.util.jar.JarFile::getManifest@1
                      ; - jdk.internal.loader.URLClassPath$JarLoader$2::getManifest@22
                      ; - java.net.URLClassLoader::defineClass@34
                      ; - java.net.URLClassLoader$1::run@43
                      ; - java.net.URLClassLoader$1::run@1
                      ; - java.security.AccessController::executePrivileged@29
                      ; - java.security.AccessController::doPrivileged@13
                      ; - java.net.URLClassLoader::findClass@13
                      ; - java.lang.ClassLoader::loadClass@69
                      ; - java.lang.ClassLoader::loadClass@38
  0x0000015dafaa26b8: 4495 97ff 

  0x0000015dafaa26bc: ;   {other}
  0x0000015dafaa26bc: 0f1f 8400 | 2c69 0073 | e94a dcff | ff48 8b54 | 2450 4c8d | 8424 3001 | 0000 488b | 6c24 4890 
  0x0000015dafaa26dc: ;   {runtime_call _complete_monitor_locking_Java}
  0x0000015dafaa26dc: c5f8 77e8 

  0x0000015dafaa26e0: ; ImmutableOopMap {rbp=Oop [72]=Oop [80]=Oop [176]=Oop }
                      ;*monitorenter {reexecute=0 rethrow=0 return_oop=0}
                      ; - java.lang.ClassLoader::loadClass@7
  0x0000015dafaa26e0: 9cae 97ff 

  0x0000015dafaa26e4: ;   {other}
  0x0000015dafaa26e4: 0f1f 8400 | 5469 0074 | e9b9 a2ff | ffba 45ff | ffff 488b | 6c24 484c | 8954 2420 | 448b 5c24 
  0x0000015dafaa2704: 3044 895c | 2428 6690 

  0x0000015dafaa270c: ;   {runtime_call UncommonTrapBlob}
  0x0000015dafaa270c: c5f8 77e8 

  0x0000015dafaa2710: ; ImmutableOopMap {rbp=Oop [32]=Oop [80]=Oop }
                      ;*ifeq {reexecute=1 rethrow=0 return_oop=0}
                      ; - (reexecute) java.lang.ClassLoader::checkName@8
                      ; - java.lang.ClassLoader::findLoadedClass@1
                      ; - java.lang.ClassLoader::loadClass@10
  0x0000015dafaa2710: 6c1c 95ff 

  0x0000015dafaa2714: ;   {other}
  0x0000015dafaa2714: 0f1f 8400 | 8469 0075 | 488b 6c24 | 484c 8b94 | 24b0 0000 | 004c 8954 | 2420 448b | 4424 3044 
  0x0000015dafaa2734: 8944 2428 | 4c8b 5424 | 504c 8954 | 2438 4489 | 5c24 2c89 | 5424 58ba | ceff ffff 

  0x0000015dafaa2750: ;   {runtime_call UncommonTrapBlob}
  0x0000015dafaa2750: c5f8 77e8 

  0x0000015dafaa2754: ; ImmutableOopMap {rbp=Oop [32]=Oop [44]=NarrowOop [56]=Oop }
                      ;*invokestatic indexOfChar {reexecute=0 rethrow=0 return_oop=0}
                      ; - java.lang.StringLatin1::indexOf@33
                      ; - java.lang.String::indexOf@17
                      ; - java.lang.String::indexOf@3
                      ; - java.lang.ClassLoader::checkName@16
                      ; - java.lang.ClassLoader::findLoadedClass@1
                      ; - java.lang.ClassLoader::loadClass@10
  0x0000015dafaa2754: 281c 95ff 

  0x0000015dafaa2758: ;   {other}
  0x0000015dafaa2758: 0f1f 8400 | c869 0076 | 488b 4c24 | 5048 8d94 | 2430 0100 | 004d 8bc7 | c5f8 7749 | ba40 d904 
  0x0000015dafaa2778: 38fc 7f00 | 0041 ffd2 

  0x0000015dafaa2780: ;   {other}
  0x0000015dafaa2780: 0f1f 8400 | 0000 0000 | e962 d9ff | ffba f6ff | ffff 488b | 6c24 4844 | 8b5c 2430 | 4489 5c24 
  0x0000015dafaa27a0: 284c 8b54 | 2440 4c89 | 5424 384c | 8b54 2450 | 4c89 5424 | 404c 8b54 | 2478 4c89 | 5424 504c 
  0x0000015dafaa27c0: 8b54 2468 | 4c89 5424 | 584c 8b54 | 2470 4c89 | 5424 604c | 8b94 24b0 | 0000 004c | 8954 2470 
  0x0000015dafaa27e0: 4c8b 9424 | 8000 0000 | 4c89 5424 | 7844 8b94 | 2488 0000 | 0044 8954 | 242c 4c8b | 9424 9800 
  0x0000015dafaa2800: 0000 4c89 | 9424 9000 | 0000 4c8b | 9424 b000 | 0000 4c89 | 9424 a800 | 0000 6690 

  0x0000015dafaa281c: ;   {runtime_call UncommonTrapBlob}
  0x0000015dafaa281c: c5f8 77e8 

  0x0000015dafaa2820: ; ImmutableOopMap {rbp=Oop [44]=NarrowOop [64]=Oop [80]=Oop [112]=Oop [120]=Oop [144]=Oop [160]=Oop [168]=Oop [184]=Oop }
                      ;*invokevirtual getJarEntry {reexecute=0 rethrow=0 return_oop=0}
                      ; - jdk.internal.loader.URLClassPath$JarLoader::getResource@22
                      ; - jdk.internal.loader.URLClassPath::getResource@53
                      ; - java.net.URLClassLoader$1::run@26
                      ; - java.net.URLClassLoader$1::run@1
                      ; - java.security.AccessController::executePrivileged@29
                      ; - java.security.AccessController::doPrivileged@13
                      ; - java.net.URLClassLoader::findClass@13
                      ; - java.lang.ClassLoader::loadClass@69
                      ; - java.lang.ClassLoader::loadClass@38
  0x0000015dafaa2820: 5c1b 95ff 

  0x0000015dafaa2824: ;   {other}
  0x0000015dafaa2824: 0f1f 8400 | 946a 0077 | 488b 6c24 | 2048 8b54 | 2420 4c8d | 8424 3801 | 0000 4c8b | 9424 b000 
  0x0000015dafaa2844: 0000 4c89 | 5424 3890 

  0x0000015dafaa284c: ;   {runtime_call _complete_monitor_locking_Java}
  0x0000015dafaa284c: c5f8 77e8 

  0x0000015dafaa2850: ; ImmutableOopMap {rbp=Oop [40]=NarrowOop [56]=Oop [72]=Oop [80]=Oop [176]=Oop [184]=Oop }
                      ;*monitorenter {reexecute=0 rethrow=0 return_oop=0}
                      ; - java.lang.ClassLoader::loadClass@7
                      ; - java.lang.ClassLoader::loadClass@38
  0x0000015dafaa2850: 2cad 97ff 

  0x0000015dafaa2854: ;   {other}
  0x0000015dafaa2854: 0f1f 8400 | c46a 0078 | 4c8b dde9 | 7da7 ffff | ba45 ffff | ff48 8b6c | 2448 448b | 5424 3044 
  0x0000015dafaa2874: 8954 2428 | 4c8b 5424 | 404c 8954 | 2438 4c8b | 5424 504c | 8954 2440 | 4c89 4c24 | 504c 895c 
  0x0000015dafaa2894: 2460 4c89 | 4c24 7090 

  0x0000015dafaa289c: ;   {runtime_call UncommonTrapBlob}
  0x0000015dafaa289c: c5f8 77e8 

  0x0000015dafaa28a0: ; ImmutableOopMap {rbp=Oop [64]=Oop [80]=Oop [96]=Oop [112]=Oop [184]=Oop }
                      ;*ifeq {reexecute=1 rethrow=0 return_oop=0}
                      ; - (reexecute) java.lang.ClassLoader::checkName@8
                      ; - java.lang.ClassLoader::findLoadedClass@1
                      ; - java.lang.ClassLoader::loadClass@10
                      ; - java.lang.ClassLoader::loadClass@38
  0x0000015dafaa28a0: dc1a 95ff 

  0x0000015dafaa28a4: ;   {other}
  0x0000015dafaa28a4: 0f1f 8400 | 146b 0079 | 488b 6c24 | 4844 8b44 | 2430 4489 | 4424 284c | 8b5c 2440 | 4c89 5c24 
  0x0000015dafaa28c4: 384c 8b5c | 2450 4c89 | 5c24 404c | 894c 2450 | 4c8b 5c24 | 784c 895c | 2460 4c89 | 4c24 7044 
  0x0000015dafaa28e4: 8954 242c | 8994 2480 | 0000 00ba | ceff ffff 

  0x0000015dafaa28f4: ;   {runtime_call UncommonTrapBlob}
  0x0000015dafaa28f4: c5f8 77e8 

  0x0000015dafaa28f8: ; ImmutableOopMap {rbp=Oop [44]=NarrowOop [64]=Oop [80]=Oop [96]=Oop [112]=Oop [184]=Oop }
                      ;*invokestatic indexOfChar {reexecute=0 rethrow=0 return_oop=0}
                      ; - java.lang.StringLatin1::indexOf@33
                      ; - java.lang.String::indexOf@17
                      ; - java.lang.String::indexOf@3
                      ; - java.lang.ClassLoader::checkName@16
                      ; - java.lang.ClassLoader::findLoadedClass@1
                      ; - java.lang.ClassLoader::loadClass@10
                      ; - java.lang.ClassLoader::loadClass@38
  0x0000015dafaa28f8: 841a 95ff 

  0x0000015dafaa28fc: ;   {other}
  0x0000015dafaa28fc: 0f1f 8400 | 6c6b 007a | 33ed 4585 | d240 0f94 | c5ba 45ff | ffff 4c8b | 9424 b000 | 0000 4c89 
  0x0000015dafaa291c: 5424 284c | 8b54 2450 | 4c89 5424 | 4066 6690 

  0x0000015dafaa292c: ;   {runtime_call UncommonTrapBlob}
  0x0000015dafaa292c: c5f8 77e8 

  0x0000015dafaa2930: ; ImmutableOopMap {[40]=Oop [64]=Oop [72]=Oop }
                      ;*ifeq {reexecute=1 rethrow=0 return_oop=0}
                      ; - (reexecute) java.lang.String::indexOf@4
                      ; - java.lang.String::indexOf@3
                      ; - java.lang.ClassLoader::checkName@16
                      ; - java.lang.ClassLoader::findLoadedClass@1
                      ; - java.lang.ClassLoader::loadClass@10
  0x0000015dafaa2930: 4c1a 95ff 

  0x0000015dafaa2934: ;   {other}
  0x0000015dafaa2934: 0f1f 8400 | a46b 007b | ba45 ffff | ff48 8b6c | 2448 4c8b | 9424 b000 | 0000 4c89 | 5424 2044 
  0x0000015dafaa2954: 8b54 2430 | 4489 5424 | 2889 5c24 | 2c66 6690 

  0x0000015dafaa2964: ;   {runtime_call UncommonTrapBlob}
  0x0000015dafaa2964: c5f8 77e8 

  0x0000015dafaa2968: ; ImmutableOopMap {rbp=Oop [32]=Oop [80]=Oop }
                      ;*if_icmpne {reexecute=1 rethrow=0 return_oop=0}
                      ; - (reexecute) java.lang.ClassLoader::checkName@20
                      ; - java.lang.ClassLoader::findLoadedClass@1
                      ; - java.lang.ClassLoader::loadClass@10
  0x0000015dafaa2968: 141a 95ff 

  0x0000015dafaa296c: ;   {other}
  0x0000015dafaa296c: 0f1f 8400 | dc6b 007c | ba45 ffff | ff48 8b6c | 2448 4489 | 4c24 2844 | 895c 242c 

  0x0000015dafaa2988: ;   {runtime_call UncommonTrapBlob}
  0x0000015dafaa2988: c5f8 77e8 

  0x0000015dafaa298c: ; ImmutableOopMap {rbp=Oop [44]=NarrowOop [176]=Oop }
                      ;*ifnull {reexecute=1 rethrow=0 return_oop=0}
                      ; - (reexecute) java.lang.ClassLoader::getClassLoadingLock@6
                      ; - java.lang.ClassLoader::loadClass@2
  0x0000015dafaa298c: f019 95ff 

  0x0000015dafaa2990: ;   {other}
  0x0000015dafaa2990: 0f1f 8400 | 006c 007d | ba45 ffff | ff48 8b6c | 2448 4c8b | 9424 b000 | 0000 4c89 | 5424 2044 
  0x0000015dafaa29b0: 8b44 2430 | 4489 4424 | 2844 895c | 242c 6690 

  0x0000015dafaa29c0: ;   {runtime_call UncommonTrapBlob}
  0x0000015dafaa29c0: c5f8 77e8 

  0x0000015dafaa29c4: ; ImmutableOopMap {rbp=Oop [32]=Oop [80]=Oop }
                      ;*if_icmpne {reexecute=1 rethrow=0 return_oop=0}
                      ; - (reexecute) java.lang.ClassLoader::checkName@30
                      ; - java.lang.ClassLoader::findLoadedClass@1
                      ; - java.lang.ClassLoader::loadClass@10
  0x0000015dafaa29c4: b819 95ff 

  0x0000015dafaa29c8: ;   {other}
  0x0000015dafaa29c8: 0f1f 8400 | 386c 007e | ba76 ffff | ff48 8b6c | 2448 4c8b | 5c24 284c | 895c 2420 | 448b 5c24 
  0x0000015dafaa29e8: 3044 895c | 2428 4c8b | 5c24 404c | 895c 2438 | 4c8b 5c24 | 504c 895c | 2440 4c8b | 5c24 784c 
  0x0000015dafaa2a08: 895c 2450 | 4489 5424 | 7866 6690 

  0x0000015dafaa2a14: ;   {runtime_call UncommonTrapBlob}
  0x0000015dafaa2a14: c5f8 77e8 

  0x0000015dafaa2a18: ; ImmutableOopMap {rbp=Oop [32]=Oop [64]=Oop [80]=Oop [104]=Oop [128]=NarrowOop }
                      ;*iflt {reexecute=1 rethrow=0 return_oop=0}
                      ; - (reexecute) java.lang.StringLatin1::lastIndexOf@19
                      ; - java.lang.String::lastIndexOf@13
                      ; - java.lang.String::lastIndexOf@8
                      ; - jdk.internal.loader.BuiltinClassLoader::findLoadedModule@3
                      ; - jdk.internal.loader.BuiltinClassLoader::loadClassOrNull@22
                      ; - jdk.internal.loader.BuiltinClassLoader::loadClass@3
                      ; - java.lang.ClassLoader::loadClass@38
  0x0000015dafaa2a18: 6419 95ff 

  0x0000015dafaa2a1c: ;   {other}
  0x0000015dafaa2a1c: 0f1f 8400 | 8c6c 007f | bac6 ffff | ff48 8b6c | 2448 4c8b | 9424 b000 | 0000 4c89 | 5424 2044 
  0x0000015dafaa2a3c: 8b5c 2430 | 4489 5c24 | 2848 8944 | 2438 4489 | 4424 2c90 

  0x0000015dafaa2a50: ;   {runtime_call UncommonTrapBlob}
  0x0000015dafaa2a50: c5f8 77e8 

  0x0000015dafaa2a54: ; ImmutableOopMap {rbp=Oop [32]=Oop [44]=NarrowOop [80]=Oop }
                      ;*invokevirtual loadClass {reexecute=0 rethrow=0 return_oop=0}
                      ; - java.lang.ClassLoader::loadClass@38
  0x0000015dafaa2a54: 2819 95ff 

  0x0000015dafaa2a58: ;   {other}
  0x0000015dafaa2a58: 0f1f 8400 | c86c 0080 | 488b 6c24 | 2048 8b54 | 2420 4c8d | 8424 3801 | 0000 4c8b | 9424 b000 
  0x0000015dafaa2a78: 0000 4c89 | 5424 2890 

  0x0000015dafaa2a80: ;   {runtime_call _complete_monitor_locking_Java}
  0x0000015dafaa2a80: c5f8 77e8 

  0x0000015dafaa2a84: ; ImmutableOopMap {rbp=Oop [40]=Oop [72]=Oop [80]=Oop [120]=Oop [176]=Oop }
                      ;*monitorenter {reexecute=0 rethrow=0 return_oop=0}
                      ; - jdk.internal.loader.BuiltinClassLoader::loadClassOrNull@7
                      ; - jdk.internal.loader.BuiltinClassLoader::loadClass@3
                      ; - java.lang.ClassLoader::loadClass@38
  0x0000015dafaa2a84: f8aa 97ff 

  0x0000015dafaa2a88: ;   {other}
  0x0000015dafaa2a88: 0f1f 8400 | f86c 0081 | 4c8b d5e9 | 99a1 ffff | ba45 ffff | ff48 8b6c | 2448 448b | 4424 3044 
  0x0000015dafaa2aa8: 8944 2428 | 4c8b 4424 | 404c 8944 | 2438 4c8b | 4424 504c | 8944 2440 | 4c89 5c24 | 484c 8b44 
  0x0000015dafaa2ac8: 2478 4c89 | 5c24 584c | 8954 2468 | 4c89 4424 | 7066 6690 

  0x0000015dafaa2adc: ;   {runtime_call UncommonTrapBlob}
  0x0000015dafaa2adc: c5f8 77e8 

  0x0000015dafaa2ae0: ; ImmutableOopMap {rbp=Oop [64]=Oop [72]=Oop [88]=Oop [104]=Oop [112]=Oop }
                      ;*ifeq {reexecute=1 rethrow=0 return_oop=0}
                      ; - (reexecute) java.lang.ClassLoader::checkName@8
                      ; - java.lang.ClassLoader::findLoadedClass@1
                      ; - jdk.internal.loader.BuiltinClassLoader::loadClassOrNull@10
                      ; - jdk.internal.loader.BuiltinClassLoader::loadClass@3
                      ; - java.lang.ClassLoader::loadClass@38
  0x0000015dafaa2ae0: 9c18 95ff 

  0x0000015dafaa2ae4: ;   {other}
  0x0000015dafaa2ae4: 0f1f 8400 | 546d 0082 | 498b cb48 | 8d94 2438 | 0100 004d | 8bc7 c5f8 | 7749 ba40 | d904 38fc 
  0x0000015dafaa2b04: 7f00 0041 

  0x0000015dafaa2b08: ;   {other}
  0x0000015dafaa2b08: ffd2 0f1f | 8400 0000 | 0000 e9fa | d3ff ffba | 6eff ffff | 488b 6c24 | 484c 8b5c | 2428 4c89 
  0x0000015dafaa2b28: 5c24 2044 | 8b44 2430 | 4489 4424 | 284c 8b5c | 2440 4c89 | 5c24 384c | 8b5c 2450 | 4c89 5c24 
  0x0000015dafaa2b48: 404c 8b5c | 2478 4c89 | 5c24 5044 | 8954 2478 

  0x0000015dafaa2b58: ;   {runtime_call UncommonTrapBlob}
  0x0000015dafaa2b58: c5f8 77e8 

  0x0000015dafaa2b5c: ; ImmutableOopMap {rbp=Oop [32]=Oop [64]=Oop [80]=Oop [104]=Oop [128]=NarrowOop }
                      ;*iflt {reexecute=1 rethrow=0 return_oop=0}
                      ; - (reexecute) java.lang.StringLatin1::lastIndexOf@19
                      ; - java.lang.String::lastIndexOf@13
                      ; - java.lang.String::lastIndexOf@8
                      ; - jdk.internal.loader.BuiltinClassLoader::findLoadedModule@3
                      ; - jdk.internal.loader.BuiltinClassLoader::loadClassOrNull@22
                      ; - jdk.internal.loader.BuiltinClassLoader::loadClass@3
                      ; - java.lang.ClassLoader::loadClass@38
  0x0000015dafaa2b5c: 2018 95ff 

  0x0000015dafaa2b60: ;   {other}
  0x0000015dafaa2b60: 0f1f 8400 | d06d 0083 | 488b 6c24 | 4844 8b4c | 2430 4489 | 4c24 284c | 8b4c 2440 | 4c89 4c24 
  0x0000015dafaa2b80: 384c 8b4c | 2450 4c89 | 4c24 404c | 895c 2448 | 4c8b 4c24 | 784c 895c | 2458 4c89 | 5424 684c 
  0x0000015dafaa2ba0: 894c 2470 | 4489 4424 | 2c89 9424 | 8800 0000 | bace ffff | ff66 6690 

  0x0000015dafaa2bb8: ;   {runtime_call UncommonTrapBlob}
  0x0000015dafaa2bb8: c5f8 77e8 

  0x0000015dafaa2bbc: ; ImmutableOopMap {rbp=Oop [44]=NarrowOop [64]=Oop [72]=Oop [88]=Oop [104]=Oop [112]=Oop }
                      ;*invokestatic indexOfChar {reexecute=0 rethrow=0 return_oop=0}
                      ; - java.lang.StringLatin1::indexOf@33
                      ; - java.lang.String::indexOf@17
                      ; - java.lang.String::indexOf@3
                      ; - java.lang.ClassLoader::checkName@16
                      ; - java.lang.ClassLoader::findLoadedClass@1
                      ; - jdk.internal.loader.BuiltinClassLoader::loadClassOrNull@10
                      ; - jdk.internal.loader.BuiltinClassLoader::loadClass@3
                      ; - java.lang.ClassLoader::loadClass@38
  0x0000015dafaa2bbc: c017 95ff 

  0x0000015dafaa2bc0: ;   {other}
  0x0000015dafaa2bc0: 0f1f 8400 | 306e 0084 | ba45 ffff | ff48 8b6c | 2448 4889 | 5c24 2890 

  0x0000015dafaa2bd8: ;   {runtime_call UncommonTrapBlob}
  0x0000015dafaa2bd8: c5f8 77e8 

  0x0000015dafaa2bdc: ; ImmutableOopMap {rbp=Oop [40]=Oop [80]=Oop }
                      ;*ifeq {reexecute=1 rethrow=0 return_oop=0}
                      ; - (reexecute) java.lang.ClassLoader::loadClass@100
  0x0000015dafaa2bdc: a017 95ff 

  0x0000015dafaa2be0: ;   {other}
  0x0000015dafaa2be0: 0f1f 8400 | 506e 0085 | baf6 ffff | ff48 8b6c | 2448 448b | 4424 3044 | 8944 2428 | 4c8b 5424 
  0x0000015dafaa2c00: 404c 8954 | 2438 4c8b | 5424 504c | 8954 2440 | 4c8b 5424 | 784c 8954 | 2450 4c8b | 5424 684c 
  0x0000015dafaa2c20: 8954 2458 | 4c8b 5424 | 704c 8954 | 2460 4c8b | 9424 8000 | 0000 4c89 | 5424 7890 

  0x0000015dafaa2c3c: ;   {runtime_call UncommonTrapBlob}
  0x0000015dafaa2c3c: c5f8 77e8 

  0x0000015dafaa2c40: ; ImmutableOopMap {rbp=Oop [64]=Oop [80]=Oop [120]=Oop [160]=Oop [176]=Oop [184]=Oop }
                      ;*invokevirtual getResource {reexecute=0 rethrow=0 return_oop=0}
                      ; - java.net.URLClassLoader$1::run@26
                      ; - java.net.URLClassLoader$1::run@1
                      ; - java.security.AccessController::executePrivileged@29
                      ; - java.security.AccessController::doPrivileged@13
                      ; - java.net.URLClassLoader::findClass@13
                      ; - java.lang.ClassLoader::loadClass@69
                      ; - java.lang.ClassLoader::loadClass@38
  0x0000015dafaa2c40: 3c17 95ff 

  0x0000015dafaa2c44: ;   {other}
  0x0000015dafaa2c44: 0f1f 8400 | b46e 0086 | ba76 ffff | ff48 8b6c | 2448 8b4c | 2430 894c | 2428 488b | 4c24 4048 
  0x0000015dafaa2c64: 894c 2438 | 488b 4c24 | 5048 894c | 2440 488b | 4c24 7848 | 894c 2450 | 488b 4c24 | 6848 894c 
  0x0000015dafaa2c84: 2458 488b | 4c24 7048 | 894c 2460 | 4c89 4c24 | 704c 895c | 2478 4c89 | 8c24 8000 | 0000 4489 
  0x0000015dafaa2ca4: 9424 8800 | 0000 4489 | 8424 8c00 | 0000 6690 

  0x0000015dafaa2cb4: ;   {runtime_call UncommonTrapBlob}
  0x0000015dafaa2cb4: c5f8 77e8 

  0x0000015dafaa2cb8: ; ImmutableOopMap {rbp=Oop [64]=Oop [80]=Oop [112]=Oop [120]=Oop [128]=Oop [140]=NarrowOop [184]=Oop }
                      ;*if_icmpge {reexecute=1 rethrow=0 return_oop=0}
                      ; - (reexecute) java.lang.StringLatin1::replace@19
                      ; - java.lang.String::replace@18
                      ; - java.net.URLClassLoader$1::run@8
                      ; - java.net.URLClassLoader$1::run@1
                      ; - java.security.AccessController::executePrivileged@29
                      ; - java.security.AccessController::doPrivileged@13
                      ; - java.net.URLClassLoader::findClass@13
                      ; - java.lang.ClassLoader::loadClass@69
                      ; - java.lang.ClassLoader::loadClass@38
  0x0000015dafaa2cb8: c416 95ff 

  0x0000015dafaa2cbc: ;   {other}
  0x0000015dafaa2cbc: 0f1f 8400 | 2c6f 0087 | 4d63 d0e9 | 96b8 ffff | bacc ffff | ff48 8b6c | 2448 4c8b | 9424 b000 
  0x0000015dafaa2cdc: 0000 4c89 | 5424 2044 | 8b54 2430 | 4489 5424 | 284c 8b54 | 2440 4c89 | 5424 384c | 8b54 2450 
  0x0000015dafaa2cfc: 4c89 5424 | 404c 8b54 | 2478 4c89 | 5424 504c | 8b54 2468 | 4c89 5424 | 584c 8b54 | 2470 4c89 
  0x0000015dafaa2d1c: 5424 604c | 8b94 2480 | 0000 004c | 8954 2478 | 4c89 8c24 | b000 0000 

  0x0000015dafaa2d34: ;   {runtime_call UncommonTrapBlob}
  0x0000015dafaa2d34: c5f8 77e8 

  0x0000015dafaa2d38: ; ImmutableOopMap {rbp=Oop [32]=Oop [64]=Oop [80]=Oop [120]=Oop [152]=Oop [176]=Oop [184]=Oop [192]=Oop }
                      ;*invokestatic arraycopy {reexecute=0 rethrow=0 return_oop=0}
                      ; - java.lang.String::getBytes@22
                      ; - java.lang.StringConcatHelper::prepend@21
                      ; - java.lang.StringConcatHelper::simpleConcat@71
                      ; - java.lang.String::concat@11
                      ; - java.net.URLClassLoader$1::run@13
                      ; - java.net.URLClassLoader$1::run@1
                      ; - java.security.AccessController::executePrivileged@29
                      ; - java.security.AccessController::doPrivileged@13
                      ; - java.net.URLClassLoader::findClass@13
                      ; - java.lang.ClassLoader::loadClass@69
                      ; - java.lang.ClassLoader::loadClass@38
  0x0000015dafaa2d38: 4416 95ff 

  0x0000015dafaa2d3c: ;   {other}
  0x0000015dafaa2d3c: 0f1f 8400 | ac6f 0088 | bacc ffff | ff48 8b6c | 2448 4c8b | 9424 b000 | 0000 4c89 | 5424 2044 
  0x0000015dafaa2d5c: 8b54 2430 | 4489 5424 | 284c 8b54 | 2440 4c89 | 5424 384c | 8b54 2450 | 4c89 5424 | 404c 8b54 
  0x0000015dafaa2d7c: 2478 4c89 | 5424 504c | 8b54 2468 | 4c89 5424 | 584c 8b54 | 2470 4c89 | 5424 604c | 8b94 2480 
  0x0000015dafaa2d9c: 0000 004c | 8954 2478 | 4c8b 9424 | 8800 0000 | 4c89 9424 | 8000 0000 | 4c8b 9424 | c000 0000 
  0x0000015dafaa2dbc: 4c89 9424 | a000 0000 

  0x0000015dafaa2dc4: ;   {runtime_call UncommonTrapBlob}
  0x0000015dafaa2dc4: c5f8 77e8 

  0x0000015dafaa2dc8: ; ImmutableOopMap {rbp=Oop [32]=Oop [64]=Oop [80]=Oop [120]=Oop [128]=Oop [160]=Oop [184]=Oop [192]=Oop }
                      ;*invokestatic arraycopy {reexecute=0 rethrow=0 return_oop=0}
                      ; - java.lang.String::getBytes@22
                      ; - java.lang.StringConcatHelper::prepend@21
                      ; - java.lang.StringConcatHelper::simpleConcat@81
                      ; - java.lang.String::concat@11
                      ; - java.net.URLClassLoader$1::run@13
                      ; - java.net.URLClassLoader$1::run@1
                      ; - java.security.AccessController::executePrivileged@29
                      ; - java.security.AccessController::doPrivileged@13
                      ; - java.net.URLClassLoader::findClass@13
                      ; - java.lang.ClassLoader::loadClass@69
                      ; - java.lang.ClassLoader::loadClass@38
  0x0000015dafaa2dc8: b415 95ff 

  0x0000015dafaa2dcc: ;   {other}
  0x0000015dafaa2dcc: 0f1f 8400 | 3c70 0089 | 498b cb48 | 8d94 2438 | 0100 004d | 8bc7 c5f8 | 7749 ba40 | d904 38fc 
  0x0000015dafaa2dec: 7f00 0041 

  0x0000015dafaa2df0: ;   {other}
  0x0000015dafaa2df0: ffd2 0f1f | 8400 0000 | 0000 e92d | c7ff ffba | 76ff ffff | 4c8b 5424 | 484c 8954 | 2420 4c8b 
  0x0000015dafaa2e10: 9424 b000 | 0000 4c89 | 5424 284c | 8b54 2450 | 4c89 5424 | 484c 8b54 | 2478 4c89 | 5424 584c 
  0x0000015dafaa2e30: 8b54 2468 | 4c89 5424 | 604c 8b54 | 2470 4c89 | 5424 6890 

  0x0000015dafaa2e44: ;   {runtime_call UncommonTrapBlob}
  0x0000015dafaa2e44: c5f8 77e8 

  0x0000015dafaa2e48: ; ImmutableOopMap {[32]=Oop [40]=Oop [72]=Oop [88]=Oop [128]=Oop [144]=Oop [184]=Oop [192]=NarrowOop }
                      ;*if_icmpge {reexecute=1 rethrow=0 return_oop=0}
                      ; - (reexecute) java.lang.StringLatin1::replace@82
                      ; - java.lang.String::replace@18
                      ; - java.net.URLClassLoader$1::run@8
                      ; - java.net.URLClassLoader$1::run@1
                      ; - java.security.AccessController::executePrivileged@29
                      ; - java.security.AccessController::doPrivileged@13
                      ; - java.net.URLClassLoader::findClass@13
                      ; - java.lang.ClassLoader::loadClass@69
                      ; - java.lang.ClassLoader::loadClass@38
  0x0000015dafaa2e48: 3415 95ff 

  0x0000015dafaa2e4c: ;   {other}
  0x0000015dafaa2e4c: 0f1f 8400 | bc70 008a | 458b c2e9 | b9c7 ffff | 4963 d0e9 | 05c9 ffff | 4983 c0fe | 498b c848 
  0x0000015dafaa2e6c: 8bfa 4833 | c048 83f9 | 087f 1048 | ffc9 784f | 4889 04cf | 48ff c97d | f7eb 44c5 | fdef c0e9 
  0x0000015dafaa2e8c: 0d00 0000 | c5fe 7f07 | c5fe 7f47 | 2048 83c7 | 4048 83e9 | 087d ed48 | 83c1 047c | 0cc5 fe7f 
  0x0000015dafaa2eac: 0748 83c7 | 2048 83e9 | 0448 83c1 | 047e 1048 | ffc9 c5f9 | d607 4883 | c708 48ff | c97d f3e9 
  0x0000015dafaa2ecc: a5c9 ffff | bacc ffff | ff48 8b6c | 2448 4c8b | 9c24 b000 | 0000 4c89 | 5c24 208b | 4c24 3089 
  0x0000015dafaa2eec: 4c24 284c | 8b5c 2440 | 4c89 5c24 | 384c 8b5c | 2450 4c89 | 5c24 404c | 8b5c 2478 | 4c89 5c24 
  0x0000015dafaa2f0c: 5044 8944 | 2470 4c89 | 8c24 8000 | 0000 4489 | 5424 7490 

  0x0000015dafaa2f20: ;   {runtime_call UncommonTrapBlob}
  0x0000015dafaa2f20: c5f8 77e8 

  0x0000015dafaa2f24: ; ImmutableOopMap {rbp=Oop [32]=Oop [64]=Oop [80]=Oop [104]=Oop [116]=NarrowOop [128]=Oop }
                      ;*newarray {reexecute=1 rethrow=0 return_oop=0}
                      ; - (reexecute) java.util.Arrays::copyOfRangeByte@10
                      ; - java.util.Arrays::copyOfRange@13
                      ; - java.lang.StringLatin1::newString@16
                      ; - java.lang.String::substring@41
                      ; - jdk.internal.loader.BuiltinClassLoader::findLoadedModule@16
                      ; - jdk.internal.loader.BuiltinClassLoader::loadClassOrNull@22
                      ; - jdk.internal.loader.BuiltinClassLoader::loadClass@3
                      ; - java.lang.ClassLoader::loadClass@38
  0x0000015dafaa2f24: 5814 95ff 

  0x0000015dafaa2f28: ;   {other}
  0x0000015dafaa2f28: 0f1f 8400 | 9871 008b | bade ffff | ff4c 8b54 | 2448 4c89 | 5424 204c | 8b94 24b0 | 0000 004c 
  0x0000015dafaa2f48: 8954 2428 | 4c8b 5424 | 504c 8954 | 2448 6690 

  0x0000015dafaa2f58: ;   {runtime_call UncommonTrapBlob}
  0x0000015dafaa2f58: c5f8 77e8 

  0x0000015dafaa2f5c: ; ImmutableOopMap {rbp=NarrowOop [32]=Oop [40]=Oop [72]=Oop [104]=Oop [120]=Oop }
                      ;*invokevirtual loadClassOrNull {reexecute=0 rethrow=0 return_oop=0}
                      ; - jdk.internal.loader.BuiltinClassLoader::loadClassOrNull@3
                      ; - jdk.internal.loader.BuiltinClassLoader::loadClassOrNull@66
                      ; - jdk.internal.loader.BuiltinClassLoader::loadClass@3
                      ; - java.lang.ClassLoader::loadClass@38
  0x0000015dafaa2f5c: 2014 95ff 

  0x0000015dafaa2f60: ;   {other}
  0x0000015dafaa2f60: 0f1f 8400 | d071 008c | ba45 ffff | ff48 8b6c | 2448 448b | 5424 3044 | 8954 2428 | 4c8b 5424 
  0x0000015dafaa2f80: 404c 8954 | 2438 4c8b | 5424 504c | 8954 2440 | 4889 7424 | 484c 8b54 | 2468 4c89 | 5424 6048 
  0x0000015dafaa2fa0: 8974 2468 

  0x0000015dafaa2fa4: ;   {runtime_call UncommonTrapBlob}
  0x0000015dafaa2fa4: c5f8 77e8 

  0x0000015dafaa2fa8: ; ImmutableOopMap {rbp=Oop [64]=Oop [72]=Oop [96]=Oop [104]=Oop [120]=Oop }
                      ;*ifeq {reexecute=1 rethrow=0 return_oop=0}
                      ; - (reexecute) java.lang.ClassLoader::checkName@8
                      ; - java.lang.ClassLoader::findBootstrapClassOrNull@1
                      ; - java.lang.System$2::findBootstrapClassOrNull@1
                      ; - jdk.internal.loader.ClassLoaders$BootClassLoader::loadClassOrNull@4
                      ; - jdk.internal.loader.BuiltinClassLoader::loadClassOrNull@3
                      ; - jdk.internal.loader.BuiltinClassLoader::loadClassOrNull@66
                      ; - jdk.internal.loader.BuiltinClassLoader::loadClass@3
                      ; - java.lang.ClassLoader::loadClass@38
  0x0000015dafaa2fa8: d413 95ff 

  0x0000015dafaa2fac: ;   {other}
  0x0000015dafaa2fac: 0f1f 8400 | 1c72 008d | bace ffff | ff4c 8b5c | 2448 4c89 | 5c24 204c | 8b5c 2450 | 4c89 5c24 
  0x0000015dafaa2fcc: 4848 8974 | 2450 48ff | 7424 7848 | 8f44 2458 | 4889 7424 | 7044 8954 | 2434 6690 

  0x0000015dafaa2fe8: ;   {runtime_call UncommonTrapBlob}
  0x0000015dafaa2fe8: c5f8 77e8 

  0x0000015dafaa2fec: ; ImmutableOopMap {rbp=NarrowOop [32]=Oop [72]=Oop [80]=Oop [88]=Oop [104]=Oop [112]=Oop }
                      ;*invokestatic indexOfChar {reexecute=0 rethrow=0 return_oop=0}
                      ; - java.lang.StringLatin1::indexOf@33
                      ; - java.lang.String::indexOf@17
                      ; - java.lang.String::indexOf@3
                      ; - java.lang.ClassLoader::checkName@16
                      ; - java.lang.ClassLoader::findBootstrapClassOrNull@1
                      ; - java.lang.System$2::findBootstrapClassOrNull@1
                      ; - jdk.internal.loader.ClassLoaders$BootClassLoader::loadClassOrNull@4
                      ; - jdk.internal.loader.BuiltinClassLoader::loadClassOrNull@3
                      ; - jdk.internal.loader.BuiltinClassLoader::loadClassOrNull@66
                      ; - jdk.internal.loader.BuiltinClassLoader::loadClass@3
                      ; - java.lang.ClassLoader::loadClass@38
  0x0000015dafaa2fec: 9013 95ff 

  0x0000015dafaa2ff0: ;   {other}
  0x0000015dafaa2ff0: 0f1f 8400 | 6072 008e | 33ed 85db | 400f 94c5 | ba45 ffff | ff4c 8b54 | 2448 4c89 | 5424 204c 
  0x0000015dafaa3010: 8b54 2450 | 4c89 5424 | 484c 894c | 2458 4c89 | 5c24 684c | 894c 2478 

  0x0000015dafaa3028: ;   {runtime_call UncommonTrapBlob}
  0x0000015dafaa3028: c5f8 77e8 

  0x0000015dafaa302c: ; ImmutableOopMap {[32]=Oop [72]=Oop [88]=Oop [104]=Oop [120]=Oop [184]=Oop }
                      ;*ifeq {reexecute=1 rethrow=0 return_oop=0}
                      ; - (reexecute) java.lang.String::indexOf@4
                      ; - java.lang.String::indexOf@3
                      ; - java.lang.ClassLoader::checkName@16
                      ; - java.lang.ClassLoader::findLoadedClass@1
                      ; - java.lang.ClassLoader::loadClass@10
                      ; - java.lang.ClassLoader::loadClass@38
  0x0000015dafaa302c: 5013 95ff 

  0x0000015dafaa3030: ;   {other}
  0x0000015dafaa3030: 0f1f 8400 | a072 008f | ba45 ffff | ff48 8b6c | 2448 448b | 5424 3044 | 8954 2428 | 4c8b 5424 
  0x0000015dafaa3050: 404c 8954 | 2438 4c8b | 5424 504c | 8954 2440 | 4c89 4c24 | 504c 8b54 | 2478 4c89 | 5424 604c 
  0x0000015dafaa3070: 894c 2470 | 895c 242c 

  0x0000015dafaa3078: ;   {runtime_call UncommonTrapBlob}
  0x0000015dafaa3078: c5f8 77e8 

  0x0000015dafaa307c: ; ImmutableOopMap {rbp=Oop [64]=Oop [80]=Oop [96]=Oop [112]=Oop [120]=Oop [184]=Oop }
                      ;*if_icmpne {reexecute=1 rethrow=0 return_oop=0}
                      ; - (reexecute) java.lang.ClassLoader::checkName@20
                      ; - java.lang.ClassLoader::findLoadedClass@1
                      ; - java.lang.ClassLoader::loadClass@10
                      ; - java.lang.ClassLoader::loadClass@38
  0x0000015dafaa307c: 0013 95ff 

  0x0000015dafaa3080: ;   {other}
  0x0000015dafaa3080: 0f1f 8400 | f072 0090 | ba45 ffff | ff4c 8b5c | 2448 4c89 | 5c24 204c | 8b9c 24b0 | 0000 004c 
  0x0000015dafaa30a0: 895c 2428 | 4c8b 5c24 | 504c 895c | 2448 4c89 | 5424 6090 

  0x0000015dafaa30b4: ;   {runtime_call UncommonTrapBlob}
  0x0000015dafaa30b4: c5f8 77e8 

  0x0000015dafaa30b8: ; ImmutableOopMap {rbp=NarrowOop [32]=Oop [40]=Oop [72]=Oop [96]=Oop }
                      ;*ifnull {reexecute=1 rethrow=0 return_oop=0}
                      ; - (reexecute) java.lang.ClassLoader::getClassLoadingLock@6
                      ; - java.lang.ClassLoader::loadClass@2
                      ; - java.lang.ClassLoader::loadClass@38
  0x0000015dafaa30b8: c412 95ff 

  0x0000015dafaa30bc: ;   {other}
  0x0000015dafaa30bc: 0f1f 8400 | 2c73 0091 | ba45 ffff | ff48 8b6c | 2448 448b | 4424 3044 | 8944 2428 | 4c8b 5c24 
  0x0000015dafaa30dc: 404c 895c | 2438 4c8b | 5c24 504c | 895c 2440 | 4c89 4c24 | 504c 8b5c | 2478 4c89 | 5c24 604c 
  0x0000015dafaa30fc: 894c 2470 | 4489 5424 | 2c66 6690 

  0x0000015dafaa3108: ;   {runtime_call UncommonTrapBlob}
  0x0000015dafaa3108: c5f8 77e8 

  0x0000015dafaa310c: ; ImmutableOopMap {rbp=Oop [64]=Oop [80]=Oop [96]=Oop [112]=Oop [120]=Oop [184]=Oop }
                      ;*if_icmpne {reexecute=1 rethrow=0 return_oop=0}
                      ; - (reexecute) java.lang.ClassLoader::checkName@30
                      ; - java.lang.ClassLoader::findLoadedClass@1
                      ; - java.lang.ClassLoader::loadClass@10
                      ; - java.lang.ClassLoader::loadClass@38
  0x0000015dafaa310c: 7012 95ff 

  0x0000015dafaa3110: ;   {other}
  0x0000015dafaa3110: 0f1f 8400 | 8073 0092 | ba76 ffff | ff48 8b6c | 2448 4c8b | 5424 584c | 8954 2420 | 448b 5424 
  0x0000015dafaa3130: 3044 8954 | 2428 4c8b | 5424 404c | 8954 2438 | 4c8b 5424 | 504c 8954 | 2440 4c8b | 5424 784c 
  0x0000015dafaa3150: 8954 2458 | 4c8b 5424 | 684c 8954 | 2460 4489 | 9c24 8800 | 0000 4c8b | 9424 a000 | 0000 4c89 
  0x0000015dafaa3170: 9424 9000 | 0000 4c8b | 9424 a800 | 0000 4c89 | 9424 a000 | 0000 6690 

  0x0000015dafaa3188: ;   {runtime_call UncommonTrapBlob}
  0x0000015dafaa3188: c5f8 77e8 

  0x0000015dafaa318c: ; ImmutableOopMap {rbp=Oop [32]=Oop [64]=Oop [88]=Oop [140]=NarrowOop [144]=Oop [160]=Oop [168]=Oop [184]=Oop }
                      ;*iflt {reexecute=1 rethrow=0 return_oop=0}
                      ; - (reexecute) java.lang.StringLatin1::lastIndexOf@19
                      ; - java.lang.String::lastIndexOf@13
                      ; - java.lang.String::lastIndexOf@8
                      ; - jdk.internal.loader.BuiltinClassLoader::findLoadedModule@3
                      ; - jdk.internal.loader.BuiltinClassLoader::loadClassOrNull@22
                      ; - jdk.internal.loader.BuiltinClassLoader::loadClass@3
                      ; - java.lang.ClassLoader::loadClass@38
                      ; - java.lang.ClassLoader::loadClass@38
  0x0000015dafaa318c: f011 95ff 

  0x0000015dafaa3190: ;   {other}
  0x0000015dafaa3190: 0f1f 8400 | 0074 0093 | bac6 ffff | ff48 8b6c | 2448 448b | 5424 3044 | 8954 2428 | 4c8b 5424 
  0x0000015dafaa31b0: 404c 8954 | 2438 4c8b | 5424 504c | 8954 2440 | 4c8b 5424 | 784c 8954 | 2458 4889 | 4424 6044 
  0x0000015dafaa31d0: 895c 242c 

  0x0000015dafaa31d4: ;   {runtime_call UncommonTrapBlob}
  0x0000015dafaa31d4: c5f8 77e8 

  0x0000015dafaa31d8: ; ImmutableOopMap {rbp=Oop [32]=Oop [44]=NarrowOop [64]=Oop [88]=Oop [184]=Oop }
                      ;*invokevirtual loadClass {reexecute=0 rethrow=0 return_oop=0}
                      ; - java.lang.ClassLoader::loadClass@38
                      ; - java.lang.ClassLoader::loadClass@38
  0x0000015dafaa31d8: a411 95ff 

  0x0000015dafaa31dc: ;   {other}
  0x0000015dafaa31dc: 0f1f 8400 | 4c74 0094 | 488b 6c24 | 2048 8b54 | 2420 4c8d | 8424 4001 | 0000 4c8b | 9424 b000 
  0x0000015dafaa31fc: 0000 4c89 | 5424 3890 

  0x0000015dafaa3204: ;   {runtime_call _complete_monitor_locking_Java}
  0x0000015dafaa3204: c5f8 77e8 

  0x0000015dafaa3208: ; ImmutableOopMap {rbp=Oop [40]=NarrowOop [56]=Oop [72]=Oop [80]=Oop [120]=Oop [160]=Oop [176]=Oop [184]=Oop }
                      ;*monitorenter {reexecute=0 rethrow=0 return_oop=0}
                      ; - jdk.internal.loader.BuiltinClassLoader::loadClassOrNull@7
                      ; - jdk.internal.loader.BuiltinClassLoader::loadClass@3
                      ; - java.lang.ClassLoader::loadClass@38
                      ; - java.lang.ClassLoader::loadClass@38
  0x0000015dafaa3208: 74a3 97ff 

  0x0000015dafaa320c: ;   {other}
  0x0000015dafaa320c: 0f1f 8400 | 7c74 0095 | 4c8b c5e9 | 6da0 ffff | ba45 ffff | ff48 8b6c | 2448 448b | 5c24 3044 
  0x0000015dafaa322c: 895c 2428 | 4c8b 5424 | 404c 8954 | 2438 4c8b | 5424 504c | 8954 2440 | 4c89 4c24 | 504c 8b54 
  0x0000015dafaa324c: 2478 4c89 | 5424 584c | 8b54 2468 | 4c89 5424 | 604c 894c | 2470 4c89 | 8424 9800 | 0000 6690 
  0x0000015dafaa326c: ;   {runtime_call UncommonTrapBlob}
  0x0000015dafaa326c: c5f8 77e8 

  0x0000015dafaa3270: ; ImmutableOopMap {rbp=Oop [64]=Oop [80]=Oop [88]=Oop [112]=Oop [152]=Oop [160]=Oop [184]=Oop }
                      ;*ifeq {reexecute=1 rethrow=0 return_oop=0}
                      ; - (reexecute) java.lang.ClassLoader::checkName@8
                      ; - java.lang.ClassLoader::findLoadedClass@1
                      ; - jdk.internal.loader.BuiltinClassLoader::loadClassOrNull@10
                      ; - jdk.internal.loader.BuiltinClassLoader::loadClass@3
                      ; - java.lang.ClassLoader::loadClass@38
                      ; - java.lang.ClassLoader::loadClass@38
  0x0000015dafaa3270: 0c11 95ff 

  0x0000015dafaa3274: ;   {other}
  0x0000015dafaa3274: 0f1f 8400 | e474 0096 | 498b f849 | 8bcb 488d | 9424 4001 | 0000 4d8b | c7c5 f877 | 49ba 40d9 
  0x0000015dafaa3294: 0438 fc7f | 0000 41ff 

  0x0000015dafaa329c: ;   {other}
  0x0000015dafaa329c: d20f 1f84 | 0000 0000 | 004c 8bc7 | e95a acff | ffba 6eff | ffff 488b | 6c24 484c | 8b54 2458 
  0x0000015dafaa32bc: 4c89 5424 | 2044 8b44 | 2430 4489 | 4424 284c | 8b54 2440 | 4c89 5424 | 384c 8b54 | 2450 4c89 
  0x0000015dafaa32dc: 5424 404c | 8b54 2478 | 4c89 5424 | 584c 8b54 | 2468 4c89 | 5424 6044 | 899c 2488 | 0000 004c 
  0x0000015dafaa32fc: 8b94 24a0 | 0000 004c | 8994 2490 | 0000 004c | 8b94 24a8 | 0000 004c | 8994 24a0 | 0000 0090 
  0x0000015dafaa331c: ;   {runtime_call UncommonTrapBlob}
  0x0000015dafaa331c: c5f8 77e8 

  0x0000015dafaa3320: ; ImmutableOopMap {rbp=Oop [32]=Oop [64]=Oop [88]=Oop [140]=NarrowOop [144]=Oop [160]=Oop [168]=Oop [184]=Oop }
                      ;*iflt {reexecute=1 rethrow=0 return_oop=0}
                      ; - (reexecute) java.lang.StringLatin1::lastIndexOf@19
                      ; - java.lang.String::lastIndexOf@13
                      ; - java.lang.String::lastIndexOf@8
                      ; - jdk.internal.loader.BuiltinClassLoader::findLoadedModule@3
                      ; - jdk.internal.loader.BuiltinClassLoader::loadClassOrNull@22
                      ; - jdk.internal.loader.BuiltinClassLoader::loadClass@3
                      ; - java.lang.ClassLoader::loadClass@38
                      ; - java.lang.ClassLoader::loadClass@38
  0x0000015dafaa3320: 5c10 95ff 

  0x0000015dafaa3324: ;   {other}
  0x0000015dafaa3324: 0f1f 8400 | 9475 0097 | bace ffff | ff4c 8b5c | 2448 4c89 | 5c24 204c | 8b5c 2450 | 4c89 5c24 
  0x0000015dafaa3344: 484c 894c | 2458 4c8b | 5c24 784c | 895c 2470 | 4c89 4c24 | 784c 8984 | 24b0 0000 | 0044 8954 
  0x0000015dafaa3364: 2434 6690 

  0x0000015dafaa3368: ;   {runtime_call UncommonTrapBlob}
  0x0000015dafaa3368: c5f8 77e8 

  0x0000015dafaa336c: ; ImmutableOopMap {rbp=NarrowOop [32]=Oop [72]=Oop [88]=Oop [112]=Oop [120]=Oop [160]=Oop [176]=Oop [184]=Oop }
                      ;*invokestatic indexOfChar {reexecute=0 rethrow=0 return_oop=0}
                      ; - java.lang.StringLatin1::indexOf@33
                      ; - java.lang.String::indexOf@17
                      ; - java.lang.String::indexOf@3
                      ; - java.lang.ClassLoader::checkName@16
                      ; - java.lang.ClassLoader::findLoadedClass@1
                      ; - jdk.internal.loader.BuiltinClassLoader::loadClassOrNull@10
                      ; - jdk.internal.loader.BuiltinClassLoader::loadClass@3
                      ; - java.lang.ClassLoader::loadClass@38
                      ; - java.lang.ClassLoader::loadClass@38
  0x0000015dafaa336c: 1010 95ff 

  0x0000015dafaa3370: ;   {other}
  0x0000015dafaa3370: 0f1f 8400 | e075 0098 | 33ed 85c9 | 400f 94c5 | ba45 ffff | ff4c 8b44 | 2448 4c89 | 4424 204c 
  0x0000015dafaa3390: 8b44 2450 | 4c89 4424 | 484c 895c | 2450 4c89 | 5c24 604c | 8954 2470 

  0x0000015dafaa33a8: ;   {runtime_call UncommonTrapBlob}
  0x0000015dafaa33a8: c5f8 77e8 

  0x0000015dafaa33ac: ; ImmutableOopMap {[32]=Oop [72]=Oop [80]=Oop [96]=Oop [112]=Oop [120]=Oop }
                      ;*ifeq {reexecute=1 rethrow=0 return_oop=0}
                      ; - (reexecute) java.lang.String::indexOf@4
                      ; - java.lang.String::indexOf@3
                      ; - java.lang.ClassLoader::checkName@16
                      ; - java.lang.ClassLoader::findLoadedClass@1
                      ; - jdk.internal.loader.BuiltinClassLoader::loadClassOrNull@10
                      ; - jdk.internal.loader.BuiltinClassLoader::loadClass@3
                      ; - java.lang.ClassLoader::loadClass@38
  0x0000015dafaa33ac: d00f 95ff 

  0x0000015dafaa33b0: ;   {other}
  0x0000015dafaa33b0: 0f1f 8400 | 2076 0099 | 33ed 4585 | d240 0f94 | c5ba 45ff | ffff 4c8b | 5424 484c | 8954 2420 
  0x0000015dafaa33d0: 4c8b 5424 | 504c 8954 | 2448 4c8b | 5424 784c | 8954 2458 | 4489 4424 | 3466 6690 

  0x0000015dafaa33ec: ;   {runtime_call UncommonTrapBlob}
  0x0000015dafaa33ec: c5f8 77e8 

  0x0000015dafaa33f0: ; ImmutableOopMap {[32]=Oop [40]=Oop [72]=Oop [88]=Oop [104]=Oop }
                      ;*ifeq {reexecute=1 rethrow=0 return_oop=0}
                      ; - (reexecute) java.lang.String::lastIndexOf@4
                      ; - java.lang.String::lastIndexOf@8
                      ; - jdk.internal.loader.BuiltinClassLoader::findLoadedModule@3
                      ; - jdk.internal.loader.BuiltinClassLoader::loadClassOrNull@22
                      ; - jdk.internal.loader.BuiltinClassLoader::loadClass@3
                      ; - java.lang.ClassLoader::loadClass@38
  0x0000015dafaa33f0: 8c0f 95ff 

  0x0000015dafaa33f4: ;   {other}
  0x0000015dafaa33f4: 0f1f 8400 | 6476 009a | ba45 ffff | ff48 8b6c | 2448 448b | 4c24 3044 | 894c 2428 | 4c8b 4424 
  0x0000015dafaa3414: 404c 8944 | 2438 4c8b | 4424 504c | 8944 2440 | 4c89 5c24 | 484c 8b44 | 2478 4c89 | 5c24 584c 
  0x0000015dafaa3434: 8954 2468 | 4c89 4424 | 7089 5c24 | 2c66 6690 

  0x0000015dafaa3444: ;   {runtime_call UncommonTrapBlob}
  0x0000015dafaa3444: c5f8 77e8 

  0x0000015dafaa3448: ; ImmutableOopMap {rbp=Oop [64]=Oop [72]=Oop [88]=Oop [104]=Oop [112]=Oop }
                      ;*if_icmpne {reexecute=1 rethrow=0 return_oop=0}
                      ; - (reexecute) java.lang.ClassLoader::checkName@20
                      ; - java.lang.ClassLoader::findLoadedClass@1
                      ; - jdk.internal.loader.BuiltinClassLoader::loadClassOrNull@10
                      ; - jdk.internal.loader.BuiltinClassLoader::loadClass@3
                      ; - java.lang.ClassLoader::loadClass@38
  0x0000015dafaa3448: 340f 95ff 

  0x0000015dafaa344c: ;   {other}
  0x0000015dafaa344c: 0f1f 8400 | bc76 009b | baf6 ffff | ff48 8b6c | 2448 448b | 5c24 3044 | 895c 2428 | 4c8b 5424 
  0x0000015dafaa346c: 404c 8954 | 2438 4c8b | 5424 504c | 8954 2440 | 4c8b 5424 | 784c 8954 | 2450 4c8b | 5424 684c 
  0x0000015dafaa348c: 8954 2458 | 4c8b 5424 | 704c 8954 | 2460 4c8b | 9424 b000 | 0000 4c89 | 5424 704c | 8b94 2480 
  0x0000015dafaa34ac: 0000 004c | 8954 2478 | 4c8b 9424 | e000 0000 | 4c89 9424 | 8000 0000 | 4c8b 9424 | b000 0000 
  0x0000015dafaa34cc: 4c89 9424 | 9000 0000 

  0x0000015dafaa34d4: ;   {runtime_call UncommonTrapBlob}
  0x0000015dafaa34d4: c5f8 77e8 

  0x0000015dafaa34d8: ; ImmutableOopMap {rbp=Oop [64]=Oop [80]=Oop [112]=Oop [120]=Oop [128]=Oop [144]=Oop [184]=Oop [212]=NarrowOop [232]=Oop [240]=NarrowOop [244]=NarrowOop }
                      ;*invokevirtual ensureInitialization {reexecute=0 rethrow=0 return_oop=0}
                      ; - java.util.jar.JavaUtilJarAccessImpl::ensureInitialization@1
                      ; - jdk.internal.loader.URLClassPath$JarLoader$2::getManifest@10
                      ; - java.net.URLClassLoader::defineClass@34
                      ; - java.net.URLClassLoader$1::run@43
                      ; - java.net.URLClassLoader$1::run@1
                      ; - java.security.AccessController::executePrivileged@29
                      ; - java.security.AccessController::doPrivileged@13
                      ; - java.net.URLClassLoader::findClass@13
                      ; - java.lang.ClassLoader::loadClass@69
                      ; - java.lang.ClassLoader::loadClass@38
  0x0000015dafaa34d8: a40e 95ff 

  0x0000015dafaa34dc: ;   {other}
  0x0000015dafaa34dc: 0f1f 8400 | 4c77 009c | ba76 ffff | ff48 8b6c | 2448 448b | 5c24 3044 | 895c 2428 | 4c8b 5424 
  0x0000015dafaa34fc: 404c 8954 | 2438 4c8b | 5424 504c | 8954 2440 | 4c8b 5424 | 784c 8954 | 2450 4c8b | 5424 684c 
  0x0000015dafaa351c: 8954 2458 | 4c8b 5424 | 704c 8954 | 2460 4c8b | 9424 b000 | 0000 4c89 | 5424 704c | 8b94 2480 
  0x0000015dafaa353c: 0000 004c | 8954 2478 | 4c8b 9424 | e000 0000 | 4c89 9424 | 8000 0000 | 4c8b 9424 | b000 0000 
  0x0000015dafaa355c: 4c89 9424 | 9000 0000 | 4489 8424 | a000 0000 

  0x0000015dafaa356c: ;   {runtime_call UncommonTrapBlob}
  0x0000015dafaa356c: c5f8 77e8 

  0x0000015dafaa3570: ; ImmutableOopMap {rbp=Oop [64]=Oop [80]=Oop [112]=Oop [120]=Oop [128]=Oop [144]=Oop [184]=Oop [208]=NarrowOop [240]=NarrowOop [244]=NarrowOop }
                      ;*iflt {reexecute=1 rethrow=0 return_oop=0}
                      ; - (reexecute) java.lang.StringLatin1::lastIndexOf@19
                      ; - java.lang.String::lastIndexOf@13
                      ; - java.lang.String::lastIndexOf@8
                      ; - java.net.URLClassLoader::defineClass@7
                      ; - java.net.URLClassLoader$1::run@43
                      ; - java.net.URLClassLoader$1::run@1
                      ; - java.security.AccessController::executePrivileged@29
                      ; - java.security.AccessController::doPrivileged@13
                      ; - java.net.URLClassLoader::findClass@13
                      ; - java.lang.ClassLoader::loadClass@69
                      ; - java.lang.ClassLoader::loadClass@38
  0x0000015dafaa3570: 0c0e 95ff 

  0x0000015dafaa3574: ;   {other}
  0x0000015dafaa3574: 0f1f 8400 | e477 009d | ba45 ffff | ff48 8b6c | 2448 4c8b | 9424 b000 | 0000 4c89 | 5424 2044 
  0x0000015dafaa3594: 8b5c 2430 | 4489 5c24 | 284c 8b54 | 2440 4c89 | 5424 384c | 8b54 2450 | 4c89 5424 | 4044 8944 
  0x0000015dafaa35b4: 242c 6690 

  0x0000015dafaa35b8: ;   {runtime_call UncommonTrapBlob}
  0x0000015dafaa35b8: c5f8 77e8 

  0x0000015dafaa35bc: ; ImmutableOopMap {rbp=Oop [32]=Oop [64]=Oop [104]=Oop [120]=Oop }
                      ;*ifle {reexecute=1 rethrow=0 return_oop=0}
                      ; - (reexecute) java.util.concurrent.ConcurrentHashMap::get@23
                      ; - jdk.internal.loader.BuiltinClassLoader::findLoadedModule@24
                      ; - jdk.internal.loader.BuiltinClassLoader::loadClassOrNull@22
                      ; - jdk.internal.loader.BuiltinClassLoader::loadClass@3
                      ; - java.lang.ClassLoader::loadClass@38
  0x0000015dafaa35bc: c00d 95ff 

  0x0000015dafaa35c0: ;   {other}
  0x0000015dafaa35c0: 0f1f 8400 | 3078 009e | 33ed 4585 | d240 0f94 | c5ba 45ff | ffff 4c8b | 5424 484c | 8954 2420 
  0x0000015dafaa35e0: 4c8b 5424 | 504c 8954 | 2448 4c8b | 5424 784c | 8954 2458 | 4c8b 5424 | 684c 8954 | 2460 4c8b 
  0x0000015dafaa3600: 5424 704c | 8954 2468 | 4c89 4c24 | 784c 899c | 2480 0000 | 004c 898c | 2488 0000 | 0066 6690 
  0x0000015dafaa3620: ;   {runtime_call UncommonTrapBlob}
  0x0000015dafaa3620: c5f8 77e8 

  0x0000015dafaa3624: ; ImmutableOopMap {[32]=Oop [72]=Oop [88]=Oop [120]=Oop [128]=Oop [136]=Oop [184]=Oop }
                      ;*ifeq {reexecute=1 rethrow=0 return_oop=0}
                      ; - (reexecute) java.lang.String::replace@9
                      ; - java.net.URLClassLoader$1::run@8
                      ; - java.net.URLClassLoader$1::run@1
                      ; - java.security.AccessController::executePrivileged@29
                      ; - java.security.AccessController::doPrivileged@13
                      ; - java.net.URLClassLoader::findClass@13
                      ; - java.lang.ClassLoader::loadClass@69
                      ; - java.lang.ClassLoader::loadClass@38
  0x0000015dafaa3624: 580d 95ff 

  0x0000015dafaa3628: ;   {other}
  0x0000015dafaa3628: 0f1f 8400 | 9878 009f | ba45 ffff | ff4c 8b5c | 2448 4c89 | 5c24 204c | 8b9c 24b0 | 0000 004c 
  0x0000015dafaa3648: 895c 2428 | 4c8b 5c24 | 504c 895c | 2448 4c89 | 5424 6890 

  0x0000015dafaa365c: ;   {runtime_call UncommonTrapBlob}
  0x0000015dafaa365c: c5f8 77e8 

  0x0000015dafaa3660: ; ImmutableOopMap {rbp=NarrowOop [32]=Oop [40]=Oop [72]=Oop [104]=Oop }
                      ;*ifnull {reexecute=1 rethrow=0 return_oop=0}
                      ; - (reexecute) java.lang.ClassLoader::getClassLoadingLock@6
                      ; - jdk.internal.loader.BuiltinClassLoader::loadClassOrNull@2
                      ; - jdk.internal.loader.BuiltinClassLoader::loadClass@3
                      ; - java.lang.ClassLoader::loadClass@38
  0x0000015dafaa3660: 1c0d 95ff 

  0x0000015dafaa3664: ;   {other}
  0x0000015dafaa3664: 0f1f 8400 | d478 00a0 | ba45 ffff | ff48 8b6c | 2448 448b | 4424 3044 | 8944 2428 | 4c8b 4424 
  0x0000015dafaa3684: 404c 8944 | 2438 4c8b | 4424 504c | 8944 2440 | 4c89 5c24 | 484c 8b44 | 2478 4c89 | 5c24 584c 
  0x0000015dafaa36a4: 8954 2468 | 4c89 4424 | 7044 894c | 242c 6690 

  0x0000015dafaa36b4: ;   {runtime_call UncommonTrapBlob}
  0x0000015dafaa36b4: c5f8 77e8 

  0x0000015dafaa36b8: ; ImmutableOopMap {rbp=Oop [64]=Oop [72]=Oop [88]=Oop [104]=Oop [112]=Oop }
                      ;*if_icmpne {reexecute=1 rethrow=0 return_oop=0}
                      ; - (reexecute) java.lang.ClassLoader::checkName@30
                      ; - java.lang.ClassLoader::findLoadedClass@1
                      ; - jdk.internal.loader.BuiltinClassLoader::loadClassOrNull@10
                      ; - jdk.internal.loader.BuiltinClassLoader::loadClass@3
                      ; - java.lang.ClassLoader::loadClass@38
  0x0000015dafaa36b8: c40c 95ff 

  0x0000015dafaa36bc: ;   {other}
  0x0000015dafaa36bc: 0f1f 8400 | 2c79 00a1 | bade ffff | ff48 8b6c | 2448 448b | 5424 3044 | 8954 2428 | 4c8b 5424 
  0x0000015dafaa36dc: 404c 8954 | 2438 4c8b | 5424 504c | 8954 2440 | 4c8b 5424 | 784c 8954 | 2450 4c8b | 5424 684c 
  0x0000015dafaa36fc: 8954 2458 | 4c8b 5424 | 704c 8954 | 2460 4c8b | 9424 b000 | 0000 4c89 | 5424 704c | 8b94 2480 
  0x0000015dafaa371c: 0000 004c | 8954 2478 | 4c8b 9424 | e000 0000 | 4c89 9424 | 8000 0000 | 4c8b 9424 | b800 0000 
  0x0000015dafaa373c: 4c89 9424 | 8800 0000 | 4c8b 9424 | b000 0000 | 4c89 9424 | 9000 0000 | 4c8b 9424 | c000 0000 
  0x0000015dafaa375c: 4c89 9424 | b000 0000 | 4489 8c24 | c000 0000 

  0x0000015dafaa376c: ;   {runtime_call UncommonTrapBlob}
  0x0000015dafaa376c: c5f8 77e8 

  0x0000015dafaa3770: ; ImmutableOopMap {rbp=Oop [64]=Oop [80]=Oop [112]=Oop [120]=Oop [128]=Oop [136]=Oop [144]=Oop [192]=NarrowOop [200]=NarrowOop [212]=NarrowOop [232]=Oop [240]=NarrowOop [244]=NarrowOop }
                      ;*invokeinterface ensureInitialization {reexecute=0 rethrow=0 return_oop=0}
                      ; - jdk.internal.loader.URLClassPath$JarLoader$2::getManifest@10
                      ; - java.net.URLClassLoader::defineClass@34
                      ; - java.net.URLClassLoader$1::run@43
                      ; - java.net.URLClassLoader$1::run@1
                      ; - java.security.AccessController::executePrivileged@29
                      ; - java.security.AccessController::doPrivileged@13
                      ; - java.net.URLClassLoader::findClass@13
                      ; - java.lang.ClassLoader::loadClass@69
                      ; - java.lang.ClassLoader::loadClass@38
  0x0000015dafaa3770: 0c0c 95ff 

  0x0000015dafaa3774: ;   {other}
  0x0000015dafaa3774: 0f1f 8400 | e479 00a2 | 8bac 24f4 | 0000 0044 | 8b94 24f0 | 0000 0044 | 8954 2420 | 498b d34c 
  0x0000015dafaa3794: 8d84 2440 | 0100 004c | 8b94 24e0 | 0000 004c | 8994 24a0 | 0000 0090 

  0x0000015dafaa37ac: ;   {runtime_call _complete_monitor_locking_Java}
  0x0000015dafaa37ac: c5f8 77e8 

  0x0000015dafaa37b0: ; ImmutableOopMap {rbp=NarrowOop [32]=NarrowOop [40]=NarrowOop [56]=Oop [72]=Oop [80]=Oop [120]=Oop [128]=Oop [160]=Oop [176]=Oop [184]=Oop [200]=NarrowOop [212]=NarrowOop [224]=Oop [232]=Oop }
                      ;*synchronization entry
                      ; - java.util.jar.JarFile::ensureInitialization@-1
                      ; - java.util.jar.JavaUtilJarAccessImpl::ensureInitialization@1
                      ; - jdk.internal.loader.URLClassPath$JarLoader$2::getManifest@10
                      ; - java.net.URLClassLoader::defineClass@34
                      ; - java.net.URLClassLoader$1::run@43
                      ; - java.net.URLClassLoader$1::run@1
                      ; - java.security.AccessController::executePrivileged@29
                      ; - java.security.AccessController::doPrivileged@13
                      ; - java.net.URLClassLoader::findClass@13
                      ; - java.lang.ClassLoader::loadClass@69
                      ; - java.lang.ClassLoader::loadClass@38
  0x0000015dafaa37b0: cc9d 97ff 

  0x0000015dafaa37b4: ;   {other}
  0x0000015dafaa37b4: 0f1f 8400 | 247a 00a3 | e90f b8ff | ff4d 8bd3 | 498b ca48 | 8d94 2440 | 0100 004d | 8bc7 c5f8 
  0x0000015dafaa37d4: 7749 ba40 | d904 38fc | 7f00 0041 

  0x0000015dafaa37e0: ;   {other}
  0x0000015dafaa37e0: ffd2 0f1f | 8400 0000 | 0000 e9a8 | b8ff ffba | deff ffff | 4c8b 5424 | 484c 8954 | 2420 4c8b 
  0x0000015dafaa3800: 5424 504c | 8954 2448 | 4c8b 5424 | 784c 8954 | 2458 4c8b | 5424 684c | 8954 2460 | 4c8b 5424 
  0x0000015dafaa3820: 704c 8954 | 2468 4c8b | 9424 b000 | 0000 4c89 | 5424 784c | 8b94 24b8 | 0000 004c | 8994 2490 
  0x0000015dafaa3840: 0000 004c | 8b94 24b0 | 0000 004c | 8994 2498 | 0000 004c | 8984 24a0 | 0000 004c | 8b94 24b8 
  0x0000015dafaa3860: 0000 004c | 8994 24b0 | 0000 004c | 8b94 24c0 | 0000 004c | 8994 24b8 | 0000 0090 

  0x0000015dafaa387c: ;   {runtime_call UncommonTrapBlob}
  0x0000015dafaa387c: c5f8 77e8 

  0x0000015dafaa3880: ; ImmutableOopMap {rbp=NarrowOop [32]=Oop [72]=Oop [88]=Oop [120]=Oop [128]=Oop [144]=Oop [152]=Oop [160]=Oop [176]=Oop [212]=NarrowOop [224]=Oop [232]=Oop }
                      ;*invokevirtual getManifest {reexecute=0 rethrow=0 return_oop=0}
                      ; - jdk.internal.loader.URLClassPath$JarLoader$2::getManifest@22
                      ; - java.net.URLClassLoader::defineClass@34
                      ; - java.net.URLClassLoader$1::run@43
                      ; - java.net.URLClassLoader$1::run@1
                      ; - java.security.AccessController::executePrivileged@29
                      ; - java.security.AccessController::doPrivileged@13
                      ; - java.net.URLClassLoader::findClass@13
                      ; - java.lang.ClassLoader::loadClass@69
                      ; - java.lang.ClassLoader::loadClass@38
  0x0000015dafaa3880: fc0a 95ff 

  0x0000015dafaa3884: ;   {other}
  0x0000015dafaa3884: 0f1f 8400 | f47a 00a4 | baec ffff | ff48 8b6c | 2448 448b | 5c24 3044 | 895c 2428 | 4c8b 5424 
  0x0000015dafaa38a4: 404c 8954 | 2438 4c8b | 5424 504c | 8954 2440 | 4c8b 5424 | 784c 8954 | 2450 4c8b | 5424 684c 
  0x0000015dafaa38c4: 8954 2458 | 4c8b 5424 | 704c 8954 | 2460 4c8b | 9424 b000 | 0000 4c89 | 5424 704c | 8b94 2480 
  0x0000015dafaa38e4: 0000 004c | 8954 2478 | 4c8b 9424 | b800 0000 | 4c89 9424 | 8800 0000 | 4c8b 9424 | b000 0000 
  0x0000015dafaa3904: 4c89 9424 | 9000 0000 | 4c8b 9424 | b800 0000 | 4c89 9424 | a000 0000 | 4889 8424 | b800 0000 
  0x0000015dafaa3924: ;   {runtime_call UncommonTrapBlob}
  0x0000015dafaa3924: c5f8 77e8 

  0x0000015dafaa3928: ; ImmutableOopMap {rbp=Oop [64]=Oop [80]=Oop [112]=Oop [120]=Oop [136]=Oop [144]=Oop [160]=Oop [168]=Oop [184]=Oop [212]=NarrowOop [224]=Oop }
                      ;*astore {reexecute=0 rethrow=0 return_oop=0}
                      ; - java.net.URLClassLoader::defineClass@188
                      ; - java.net.URLClassLoader$1::run@43
                      ; - java.net.URLClassLoader$1::run@1
                      ; - java.security.AccessController::executePrivileged@29
                      ; - java.security.AccessController::doPrivileged@13
                      ; - java.net.URLClassLoader::findClass@13
                      ; - java.lang.ClassLoader::loadClass@69
                      ; - java.lang.ClassLoader::loadClass@38
  0x0000015dafaa3928: 540a 95ff 

  0x0000015dafaa392c: ;   {other}
  0x0000015dafaa392c: 0f1f 8400 | 9c7b 00a5 | ba45 ffff | ff48 8b6c | 2448 4c8b | 9424 b000 | 0000 4c89 | 5424 2044 
  0x0000015dafaa394c: 8b54 2430 | 4489 5424 | 284c 8b54 | 2440 4c89 | 5424 384c | 8b54 2450 | 4c89 5424 | 4044 8944 
  0x0000015dafaa396c: 242c 6690 

  0x0000015dafaa3970: ;   {runtime_call UncommonTrapBlob}
  0x0000015dafaa3970: c5f8 77e8 

  0x0000015dafaa3974: ; ImmutableOopMap {rbp=Oop [32]=Oop [64]=Oop [104]=Oop [120]=Oop }
                      ;*ifge {reexecute=1 rethrow=0 return_oop=0}
                      ; - (reexecute) jdk.internal.loader.BuiltinClassLoader::findLoadedModule@8
                      ; - jdk.internal.loader.BuiltinClassLoader::loadClassOrNull@22
                      ; - jdk.internal.loader.BuiltinClassLoader::loadClass@3
                      ; - java.lang.ClassLoader::loadClass@38
  0x0000015dafaa3974: 080a 95ff 

  0x0000015dafaa3978: ;   {other}
  0x0000015dafaa3978: 0f1f 8400 | e87b 00a6 | ba45 ffff | ff48 8b6c | 2448 4c8b | 9424 b000 | 0000 4c89 | 5424 2044 
  0x0000015dafaa3998: 8b4c 2430 | 4489 4c24 | 284c 8b54 | 2440 4c89 | 5424 384c | 8b54 2450 | 4c89 5424 | 404c 8b54 
  0x0000015dafaa39b8: 2478 4c89 | 5424 5044 | 8944 2478 | 4489 4424 | 7c44 899c | 2484 0000 | 0044 899c | 2488 0000 
  0x0000015dafaa39d8: 0066 6690 

  0x0000015dafaa39dc: ;   {runtime_call UncommonTrapBlob}
  0x0000015dafaa39dc: c5f8 77e8 

  0x0000015dafaa39e0: ; ImmutableOopMap {rbp=Oop [32]=Oop [64]=Oop [80]=Oop [104]=Oop }
                      ;*if_icmple {reexecute=1 rethrow=0 return_oop=0}
                      ; - (reexecute) jdk.internal.util.Preconditions::checkFromToIndex@11
                      ; - java.lang.String::checkBoundsBeginEnd@6
                      ; - java.lang.String::substring@8
                      ; - jdk.internal.loader.BuiltinClassLoader::findLoadedModule@16
                      ; - jdk.internal.loader.BuiltinClassLoader::loadClassOrNull@22
                      ; - jdk.internal.loader.BuiltinClassLoader::loadClass@3
                      ; - java.lang.ClassLoader::loadClass@38
  0x0000015dafaa39e0: 9c09 95ff 

  0x0000015dafaa39e4: ;   {other}
  0x0000015dafaa39e4: 0f1f 8400 | 547c 00a7 | ba6e ffff | ff48 8b6c | 2448 448b | 5424 3044 | 8954 2428 | 4c8b 5424 
  0x0000015dafaa3a04: 404c 8954 | 2438 4c8b | 5424 504c | 8954 2440 | 4c8b 5424 | 784c 8954 | 2450 4c8b | 5424 684c 
  0x0000015dafaa3a24: 8954 2458 | 4c8b 5424 | 704c 8954 | 2460 4c8b | 9424 b000 | 0000 4c89 | 5424 704c | 8b94 2480 
  0x0000015dafaa3a44: 0000 004c | 8954 2478 | 4c8b 9424 | e000 0000 | 4c89 9424 | 8000 0000 | 4c8b 9424 | b000 0000 
  0x0000015dafaa3a64: 4c89 9424 | 9000 0000 | 4489 8424 | a000 0000 

  0x0000015dafaa3a74: ;   {runtime_call UncommonTrapBlob}
  0x0000015dafaa3a74: c5f8 77e8 

  0x0000015dafaa3a78: ; ImmutableOopMap {rbp=Oop [64]=Oop [80]=Oop [112]=Oop [120]=Oop [128]=Oop [144]=Oop [184]=Oop [208]=NarrowOop [240]=NarrowOop [244]=NarrowOop }
                      ;*iflt {reexecute=1 rethrow=0 return_oop=0}
                      ; - (reexecute) java.lang.StringLatin1::lastIndexOf@19
                      ; - java.lang.String::lastIndexOf@13
                      ; - java.lang.String::lastIndexOf@8
                      ; - java.net.URLClassLoader::defineClass@7
                      ; - java.net.URLClassLoader$1::run@43
                      ; - java.net.URLClassLoader$1::run@1
                      ; - java.security.AccessController::executePrivileged@29
                      ; - java.security.AccessController::doPrivileged@13
                      ; - java.net.URLClassLoader::findClass@13
                      ; - java.lang.ClassLoader::loadClass@69
                      ; - java.lang.ClassLoader::loadClass@38
  0x0000015dafaa3a78: 0409 95ff 

  0x0000015dafaa3a7c: ;   {other}
  0x0000015dafaa3a7c: 0f1f 8400 | ec7c 00a8 | ba76 ffff | ff4c 8b54 | 2448 4c89 | 5424 204c | 8b94 24b0 | 0000 004c 
  0x0000015dafaa3a9c: 8954 2428 | 4c8b 5424 | 504c 8954 | 2448 4c8b | 5424 784c | 8954 2458 | 4c8b 5424 | 684c 8954 
  0x0000015dafaa3abc: 2460 4c8b | 5424 704c | 8954 2468 

  0x0000015dafaa3ac8: ;   {runtime_call UncommonTrapBlob}
  0x0000015dafaa3ac8: c5f8 77e8 

  0x0000015dafaa3acc: ; ImmutableOopMap {[32]=Oop [40]=Oop [72]=Oop [88]=Oop [128]=Oop [144]=Oop [184]=Oop [192]=NarrowOop }
                      ;*if_icmpge {reexecute=1 rethrow=0 return_oop=0}
                      ; - (reexecute) java.lang.StringLatin1::replace@61
                      ; - java.lang.String::replace@18
                      ; - java.net.URLClassLoader$1::run@8
                      ; - java.net.URLClassLoader$1::run@1
                      ; - java.security.AccessController::executePrivileged@29
                      ; - java.security.AccessController::doPrivileged@13
                      ; - java.net.URLClassLoader::findClass@13
                      ; - java.lang.ClassLoader::loadClass@69
                      ; - java.lang.ClassLoader::loadClass@38
  0x0000015dafaa3acc: b008 95ff 

  0x0000015dafaa3ad0: ;   {other}
  0x0000015dafaa3ad0: 0f1f 8400 | 407d 00a9 | 41b9 0100 | 0000 e978 | a7ff ff49 | 8bfb 498b | d7c5 f877 | 49ba 20a4 
  0x0000015dafaa3af0: c337 fc7f | 0000 41ff 

  0x0000015dafaa3af8: ;   {other}
  0x0000015dafaa3af8: d20f 1f84 | 0000 0000 | 004c 8b4c | 2470 4c8b | dfe9 77bd | ffff ba45 | ffff ff48 | 8b6c 2448 
  0x0000015dafaa3b18: 448b 5424 | 3044 8954 | 2428 4c8b | 5424 404c | 8954 2438 | 4c8b 5424 | 504c 8954 | 2440 4c8b 
  0x0000015dafaa3b38: 5424 784c | 8954 2450 | 4c8b 5424 | 684c 8954 | 2458 4c8b | 5424 704c | 8954 2460 | 4c89 4c24 
  0x0000015dafaa3b58: 704c 8b94 | 2480 0000 | 004c 8954 | 2478 4c89 | 8c24 8000 | 0000 6690 

  0x0000015dafaa3b70: ;   {runtime_call UncommonTrapBlob}
  0x0000015dafaa3b70: c5f8 77e8 

  0x0000015dafaa3b74: ; ImmutableOopMap {rbp=Oop [64]=Oop [80]=Oop [112]=Oop [120]=Oop [128]=Oop [152]=Oop [184]=Oop }
                      ;*iflt {reexecute=1 rethrow=0 return_oop=0}
                      ; - (reexecute) java.lang.StringConcatHelper::checkOverflow@2
                      ; - java.lang.StringConcatHelper::mix@23
                      ; - java.lang.StringConcatHelper::simpleConcat@46
                      ; - java.lang.String::concat@11
                      ; - java.net.URLClassLoader$1::run@13
                      ; - java.net.URLClassLoader$1::run@1
                      ; - java.security.AccessController::executePrivileged@29
                      ; - java.security.AccessController::doPrivileged@13
                      ; - java.net.URLClassLoader::findClass@13
                      ; - java.lang.ClassLoader::loadClass@69
                      ; - java.lang.ClassLoader::loadClass@38
  0x0000015dafaa3b74: 0808 95ff 

  0x0000015dafaa3b78: ;   {other}
  0x0000015dafaa3b78: 0f1f 8400 | e87d 00aa | ba45 ffff | ff4c 8b54 | 2448 4c89 | 5424 204c | 8b54 2450 | 4c89 5424 
  0x0000015dafaa3b98: 484c 8b54 | 2478 4c89 | 5424 584c | 8b54 2468 | 4c89 5424 | 604c 8b54 | 2470 4c89 | 5424 684c 
  0x0000015dafaa3bb8: 894c 2478 | 4c89 8c24 | 8800 0000 

  0x0000015dafaa3bc4: ;   {runtime_call UncommonTrapBlob}
  0x0000015dafaa3bc4: c5f8 77e8 

  0x0000015dafaa3bc8: ; ImmutableOopMap {[32]=Oop [72]=Oop [88]=Oop [120]=Oop [128]=Oop [136]=Oop [152]=Oop [184]=Oop }
                      ;*iflt {reexecute=1 rethrow=0 return_oop=0}
                      ; - (reexecute) java.lang.StringConcatHelper::checkOverflow@2
                      ; - java.lang.StringConcatHelper::mix@23
                      ; - java.lang.StringConcatHelper::simpleConcat@54
                      ; - java.lang.String::concat@11
                      ; - java.net.URLClassLoader$1::run@13
                      ; - java.net.URLClassLoader$1::run@1
                      ; - java.security.AccessController::executePrivileged@29
                      ; - java.security.AccessController::doPrivileged@13
                      ; - java.net.URLClassLoader::findClass@13
                      ; - java.lang.ClassLoader::loadClass@69
                      ; - java.lang.ClassLoader::loadClass@38
  0x0000015dafaa3bc8: b407 95ff 

  0x0000015dafaa3bcc: ;   {other}
  0x0000015dafaa3bcc: 0f1f 8400 | 3c7e 00ab | ba45 ffff | ff48 8b6c | 2448 4c8b | 9c24 b000 | 0000 4c89 | 5c24 2044 
  0x0000015dafaa3bec: 8b44 2430 | 4489 4424 | 284c 8b5c | 2440 4c89 | 5c24 384c | 8b5c 2450 | 4c89 5c24 | 404c 8b5c 
  0x0000015dafaa3c0c: 2478 4c89 | 5c24 504c | 8b5c 2468 | 4c89 5c24 | 584c 8b5c | 2470 4c89 | 5c24 604c | 8b9c 2480 
  0x0000015dafaa3c2c: 0000 004c | 895c 2478 | 4c8b 9c24 | c000 0000 | 4c89 9c24 | a000 0000 | 4489 5424 | 2c66 6690 
  0x0000015dafaa3c4c: ;   {runtime_call UncommonTrapBlob}
  0x0000015dafaa3c4c: c5f8 77e8 

  0x0000015dafaa3c50: ; ImmutableOopMap {rbp=Oop [32]=Oop [64]=Oop [80]=Oop [120]=Oop [152]=Oop [160]=Oop [184]=Oop [192]=Oop }
                      ;*if_icmpne {reexecute=1 rethrow=0 return_oop=0}
                      ; - (reexecute) java.lang.String::getBytes@5
                      ; - java.lang.StringConcatHelper::prepend@21
                      ; - java.lang.StringConcatHelper::simpleConcat@81
                      ; - java.lang.String::concat@11
                      ; - java.net.URLClassLoader$1::run@13
                      ; - java.net.URLClassLoader$1::run@1
                      ; - java.security.AccessController::executePrivileged@29
                      ; - java.security.AccessController::doPrivileged@13
                      ; - java.net.URLClassLoader::findClass@13
                      ; - java.lang.ClassLoader::loadClass@69
                      ; - java.lang.ClassLoader::loadClass@38
  0x0000015dafaa3c50: 2c07 95ff 

  0x0000015dafaa3c54: ;   {other}
  0x0000015dafaa3c54: 0f1f 8400 | c47e 00ac | bade ffff | ff4c 8b54 | 2448 4c89 | 5424 204c | 8b94 24b0 | 0000 004c 
  0x0000015dafaa3c74: 8954 2428 | 4c8b 5424 | 504c 8954 | 2448 48ff | 7424 7848 | 8f44 2458 

  0x0000015dafaa3c8c: ;   {runtime_call UncommonTrapBlob}
  0x0000015dafaa3c8c: c5f8 77e8 

  0x0000015dafaa3c90: ; ImmutableOopMap {rbp=NarrowOop [32]=Oop [40]=Oop [72]=Oop [88]=Oop [104]=Oop }
                      ;*invokevirtual loadClassOrNull {reexecute=0 rethrow=0 return_oop=0}
                      ; - jdk.internal.loader.BuiltinClassLoader::loadClassOrNull@3
                      ; - jdk.internal.loader.BuiltinClassLoader::loadClassOrNull@86
                      ; - jdk.internal.loader.BuiltinClassLoader::loadClass@3
                      ; - java.lang.ClassLoader::loadClass@38
  0x0000015dafaa3c90: ec06 95ff 

  0x0000015dafaa3c94: ;   {other}
  0x0000015dafaa3c94: 0f1f 8400 | 047f 00ad | ba45 ffff | ff48 8b6c | 2448 448b | 5c24 3044 | 895c 2428 | 4c8b 5424 
  0x0000015dafaa3cb4: 404c 8954 | 2438 4c8b | 5424 504c | 8954 2440 | 4c89 4c24 | 484c 894c | 2458 6690 

  0x0000015dafaa3cd0: ;   {runtime_call UncommonTrapBlob}
  0x0000015dafaa3cd0: c5f8 77e8 

  0x0000015dafaa3cd4: ; ImmutableOopMap {rbp=Oop [64]=Oop [72]=Oop [88]=Oop [104]=Oop [120]=Oop }
                      ;*ifeq {reexecute=1 rethrow=0 return_oop=0}
                      ; - (reexecute) java.lang.ClassLoader::checkName@8
                      ; - java.lang.ClassLoader::findBootstrapClassOrNull@1
                      ; - java.lang.System$2::findBootstrapClassOrNull@1
                      ; - jdk.internal.loader.ClassLoaders$BootClassLoader::loadClassOrNull@4
                      ; - jdk.internal.loader.BuiltinClassLoader::loadClassOrNull@3
                      ; - jdk.internal.loader.BuiltinClassLoader::loadClassOrNull@86
                      ; - jdk.internal.loader.BuiltinClassLoader::loadClass@3
                      ; - java.lang.ClassLoader::loadClass@38
  0x0000015dafaa3cd4: a806 95ff 

  0x0000015dafaa3cd8: ;   {other}
  0x0000015dafaa3cd8: 0f1f 8400 | 487f 00ae | bace ffff | ff4c 8b5c | 2448 4c89 | 5c24 204c | 8b5c 2450 | 4c89 5c24 
  0x0000015dafaa3cf8: 484c 894c | 2450 48ff | 7424 7848 | 8f44 2458 | 4c89 4c24 | 6044 8954 | 2434 6690 

  0x0000015dafaa3d14: ;   {runtime_call UncommonTrapBlob}
  0x0000015dafaa3d14: c5f8 77e8 

  0x0000015dafaa3d18: ; ImmutableOopMap {rbp=NarrowOop [32]=Oop [72]=Oop [80]=Oop [88]=Oop [96]=Oop [104]=Oop }
                      ;*invokestatic indexOfChar {reexecute=0 rethrow=0 return_oop=0}
                      ; - java.lang.StringLatin1::indexOf@33
                      ; - java.lang.String::indexOf@17
                      ; - java.lang.String::indexOf@3
                      ; - java.lang.ClassLoader::checkName@16
                      ; - java.lang.ClassLoader::findBootstrapClassOrNull@1
                      ; - java.lang.System$2::findBootstrapClassOrNull@1
                      ; - jdk.internal.loader.ClassLoaders$BootClassLoader::loadClassOrNull@4
                      ; - jdk.internal.loader.BuiltinClassLoader::loadClassOrNull@3
                      ; - jdk.internal.loader.BuiltinClassLoader::loadClassOrNull@86
                      ; - jdk.internal.loader.BuiltinClassLoader::loadClass@3
                      ; - java.lang.ClassLoader::loadClass@38
  0x0000015dafaa3d18: 6406 95ff 

  0x0000015dafaa3d1c: ;   {other}
  0x0000015dafaa3d1c: 0f1f 8400 | 8c7f 00af | ba45 ffff | ff48 8b6c | 2448 448b | 5c24 3044 | 895c 2428 | 4c8b 5424 
  0x0000015dafaa3d3c: 404c 8954 | 2438 4c8b | 5424 504c | 8954 2440 | 4c8b 5424 | 784c 8954 | 2450 4c8b | 5424 684c 
  0x0000015dafaa3d5c: 8954 2458 | 4c8b 5424 | 704c 8954 | 2460 4c89 | 4c24 704c | 8b94 2480 | 0000 004c | 8954 2478 
  0x0000015dafaa3d7c: 4c89 8c24 | 8000 0000 

  0x0000015dafaa3d84: ;   {runtime_call UncommonTrapBlob}
  0x0000015dafaa3d84: c5f8 77e8 

  0x0000015dafaa3d88: ; ImmutableOopMap {rbp=Oop [64]=Oop [80]=Oop [112]=Oop [120]=Oop [128]=Oop [152]=Oop [184]=Oop }
                      ;*if_icmpne {reexecute=1 rethrow=0 return_oop=0}
                      ; - (reexecute) java.lang.StringConcatHelper::mix@13
                      ; - java.lang.StringConcatHelper::simpleConcat@46
                      ; - java.lang.String::concat@11
                      ; - java.net.URLClassLoader$1::run@13
                      ; - java.net.URLClassLoader$1::run@1
                      ; - java.security.AccessController::executePrivileged@29
                      ; - java.security.AccessController::doPrivileged@13
                      ; - java.net.URLClassLoader::findClass@13
                      ; - java.lang.ClassLoader::loadClass@69
                      ; - java.lang.ClassLoader::loadClass@38
  0x0000015dafaa3d88: f405 95ff 

  0x0000015dafaa3d8c: ;   {other}
  0x0000015dafaa3d8c: 0f1f 8400 | fc7f 00b0 | ba45 ffff | ff48 8b6c | 2448 448b | 4424 3044 | 8944 2428 | 4c8b 5424 
  0x0000015dafaa3dac: 404c 8954 | 2438 4c8b | 5424 504c | 8954 2440 | 4c8b 5424 | 784c 8954 | 2450 4c8b | 5424 684c 
  0x0000015dafaa3dcc: 8954 2458 | 4c8b 5424 | 704c 8954 | 2460 4c89 | 4c24 704c | 8b94 2480 | 0000 004c | 8954 2478 
  0x0000015dafaa3dec: 4c89 8c24 | 8000 0000 | 4889 8c24 | 9000 0000 | 4c89 9c24 | 9800 0000 

  0x0000015dafaa3e04: ;   {runtime_call UncommonTrapBlob}
  0x0000015dafaa3e04: c5f8 77e8 

  0x0000015dafaa3e08: ; ImmutableOopMap {rbp=Oop [64]=Oop [80]=Oop [112]=Oop [120]=Oop [128]=Oop [144]=Oop [184]=Oop }
                      ;*ifge {reexecute=1 rethrow=0 return_oop=0}
                      ; - (reexecute) java.lang.StringConcatHelper::newArray@13
                      ; - java.lang.StringConcatHelper::simpleConcat@61
                      ; - java.lang.String::concat@11
                      ; - java.net.URLClassLoader$1::run@13
                      ; - java.net.URLClassLoader$1::run@1
                      ; - java.security.AccessController::executePrivileged@29
                      ; - java.security.AccessController::doPrivileged@13
                      ; - java.net.URLClassLoader::findClass@13
                      ; - java.lang.ClassLoader::loadClass@69
                      ; - java.lang.ClassLoader::loadClass@38
  0x0000015dafaa3e08: 7405 95ff 

  0x0000015dafaa3e0c: ;   {other}
  0x0000015dafaa3e0c: 0f1f 8400 | 7c80 00b1 | 458b d3e9 | 8897 ffff | 4c89 4c24 | 384c 899c | 2488 0000 | 0044 8944 
  0x0000015dafaa3e2c: 242c 458b | da4d 63d0 | 4d8b c2e9 | e498 ffff | 4983 c2fe | 498b ca48 | 8bfa 4833 | c048 83f9 
  0x0000015dafaa3e4c: 087f 1048 | ffc9 784f | 4889 04cf | 48ff c97d | f7eb 44c5 | fdef c0e9 | 0d00 0000 | c5fe 7f07 
  0x0000015dafaa3e6c: c5fe 7f47 | 2048 83c7 | 4048 83e9 | 087d ed48 | 83c1 047c | 0cc5 fe7f | 0748 83c7 | 2048 83e9 
  0x0000015dafaa3e8c: 0448 83c1 | 047e 1048 | ffc9 c5f9 | d607 4883 | c708 48ff | c97d f3e9 | 6f99 ffff | bacc ffff 
  0x0000015dafaa3eac: ff48 8b6c | 2448 4c8b | 9424 b000 | 0000 4c89 | 5424 2044 | 8b54 2430 | 4489 5424 | 284c 8b54 
  0x0000015dafaa3ecc: 2440 4c89 | 5424 384c | 8b54 2450 | 4c89 5424 | 404c 8b54 | 2478 4c89 | 5424 584c | 8b54 2468 
  0x0000015dafaa3eec: 4c89 5424 | 604c 8b94 | 24a0 0000 | 004c 8994 | 2490 0000 | 004c 8b94 | 24a8 0000 

  0x0000015dafaa3f08: ;   {no_reloc}
  0x0000015dafaa3f08: 004c 8994 | 24a0 0000 | 0044 899c | 2484 0000 | 0066 6690 

  0x0000015dafaa3f1c: ;   {runtime_call UncommonTrapBlob}
  0x0000015dafaa3f1c: c5f8 77e8 

  0x0000015dafaa3f20: ; ImmutableOopMap {rbp=Oop [32]=Oop [64]=Oop [88]=Oop [132]=NarrowOop [136]=Oop [144]=Oop [160]=Oop [184]=Oop }
                      ;*newarray {reexecute=1 rethrow=0 return_oop=0}
                      ; - (reexecute) java.util.Arrays::copyOfRangeByte@10
                      ; - java.util.Arrays::copyOfRange@13
                      ; - java.lang.StringLatin1::newString@16
                      ; - java.lang.String::substring@41
                      ; - jdk.internal.loader.BuiltinClassLoader::findLoadedModule@16
                      ; - jdk.internal.loader.BuiltinClassLoader::loadClassOrNull@22
                      ; - jdk.internal.loader.BuiltinClassLoader::loadClass@3
                      ; - java.lang.ClassLoader::loadClass@38
                      ; - java.lang.ClassLoader::loadClass@38
  0x0000015dafaa3f20: 5c04 95ff 

  0x0000015dafaa3f24: ;   {other}
  0x0000015dafaa3f24: 0f1f 8400 | 9481 00b2 | bade ffff | ff4c 8b54 | 2448 4c89 | 5424 204c | 8b94 24b0 | 0000 004c 
  0x0000015dafaa3f44: 8954 2428 | 4c8b 5424 | 504c 8954 | 2448 4c8b | 5424 784c | 8954 2470 | 4c8b 9424 | a800 0000 
  0x0000015dafaa3f64: 4c89 9424 | 9800 0000 

  0x0000015dafaa3f6c: ;   {runtime_call UncommonTrapBlob}
  0x0000015dafaa3f6c: c5f8 77e8 

  0x0000015dafaa3f70: ; ImmutableOopMap {rbp=NarrowOop [32]=Oop [40]=Oop [72]=Oop [112]=Oop [152]=Oop [160]=Oop [168]=Oop [184]=Oop }
                      ;*invokevirtual loadClassOrNull {reexecute=0 rethrow=0 return_oop=0}
                      ; - jdk.internal.loader.BuiltinClassLoader::loadClassOrNull@3
                      ; - jdk.internal.loader.BuiltinClassLoader::loadClassOrNull@66
                      ; - jdk.internal.loader.BuiltinClassLoader::loadClass@3
                      ; - java.lang.ClassLoader::loadClass@38
                      ; - java.lang.ClassLoader::loadClass@38
  0x0000015dafaa3f70: 0c04 95ff 

  0x0000015dafaa3f74: ;   {other}
  0x0000015dafaa3f74: 0f1f 8400 | e481 00b3 | ba45 ffff | ff48 8b6c | 2448 448b | 5424 3044 | 8954 2428 | 4c8b 5424 
  0x0000015dafaa3f94: 404c 8954 | 2438 4c8b | 5424 504c | 8954 2440 | 4c89 4c24 | 504c 8b54 | 2478 4c89 | 5424 584c 
  0x0000015dafaa3fb4: 8b54 2468 | 4c89 5424 | 604c 894c | 2470 4c8b | 9424 a800 | 0000 4c89 | 9424 9000 | 0000 6690 
  0x0000015dafaa3fd4: ;   {runtime_call UncommonTrapBlob}
  0x0000015dafaa3fd4: c5f8 77e8 

  0x0000015dafaa3fd8: ; ImmutableOopMap {rbp=Oop [64]=Oop [80]=Oop [88]=Oop [112]=Oop [144]=Oop [160]=Oop [168]=Oop [184]=Oop }
                      ;*ifeq {reexecute=1 rethrow=0 return_oop=0}
                      ; - (reexecute) java.lang.ClassLoader::checkName@8
                      ; - java.lang.ClassLoader::findBootstrapClassOrNull@1
                      ; - java.lang.System$2::findBootstrapClassOrNull@1
                      ; - jdk.internal.loader.ClassLoaders$BootClassLoader::loadClassOrNull@4
                      ; - jdk.internal.loader.BuiltinClassLoader::loadClassOrNull@3
                      ; - jdk.internal.loader.BuiltinClassLoader::loadClassOrNull@66
                      ; - jdk.internal.loader.BuiltinClassLoader::loadClass@3
                      ; - java.lang.ClassLoader::loadClass@38
                      ; - java.lang.ClassLoader::loadClass@38
  0x0000015dafaa3fd8: a403 95ff 

  0x0000015dafaa3fdc: ;   {other}
  0x0000015dafaa3fdc: 0f1f 8400 | 4c82 00b4 | bace ffff | ff4c 8b5c | 2448 4c89 | 5c24 204c | 8b5c 2450 | 4c89 5c24 
  0x0000015dafaa3ffc: 484c 894c | 2458 4c8b | 5c24 784c | 895c 2470 | 4c89 4c24 | 7848 ffb4 | 24a0 0000 | 0048 8f84 
  0x0000015dafaa401c: 2490 0000 | 004c 8b9c | 24a8 0000 | 004c 899c | 24a0 0000 | 0044 8954 | 2434 6690 

  0x0000015dafaa4038: ;   {runtime_call UncommonTrapBlob}
  0x0000015dafaa4038: c5f8 77e8 

  0x0000015dafaa403c: ; ImmutableOopMap {rbp=NarrowOop [32]=Oop [72]=Oop [88]=Oop [112]=Oop [120]=Oop [144]=Oop [160]=Oop [168]=Oop [184]=Oop }
                      ;*invokestatic indexOfChar {reexecute=0 rethrow=0 return_oop=0}
                      ; - java.lang.StringLatin1::indexOf@33
                      ; - java.lang.String::indexOf@17
                      ; - java.lang.String::indexOf@3
                      ; - java.lang.ClassLoader::checkName@16
                      ; - java.lang.ClassLoader::findBootstrapClassOrNull@1
                      ; - java.lang.System$2::findBootstrapClassOrNull@1
                      ; - jdk.internal.loader.ClassLoaders$BootClassLoader::loadClassOrNull@4
                      ; - jdk.internal.loader.BuiltinClassLoader::loadClassOrNull@3
                      ; - jdk.internal.loader.BuiltinClassLoader::loadClassOrNull@66
                      ; - jdk.internal.loader.BuiltinClassLoader::loadClass@3
                      ; - java.lang.ClassLoader::loadClass@38
                      ; - java.lang.ClassLoader::loadClass@38
  0x0000015dafaa403c: 4003 95ff 

  0x0000015dafaa4040: ;   {other}
  0x0000015dafaa4040: 0f1f 8400 | b082 00b5 | 33ed 4585 | db40 0f94 | c5ba 45ff | ffff 4c8b | 5424 484c | 8954 2420 
  0x0000015dafaa4060: 4c8b 5424 | 504c 8954 | 2448 4889 | 7424 5048 | ff74 2478 | 488f 4424 | 5848 8974 | 2470 6690 
  0x0000015dafaa4080: ;   {runtime_call UncommonTrapBlob}
  0x0000015dafaa4080: c5f8 77e8 

  0x0000015dafaa4084: ; ImmutableOopMap {[32]=Oop [72]=Oop [80]=Oop [88]=Oop [104]=Oop [112]=Oop }
                      ;*ifeq {reexecute=1 rethrow=0 return_oop=0}
                      ; - (reexecute) java.lang.String::indexOf@4
                      ; - java.lang.String::indexOf@3
                      ; - java.lang.ClassLoader::checkName@16
                      ; - java.lang.ClassLoader::findBootstrapClassOrNull@1
                      ; - java.lang.System$2::findBootstrapClassOrNull@1
                      ; - jdk.internal.loader.ClassLoaders$BootClassLoader::loadClassOrNull@4
                      ; - jdk.internal.loader.BuiltinClassLoader::loadClassOrNull@3
                      ; - jdk.internal.loader.BuiltinClassLoader::loadClassOrNull@66
                      ; - jdk.internal.loader.BuiltinClassLoader::loadClass@3
                      ; - java.lang.ClassLoader::loadClass@38
  0x0000015dafaa4084: f802 95ff 

  0x0000015dafaa4088: ;   {other}
  0x0000015dafaa4088: 0f1f 8400 | f882 00b6 | 4489 8424 | a800 0000 | e93a abff | ffba 45ff | ffff 488b | 6c24 4844 
  0x0000015dafaa40a8: 8b54 2430 | 4489 5424 | 284c 8b54 | 2440 4c89 | 5424 384c | 8b54 2450 | 4c89 5424 | 4048 8974 
  0x0000015dafaa40c8: 2448 4c8b | 5424 684c | 8954 2460 | 4889 7424 | 6889 5c24 | 2c66 6690 

  0x0000015dafaa40e0: ;   {runtime_call UncommonTrapBlob}
  0x0000015dafaa40e0: c5f8 77e8 

  0x0000015dafaa40e4: ; ImmutableOopMap {rbp=Oop [64]=Oop [72]=Oop [96]=Oop [104]=Oop [120]=Oop }
                      ;*if_icmpne {reexecute=1 rethrow=0 return_oop=0}
                      ; - (reexecute) java.lang.ClassLoader::checkName@20
                      ; - java.lang.ClassLoader::findBootstrapClassOrNull@1
                      ; - java.lang.System$2::findBootstrapClassOrNull@1
                      ; - jdk.internal.loader.ClassLoaders$BootClassLoader::loadClassOrNull@4
                      ; - jdk.internal.loader.BuiltinClassLoader::loadClassOrNull@3
                      ; - jdk.internal.loader.BuiltinClassLoader::loadClassOrNull@66
                      ; - jdk.internal.loader.BuiltinClassLoader::loadClass@3
                      ; - java.lang.ClassLoader::loadClass@38
  0x0000015dafaa40e4: 9802 95ff 

  0x0000015dafaa40e8: ;   {other}
  0x0000015dafaa40e8: 0f1f 8400 | 5883 00b7 | 4c63 9424 | a800 0000 | 4d8b dae9 | 64ac ffff | 4983 c2fe | 498b ca48 
  0x0000015dafaa4108: 8bfa 4833 | c048 83f9 | 087f 1048 | ffc9 784f | 4889 04cf | 48ff c97d | f7eb 44c5 | fdef c0e9 
  0x0000015dafaa4128: 0d00 0000 | c5fe 7f07 | c5fe 7f47 | 2048 83c7 | 4048 83e9 | 087d ed48 | 83c1 047c | 0cc5 fe7f 
  0x0000015dafaa4148: 0748 83c7 | 2048 83e9 | 0448 83c1 | 047e 1048 | ffc9 c5f9 | d607 4883 | c708 48ff | c97d f3e9 
  0x0000015dafaa4168: 08ad ffff | bacc ffff | ff48 8b6c | 2448 448b | 5424 3044 | 8954 2428 | 4c8b 5424 | 404c 8954 
  0x0000015dafaa4188: 2438 4c8b | 5424 504c | 8954 2440 | 4c8b 5424 | 784c 8954 | 2450 4c8b | 5424 684c | 8954 2458 
  0x0000015dafaa41a8: 4c8b 5424 | 704c 8954 | 2460 4c8b | 9424 b000 | 0000 4c89 | 5424 704c | 8b94 2480 | 0000 004c 
  0x0000015dafaa41c8: 8954 2478 | 4c8b 9424 | e000 0000 | 4c89 9424 | 8000 0000 | 4c8b 9424 | b800 0000 

  0x0000015dafaa41e4: ;   {no_reloc}
  0x0000015dafaa41e4: 4c89 9424 | 8800 0000 | 4c8b 9424 | b000 0000 | 4c89 9424 | 9000 0000 | 448b 9424 | a800 0000 
  0x0000015dafaa4204: 4489 9424 | a000 0000 | 4c8b 9424 | b800 0000 | 4c89 9424 | b000 0000 | 4c8b 9424 | c000 0000 
  0x0000015dafaa4224: 4c89 9424 | b800 0000 | 4c8b 9424 | e800 0000 | 4c89 9424 | c800 0000 

  0x0000015dafaa423c: ;   {runtime_call UncommonTrapBlob}
  0x0000015dafaa423c: c5f8 77e8 

  0x0000015dafaa4240: ; ImmutableOopMap {rbp=Oop [64]=Oop [80]=Oop [112]=Oop [120]=Oop [128]=Oop [136]=Oop [144]=Oop [176]=Oop [200]=Oop [208]=NarrowOop [212]=NarrowOop [232]=Oop }
                      ;*newarray {reexecute=1 rethrow=0 return_oop=0}
                      ; - (reexecute) java.util.Arrays::copyOfRangeByte@10
                      ; - java.util.Arrays::copyOfRange@13
                      ; - java.lang.StringLatin1::newString@16
                      ; - java.lang.String::substring@41
                      ; - java.net.URLClassLoader::defineClass@28
                      ; - java.net.URLClassLoader$1::run@43
                      ; - java.net.URLClassLoader$1::run@1
                      ; - java.security.AccessController::executePrivileged@29
                      ; - java.security.AccessController::doPrivileged@13
                      ; - java.net.URLClassLoader::findClass@13
                      ; - java.lang.ClassLoader::loadClass@69
                      ; - java.lang.ClassLoader::loadClass@38
  0x0000015dafaa4240: 3c01 95ff 

  0x0000015dafaa4244: ;   {other}
  0x0000015dafaa4244: 0f1f 8400 | b484 00b8 | ba45 ffff | ff4c 8b54 | 2448 4c89 | 5424 204c | 8b54 2450 | 4c89 5424 
  0x0000015dafaa4264: 4848 8974 | 2450 4889 | 7424 7090 

  0x0000015dafaa4270: ;   {runtime_call UncommonTrapBlob}
  0x0000015dafaa4270: c5f8 77e8 

  0x0000015dafaa4274: ; ImmutableOopMap {[32]=Oop [72]=Oop [80]=Oop [104]=Oop [112]=Oop [120]=Oop }
                      ;*if_icmpne {reexecute=1 rethrow=0 return_oop=0}
                      ; - (reexecute) java.lang.ClassLoader::checkName@30
                      ; - java.lang.ClassLoader::findBootstrapClassOrNull@1
                      ; - java.lang.System$2::findBootstrapClassOrNull@1
                      ; - jdk.internal.loader.ClassLoaders$BootClassLoader::loadClassOrNull@4
                      ; - jdk.internal.loader.BuiltinClassLoader::loadClassOrNull@3
                      ; - jdk.internal.loader.BuiltinClassLoader::loadClassOrNull@66
                      ; - jdk.internal.loader.BuiltinClassLoader::loadClass@3
                      ; - java.lang.ClassLoader::loadClass@38
  0x0000015dafaa4274: 0801 95ff 

  0x0000015dafaa4278: ;   {other}
  0x0000015dafaa4278: 0f1f 8400 | e884 00b9 | 33ed 4585 | d240 0f94 | c5ba 45ff | ffff 4c8b | 5424 484c | 8954 2420 
  0x0000015dafaa4298: 4c8b 5424 | 504c 8954 | 2448 4c8b | 9424 b800 | 0000 4c89 | 5424 504c | 894c 2458 | 4c8b 5424 
  0x0000015dafaa42b8: 784c 8954 | 2470 4c89 | 4c24 784c | 8984 24b0 | 0000 0090 

  0x0000015dafaa42cc: ;   {runtime_call UncommonTrapBlob}
  0x0000015dafaa42cc: c5f8 77e8 

  0x0000015dafaa42d0: ; ImmutableOopMap {[32]=Oop [72]=Oop [80]=Oop [88]=Oop [112]=Oop [120]=Oop [160]=Oop [176]=Oop }
                      ;*ifeq {reexecute=1 rethrow=0 return_oop=0}
                      ; - (reexecute) java.lang.String::indexOf@4
                      ; - java.lang.String::indexOf@3
                      ; - java.lang.ClassLoader::checkName@16
                      ; - java.lang.ClassLoader::findLoadedClass@1
                      ; - jdk.internal.loader.BuiltinClassLoader::loadClassOrNull@10
                      ; - jdk.internal.loader.BuiltinClassLoader::loadClass@3
                      ; - java.lang.ClassLoader::loadClass@38
                      ; - java.lang.ClassLoader::loadClass@38
  0x0000015dafaa42d0: ac00 95ff 

  0x0000015dafaa42d4: ;   {other}
  0x0000015dafaa42d4: 0f1f 8400 | 4485 00ba | 33ed 4585 | db40 0f94 | c5ba 45ff | ffff 4c8b | 5c24 484c | 895c 2420 
  0x0000015dafaa42f4: 4c8b 5c24 | 584c 895c | 2428 4c8b | 5c24 504c | 895c 2448 | 4c8b 5c24 | 784c 895c | 2470 4c8b 
  0x0000015dafaa4314: 9c24 a000 | 0000 4c89 | 9c24 9800 | 0000 4489 | 5424 3490 

  0x0000015dafaa4328: ;   {runtime_call UncommonTrapBlob}
  0x0000015dafaa4328: c5f8 77e8 

  0x0000015dafaa432c: ; ImmutableOopMap {[32]=Oop [40]=Oop [72]=Oop [112]=Oop [152]=Oop [168]=Oop [184]=Oop }
                      ;*ifeq {reexecute=1 rethrow=0 return_oop=0}
                      ; - (reexecute) java.lang.String::lastIndexOf@4
                      ; - java.lang.String::lastIndexOf@8
                      ; - jdk.internal.loader.BuiltinClassLoader::findLoadedModule@3
                      ; - jdk.internal.loader.BuiltinClassLoader::loadClassOrNull@22
                      ; - jdk.internal.loader.BuiltinClassLoader::loadClass@3
                      ; - java.lang.ClassLoader::loadClass@38
                      ; - java.lang.ClassLoader::loadClass@38
  0x0000015dafaa432c: 5000 95ff 

  0x0000015dafaa4330: ;   {other}
  0x0000015dafaa4330: 0f1f 8400 | a085 00bb | ba45 ffff | ff48 8b6c | 2448 448b | 5c24 3044 | 895c 2428 | 4c8b 5424 
  0x0000015dafaa4350: 404c 8954 | 2438 4c8b | 5424 504c | 8954 2440 | 4c89 4c24 | 504c 8b54 | 2478 4c89 | 5424 584c 
  0x0000015dafaa4370: 8b54 2468 | 4c89 5424 | 604c 894c | 2470 4c89 | 8424 9800 | 0000 895c | 242c 6690 

  0x0000015dafaa438c: ;   {runtime_call UncommonTrapBlob}
  0x0000015dafaa438c: c5f8 77e8 

  0x0000015dafaa4390: ; ImmutableOopMap {rbp=Oop [64]=Oop [80]=Oop [88]=Oop [112]=Oop [152]=Oop [160]=Oop [184]=Oop }
                      ;*if_icmpne {reexecute=1 rethrow=0 return_oop=0}
                      ; - (reexecute) java.lang.ClassLoader::checkName@20
                      ; - java.lang.ClassLoader::findLoadedClass@1
                      ; - jdk.internal.loader.BuiltinClassLoader::loadClassOrNull@10
                      ; - jdk.internal.loader.BuiltinClassLoader::loadClass@3
                      ; - java.lang.ClassLoader::loadClass@38
                      ; - java.lang.ClassLoader::loadClass@38
  0x0000015dafaa4390: ecff 94ff 

  0x0000015dafaa4394: ;   {other}
  0x0000015dafaa4394: 0f1f 8400 | 0486 00bc | ba45 ffff | ff48 8b6c | 2448 4c8b | 9c24 b000 | 0000 4c89 | 5c24 2044 
  0x0000015dafaa43b4: 8b44 2430 | 4489 4424 | 284c 8b5c | 2440 4c89 | 5c24 384c | 8b5c 2450 | 4c89 5c24 | 404c 8b5c 
  0x0000015dafaa43d4: 2478 4c89 | 5c24 584c | 8b5c 2468 | 4c89 5c24 | 604c 8b9c | 24a8 0000 | 004c 899c | 2490 0000 
  0x0000015dafaa43f4: 0044 8954 | 242c 6690 

  0x0000015dafaa43fc: ;   {runtime_call UncommonTrapBlob}
  0x0000015dafaa43fc: c5f8 77e8 

  0x0000015dafaa4400: ; ImmutableOopMap {rbp=Oop [32]=Oop [64]=Oop [88]=Oop [144]=Oop [160]=Oop [168]=Oop [184]=Oop }
                      ;*ifle {reexecute=1 rethrow=0 return_oop=0}
                      ; - (reexecute) java.util.concurrent.ConcurrentHashMap::get@23
                      ; - jdk.internal.loader.BuiltinClassLoader::findLoadedModule@24
                      ; - jdk.internal.loader.BuiltinClassLoader::loadClassOrNull@22
                      ; - jdk.internal.loader.BuiltinClassLoader::loadClass@3
                      ; - java.lang.ClassLoader::loadClass@38
                      ; - java.lang.ClassLoader::loadClass@38
  0x0000015dafaa4400: 7cff 94ff 

  0x0000015dafaa4404: ;   {other}
  0x0000015dafaa4404: 0f1f 8400 | 7486 00bd | ba45 ffff | ff4c 8b54 | 2448 4c89 | 5424 204c | 8b94 24b0 | 0000 004c 
  0x0000015dafaa4424: 8954 2428 | 4c8b 5424 | 504c 8954 | 2448 4c8b | 5424 784c | 8954 2470 | 4c89 9c24 | 9000 0000 
  0x0000015dafaa4444: ;   {runtime_call UncommonTrapBlob}
  0x0000015dafaa4444: c5f8 77e8 

  0x0000015dafaa4448: ; ImmutableOopMap {rbp=NarrowOop [32]=Oop [40]=Oop [72]=Oop [112]=Oop [144]=Oop [184]=Oop }
                      ;*ifnull {reexecute=1 rethrow=0 return_oop=0}
                      ; - (reexecute) java.lang.ClassLoader::getClassLoadingLock@6
                      ; - jdk.internal.loader.BuiltinClassLoader::loadClassOrNull@2
                      ; - jdk.internal.loader.BuiltinClassLoader::loadClass@3
                      ; - java.lang.ClassLoader::loadClass@38
                      ; - java.lang.ClassLoader::loadClass@38
  0x0000015dafaa4448: 34ff 94ff 

  0x0000015dafaa444c: ;   {other}
  0x0000015dafaa444c: 0f1f 8400 | bc86 00be | ba45 ffff | ff4c 8b54 | 2448 4c89 | 5424 204c | 8b54 2450 | 4c89 5424 
  0x0000015dafaa446c: 484c 894c | 2458 4c8b | 5424 784c | 8954 2470 | 4c89 4c24 | 784c 8984 | 24a8 0000 | 0066 6690 
  0x0000015dafaa448c: ;   {runtime_call UncommonTrapBlob}
  0x0000015dafaa448c: c5f8 77e8 

  0x0000015dafaa4490: ; ImmutableOopMap {[32]=Oop [72]=Oop [88]=Oop [112]=Oop [120]=Oop [160]=Oop [168]=Oop [184]=Oop }
                      ;*if_icmpne {reexecute=1 rethrow=0 return_oop=0}
                      ; - (reexecute) java.lang.ClassLoader::checkName@30
                      ; - java.lang.ClassLoader::findLoadedClass@1
                      ; - jdk.internal.loader.BuiltinClassLoader::loadClassOrNull@10
                      ; - jdk.internal.loader.BuiltinClassLoader::loadClass@3
                      ; - java.lang.ClassLoader::loadClass@38
                      ; - java.lang.ClassLoader::loadClass@38
  0x0000015dafaa4490: ecfe 94ff 

  0x0000015dafaa4494: ;   {other}
  0x0000015dafaa4494: 0f1f 8400 | 0487 00bf | ba45 ffff | ff48 8b6c | 2448 4c8b | 9c24 b000 | 0000 4c89 | 5c24 2044 
  0x0000015dafaa44b4: 8b5c 2430 | 4489 5c24 | 284c 8b5c | 2440 4c89 | 5c24 384c | 8b5c 2450 | 4c89 5c24 | 404c 8b5c 
  0x0000015dafaa44d4: 2478 4c89 | 5c24 584c | 8b5c 2468 | 4c89 5c24 | 6044 8954 | 242c 4c8b | 9424 a800 | 0000 4c89 
  0x0000015dafaa44f4: 9424 9000 | 0000 6690 

  0x0000015dafaa44fc: ;   {runtime_call UncommonTrapBlob}
  0x0000015dafaa44fc: c5f8 77e8 

  0x0000015dafaa4500: ; ImmutableOopMap {rbp=Oop [32]=Oop [64]=Oop [88]=Oop [144]=Oop [160]=Oop [168]=Oop [184]=Oop }
                      ;*ifge {reexecute=1 rethrow=0 return_oop=0}
                      ; - (reexecute) jdk.internal.loader.BuiltinClassLoader::findLoadedModule@8
                      ; - jdk.internal.loader.BuiltinClassLoader::loadClassOrNull@22
                      ; - jdk.internal.loader.BuiltinClassLoader::loadClass@3
                      ; - java.lang.ClassLoader::loadClass@38
                      ; - java.lang.ClassLoader::loadClass@38
  0x0000015dafaa4500: 7cfe 94ff 

  0x0000015dafaa4504: ;   {other}
  0x0000015dafaa4504: 0f1f 8400 | 7487 00c0 | ba45 ffff | ff48 8b6c | 2448 4c8b | 9c24 b000 | 0000 4c89 | 5c24 2044 
  0x0000015dafaa4524: 8b4c 2430 | 4489 4c24 | 284c 8b5c | 2440 4c89 | 5c24 384c | 8b5c 2450 | 4c89 5c24 | 404c 8b5c 
  0x0000015dafaa4544: 2478 4c89 | 5c24 584c | 8b5c 2468 | 4c89 5c24 | 6044 8994 | 2488 0000 | 0044 8994 | 248c 0000 
  0x0000015dafaa4564: 004c 8b94 | 24a0 0000 | 004c 8994 | 2490 0000 | 004c 8b94 | 24a8 0000 | 004c 8994 | 24a0 0000 
  0x0000015dafaa4584: 0044 8984 | 24ac 0000 | 0044 8984 | 24b0 0000 | 0066 6690 

  0x0000015dafaa4598: ;   {runtime_call UncommonTrapBlob}
  0x0000015dafaa4598: c5f8 77e8 

  0x0000015dafaa459c: ; ImmutableOopMap {rbp=Oop [32]=Oop [64]=Oop [88]=Oop [144]=Oop [160]=Oop [184]=Oop }
                      ;*if_icmple {reexecute=1 rethrow=0 return_oop=0}
                      ; - (reexecute) jdk.internal.util.Preconditions::checkFromToIndex@11
                      ; - java.lang.String::checkBoundsBeginEnd@6
                      ; - java.lang.String::substring@8
                      ; - jdk.internal.loader.BuiltinClassLoader::findLoadedModule@16
                      ; - jdk.internal.loader.BuiltinClassLoader::loadClassOrNull@22
                      ; - jdk.internal.loader.BuiltinClassLoader::loadClass@3
                      ; - java.lang.ClassLoader::loadClass@38
                      ; - java.lang.ClassLoader::loadClass@38
  0x0000015dafaa459c: e0fd 94ff 

  0x0000015dafaa45a0: ;   {other}
  0x0000015dafaa45a0: 0f1f 8400 | 1088 00c1 | 33ed 4585 | c040 0f94 | c5ba 45ff | ffff 4c8b | 5c24 484c | 895c 2420 
  0x0000015dafaa45c0: 4c8b 5c24 | 504c 895c | 2448 4c8b | 5c24 784c | 895c 2458 | 4c8b 5c24 | 684c 895c | 2460 4c8b 
  0x0000015dafaa45e0: 5c24 704c | 895c 2468 | 4c8b 9c24 | b000 0000 | 4c89 5c24 | 784c 8b9c | 24e0 0000 | 004c 899c 
  0x0000015dafaa4600: 2488 0000 | 004c 8b9c | 24b8 0000 | 004c 899c | 2490 0000 | 004c 8b9c | 24b0 0000 | 004c 899c 
  0x0000015dafaa4620: 2498 0000 | 0044 8994 | 24b4 0000 | 0066 6690 

  0x0000015dafaa4630: ;   {runtime_call UncommonTrapBlob}
  0x0000015dafaa4630: c5f8 77e8 

  0x0000015dafaa4634: ; ImmutableOopMap {[32]=Oop [72]=Oop [88]=Oop [120]=Oop [128]=Oop [136]=Oop [144]=Oop [152]=Oop [240]=NarrowOop [244]=NarrowOop }
                      ;*ifeq {reexecute=1 rethrow=0 return_oop=0}
                      ; - (reexecute) java.lang.String::lastIndexOf@4
                      ; - java.lang.String::lastIndexOf@8
                      ; - java.net.URLClassLoader::defineClass@7
                      ; - java.net.URLClassLoader$1::run@43
                      ; - java.net.URLClassLoader$1::run@1
                      ; - java.security.AccessController::executePrivileged@29
                      ; - java.security.AccessController::doPrivileged@13
                      ; - java.net.URLClassLoader::findClass@13
                      ; - java.lang.ClassLoader::loadClass@69
                      ; - java.lang.ClassLoader::loadClass@38
  0x0000015dafaa4634: 48fd 94ff 

  0x0000015dafaa4638: ;   {other}
  0x0000015dafaa4638: 0f1f 8400 | a888 00c2 | ba45 ffff | ff48 8b6c | 2448 448b | 5424 3044 | 8954 2428 | 4c8b 5424 
  0x0000015dafaa4658: 404c 8954 | 2438 4c8b | 5424 504c | 8954 2440 | 4c8b 5424 | 784c 8954 | 2450 4c8b | 5424 684c 
  0x0000015dafaa4678: 8954 2458 | 4c8b 5424 | 704c 8954 | 2460 4c8b | 9424 b000 | 0000 4c89 | 5424 704c | 8b94 2480 
  0x0000015dafaa4698: 0000 004c | 8954 2478 | 4c8b 9424 | e000 0000 | 4c89 9424 | 8000 0000 | 4c8b 9424 | b800 0000 
  0x0000015dafaa46b8: 4c89 9424 | 8800 0000 | 4c8b 9424 | b000 0000 | 4c89 9424 | 9000 0000 | 4c8b 9424 | c000 0000 
  0x0000015dafaa46d8: 4c89 9424 | b800 0000 | 4489 8c24 | c800 0000 

  0x0000015dafaa46e8: ;   {runtime_call UncommonTrapBlob}
  0x0000015dafaa46e8: c5f8 77e8 

  0x0000015dafaa46ec: ; ImmutableOopMap {rbp=Oop [64]=Oop [80]=Oop [112]=Oop [120]=Oop [128]=Oop [136]=Oop [144]=Oop [212]=NarrowOop [240]=NarrowOop [244]=NarrowOop }
                      ;*if_icmpgt {reexecute=1 rethrow=0 return_oop=0}
                      ; - (reexecute) jdk.internal.util.Preconditions::checkFromToIndex@6
                      ; - java.lang.String::checkBoundsBeginEnd@6
                      ; - java.lang.String::substring@8
                      ; - java.net.URLClassLoader::defineClass@28
                      ; - java.net.URLClassLoader$1::run@43
                      ; - java.net.URLClassLoader$1::run@1
                      ; - java.security.AccessController::executePrivileged@29
                      ; - java.security.AccessController::doPrivileged@13
                      ; - java.net.URLClassLoader::findClass@13
                      ; - java.lang.ClassLoader::loadClass@69
                      ; - java.lang.ClassLoader::loadClass@38
  0x0000015dafaa46ec: 90fc 94ff 

  0x0000015dafaa46f0: ;   {other}
  0x0000015dafaa46f0: 0f1f 8400 | 6089 00c3 | ba45 ffff | ff48 8b6c | 2448 448b | 5c24 3044 | 895c 2428 | 4c8b 5424 
  0x0000015dafaa4710: 404c 8954 | 2438 4c8b | 5424 504c | 8954 2440 | 4c8b 5424 | 784c 8954 | 2450 4c8b | 5424 684c 
  0x0000015dafaa4730: 8954 2458 | 4c8b 5424 | 704c 8954 | 2460 4c8b | 9424 b000 | 0000 4c89 | 5424 704c | 8b94 2480 
  0x0000015dafaa4750: 0000 004c | 8954 2478 | 4c8b 9424 | e000 0000 | 4c89 9424 | 8000 0000 | 4c8b 9424 | b000 0000 
  0x0000015dafaa4770: 4c89 9424 | 9000 0000 | 448b 9424 | a800 0000 | 4489 5424 | 2c66 6690 

  0x0000015dafaa4788: ;   {runtime_call UncommonTrapBlob}
  0x0000015dafaa4788: c5f8 77e8 

  0x0000015dafaa478c: ; ImmutableOopMap {rbp=Oop [64]=Oop [80]=Oop [112]=Oop [120]=Oop [128]=Oop [144]=Oop [184]=Oop [212]=NarrowOop [240]=NarrowOop [244]=NarrowOop }
                      ;*if_icmpeq {reexecute=1 rethrow=0 return_oop=0}
                      ; - (reexecute) java.net.URLClassLoader::defineClass@21
                      ; - java.net.URLClassLoader$1::run@43
                      ; - java.net.URLClassLoader$1::run@1
                      ; - java.security.AccessController::executePrivileged@29
                      ; - java.security.AccessController::doPrivileged@13
                      ; - java.net.URLClassLoader::findClass@13
                      ; - java.lang.ClassLoader::loadClass@69
                      ; - java.lang.ClassLoader::loadClass@38
  0x0000015dafaa478c: f0fb 94ff 

  0x0000015dafaa4790: ;   {other}
  0x0000015dafaa4790: 0f1f 8400 | 008a 00c4 | ba45 ffff | ff48 8b6c | 2448 448b | 5c24 3044 | 895c 2428 | 4c8b 5424 
  0x0000015dafaa47b0: 404c 8954 | 2438 4c8b | 5424 504c | 8954 2440 | 4c8b 5424 | 784c 8954 | 2450 4c8b | 5424 684c 
  0x0000015dafaa47d0: 8954 2458 | 4c8b 5424 | 704c 8954 | 2460 4c8b | 9424 b000 | 0000 4c89 | 5424 704c | 8b94 2480 
  0x0000015dafaa47f0: 0000 004c | 8954 2478 | 4c8b 9424 | e000 0000 | 4c89 9424 | 8000 0000 | 4c8b 9424 | b800 0000 
  0x0000015dafaa4810: 4c89 9424 | 8800 0000 | 4c8b 9424 | b000 0000 | 4c89 9424 | 9000 0000 | 4c8b 9424 | c000 0000 
  0x0000015dafaa4830: 4c89 9424 | b800 0000 | 4489 8c24 | c800 0000 | 4489 8c24 | cc00 0000 

  0x0000015dafaa4848: ;   {runtime_call UncommonTrapBlob}
  0x0000015dafaa4848: c5f8 77e8 

  0x0000015dafaa484c: ; ImmutableOopMap {rbp=Oop [64]=Oop [80]=Oop [112]=Oop [120]=Oop [128]=Oop [136]=Oop [144]=Oop [212]=NarrowOop [240]=NarrowOop [244]=NarrowOop }
                      ;*if_icmple {reexecute=1 rethrow=0 return_oop=0}
                      ; - (reexecute) jdk.internal.util.Preconditions::checkFromToIndex@11
                      ; - java.lang.String::checkBoundsBeginEnd@6
                      ; - java.lang.String::substring@8
                      ; - java.net.URLClassLoader::defineClass@28
                      ; - java.net.URLClassLoader$1::run@43
                      ; - java.net.URLClassLoader$1::run@1
                      ; - java.security.AccessController::executePrivileged@29
                      ; - java.security.AccessController::doPrivileged@13
                      ; - java.net.URLClassLoader::findClass@13
                      ; - java.lang.ClassLoader::loadClass@69
                      ; - java.lang.ClassLoader::loadClass@38
  0x0000015dafaa484c: 30fb 94ff 

  0x0000015dafaa4850: ;   {other}
  0x0000015dafaa4850: 0f1f 8400 | c08a 00c5 | ba45 ffff | ff4c 8b54 | 2448 4c89 | 5424 204c | 8b54 2450 | 4c89 5424 
  0x0000015dafaa4870: 484c 8b54 | 2478 4c89 | 5424 584c | 8b54 2468 | 4c89 5424 | 604c 8b54 | 2470 4c89 | 5424 684c 
  0x0000015dafaa4890: 8b94 24e0 | 0000 004c | 8994 2488 | 0000 0044 | 8b94 24d4 | 0000 0044 | 8954 2434 

  0x0000015dafaa48ac: ;   {runtime_call UncommonTrapBlob}
  0x0000015dafaa48ac: c5f8 77e8 

  0x0000015dafaa48b0: ; ImmutableOopMap {rbp=NarrowOop [32]=Oop [52]=NarrowOop [72]=Oop [88]=Oop [128]=Oop [136]=Oop [176]=Oop [184]=Oop [200]=NarrowOop [232]=Oop }
                      ;*ifnull {reexecute=1 rethrow=0 return_oop=0}
                      ; - (reexecute) java.util.jar.JarFile::maybeInstantiateVerifier@4
                      ; - java.util.jar.JarFile::ensureInitialization@1
                      ; - java.util.jar.JavaUtilJarAccessImpl::ensureInitialization@1
                      ; - jdk.internal.loader.URLClassPath$JarLoader$2::getManifest@10
                      ; - java.net.URLClassLoader::defineClass@34
                      ; - java.net.URLClassLoader$1::run@43
                      ; - java.net.URLClassLoader$1::run@1
                      ; - java.security.AccessController::executePrivileged@29
                      ; - java.security.AccessController::doPrivileged@13
                      ; - java.net.URLClassLoader::findClass@13
                      ; - java.lang.ClassLoader::loadClass@69
                      ; - java.lang.ClassLoader::loadClass@38
  0x0000015dafaa48b0: ccfa 94ff 

  0x0000015dafaa48b4: ;   {other}
  0x0000015dafaa48b4: 0f1f 8400 | 248b 00c6 | ba45 ffff | ff48 8b6c | 2448 448b | 5424 3044 | 8954 2428 | 4c8b 5424 
  0x0000015dafaa48d4: 404c 8954 | 2438 4c8b | 5424 504c | 8954 2440 | 4c8b 5424 | 784c 8954 | 2450 4c8b | 5424 684c 
  0x0000015dafaa48f4: 8954 2458 | 4c8b 5424 | 704c 8954 | 2460 4c8b | 9424 b000 | 0000 4c89 | 5424 704c | 8b94 2480 
  0x0000015dafaa4914: 0000 004c | 8954 2478 | 4c8b 9424 | 9000 0000 | 4c89 9424 | 8000 0000 | 4c8b 9424 | b800 0000 
  0x0000015dafaa4934: 4c89 9424 | 8800 0000 | 4c8b 9424 | b000 0000 | 4c89 9424 | 9000 0000 | 4c8b 9424 | b800 0000 
  0x0000015dafaa4954: 4c89 9424 | a800 0000 | 4c8b 9424 | c000 0000 | 4c89 9424 | b000 0000 | 4889 8424 | c000 0000 
  0x0000015dafaa4974: ;   {runtime_call UncommonTrapBlob}
  0x0000015dafaa4974: c5f8 77e8 

  0x0000015dafaa4978: ; ImmutableOopMap {rbp=Oop [64]=Oop [80]=Oop [112]=Oop [120]=Oop [128]=Oop [136]=Oop [144]=Oop [168]=Oop [192]=Oop [212]=NarrowOop }
                      ;*ifnull {reexecute=1 rethrow=0 return_oop=0}
                      ; - (reexecute) java.net.URLClassLoader::defineClass@139
                      ; - java.net.URLClassLoader$1::run@43
                      ; - java.net.URLClassLoader$1::run@1
                      ; - java.security.AccessController::executePrivileged@29
                      ; - java.security.AccessController::doPrivileged@13
                      ; - java.net.URLClassLoader::findClass@13
                      ; - java.lang.ClassLoader::loadClass@69
                      ; - java.lang.ClassLoader::loadClass@38
  0x0000015dafaa4978: 04fa 94ff 

  0x0000015dafaa497c: ;   {other}
  0x0000015dafaa497c: 0f1f 8400 | ec8b 00c7 | 488b bc24 | 8800 0000 | 498b d7c5 | f877 49ba | 20a4 c337 | fc7f 0000 
  0x0000015dafaa499c: ;   {other}
  0x0000015dafaa499c: 41ff d20f | 1f84 0000 | 0000 00e9 | 48c9 ffff | 498b d7c5 | f877 49ba | 20a4 c337 | fc7f 0000 
  0x0000015dafaa49bc: ;   {other}
  0x0000015dafaa49bc: 41ff d20f | 1f84 0000 | 0000 00e9 | b7c9 ffff | 498b d7c5 | f877 49ba | 20a4 c337 | fc7f 0000 
  0x0000015dafaa49dc: ;   {other}
  0x0000015dafaa49dc: 41ff d20f | 1f84 0000 | 0000 00e9 | 93a4 ffff | bade ffff | ff4c 8b54 | 2448 4c89 | 5424 204c 
  0x0000015dafaa49fc: 8b94 24b0 | 0000 004c | 8954 2428 | 4c8b 5424 | 504c 8954 | 2448 4c8b | 5424 784c | 8954 2470 
  0x0000015dafaa4a1c: 48ff b424 | a000 0000 | 488f 8424 | 9000 0000 | 4c8b 9424 | a800 0000 | 4c89 9424 | a000 0000 
  0x0000015dafaa4a3c: ;   {runtime_call UncommonTrapBlob}
  0x0000015dafaa4a3c: c5f8 77e8 

  0x0000015dafaa4a40: ; ImmutableOopMap {rbp=NarrowOop [32]=Oop [40]=Oop [72]=Oop [112]=Oop [144]=Oop [160]=Oop [168]=Oop [184]=Oop }
                      ;*invokevirtual loadClassOrNull {reexecute=0 rethrow=0 return_oop=0}
                      ; - jdk.internal.loader.BuiltinClassLoader::loadClassOrNull@3
                      ; - jdk.internal.loader.BuiltinClassLoader::loadClassOrNull@86
                      ; - jdk.internal.loader.BuiltinClassLoader::loadClass@3
                      ; - java.lang.ClassLoader::loadClass@38
                      ; - java.lang.ClassLoader::loadClass@38
  0x0000015dafaa4a40: 3cf9 94ff 

  0x0000015dafaa4a44: ;   {other}
  0x0000015dafaa4a44: 0f1f 8400 | b48c 00c8 | ba45 ffff | ff48 8b6c | 2448 448b | 5c24 3044 | 895c 2428 | 4c8b 5424 
  0x0000015dafaa4a64: 404c 8954 | 2438 4c8b | 5424 504c | 8954 2440 | 4c89 4c24 | 504c 8b54 | 2478 4c89 | 5424 584c 
  0x0000015dafaa4a84: 8b54 2468 | 4c89 5424 | 604c 894c | 2470 4c8b | 9424 a800 | 0000 4c89 | 9424 9800 | 0000 6690 
  0x0000015dafaa4aa4: ;   {runtime_call UncommonTrapBlob}
  0x0000015dafaa4aa4: c5f8 77e8 

  0x0000015dafaa4aa8: ; ImmutableOopMap {rbp=Oop [64]=Oop [80]=Oop [88]=Oop [112]=Oop [152]=Oop [160]=Oop [168]=Oop [184]=Oop }
                      ;*ifeq {reexecute=1 rethrow=0 return_oop=0}
                      ; - (reexecute) java.lang.ClassLoader::checkName@8
                      ; - java.lang.ClassLoader::findBootstrapClassOrNull@1
                      ; - java.lang.System$2::findBootstrapClassOrNull@1
                      ; - jdk.internal.loader.ClassLoaders$BootClassLoader::loadClassOrNull@4
                      ; - jdk.internal.loader.BuiltinClassLoader::loadClassOrNull@3
                      ; - jdk.internal.loader.BuiltinClassLoader::loadClassOrNull@86
                      ; - jdk.internal.loader.BuiltinClassLoader::loadClass@3
                      ; - java.lang.ClassLoader::loadClass@38
                      ; - java.lang.ClassLoader::loadClass@38
  0x0000015dafaa4aa8: d4f8 94ff 

  0x0000015dafaa4aac: ;   {other}
  0x0000015dafaa4aac: 0f1f 8400 | 1c8d 00c9 | bace ffff | ff4c 8b5c | 2448 4c89 | 5c24 204c | 8b5c 2450 | 4c89 5c24 
  0x0000015dafaa4acc: 484c 894c | 2458 4c8b | 5c24 784c | 895c 2470 | 4c89 4c24 | 7848 ffb4 | 24a0 0000 | 0048 8f84 
  0x0000015dafaa4aec: 2498 0000 | 0044 8954 | 2434 6690 

  0x0000015dafaa4af8: ;   {runtime_call UncommonTrapBlob}
  0x0000015dafaa4af8: c5f8 77e8 

  0x0000015dafaa4afc: ; ImmutableOopMap {rbp=NarrowOop [32]=Oop [72]=Oop [88]=Oop [112]=Oop [120]=Oop [152]=Oop [168]=Oop [184]=Oop }
                      ;*invokestatic indexOfChar {reexecute=0 rethrow=0 return_oop=0}
                      ; - java.lang.StringLatin1::indexOf@33
                      ; - java.lang.String::indexOf@17
                      ; - java.lang.String::indexOf@3
                      ; - java.lang.ClassLoader::checkName@16
                      ; - java.lang.ClassLoader::findBootstrapClassOrNull@1
                      ; - java.lang.System$2::findBootstrapClassOrNull@1
                      ; - jdk.internal.loader.ClassLoaders$BootClassLoader::loadClassOrNull@4
                      ; - jdk.internal.loader.BuiltinClassLoader::loadClassOrNull@3
                      ; - jdk.internal.loader.BuiltinClassLoader::loadClassOrNull@86
                      ; - jdk.internal.loader.BuiltinClassLoader::loadClass@3
                      ; - java.lang.ClassLoader::loadClass@38
                      ; - java.lang.ClassLoader::loadClass@38
  0x0000015dafaa4afc: 80f8 94ff 

  0x0000015dafaa4b00: ;   {other}
  0x0000015dafaa4b00: 0f1f 8400 | 708d 00ca | 33ed 4585 | db40 0f94 | c5ba 45ff | ffff 4c8b | 5424 484c | 8954 2420 
  0x0000015dafaa4b20: 4c8b 5424 | 504c 8954 | 2448 4c89 | 4c24 5048 | ff74 2478 | 488f 4424 | 584c 894c | 2460 6690 
  0x0000015dafaa4b40: ;   {runtime_call UncommonTrapBlob}
  0x0000015dafaa4b40: c5f8 77e8 

  0x0000015dafaa4b44: ; ImmutableOopMap {[32]=Oop [72]=Oop [80]=Oop [88]=Oop [96]=Oop [104]=Oop }
                      ;*ifeq {reexecute=1 rethrow=0 return_oop=0}
                      ; - (reexecute) java.lang.String::indexOf@4
                      ; - java.lang.String::indexOf@3
                      ; - java.lang.ClassLoader::checkName@16
                      ; - java.lang.ClassLoader::findBootstrapClassOrNull@1
                      ; - java.lang.System$2::findBootstrapClassOrNull@1
                      ; - jdk.internal.loader.ClassLoaders$BootClassLoader::loadClassOrNull@4
                      ; - jdk.internal.loader.BuiltinClassLoader::loadClassOrNull@3
                      ; - jdk.internal.loader.BuiltinClassLoader::loadClassOrNull@86
                      ; - jdk.internal.loader.BuiltinClassLoader::loadClass@3
                      ; - java.lang.ClassLoader::loadClass@38
  0x0000015dafaa4b44: 38f8 94ff 

  0x0000015dafaa4b48: ;   {other}
  0x0000015dafaa4b48: 0f1f 8400 | b88d 00cb | ba45 ffff | ff48 8b6c | 2448 448b | 5c24 3044 | 895c 2428 | 4c8b 5424 
  0x0000015dafaa4b68: 404c 8954 | 2438 4c8b | 5424 504c | 8954 2440 | 4c8b 5424 | 684c 8954 | 2460 4889 | 4424 7090 
  0x0000015dafaa4b88: ;   {runtime_call UncommonTrapBlob}
  0x0000015dafaa4b88: c5f8 77e8 

  0x0000015dafaa4b8c: ; ImmutableOopMap {rbp=Oop [32]=Oop [64]=Oop [96]=Oop [112]=Oop [120]=Oop }
                      ;*ifnonnull {reexecute=1 rethrow=0 return_oop=0}
                      ; - (reexecute) jdk.internal.loader.BuiltinClassLoader::loadClassOrNull@93
                      ; - jdk.internal.loader.BuiltinClassLoader::loadClass@3
                      ; - java.lang.ClassLoader::loadClass@38
  0x0000015dafaa4b8c: f0f7 94ff 

  0x0000015dafaa4b90: ;   {other}
  0x0000015dafaa4b90: 0f1f 8400 | 008e 00cc | ba45 ffff | ff48 8b6c | 2448 448b | 5424 3044 | 8954 2428 | 4c8b 5424 
  0x0000015dafaa4bb0: 404c 8954 | 2438 4c8b | 5424 504c | 8954 2440 | 4c89 4c24 | 484c 894c | 2458 895c | 242c 6690 
  0x0000015dafaa4bd0: ;   {runtime_call UncommonTrapBlob}
  0x0000015dafaa4bd0: c5f8 77e8 

  0x0000015dafaa4bd4: ; ImmutableOopMap {rbp=Oop [64]=Oop [72]=Oop [88]=Oop [104]=Oop [120]=Oop }
                      ;*if_icmpne {reexecute=1 rethrow=0 return_oop=0}
                      ; - (reexecute) java.lang.ClassLoader::checkName@20
                      ; - java.lang.ClassLoader::findBootstrapClassOrNull@1
                      ; - java.lang.System$2::findBootstrapClassOrNull@1
                      ; - jdk.internal.loader.ClassLoaders$BootClassLoader::loadClassOrNull@4
                      ; - jdk.internal.loader.BuiltinClassLoader::loadClassOrNull@3
                      ; - jdk.internal.loader.BuiltinClassLoader::loadClassOrNull@86
                      ; - jdk.internal.loader.BuiltinClassLoader::loadClass@3
                      ; - java.lang.ClassLoader::loadClass@38
  0x0000015dafaa4bd4: a8f7 94ff 

  0x0000015dafaa4bd8: ;   {other}
  0x0000015dafaa4bd8: 0f1f 8400 | 488e 00cd | ba45 ffff | ff4c 8b54 | 2448 4c89 | 5424 204c | 8b54 2450 | 4c89 5424 
  0x0000015dafaa4bf8: 484c 894c | 2450 48ff | 7424 7848 | 8f44 2458 | 4c89 4c24 | 6066 6690 

  0x0000015dafaa4c10: ;   {runtime_call UncommonTrapBlob}
  0x0000015dafaa4c10: c5f8 77e8 

  0x0000015dafaa4c14: ; ImmutableOopMap {[32]=Oop [72]=Oop [80]=Oop [88]=Oop [96]=Oop [104]=Oop }
                      ;*if_icmpne {reexecute=1 rethrow=0 return_oop=0}
                      ; - (reexecute) java.lang.ClassLoader::checkName@30
                      ; - java.lang.ClassLoader::findBootstrapClassOrNull@1
                      ; - java.lang.System$2::findBootstrapClassOrNull@1
                      ; - jdk.internal.loader.ClassLoaders$BootClassLoader::loadClassOrNull@4
                      ; - jdk.internal.loader.BuiltinClassLoader::loadClassOrNull@3
                      ; - jdk.internal.loader.BuiltinClassLoader::loadClassOrNull@86
                      ; - jdk.internal.loader.BuiltinClassLoader::loadClass@3
                      ; - java.lang.ClassLoader::loadClass@38
  0x0000015dafaa4c14: 68f7 94ff 

  0x0000015dafaa4c18: ;   {other}
  0x0000015dafaa4c18: 0f1f 8400 | 888e 00ce | 33ed 4585 | db40 0f95 | c5ba 45ff | ffff 4c8b | 5424 484c | 8954 2420 
  0x0000015dafaa4c38: 4c8b 5424 | 504c 8954 | 2448 6690 

  0x0000015dafaa4c44: ;   {runtime_call UncommonTrapBlob}
  0x0000015dafaa4c44: c5f8 77e8 

  0x0000015dafaa4c48: ; ImmutableOopMap {[32]=Oop [40]=Oop [72]=Oop [104]=Oop [120]=Oop }
                      ;*ifeq {reexecute=1 rethrow=0 return_oop=0}
                      ; - (reexecute) jdk.internal.loader.BuiltinClassLoader::loadClassOrNull@100
                      ; - jdk.internal.loader.BuiltinClassLoader::loadClass@3
                      ; - java.lang.ClassLoader::loadClass@38
  0x0000015dafaa4c48: 34f7 94ff 

  0x0000015dafaa4c4c: ;   {other}
  0x0000015dafaa4c4c: 0f1f 8400 | bc8e 00cf | ba45 ffff | ff4c 8b44 | 2448 4c89 | 4424 204c | 8b84 24b0 | 0000 004c 
  0x0000015dafaa4c6c: 8944 2428 | 4c8b 4424 | 504c 8944 | 2448 4c8b | 4424 784c | 8944 2458 | 4c89 4c24 | 7844 895c 
  0x0000015dafaa4c8c: 2434 4489 | 9424 8000 | 0000 899c | 2484 0000 | 0066 6690 

  0x0000015dafaa4ca0: ;   {runtime_call UncommonTrapBlob}
  0x0000015dafaa4ca0: c5f8 77e8 

  0x0000015dafaa4ca4: ; ImmutableOopMap {[32]=Oop [40]=Oop [52]=NarrowOop [72]=Oop [88]=Oop [104]=Oop [120]=Oop }
                      ;*if_icmpne {reexecute=1 rethrow=0 return_oop=0}
                      ; - (reexecute) java.lang.String::equals@33
                      ; - java.util.concurrent.ConcurrentHashMap::get@73
                      ; - jdk.internal.loader.BuiltinClassLoader::findLoadedModule@24
                      ; - jdk.internal.loader.BuiltinClassLoader::loadClassOrNull@22
                      ; - jdk.internal.loader.BuiltinClassLoader::loadClass@3
                      ; - java.lang.ClassLoader::loadClass@38
  0x0000015dafaa4ca4: d8f6 94ff 

  0x0000015dafaa4ca8: ;   {other}
  0x0000015dafaa4ca8: 0f1f 8400 | 188f 00d0 | 33ed 4585 | db40 0f94 | c5ba 45ff | ffff 4c8b | 5424 484c | 8954 2420 
  0x0000015dafaa4cc8: 4c8b 5424 | 504c 8954 | 2448 4c89 | 4c24 584c | 8b54 2478 | 4c89 5424 | 704c 894c | 2478 48ff 
  0x0000015dafaa4ce8: b424 a000 | 0000 488f | 8424 9800 | 0000 6690 

  0x0000015dafaa4cf8: ;   {runtime_call UncommonTrapBlob}
  0x0000015dafaa4cf8: c5f8 77e8 

  0x0000015dafaa4cfc: ; ImmutableOopMap {[32]=Oop [72]=Oop [88]=Oop [112]=Oop [120]=Oop [152]=Oop [168]=Oop [184]=Oop }
                      ;*ifeq {reexecute=1 rethrow=0 return_oop=0}
                      ; - (reexecute) java.lang.String::indexOf@4
                      ; - java.lang.String::indexOf@3
                      ; - java.lang.ClassLoader::checkName@16
                      ; - java.lang.ClassLoader::findBootstrapClassOrNull@1
                      ; - java.lang.System$2::findBootstrapClassOrNull@1
                      ; - jdk.internal.loader.ClassLoaders$BootClassLoader::loadClassOrNull@4
                      ; - jdk.internal.loader.BuiltinClassLoader::loadClassOrNull@3
                      ; - jdk.internal.loader.BuiltinClassLoader::loadClassOrNull@66
                      ; - jdk.internal.loader.BuiltinClassLoader::loadClass@3
                      ; - java.lang.ClassLoader::loadClass@38
                      ; - java.lang.ClassLoader::loadClass@38
  0x0000015dafaa4cfc: 80f6 94ff 

  0x0000015dafaa4d00: ;   {other}
  0x0000015dafaa4d00: 0f1f 8400 | 708f 00d1 | ba45 ffff | ff48 8b6c | 2448 448b | 5c24 3044 | 895c 2428 | 4c8b 5424 
  0x0000015dafaa4d20: 404c 8954 | 2438 4c8b | 5424 504c | 8954 2440 | 4c89 4c24 | 504c 8b54 | 2478 4c89 | 5424 584c 
  0x0000015dafaa4d40: 8b54 2468 | 4c89 5424 | 604c 894c | 2470 4c8b | 9424 a800 | 0000 4c89 | 9424 9000 | 0000 895c 
  0x0000015dafaa4d60: 242c 6690 

  0x0000015dafaa4d64: ;   {runtime_call UncommonTrapBlob}
  0x0000015dafaa4d64: c5f8 77e8 

  0x0000015dafaa4d68: ; ImmutableOopMap {rbp=Oop [64]=Oop [80]=Oop [88]=Oop [112]=Oop [144]=Oop [160]=Oop [168]=Oop [184]=Oop }
                      ;*if_icmpne {reexecute=1 rethrow=0 return_oop=0}
                      ; - (reexecute) java.lang.ClassLoader::checkName@20
                      ; - java.lang.ClassLoader::findBootstrapClassOrNull@1
                      ; - java.lang.System$2::findBootstrapClassOrNull@1
                      ; - jdk.internal.loader.ClassLoaders$BootClassLoader::loadClassOrNull@4
                      ; - jdk.internal.loader.BuiltinClassLoader::loadClassOrNull@3
                      ; - jdk.internal.loader.BuiltinClassLoader::loadClassOrNull@66
                      ; - jdk.internal.loader.BuiltinClassLoader::loadClass@3
                      ; - java.lang.ClassLoader::loadClass@38
                      ; - java.lang.ClassLoader::loadClass@38
  0x0000015dafaa4d68: 14f6 94ff 

  0x0000015dafaa4d6c: ;   {other}
  0x0000015dafaa4d6c: 0f1f 8400 | dc8f 00d2 | ba45 ffff | ff4c 8b54 | 2448 4c89 | 5424 204c | 8b54 2450 | 4c89 5424 
  0x0000015dafaa4d8c: 484c 894c | 2458 4c8b | 5424 784c | 8954 2470 | 4c89 4c24 | 784c 8b94 | 24a8 0000 | 004c 8994 
  0x0000015dafaa4dac: 2498 0000 | 0066 6690 

  0x0000015dafaa4db4: ;   {runtime_call UncommonTrapBlob}
  0x0000015dafaa4db4: c5f8 77e8 

  0x0000015dafaa4db8: ; ImmutableOopMap {[32]=Oop [72]=Oop [88]=Oop [112]=Oop [120]=Oop [152]=Oop [160]=Oop [168]=Oop [184]=Oop }
                      ;*if_icmpne {reexecute=1 rethrow=0 return_oop=0}
                      ; - (reexecute) java.lang.ClassLoader::checkName@30
                      ; - java.lang.ClassLoader::findBootstrapClassOrNull@1
                      ; - java.lang.System$2::findBootstrapClassOrNull@1
                      ; - jdk.internal.loader.ClassLoaders$BootClassLoader::loadClassOrNull@4
                      ; - jdk.internal.loader.BuiltinClassLoader::loadClassOrNull@3
                      ; - jdk.internal.loader.BuiltinClassLoader::loadClassOrNull@66
                      ; - jdk.internal.loader.BuiltinClassLoader::loadClass@3
                      ; - java.lang.ClassLoader::loadClass@38
                      ; - java.lang.ClassLoader::loadClass@38
  0x0000015dafaa4db8: c4f5 94ff 

  0x0000015dafaa4dbc: ;   {other}
  0x0000015dafaa4dbc: 0f1f 8400 | 2c90 00d3 | 488b 4c24 | 5048 8d94 | 2430 0100 | 004d 8bc7 | c5f8 7749 | ba40 d904 
  0x0000015dafaa4ddc: 38fc 7f00 | 0041 ffd2 

  0x0000015dafaa4de4: ;   {other}
  0x0000015dafaa4de4: 0f1f 8400 | 0000 0000 | e903 a8ff | ffba 45ff | ffff 4c8b | 4424 484c | 8944 2420 | 4c8b 8424 
  0x0000015dafaa4e04: b000 0000 | 4c89 4424 | 284c 8b44 | 2450 4c89 | 4424 484c | 8b44 2478 | 4c89 4424 | 584c 894c 
  0x0000015dafaa4e24: 2478 4489 | 5c24 3444 | 8994 2480 | 0000 0090 

  0x0000015dafaa4e34: ;   {runtime_call UncommonTrapBlob}
  0x0000015dafaa4e34: c5f8 77e8 

  0x0000015dafaa4e38: ; ImmutableOopMap {[32]=Oop [40]=Oop [52]=NarrowOop [72]=Oop [88]=Oop [104]=Oop [120]=Oop }
                      ;*ifge {reexecute=1 rethrow=0 return_oop=0}
                      ; - (reexecute) java.util.concurrent.ConcurrentHashMap::get@86
                      ; - jdk.internal.loader.BuiltinClassLoader::findLoadedModule@24
                      ; - jdk.internal.loader.BuiltinClassLoader::loadClassOrNull@22
                      ; - jdk.internal.loader.BuiltinClassLoader::loadClass@3
                      ; - java.lang.ClassLoader::loadClass@38
  0x0000015dafaa4e38: 44f5 94ff 

  0x0000015dafaa4e3c: ;   {other}
  0x0000015dafaa4e3c: 0f1f 8400 | ac90 00d4 | 33ed 4585 | db40 0f94 | c5ba 45ff | ffff 4c8b | 5424 484c | 8954 2420 
  0x0000015dafaa4e5c: 4c8b 5424 | 504c 8954 | 2448 4c89 | 4c24 584c | 8b54 2478 | 4c89 5424 | 704c 894c | 2478 6690 
  0x0000015dafaa4e7c: ;   {runtime_call UncommonTrapBlob}
  0x0000015dafaa4e7c: c5f8 77e8 

  0x0000015dafaa4e80: ; ImmutableOopMap {[32]=Oop [72]=Oop [88]=Oop [112]=Oop [120]=Oop [160]=Oop [168]=Oop [184]=Oop }
                      ;*ifeq {reexecute=1 rethrow=0 return_oop=0}
                      ; - (reexecute) java.lang.String::indexOf@4
                      ; - java.lang.String::indexOf@3
                      ; - java.lang.ClassLoader::checkName@16
                      ; - java.lang.ClassLoader::findBootstrapClassOrNull@1
                      ; - java.lang.System$2::findBootstrapClassOrNull@1
                      ; - jdk.internal.loader.ClassLoaders$BootClassLoader::loadClassOrNull@4
                      ; - jdk.internal.loader.BuiltinClassLoader::loadClassOrNull@3
                      ; - jdk.internal.loader.BuiltinClassLoader::loadClassOrNull@86
                      ; - jdk.internal.loader.BuiltinClassLoader::loadClass@3
                      ; - java.lang.ClassLoader::loadClass@38
                      ; - java.lang.ClassLoader::loadClass@38
  0x0000015dafaa4e80: fcf4 94ff 

  0x0000015dafaa4e84: ;   {other}
  0x0000015dafaa4e84: 0f1f 8400 | f490 00d5 | ba45 ffff | ff4c 8b54 | 2470 4c89 | 5424 2044 | 8b54 2430 | 4489 5424 
  0x0000015dafaa4ea4: 284c 8b54 | 2440 4c89 | 5424 384c | 8b54 2450 | 4c89 5424 | 404c 8b54 | 2478 4c89 | 5424 584c 
  0x0000015dafaa4ec4: 8b54 2468 | 4c89 5424 | 604c 8b94 | 2480 0000 | 004c 8954 | 2478 4c8b | 9424 a800 | 0000 4889 
  0x0000015dafaa4ee4: 8424 9000 | 0000 4c89 | 9424 9800 | 0000 6690 

  0x0000015dafaa4ef4: ;   {runtime_call UncommonTrapBlob}
  0x0000015dafaa4ef4: c5f8 77e8 

  0x0000015dafaa4ef8: ; ImmutableOopMap {rbp=Oop [32]=Oop [64]=Oop [88]=Oop [120]=Oop [144]=Oop [152]=Oop [168]=Oop [184]=Oop }
                      ;*ifnonnull {reexecute=1 rethrow=0 return_oop=0}
                      ; - (reexecute) jdk.internal.loader.BuiltinClassLoader::loadClassOrNull@93
                      ; - jdk.internal.loader.BuiltinClassLoader::loadClass@3
                      ; - java.lang.ClassLoader::loadClass@38
                      ; - java.lang.ClassLoader::loadClass@38
  0x0000015dafaa4ef8: 84f4 94ff 

  0x0000015dafaa4efc: ;   {other}
  0x0000015dafaa4efc: 0f1f 8400 | 6c91 00d6 | ba45 ffff | ff48 8b6c | 2448 448b | 5424 3044 | 8954 2428 | 4c8b 5424 
  0x0000015dafaa4f1c: 404c 8954 | 2438 4c8b | 5424 504c | 8954 2440 | 4c89 4c24 | 504c 8b54 | 2478 4c89 | 5424 584c 
  0x0000015dafaa4f3c: 8b54 2468 | 4c89 5424 | 604c 894c | 2470 4c8b | 9424 a800 | 0000 4c89 | 9424 9800 | 0000 895c 
  0x0000015dafaa4f5c: 242c 6690 

  0x0000015dafaa4f60: ;   {runtime_call UncommonTrapBlob}
  0x0000015dafaa4f60: c5f8 77e8 

  0x0000015dafaa4f64: ; ImmutableOopMap {rbp=Oop [64]=Oop [80]=Oop [88]=Oop [112]=Oop [152]=Oop [160]=Oop [168]=Oop [184]=Oop }
                      ;*if_icmpne {reexecute=1 rethrow=0 return_oop=0}
                      ; - (reexecute) java.lang.ClassLoader::checkName@20
                      ; - java.lang.ClassLoader::findBootstrapClassOrNull@1
                      ; - java.lang.System$2::findBootstrapClassOrNull@1
                      ; - jdk.internal.loader.ClassLoaders$BootClassLoader::loadClassOrNull@4
                      ; - jdk.internal.loader.BuiltinClassLoader::loadClassOrNull@3
                      ; - jdk.internal.loader.BuiltinClassLoader::loadClassOrNull@86
                      ; - jdk.internal.loader.BuiltinClassLoader::loadClass@3
                      ; - java.lang.ClassLoader::loadClass@38
                      ; - java.lang.ClassLoader::loadClass@38
  0x0000015dafaa4f64: 18f4 94ff 

  0x0000015dafaa4f68: ;   {other}
  0x0000015dafaa4f68: 0f1f 8400 | d891 00d7 | ba45 ffff | ff4c 8b54 | 2448 4c89 | 5424 204c | 8b54 2450 | 4c89 5424 
  0x0000015dafaa4f88: 484c 894c | 2458 4c8b | 5424 784c | 8954 2470 | 4c89 4c24 | 7848 ffb4 | 24a0 0000 | 0048 8f84 
  0x0000015dafaa4fa8: 2490 0000 | 004c 8b94 | 24a8 0000 | 004c 8994 | 24a0 0000 | 0066 6690 

  0x0000015dafaa4fc0: ;   {runtime_call UncommonTrapBlob}
  0x0000015dafaa4fc0: c5f8 77e8 

  0x0000015dafaa4fc4: ; ImmutableOopMap {[32]=Oop [72]=Oop [88]=Oop [112]=Oop [120]=Oop [144]=Oop [160]=Oop [168]=Oop [184]=Oop }
                      ;*if_icmpne {reexecute=1 rethrow=0 return_oop=0}
                      ; - (reexecute) java.lang.ClassLoader::checkName@30
                      ; - java.lang.ClassLoader::findBootstrapClassOrNull@1
                      ; - java.lang.System$2::findBootstrapClassOrNull@1
                      ; - jdk.internal.loader.ClassLoaders$BootClassLoader::loadClassOrNull@4
                      ; - jdk.internal.loader.BuiltinClassLoader::loadClassOrNull@3
                      ; - jdk.internal.loader.BuiltinClassLoader::loadClassOrNull@86
                      ; - jdk.internal.loader.BuiltinClassLoader::loadClass@3
                      ; - java.lang.ClassLoader::loadClass@38
                      ; - java.lang.ClassLoader::loadClass@38
  0x0000015dafaa4fc4: b8f3 94ff 

  0x0000015dafaa4fc8: ;   {other}
  0x0000015dafaa4fc8: 0f1f 8400 | 3892 00d8 | 33ed 4585 | c040 0f95 | c5ba 45ff | ffff 4c8b | 5424 484c | 8954 2420 
  0x0000015dafaa4fe8: 4c8b 5424 | 704c 8954 | 2428 4c8b | 5424 504c | 8954 2448 | 4c8b 5424 | 784c 8954 | 2470 4c89 
  0x0000015dafaa5008: 9c24 8800 | 0000 4c8b | 9424 a800 | 0000 4c89 | 9424 9800 | 0000 6690 

  0x0000015dafaa5020: ;   {runtime_call UncommonTrapBlob}
  0x0000015dafaa5020: c5f8 77e8 

  0x0000015dafaa5024: ; ImmutableOopMap {[32]=Oop [40]=Oop [72]=Oop [112]=Oop [136]=Oop [152]=Oop [168]=Oop [184]=Oop }
                      ;*ifeq {reexecute=1 rethrow=0 return_oop=0}
                      ; - (reexecute) jdk.internal.loader.BuiltinClassLoader::loadClassOrNull@100
                      ; - jdk.internal.loader.BuiltinClassLoader::loadClass@3
                      ; - java.lang.ClassLoader::loadClass@38
                      ; - java.lang.ClassLoader::loadClass@38
  0x0000015dafaa5024: 58f3 94ff 

  0x0000015dafaa5028: ;   {other}
  0x0000015dafaa5028: 0f1f 8400 | 9892 00d9 | ba45 ffff | ff4c 8b54 | 2448 4c89 | 5424 204c | 8b94 24b0 | 0000 004c 
  0x0000015dafaa5048: 8954 2428 | 4c8b 5424 | 504c 8954 | 2448 4c8b | 5424 784c | 8954 2470 | 4c8b 9424 | a000 0000 
  0x0000015dafaa5068: 4c89 9424 | 8800 0000 | 4c8b 9424 | a800 0000 | 4c89 9424 | 9800 0000 | 4c89 9c24 | a000 0000 
  0x0000015dafaa5088: 4489 7424 | 3444 898c | 24a8 0000 | 0044 8984 | 24ac 0000 | 0066 6690 

  0x0000015dafaa50a0: ;   {runtime_call UncommonTrapBlob}
  0x0000015dafaa50a0: c5f8 77e8 

  0x0000015dafaa50a4: ; ImmutableOopMap {[32]=Oop [40]=Oop [52]=NarrowOop [72]=Oop [112]=Oop [136]=Oop [152]=Oop [160]=Oop [184]=Oop }
                      ;*if_icmpne {reexecute=1 rethrow=0 return_oop=0}
                      ; - (reexecute) java.lang.String::equals@33
                      ; - java.util.concurrent.ConcurrentHashMap::get@73
                      ; - jdk.internal.loader.BuiltinClassLoader::findLoadedModule@24
                      ; - jdk.internal.loader.BuiltinClassLoader::loadClassOrNull@22
                      ; - jdk.internal.loader.BuiltinClassLoader::loadClass@3
                      ; - java.lang.ClassLoader::loadClass@38
                      ; - java.lang.ClassLoader::loadClass@38
  0x0000015dafaa50a4: d8f2 94ff 

  0x0000015dafaa50a8: ;   {other}
  0x0000015dafaa50a8: 0f1f 8400 | 1893 00da | ba45 ffff | ff4c 8b54 | 2448 4c89 | 5424 204c | 8b94 24b0 | 0000 004c 
  0x0000015dafaa50c8: 8954 2428 | 4c8b 5424 | 504c 8954 | 2448 4c8b | 5424 784c | 8954 2470 | 4c8b 9424 | a000 0000 
  0x0000015dafaa50e8: 4c89 9424 | 8800 0000 | 4c8b 9424 | a800 0000 | 4c89 9424 | 9800 0000 | 4c89 8424 | a000 0000 
  0x0000015dafaa5108: 4489 4c24 | 3444 899c | 24a8 0000 | 0066 6690 

  0x0000015dafaa5118: ;   {runtime_call UncommonTrapBlob}
  0x0000015dafaa5118: c5f8 77e8 

  0x0000015dafaa511c: ; ImmutableOopMap {[32]=Oop [40]=Oop [52]=NarrowOop [72]=Oop [112]=Oop [136]=Oop [152]=Oop [160]=Oop [184]=Oop }
                      ;*ifge {reexecute=1 rethrow=0 return_oop=0}
                      ; - (reexecute) java.util.concurrent.ConcurrentHashMap::get@86
                      ; - jdk.internal.loader.BuiltinClassLoader::findLoadedModule@24
                      ; - jdk.internal.loader.BuiltinClassLoader::loadClassOrNull@22
                      ; - jdk.internal.loader.BuiltinClassLoader::loadClass@3
                      ; - java.lang.ClassLoader::loadClass@38
                      ; - java.lang.ClassLoader::loadClass@38
  0x0000015dafaa511c: 60f2 94ff 

  0x0000015dafaa5120: ;   {other}
  0x0000015dafaa5120: 0f1f 8400 | 9093 00db | ba45 ffff | ff4c 8b5c | 2448 4c89 | 5c24 204c | 8b9c 24b0 | 0000 004c 
  0x0000015dafaa5140: 895c 2428 | 4c8b 5c24 | 504c 895c | 2448 4c8b | 5c24 784c | 895c 2458 | 4c89 4c24 | 784c 8984 
  0x0000015dafaa5160: 2480 0000 | 0044 8954 | 2434 6690 

  0x0000015dafaa516c: ;   {runtime_call UncommonTrapBlob}
  0x0000015dafaa516c: c5f8 77e8 

  0x0000015dafaa5170: ; ImmutableOopMap {rbp=NarrowOop [32]=Oop [40]=Oop [72]=Oop [88]=Oop [104]=Oop [120]=Oop [128]=Oop }
                      ;*ifnull {reexecute=1 rethrow=0 return_oop=0}
                      ; - (reexecute) java.util.concurrent.ConcurrentHashMap::get@143
                      ; - jdk.internal.loader.BuiltinClassLoader::findLoadedModule@24
                      ; - jdk.internal.loader.BuiltinClassLoader::loadClassOrNull@22
                      ; - jdk.internal.loader.BuiltinClassLoader::loadClass@3
                      ; - java.lang.ClassLoader::loadClass@38
  0x0000015dafaa5170: 0cf2 94ff 

  0x0000015dafaa5174: ;   {other}
  0x0000015dafaa5174: 0f1f 8400 | e493 00dc | ba45 ffff | ff44 8b44 | 2430 4489 | 4424 284c | 8b54 2440 | 4c89 5424 
  0x0000015dafaa5194: 384c 8b54 | 2450 4c89 | 5424 404c | 8b54 2478 | 4c89 5424 | 504c 8b94 | 2480 0000 | 004c 8954 
  0x0000015dafaa51b4: 2478 8984 | 2480 0000 | 0066 6690 

  0x0000015dafaa51c0: ;   {runtime_call UncommonTrapBlob}
  0x0000015dafaa51c0: c5f8 77e8 

  0x0000015dafaa51c4: ; ImmutableOopMap {rbp=Oop [32]=Oop [64]=Oop [80]=Oop [104]=Oop [112]=Oop [120]=Oop }
                      ;*ifeq {reexecute=1 rethrow=0 return_oop=0}
                      ; - (reexecute) java.util.concurrent.ConcurrentHashMap::get@152
                      ; - jdk.internal.loader.BuiltinClassLoader::findLoadedModule@24
                      ; - jdk.internal.loader.BuiltinClassLoader::loadClassOrNull@22
                      ; - jdk.internal.loader.BuiltinClassLoader::loadClass@3
                      ; - java.lang.ClassLoader::loadClass@38
  0x0000015dafaa51c4: b8f1 94ff 

  0x0000015dafaa51c8: ;   {other}
  0x0000015dafaa51c8: 0f1f 8400 | 3894 00dd | bade ffff | ff44 8b5c | 2430 4489 | 5c24 284c | 8b54 2440 | 4c89 5424 
  0x0000015dafaa51e8: 384c 8b54 | 2450 4c89 | 5424 404c | 8b54 2478 | 4c89 5424 | 504c 8b54 | 2468 4c89 | 5424 584c 
  0x0000015dafaa5208: 8b54 2470 | 4c89 5424 | 604c 8b94 | 24b0 0000 | 004c 8954 | 2470 4c8b | 9424 8000 | 0000 4c89 
  0x0000015dafaa5228: 5424 784c | 8b94 24b8 | 0000 004c | 8994 2488 | 0000 004c | 8b94 24b0 | 0000 004c | 8994 2490 
  0x0000015dafaa5248: 0000 004c | 8b94 24b8 | 0000 004c | 8994 24a8 | 0000 004c | 8b94 24c0 | 0000 004c | 8994 24b0 
  0x0000015dafaa5268: 0000 0044 | 8b9c 24d4 | 0000 0044 | 895c 242c | 4c8b 9424 | e800 0000 | 4c89 9424 | b800 0000 
  0x0000015dafaa5288: 4c8b 9424 | f000 0000 | 4c89 9424 | c000 0000 | 4c8b 9424 | d800 0000 | 4c89 9424 | d000 0000 
  0x0000015dafaa52a8: 4c8b 9424 | f800 0000 | 4c89 9424 | e800 0000 

  0x0000015dafaa52b8: ;   {runtime_call UncommonTrapBlob}
  0x0000015dafaa52b8: c5f8 77e8 

  0x0000015dafaa52bc: ; ImmutableOopMap {rbp=Oop [44]=NarrowOop [64]=Oop [80]=Oop [112]=Oop [120]=Oop [136]=Oop [144]=Oop [152]=Oop [168]=Oop [184]=Oop [192]=Oop [200]=Oop [208]=Oop [232]=Oop [248]=Oop }
                      ;*invokevirtual getName {reexecute=0 rethrow=0 return_oop=0}
                      ; - java.util.jar.JarFile::getManifestFromReference@74
                      ; - java.util.jar.JarFile::getManifest@1
                      ; - jdk.internal.loader.URLClassPath$JarLoader$2::getManifest@22
                      ; - java.net.URLClassLoader::defineClass@34
                      ; - java.net.URLClassLoader$1::run@43
                      ; - java.net.URLClassLoader$1::run@1
                      ; - java.security.AccessController::executePrivileged@29
                      ; - java.security.AccessController::doPrivileged@13
                      ; - java.net.URLClassLoader::findClass@13
                      ; - java.lang.ClassLoader::loadClass@69
                      ; - java.lang.ClassLoader::loadClass@38
  0x0000015dafaa52bc: c0f0 94ff 

  0x0000015dafaa52c0: ;   {other}
  0x0000015dafaa52c0: 0f1f 8400 | 3095 00de | ba0f 0000 | 004c 8b54 | 2448 4c89 | 5424 204c | 8b54 2450 | 4c89 5424 
  0x0000015dafaa52e0: 484c 8b54 | 2478 4c89 | 5424 584c | 8b54 2468 | 4c89 5424 | 604c 8b54 | 2470 4c89 | 5424 684c 
  0x0000015dafaa5300: 8b94 24b0 | 0000 004c | 8954 2478 | 4c8b 9424 | 9800 0000 | 4c89 9424 | 8800 0000 | 4c8b 9424 
  0x0000015dafaa5320: b800 0000 | 4c89 9424 | 9000 0000 | 4c8b 9424 | b000 0000 | 4c89 9424 | 9800 0000 | 4c8b 9424 
  0x0000015dafaa5340: b800 0000 | 4c89 9424 | b000 0000 | 4c8b 9424 | c000 0000 | 4c89 9424 | b800 0000 | 448b 9424 
  0x0000015dafaa5360: d400 0000 | 4489 5424 | 344c 8b94 | 24e8 0000 | 004c 8994 | 24c0 0000 | 004c 8b94 | 24f0 0000 
  0x0000015dafaa5380: 004c 8994 | 24c8 0000 | 004c 8b94 | 24d8 0000 | 004c 8994 | 24d0 0000 | 004c 8b94 | 24f8 0000 
  0x0000015dafaa53a0: 004c 8994 | 24e8 0000 | 004c 8994 | 24f0 0000 | 0066 6690 

  0x0000015dafaa53b4: ;   {runtime_call UncommonTrapBlob}
  0x0000015dafaa53b4: c5f8 77e8 

  0x0000015dafaa53b8: ; ImmutableOopMap {rbp=Oop [32]=Oop [52]=NarrowOop [72]=Oop [88]=Oop [120]=Oop [128]=Oop [136]=Oop [144]=Oop [152]=Oop [176]=Oop [192]=Oop [200]=Oop [208]=Oop [232]=Oop [240]=Oop }
                      ;*new {reexecute=0 rethrow=0 return_oop=0}
                      ; - java.util.Hashtable::<init>@53
                      ; - java.util.Hashtable::<init>@5
                      ; - java.util.jar.JarVerifier::<init>@39
                      ; - java.util.jar.JarFile::getManifestFromReference@78
                      ; - java.util.jar.JarFile::getManifest@1
                      ; - jdk.internal.loader.URLClassPath$JarLoader$2::getManifest@22
                      ; - java.net.URLClassLoader::defineClass@34
                      ; - java.net.URLClassLoader$1::run@43
                      ; - java.net.URLClassLoader$1::run@1
                      ; - java.security.AccessController::executePrivileged@29
                      ; - java.security.AccessController::doPrivileged@13
                      ; - java.net.URLClassLoader::findClass@13
                      ; - java.lang.ClassLoader::loadClass@69
                      ; - java.lang.ClassLoader::loadClass@38
  0x0000015dafaa53b8: c4ef 94ff 

  0x0000015dafaa53bc: ;   {other}
  0x0000015dafaa53bc: 0f1f 8400 | 2c96 00df | ba0f 0000 | 004c 8b54 | 2448 4c89 | 5424 204c | 8b54 2450 | 4c89 5424 
  0x0000015dafaa53dc: 484c 8b54 | 2478 4c89 | 5424 584c | 8b54 2468 | 4c89 5424 | 604c 8b54 | 2470 4c89 | 5424 684c 
  0x0000015dafaa53fc: 8b94 24b0 | 0000 004c | 8954 2478 | 4c8b 9424 | 9800 0000 | 4c89 9424 | 8800 0000 | 4c8b 9424 
  0x0000015dafaa541c: b800 0000 | 4c89 9424 | 9000 0000 | 4c8b 9424 | b000 0000 | 4c89 9424 | 9800 0000 | 4c8b 9424 
  0x0000015dafaa543c: b800 0000 | 4c89 9424 | b000 0000 | 4c8b 9424 | c000 0000 | 4c89 9424 | b800 0000 | 448b 9c24 
  0x0000015dafaa545c: d400 0000 | 4489 5c24 | 344c 8b94 | 24e8 0000 | 004c 8994 | 24c0 0000 | 004c 8b94 | 24f0 0000 
  0x0000015dafaa547c: 004c 8994 | 24c8 0000 | 004c 8b94 | 24d8 0000 | 004c 8994 | 24d0 0000 | 004c 8b94 | 24f8 0000 
  0x0000015dafaa549c: 004c 8994 | 24e8 0000 | 004c 8994 | 24f0 0000 | 0066 6690 

  0x0000015dafaa54b0: ;   {runtime_call UncommonTrapBlob}
  0x0000015dafaa54b0: c5f8 77e8 

  0x0000015dafaa54b4: ; ImmutableOopMap {rbp=Oop [32]=Oop [52]=NarrowOop [72]=Oop [88]=Oop [120]=Oop [128]=Oop [136]=Oop [144]=Oop [152]=Oop [176]=Oop [192]=Oop [200]=Oop [208]=Oop [232]=Oop [240]=Oop }
                      ;*new {reexecute=0 rethrow=0 return_oop=0}
                      ; - java.util.Hashtable::<init>@53
                      ; - java.util.Hashtable::<init>@5
                      ; - java.util.jar.JarVerifier::<init>@50
                      ; - java.util.jar.JarFile::getManifestFromReference@78
                      ; - java.util.jar.JarFile::getManifest@1
                      ; - jdk.internal.loader.URLClassPath$JarLoader$2::getManifest@22
                      ; - java.net.URLClassLoader::defineClass@34
                      ; - java.net.URLClassLoader$1::run@43
                      ; - java.net.URLClassLoader$1::run@1
                      ; - java.security.AccessController::executePrivileged@29
                      ; - java.security.AccessController::doPrivileged@13
                      ; - java.net.URLClassLoader::findClass@13
                      ; - java.lang.ClassLoader::loadClass@69
                      ; - java.lang.ClassLoader::loadClass@38
  0x0000015dafaa54b4: c8ee 94ff 

  0x0000015dafaa54b8: ;   {other}
  0x0000015dafaa54b8: 0f1f 8400 | 2897 00e0 | ba0f 0000 | 004c 8b54 | 2448 4c89 | 5424 204c | 8b54 2450 | 4c89 5424 
  0x0000015dafaa54d8: 484c 8b54 | 2478 4c89 | 5424 584c | 8b54 2468 | 4c89 5424 | 604c 8b54 | 2470 4c89 | 5424 684c 
  0x0000015dafaa54f8: 8b94 24b0 | 0000 004c | 8954 2478 | 4c8b 9424 | 9800 0000 | 4c89 9424 | 8800 0000 | 4c8b 9424 
  0x0000015dafaa5518: b800 0000 | 4c89 9424 | 9000 0000 | 4c8b 9424 | b000 0000 | 4c89 9424 | 9800 0000 | 4c8b 9424 
  0x0000015dafaa5538: b800 0000 | 4c89 9424 | b000 0000 | 4c8b 9424 | c000 0000 | 4c89 9424 | b800 0000 | 448b 9424 
  0x0000015dafaa5558: d400 0000 | 4489 5424 | 344c 8b94 | 24e8 0000 | 004c 8994 | 24c0 0000 | 004c 8b94 | 24f0 0000 
  0x0000015dafaa5578: 004c 8994 | 24c8 0000 | 004c 8b94 | 24d8 0000 | 004c 8994 | 24d0 0000 | 004c 8b94 | 24f8 0000 
  0x0000015dafaa5598: 004c 8994 | 24e8 0000 | 004c 8994 | 24f0 0000 | 0066 6690 

  0x0000015dafaa55ac: ;   {runtime_call UncommonTrapBlob}
  0x0000015dafaa55ac: c5f8 77e8 

  0x0000015dafaa55b0: ; ImmutableOopMap {rbp=Oop [32]=Oop [52]=NarrowOop [72]=Oop [88]=Oop [120]=Oop [128]=Oop [136]=Oop [144]=Oop [152]=Oop [176]=Oop [192]=Oop [200]=Oop [208]=Oop [232]=Oop [240]=Oop }
                      ;*new {reexecute=0 rethrow=0 return_oop=0}
                      ; - java.util.Hashtable::<init>@53
                      ; - java.util.Hashtable::<init>@4
                      ; - java.util.jar.JarVerifier::<init>@63
                      ; - java.util.jar.JarFile::getManifestFromReference@78
                      ; - java.util.jar.JarFile::getManifest@1
                      ; - jdk.internal.loader.URLClassPath$JarLoader$2::getManifest@22
                      ; - java.net.URLClassLoader::defineClass@34
                      ; - java.net.URLClassLoader$1::run@43
                      ; - java.net.URLClassLoader$1::run@1
                      ; - java.security.AccessController::executePrivileged@29
                      ; - java.security.AccessController::doPrivileged@13
                      ; - java.net.URLClassLoader::findClass@13
                      ; - java.lang.ClassLoader::loadClass@69
                      ; - java.lang.ClassLoader::loadClass@38
  0x0000015dafaa55b0: cced 94ff 

  0x0000015dafaa55b4: ;   {other}
  0x0000015dafaa55b4: 0f1f 8400 | 2498 00e1 | 498b d7c5 | f877 49ba | 20a4 c337 | fc7f 0000 

  0x0000015dafaa55cc: ;   {other}
  0x0000015dafaa55cc: 41ff d20f | 1f84 0000 | 0000 00e9 | eec2 ffff | bade ffff | ff48 8b6c | 2448 448b | 5424 3044 
  0x0000015dafaa55ec: 8954 2428 | 4c8b 5424 | 404c 8954 | 2438 4c8b | 5424 504c | 8954 2440 | 4c8b 5424 | 784c 8954 
  0x0000015dafaa560c: 2450 4c8b | 5424 684c | 8954 2458 | 4c8b 5424 | 704c 8954 | 2460 4c8b | 9424 b000 | 0000 4c89 
  0x0000015dafaa562c: 5424 704c | 8b94 2480 | 0000 004c | 8954 2478 | 4c8b 9424 | b800 0000 | 4c89 9424 | 8800 0000 
  0x0000015dafaa564c: 4c8b 9424 | b000 0000 | 4c89 9424 | 9000 0000 | 4c8b 9424 | b800 0000 | 4c89 9424 | a800 0000 
  0x0000015dafaa566c: 4c8b 9424 | c000 0000 | 4c89 9424 | b000 0000 | 448b 9424 | d400 0000 | 4489 5424 | 2c4c 899c 
  0x0000015dafaa568c: 24d0 0000 | 0066 6690 

  0x0000015dafaa5694: ;   {runtime_call UncommonTrapBlob}
  0x0000015dafaa5694: c5f8 77e8 

  0x0000015dafaa5698: ; ImmutableOopMap {rbp=Oop [44]=NarrowOop [64]=Oop [80]=Oop [112]=Oop [120]=Oop [136]=Oop [144]=Oop [152]=Oop [168]=Oop [200]=Oop [208]=Oop [232]=Oop [240]=Oop }
                      ;*invokevirtual close {reexecute=0 rethrow=0 return_oop=0}
                      ; - java.util.jar.JarFile::getManifestFromReference@152
                      ; - java.util.jar.JarFile::getManifest@1
                      ; - jdk.internal.loader.URLClassPath$JarLoader$2::getManifest@22
                      ; - java.net.URLClassLoader::defineClass@34
                      ; - java.net.URLClassLoader$1::run@43
                      ; - java.net.URLClassLoader$1::run@1
                      ; - java.security.AccessController::executePrivileged@29
                      ; - java.security.AccessController::doPrivileged@13
                      ; - java.net.URLClassLoader::findClass@13
                      ; - java.lang.ClassLoader::loadClass@69
                      ; - java.lang.ClassLoader::loadClass@38
  0x0000015dafaa5698: e4ec 94ff 

  0x0000015dafaa569c: ;   {other}
  0x0000015dafaa569c: 0f1f 8400 | 0c99 00e2 | ba45 ffff | ff4c 8b54 | 2448 4c89 | 5424 204c | 8b94 24b0 | 0000 004c 
  0x0000015dafaa56bc: 8954 2428 | 4c8b 5424 | 504c 8954 | 2448 4c8b | 5424 784c | 8954 2470 | 4c8b 9424 | a000 0000 
  0x0000015dafaa56dc: 4c89 9424 | 8800 0000 | 4c8b 9424 | a800 0000 | 4c89 9424 | 9800 0000 | 4c89 8424 | a000 0000 
  0x0000015dafaa56fc: 4c89 8c24 | a800 0000 | 4489 5c24 | 3466 6690 

  0x0000015dafaa570c: ;   {runtime_call UncommonTrapBlob}
  0x0000015dafaa570c: c5f8 77e8 

  0x0000015dafaa5710: ; ImmutableOopMap {rbp=NarrowOop [32]=Oop [40]=Oop [72]=Oop [112]=Oop [136]=Oop [152]=Oop [160]=Oop [168]=Oop [184]=Oop }
                      ;*ifnull {reexecute=1 rethrow=0 return_oop=0}
                      ; - (reexecute) java.util.concurrent.ConcurrentHashMap::get@143
                      ; - jdk.internal.loader.BuiltinClassLoader::findLoadedModule@24
                      ; - jdk.internal.loader.BuiltinClassLoader::loadClassOrNull@22
                      ; - jdk.internal.loader.BuiltinClassLoader::loadClass@3
                      ; - java.lang.ClassLoader::loadClass@38
                      ; - java.lang.ClassLoader::loadClass@38
  0x0000015dafaa5710: 6cec 94ff 

  0x0000015dafaa5714: ;   {other}
  0x0000015dafaa5714: 0f1f 8400 | 8499 00e3 | ba45 ffff | ff44 8b54 | 2430 4489 | 5424 284c | 8b54 2440 | 4c89 5424 
  0x0000015dafaa5734: 384c 8b54 | 2450 4c89 | 5424 404c | 8b54 2478 | 4c89 5424 | 584c 8b54 | 2468 4c89 | 5424 604c 
  0x0000015dafaa5754: 8b94 24a0 | 0000 004c | 8994 2490 | 0000 004c | 8b94 24a8 | 0000 004c | 8994 24a0 | 0000 0089 
  0x0000015dafaa5774: 8424 a800 | 0000 6690 

  0x0000015dafaa577c: ;   {runtime_call UncommonTrapBlob}
  0x0000015dafaa577c: c5f8 77e8 

  0x0000015dafaa5780: ; ImmutableOopMap {rbp=Oop [32]=Oop [64]=Oop [88]=Oop [128]=Oop [136]=Oop [144]=Oop [160]=Oop [184]=Oop }
                      ;*ifeq {reexecute=1 rethrow=0 return_oop=0}
                      ; - (reexecute) java.util.concurrent.ConcurrentHashMap::get@152
                      ; - jdk.internal.loader.BuiltinClassLoader::findLoadedModule@24
                      ; - jdk.internal.loader.BuiltinClassLoader::loadClassOrNull@22
                      ; - jdk.internal.loader.BuiltinClassLoader::loadClass@3
                      ; - java.lang.ClassLoader::loadClass@38
                      ; - java.lang.ClassLoader::loadClass@38
  0x0000015dafaa5780: fceb 94ff 

  0x0000015dafaa5784: ;   {other}
  0x0000015dafaa5784: 0f1f 8400 | f499 00e4 | ba45 ffff | ff4c 8b54 | 2448 4c89 | 5424 204c | 8b54 2450 | 4c89 5424 
  0x0000015dafaa57a4: 484c 8b54 | 2478 4c89 | 5424 584c | 8b54 2468 | 4c89 5424 | 604c 8b54 | 2470 4c89 | 5424 684c 
  0x0000015dafaa57c4: 8b94 24b0 | 0000 004c | 8954 2478 | 4c8b 9424 | 9800 0000 | 4c89 9424 | 8800 0000 | 4c8b 9424 
  0x0000015dafaa57e4: b800 0000 | 4c89 9424 | 9000 0000 | 4c8b 9424 | b000 0000 | 4c89 9424 | 9800 0000 | 4c8b 9424 
  0x0000015dafaa5804: b800 0000 | 4c89 9424 | b000 0000 | 4c8b 9424 | c000 0000 | 4c89 9424 | b800 0000 | 448b 9424 
  0x0000015dafaa5824: d400 0000 | 4489 5424 | 344c 899c | 24c8 0000 | 0066 6690 

  0x0000015dafaa5838: ;   {runtime_call UncommonTrapBlob}
  0x0000015dafaa5838: c5f8 77e8 

  0x0000015dafaa583c: ; ImmutableOopMap {[32]=Oop [52]=NarrowOop [72]=Oop [88]=Oop [120]=Oop [128]=Oop [136]=Oop [144]=Oop [152]=Oop [176]=Oop [200]=Oop [216]=Oop [232]=Oop }
                      ;*ifne {reexecute=1 rethrow=0 return_oop=0}
                      ; - (reexecute) java.util.jar.JarFile::getManifestFromReference@52
                      ; - java.util.jar.JarFile::getManifest@1
                      ; - jdk.internal.loader.URLClassPath$JarLoader$2::getManifest@22
                      ; - java.net.URLClassLoader::defineClass@34
                      ; - java.net.URLClassLoader$1::run@43
                      ; - java.net.URLClassLoader$1::run@1
                      ; - java.security.AccessController::executePrivileged@29
                      ; - java.security.AccessController::doPrivileged@13
                      ; - java.net.URLClassLoader::findClass@13
                      ; - java.lang.ClassLoader::loadClass@69
                      ; - java.lang.ClassLoader::loadClass@38
  0x0000015dafaa583c: 40eb 94ff 

  0x0000015dafaa5840: ;   {other}
  0x0000015dafaa5840: 0f1f 8400 | b09a 00e5 | ba45 ffff | ff44 8b5c | 2430 4489 | 5c24 284c | 8b5c 2440 | 4c89 5c24 
  0x0000015dafaa5860: 384c 8b5c | 2450 4c89 | 5c24 404c | 8b5c 2478 | 4c89 5c24 | 504c 8b5c | 2468 4c89 | 5c24 584c 
  0x0000015dafaa5880: 8b5c 2470 | 4c89 5c24 | 604c 8b9c | 24b0 0000 | 004c 895c | 2470 4c8b | 9c24 8000 | 0000 4c89 
  0x0000015dafaa58a0: 5c24 784c | 8b9c 24b8 | 0000 004c | 899c 2488 | 0000 004c | 8b9c 24b0 | 0000 004c | 899c 2490 
  0x0000015dafaa58c0: 0000 004c | 8b9c 24b8 | 0000 004c | 899c 24a8 | 0000 004c | 8b9c 24c0 | 0000 004c | 899c 24b0 
  0x0000015dafaa58e0: 0000 0089 | 8424 d000 | 0000 6690 

  0x0000015dafaa58ec: ;   {runtime_call UncommonTrapBlob}
  0x0000015dafaa58ec: c5f8 77e8 

  0x0000015dafaa58f0: ; ImmutableOopMap {rbp=Oop [64]=Oop [80]=Oop [112]=Oop [120]=Oop [136]=Oop [144]=Oop [152]=Oop [168]=Oop [212]=NarrowOop [216]=Oop [232]=Oop [240]=Oop }
                      ;*if_icmpne {reexecute=1 rethrow=0 return_oop=0}
                      ; - (reexecute) java.util.jar.JarFile::getManifestFromReference@65
                      ; - java.util.jar.JarFile::getManifest@1
                      ; - jdk.internal.loader.URLClassPath$JarLoader$2::getManifest@22
                      ; - java.net.URLClassLoader::defineClass@34
                      ; - java.net.URLClassLoader$1::run@43
                      ; - java.net.URLClassLoader$1::run@1
                      ; - java.security.AccessController::executePrivileged@29
                      ; - java.security.AccessController::doPrivileged@13
                      ; - java.net.URLClassLoader::findClass@13
                      ; - java.lang.ClassLoader::loadClass@69
                      ; - java.lang.ClassLoader::loadClass@38
  0x0000015dafaa58f0: 8cea 94ff 

  0x0000015dafaa58f4: ;   {other}
  0x0000015dafaa58f4: 0f1f 8400 | 649b 00e6 | 498b d7c5 | f877 49ba | 20a4 c337 | fc7f 0000 

  0x0000015dafaa590c: ;   {other}
  0x0000015dafaa590c: 41ff d20f | 1f84 0000 | 0000 00e9 | c9ab ffff | 498b d7c5 | f877 49ba | 20a4 c337 | fc7f 0000 
  0x0000015dafaa592c: ;   {other}
  0x0000015dafaa592c: 41ff d20f | 1f84 0000 | 0000 00e9 | eeac ffff | 498b d7c5 | f877 49ba | 20a4 c337 | fc7f 0000 
  0x0000015dafaa594c: ;   {other}
  0x0000015dafaa594c: 41ff d20f | 1f84 0000 | 0000 00e9 | 17ad ffff | 498b d7c5 | f877 49ba | 20a4 c337 | fc7f 0000 
  0x0000015dafaa596c: ;   {other}
  0x0000015dafaa596c: 41ff d20f | 1f84 0000 | 0000 00e9 | 77ae ffff | 498b d7c5 | f877 49ba | 20a4 c337 | fc7f 0000 
  0x0000015dafaa598c: ;   {other}
  0x0000015dafaa598c: 41ff d20f | 1f84 0000 | 0000 00e9 | 0eae ffff | 498b d7c5 | f877 49ba | 20a4 c337 | fc7f 0000 
  0x0000015dafaa59ac: ;   {other}
  0x0000015dafaa59ac: 41ff d20f | 1f84 0000 | 0000 00e9 | b7af ffff | 498b d7c5 | f877 49ba | 20a4 c337 | fc7f 0000 
  0x0000015dafaa59cc: ;   {other}
  0x0000015dafaa59cc: 41ff d20f | 1f84 0000 | 0000 00e9 | 4eaf ffff | 498b d7c5 | f877 49ba | 20a4 c337 | fc7f 0000 
  0x0000015dafaa59ec: ;   {other}
  0x0000015dafaa59ec: 41ff d20f | 1f84 0000 | 0000 00e9 | 17b0 ffff | 498b d7c5 | f877 49ba | 20a4 c337 | fc7f 0000 
  0x0000015dafaa5a0c: ;   {other}
  0x0000015dafaa5a0c: 41ff d20f | 1f84 0000 | 0000 00e9 | 97b0 ffff | 498b d7c5 | f877 49ba | 20a4 c337 | fc7f 0000 
  0x0000015dafaa5a2c: ;   {other}
  0x0000015dafaa5a2c: 41ff d20f | 1f84 0000 | 0000 00e9 | 1fb1 ffff | 498b d7c5 | f877 49ba | 20a4 c337 | fc7f 0000 
  0x0000015dafaa5a4c: ;   {other}
  0x0000015dafaa5a4c: 41ff d20f | 1f84 0000 | 0000 00e9 | 09b2 ffff | 498b d7c5 | f877 49ba | 20a4 c337 | fc7f 0000 
  0x0000015dafaa5a6c: ;   {other}
  0x0000015dafaa5a6c: 41ff d20f | 1f84 0000 | 0000 00e9 | 93b1 ffff | ba45 ffff | ff44 8b54 | 2430 4489 | 5424 284c 
  0x0000015dafaa5a8c: 8b54 2440 | 4c89 5424 | 384c 8b54 | 2450 4c89 | 5424 404c | 8b54 2478 | 4c89 5424 | 504c 8b54 
  0x0000015dafaa5aac: 2468 4c89 | 5424 584c | 8b54 2470 | 4c89 5424 | 604c 8b94 | 24b0 0000 | 004c 8954 | 2470 4c8b 
  0x0000015dafaa5acc: 9424 8000 | 0000 4c89 | 5424 784c | 8b94 2498 | 0000 004c | 8994 2480 | 0000 004c | 8b94 24b8 
  0x0000015dafaa5aec: 0000 004c | 8994 2488 | 0000 004c | 8b94 24b0 | 0000 004c | 8994 2490 | 0000 004c | 8b94 24b8 
  0x0000015dafaa5b0c: 0000 004c | 8994 24b0 | 0000 004c | 8b94 24c0 | 0000 004c | 8994 24b8 | 0000 0048 | 8984 24d8 
  0x0000015dafaa5b2c: 0000 0090 

  0x0000015dafaa5b30: ;   {runtime_call UncommonTrapBlob}
  0x0000015dafaa5b30: c5f8 77e8 

  0x0000015dafaa5b34: ; ImmutableOopMap {rbp=Oop [64]=Oop [80]=Oop [112]=Oop [120]=Oop [128]=Oop [136]=Oop [144]=Oop [176]=Oop [200]=NarrowOop [212]=NarrowOop [216]=Oop [232]=Oop }
                      ;*ifnull {reexecute=1 rethrow=0 return_oop=0}
                      ; - (reexecute) java.util.jar.JarFile::maybeInstantiateVerifier@27
                      ; - java.util.jar.JarFile::ensureInitialization@1
                      ; - java.util.jar.JavaUtilJarAccessImpl::ensureInitialization@1
                      ; - jdk.internal.loader.URLClassPath$JarLoader$2::getManifest@10
                      ; - java.net.URLClassLoader::defineClass@34
                      ; - java.net.URLClassLoader$1::run@43
                      ; - java.net.URLClassLoader$1::run@1
                      ; - java.security.AccessController::executePrivileged@29
                      ; - java.security.AccessController::doPrivileged@13
                      ; - java.net.URLClassLoader::findClass@13
                      ; - java.lang.ClassLoader::loadClass@69
                      ; - java.lang.ClassLoader::loadClass@38
  0x0000015dafaa5b34: 48e8 94ff 

  0x0000015dafaa5b38: ;   {other}
  0x0000015dafaa5b38: 0f1f 8400 | a89d 00e7 | bade ffff | ff48 8b6c | 2448 448b | 5424 3044 | 8954 2428 | 4c8b 5424 
  0x0000015dafaa5b58: 404c 8954 | 2438 4c8b | 5424 504c | 8954 2440 | 4c8b 5424 | 784c 8954 | 2450 4c8b | 5424 684c 
  0x0000015dafaa5b78: 8954 2458 | 4c8b 5424 | 704c 8954 | 2460 4c8b | 9424 b000 | 0000 4c89 | 5424 704c | 8b94 2480 
  0x0000015dafaa5b98: 0000 004c | 8954 2478 | 448b 9c24 | 8800 0000 | 4489 5c24 | 2c4c 8b94 | 2498 0000 | 004c 8994 
  0x0000015dafaa5bb8: 2490 0000 | 004c 8b94 | 24a0 0000 | 004c 8994 | 2498 0000 | 0048 8984 | 24a0 0000 | 0066 6690 
  0x0000015dafaa5bd8: ;   {runtime_call UncommonTrapBlob}
  0x0000015dafaa5bd8: c5f8 77e8 

  0x0000015dafaa5bdc: ; ImmutableOopMap {rbp=Oop [44]=NarrowOop [64]=Oop [80]=Oop [112]=Oop [120]=Oop [144]=Oop [152]=Oop [160]=Oop [168]=Oop [184]=Oop [192]=Oop }
                      ;*checkcast {reexecute=0 rethrow=0 return_oop=0}
                      ; - java.util.jar.JarFile::getJarEntry@5
                      ; - jdk.internal.loader.URLClassPath$JarLoader::getResource@22
                      ; - jdk.internal.loader.URLClassPath::getResource@53
                      ; - java.net.URLClassLoader$1::run@26
                      ; - java.net.URLClassLoader$1::run@1
                      ; - java.security.AccessController::executePrivileged@29
                      ; - java.security.AccessController::doPrivileged@13
                      ; - java.net.URLClassLoader::findClass@13
                      ; - java.lang.ClassLoader::loadClass@69
                      ; - java.lang.ClassLoader::loadClass@38
  0x0000015dafaa5bdc: a0e7 94ff 

  0x0000015dafaa5be0: ;   {other}
  0x0000015dafaa5be0: 0f1f 8400 | 509e 00e8 | bade ffff | ff4c 8b54 | 2448 4c89 | 5424 204c | 8b94 24b0 | 0000 004c 
  0x0000015dafaa5c00: 8954 2428 | 4c8b 5424 | 504c 8954 | 2448 4c8b | 5424 784c | 8954 2470 | 4c8b 9424 | a800 0000 
  0x0000015dafaa5c20: 4c89 9424 | 9800 0000 

  0x0000015dafaa5c28: ;   {runtime_call UncommonTrapBlob}
  0x0000015dafaa5c28: c5f8 77e8 

  0x0000015dafaa5c2c: ; ImmutableOopMap {rbp=NarrowOop [32]=Oop [40]=Oop [72]=Oop [112]=Oop [152]=Oop [160]=Oop [168]=Oop [184]=Oop }
                      ;*checkcast {reexecute=0 rethrow=0 return_oop=0}
                      ; - jdk.internal.loader.BuiltinClassLoader::findLoadedModule@29
                      ; - jdk.internal.loader.BuiltinClassLoader::loadClassOrNull@22
                      ; - jdk.internal.loader.BuiltinClassLoader::loadClass@3
                      ; - java.lang.ClassLoader::loadClass@38
                      ; - java.lang.ClassLoader::loadClass@38
  0x0000015dafaa5c2c: 50e7 94ff 

  0x0000015dafaa5c30: ;   {other}
  0x0000015dafaa5c30: 0f1f 8400 | a09e 00e9 | bade ffff | ff4c 8b54 | 2448 4c89 | 5424 204c | 8b94 24b0 | 0000 004c 
  0x0000015dafaa5c50: 8954 2428 | 4c8b 5424 | 504c 8954 | 2448 6690 

  0x0000015dafaa5c60: ;   {runtime_call UncommonTrapBlob}
  0x0000015dafaa5c60: c5f8 77e8 

  0x0000015dafaa5c64: ; ImmutableOopMap {rbp=NarrowOop [32]=Oop [40]=Oop [72]=Oop [104]=Oop [120]=Oop }
                      ;*checkcast {reexecute=0 rethrow=0 return_oop=0}
                      ; - jdk.internal.loader.BuiltinClassLoader::findLoadedModule@29
                      ; - jdk.internal.loader.BuiltinClassLoader::loadClassOrNull@22
                      ; - jdk.internal.loader.BuiltinClassLoader::loadClass@3
                      ; - java.lang.ClassLoader::loadClass@38
  0x0000015dafaa5c64: 18e7 94ff 

  0x0000015dafaa5c68: ;   {other}
  0x0000015dafaa5c68: 0f1f 8400 | d89e 00ea | bade ffff | ff4c 8b54 | 2448 4c89 | 5424 204c | 8b94 24b0 | 0000 004c 
  0x0000015dafaa5c88: 8954 2428 | 4c8b 5424 | 504c 8954 | 2448 4c8b | 5424 784c | 8954 2470 | 4c8b 9424 | a000 0000 
  0x0000015dafaa5ca8: 4c89 9424 | 8800 0000 | 4c8b 9424 | a800 0000 | 4c89 9424 | 9800 0000 | 4489 7424 | 3444 898c 
  0x0000015dafaa5cc8: 24a8 0000 | 004c 8984 | 24b0 0000 | 0066 6690 

  0x0000015dafaa5cd8: ;   {runtime_call UncommonTrapBlob}
  0x0000015dafaa5cd8: c5f8 77e8 

  0x0000015dafaa5cdc: ; ImmutableOopMap {rbp=NarrowOop [32]=Oop [40]=Oop [52]=NarrowOop [72]=Oop [112]=Oop [136]=Oop [152]=Oop [176]=Oop [184]=Oop }
                      ;*instanceof {reexecute=0 rethrow=0 return_oop=0}
                      ; - java.lang.String::equals@8
                      ; - java.util.concurrent.ConcurrentHashMap::get@73
                      ; - jdk.internal.loader.BuiltinClassLoader::findLoadedModule@24
                      ; - jdk.internal.loader.BuiltinClassLoader::loadClassOrNull@22
                      ; - jdk.internal.loader.BuiltinClassLoader::loadClass@3
                      ; - java.lang.ClassLoader::loadClass@38
                      ; - java.lang.ClassLoader::loadClass@38
  0x0000015dafaa5cdc: a0e6 94ff 

  0x0000015dafaa5ce0: ;   {other}
  0x0000015dafaa5ce0: 0f1f 8400 | 509f 00eb | bade ffff | ff4c 8b44 | 2448 4c89 | 4424 204c | 8b84 24b0 | 0000 004c 
  0x0000015dafaa5d00: 8944 2428 | 4c8b 4424 | 504c 8944 | 2448 4c8b | 4424 784c | 8944 2458 | 4489 5c24 | 3444 8994 
  0x0000015dafaa5d20: 2480 0000 | 004c 898c | 2488 0000 | 0066 6690 

  0x0000015dafaa5d30: ;   {runtime_call UncommonTrapBlob}
  0x0000015dafaa5d30: c5f8 77e8 

  0x0000015dafaa5d34: ; ImmutableOopMap {rbp=NarrowOop [32]=Oop [40]=Oop [52]=NarrowOop [72]=Oop [88]=Oop [104]=Oop [136]=Oop }
                      ;*instanceof {reexecute=0 rethrow=0 return_oop=0}
                      ; - java.lang.String::equals@8
                      ; - java.util.concurrent.ConcurrentHashMap::get@73
                      ; - jdk.internal.loader.BuiltinClassLoader::findLoadedModule@24
                      ; - jdk.internal.loader.BuiltinClassLoader::loadClassOrNull@22
                      ; - jdk.internal.loader.BuiltinClassLoader::loadClass@3
                      ; - java.lang.ClassLoader::loadClass@38
  0x0000015dafaa5d34: 48e6 94ff 

  0x0000015dafaa5d38: ;   {other}
  0x0000015dafaa5d38: 0f1f 8400 | a89f 00ec | bade ffff | ff4c 8b54 | 2448 4c89 | 5424 204c | 8b54 2450 | 4c89 5424 
  0x0000015dafaa5d58: 484c 8b54 | 2478 4c89 | 5424 584c | 8b54 2468 | 4c89 5424 | 604c 8b54 | 2470 4c89 | 5424 684c 
  0x0000015dafaa5d78: 8b94 24b0 | 0000 004c | 8954 2478 | 4c8b 9424 | e000 0000 | 4c89 9424 | 8800 0000 | 4c8b 9424 
  0x0000015dafaa5d98: b800 0000 | 4c89 9424 | 9000 0000 | 4c8b 9424 | b000 0000 | 4c89 9424 | 9800 0000 | 4c8b 9424 
  0x0000015dafaa5db8: b800 0000 | 4c89 9424 | b000 0000 | 4c8b 9424 | c000 0000 | 4c89 9424 | b800 0000 | 4c89 8424 
  0x0000015dafaa5dd8: c800 0000 

  0x0000015dafaa5ddc: ;   {runtime_call UncommonTrapBlob}
  0x0000015dafaa5ddc: c5f8 77e8 

  0x0000015dafaa5de0: ; ImmutableOopMap {rbp=NarrowOop [32]=Oop [72]=Oop [88]=Oop [120]=Oop [128]=Oop [136]=Oop [144]=Oop [152]=Oop [176]=Oop [200]=Oop [212]=NarrowOop [232]=Oop }
                      ;*checkcast {reexecute=0 rethrow=0 return_oop=0}
                      ; - java.util.jar.JarFile::getManifestFromReference@14
                      ; - java.util.jar.JarFile::getManifest@1
                      ; - jdk.internal.loader.URLClassPath$JarLoader$2::getManifest@22
                      ; - java.net.URLClassLoader::defineClass@34
                      ; - java.net.URLClassLoader$1::run@43
                      ; - java.net.URLClassLoader$1::run@1
                      ; - java.security.AccessController::executePrivileged@29
                      ; - java.security.AccessController::doPrivileged@13
                      ; - java.net.URLClassLoader::findClass@13
                      ; - java.lang.ClassLoader::loadClass@69
                      ; - java.lang.ClassLoader::loadClass@38
  0x0000015dafaa5de0: 9ce5 94ff 

  0x0000015dafaa5de4: ;   {other}
  0x0000015dafaa5de4: 0f1f 8400 | 54a0 00ed | 488b e8e9 | 6097 ffff | 488b e8e9 | 5897 ffff | 488b e8e9 | 5097 ffff 
  0x0000015dafaa5e04: 488b e8e9 | 4897 ffff | 488b e8e9 | 7896 ffff | 488b e8e9 | 7096 ffff | 488b e8e9 | 6896 ffff 
  0x0000015dafaa5e24: 488b e8e9 | 6096 ffff | baf6 ffff | ff48 8b6c | 2448 448b | 5c24 3044 | 895c 2428 

  0x0000015dafaa5e40: ;   {runtime_call UncommonTrapBlob}
  0x0000015dafaa5e40: c5f8 77e8 

  0x0000015dafaa5e44: ; ImmutableOopMap {rbp=Oop [80]=Oop [176]=Oop }
                      ;*arraylength {reexecute=0 rethrow=0 return_oop=0}
                      ; - java.lang.String::isEmpty@4
                      ; - java.lang.ClassLoader::checkName@5
                      ; - java.lang.ClassLoader::findLoadedClass@1
                      ; - java.lang.ClassLoader::loadClass@10
  0x0000015dafaa5e44: 38e5 94ff 

  0x0000015dafaa5e48: ;   {other}
  0x0000015dafaa5e48: 0f1f 8400 | b8a0 00ee | baf6 ffff | ff48 8b6c | 2448 448b | 4424 3044 | 8944 2428 | 4c8b 5424 
  0x0000015dafaa5e68: 404c 8954 | 2438 4c8b | 5424 504c | 8954 2440 | 4c89 4c24 | 504c 895c | 2460 6690 

  0x0000015dafaa5e84: ;   {runtime_call UncommonTrapBlob}
  0x0000015dafaa5e84: c5f8 77e8 

  0x0000015dafaa5e88: ; ImmutableOopMap {rbp=Oop [64]=Oop [80]=Oop [96]=Oop [176]=Oop [184]=Oop }
                      ;*arraylength {reexecute=0 rethrow=0 return_oop=0}
                      ; - java.lang.String::isEmpty@4
                      ; - java.lang.ClassLoader::checkName@5
                      ; - java.lang.ClassLoader::findLoadedClass@1
                      ; - java.lang.ClassLoader::loadClass@10
                      ; - java.lang.ClassLoader::loadClass@38
  0x0000015dafaa5e88: f4e4 94ff 

  0x0000015dafaa5e8c: ;   {other}
  0x0000015dafaa5e8c: 0f1f 8400 | fca0 00ef | ba45 ffff | ff48 8b6c | 2448 4c89 | 5424 2044 | 8b5c 2430 | 4489 5c24 
  0x0000015dafaa5eac: 284c 8b54 | 2450 4c89 | 5424 3890 

  0x0000015dafaa5eb8: ;   {runtime_call UncommonTrapBlob}
  0x0000015dafaa5eb8: c5f8 77e8 

  0x0000015dafaa5ebc: ; ImmutableOopMap {rbp=Oop [32]=Oop [56]=Oop }
                      ;*ifnull {reexecute=1 rethrow=0 return_oop=0}
                      ; - (reexecute) java.lang.ClassLoader::checkName@1
                      ; - java.lang.ClassLoader::findLoadedClass@1
                      ; - java.lang.ClassLoader::loadClass@10
  0x0000015dafaa5ebc: c0e4 94ff 

  0x0000015dafaa5ec0: ;   {other}
  0x0000015dafaa5ec0: 0f1f 8400 | 30a1 00f0 | baf6 ffff | ff48 8b6c | 2448 448b | 4424 3044 | 8944 2428 | 4c8b 4424 
  0x0000015dafaa5ee0: 404c 8944 | 2438 4c8b | 4424 504c | 8944 2440 | 4c89 5c24 | 484c 895c | 2458 4c89 | 5424 6890 
  0x0000015dafaa5f00: ;   {runtime_call UncommonTrapBlob}
  0x0000015dafaa5f00: c5f8 77e8 

  0x0000015dafaa5f04: ; ImmutableOopMap {rbp=Oop [64]=Oop [72]=Oop [88]=Oop [104]=Oop [120]=Oop }
                      ;*arraylength {reexecute=0 rethrow=0 return_oop=0}
                      ; - java.lang.String::isEmpty@4
                      ; - java.lang.ClassLoader::checkName@5
                      ; - java.lang.ClassLoader::findLoadedClass@1
                      ; - jdk.internal.loader.BuiltinClassLoader::loadClassOrNull@10
                      ; - jdk.internal.loader.BuiltinClassLoader::loadClass@3
                      ; - java.lang.ClassLoader::loadClass@38
  0x0000015dafaa5f04: 78e4 94ff 

  0x0000015dafaa5f08: ;   {other}
  0x0000015dafaa5f08: 0f1f 8400 | 78a1 00f1 | baf6 ffff | ff48 8b6c | 2448 448b | 5424 3044 | 8954 2428 | 4c8b 5424 
  0x0000015dafaa5f28: 404c 8954 | 2438 4c8b | 5424 504c | 8954 2440 

  0x0000015dafaa5f38: ;   {runtime_call UncommonTrapBlob}
  0x0000015dafaa5f38: c5f8 77e8 

  0x0000015dafaa5f3c: ; ImmutableOopMap {rbp=Oop [32]=Oop [64]=Oop [104]=Oop [120]=Oop }
                      ;*arraylength {reexecute=0 rethrow=0 return_oop=0}
                      ; - java.lang.String::length@4
                      ; - java.lang.String::lastIndexOf@3
                      ; - jdk.internal.loader.BuiltinClassLoader::findLoadedModule@3
                      ; - jdk.internal.loader.BuiltinClassLoader::loadClassOrNull@22
                      ; - jdk.internal.loader.BuiltinClassLoader::loadClass@3
                      ; - java.lang.ClassLoader::loadClass@38
  0x0000015dafaa5f3c: 40e4 94ff 

  0x0000015dafaa5f40: ;   {other}
  0x0000015dafaa5f40: 0f1f 8400 | b0a1 00f2 | ba45 ffff | ff49 8bea | 448b 5424 | 3044 8954 | 2428 4889 | 4424 3844 
  0x0000015dafaa5f60: 8944 242c 

  0x0000015dafaa5f64: ;   {runtime_call UncommonTrapBlob}
  0x0000015dafaa5f64: c5f8 77e8 

  0x0000015dafaa5f68: ; ImmutableOopMap {rbp=Oop [44]=NarrowOop [80]=Oop [176]=Oop }
                      ;*ifnull {reexecute=1 rethrow=0 return_oop=0}
                      ; - (reexecute) java.lang.ClassLoader::loadClass@29
  0x0000015dafaa5f68: 14e4 94ff 

  0x0000015dafaa5f6c: ;   {other}
  0x0000015dafaa5f6c: 0f1f 8400 | dca1 00f3 | baf6 ffff | ff48 8b6c | 2448 448b | 4424 3044 | 8944 2428 | 4c8b 5424 
  0x0000015dafaa5f8c: 404c 8954 | 2438 4c8b | 5424 504c | 8954 2440 | 4c8b 5424 | 784c 8954 | 2450 4c8b | 5424 684c 
  0x0000015dafaa5fac: 8954 2458 | 4c8b 5424 | 704c 8954 | 2460 4c89 | 4c24 704c | 895c 2478 | 4c89 8c24 | 8000 0000 
  0x0000015dafaa5fcc: ;   {runtime_call UncommonTrapBlob}
  0x0000015dafaa5fcc: c5f8 77e8 

  0x0000015dafaa5fd0: ; ImmutableOopMap {rbp=Oop [64]=Oop [80]=Oop [112]=Oop [120]=Oop [128]=Oop [184]=Oop }
                      ;*arraylength {reexecute=0 rethrow=0 return_oop=0}
                      ; - java.lang.StringLatin1::replace@8
                      ; - java.lang.String::replace@18
                      ; - java.net.URLClassLoader$1::run@8
                      ; - java.net.URLClassLoader$1::run@1
                      ; - java.security.AccessController::executePrivileged@29
                      ; - java.security.AccessController::doPrivileged@13
                      ; - java.net.URLClassLoader::findClass@13
                      ; - java.lang.ClassLoader::loadClass@69
                      ; - java.lang.ClassLoader::loadClass@38
  0x0000015dafaa5fd0: ace3 94ff 

  0x0000015dafaa5fd4: ;   {other}
  0x0000015dafaa5fd4: 0f1f 8400 | 44a2 00f4 | eb00 488b | e8e9 6e95 | ffff baf6 | ffff ff48 | 8b6c 2448 | 4c8b 9424 
  0x0000015dafaa5ff4: b000 0000 | 4c89 5424 | 2044 8b5c | 2430 4489 | 5c24 284c | 8b54 2440 | 4c89 5424 | 384c 8b54 
  0x0000015dafaa6014: 2450 4c89 | 5424 4090 

  0x0000015dafaa601c: ;   {runtime_call UncommonTrapBlob}
  0x0000015dafaa601c: c5f8 77e8 

  0x0000015dafaa6020: ; ImmutableOopMap {rbp=Oop [32]=Oop [64]=Oop [104]=Oop [120]=Oop }
                      ;*invokevirtual loadClassOrNull {reexecute=0 rethrow=0 return_oop=0}
                      ; - jdk.internal.loader.BuiltinClassLoader::loadClassOrNull@66
                      ; - jdk.internal.loader.BuiltinClassLoader::loadClass@3
                      ; - java.lang.ClassLoader::loadClass@38
  0x0000015dafaa6020: 5ce3 94ff 

  0x0000015dafaa6024: ;   {other}
  0x0000015dafaa6024: 0f1f 8400 | 94a2 00f5 | baf6 ffff | ff48 8b6c | 2448 448b | 5424 3044 | 8954 2428 | 4c8b 5424 
  0x0000015dafaa6044: 404c 8954 | 2438 4c8b | 5424 504c | 8954 2440 | 4889 7424 | 484c 8b54 | 2468 4c89 | 5424 6090 
  0x0000015dafaa6064: ;   {runtime_call UncommonTrapBlob}
  0x0000015dafaa6064: c5f8 77e8 

  0x0000015dafaa6068: ; ImmutableOopMap {rbp=Oop [64]=Oop [72]=Oop [96]=Oop [104]=Oop [120]=Oop [176]=Oop }
                      ;*arraylength {reexecute=0 rethrow=0 return_oop=0}
                      ; - java.lang.String::isEmpty@4
                      ; - java.lang.ClassLoader::checkName@5
                      ; - java.lang.ClassLoader::findBootstrapClassOrNull@1
                      ; - java.lang.System$2::findBootstrapClassOrNull@1
                      ; - jdk.internal.loader.ClassLoaders$BootClassLoader::loadClassOrNull@4
                      ; - jdk.internal.loader.BuiltinClassLoader::loadClassOrNull@3
                      ; - jdk.internal.loader.BuiltinClassLoader::loadClassOrNull@66
                      ; - jdk.internal.loader.BuiltinClassLoader::loadClass@3
                      ; - java.lang.ClassLoader::loadClass@38
  0x0000015dafaa6068: 14e3 94ff 

  0x0000015dafaa606c: ;   {other}
  0x0000015dafaa606c: 0f1f 8400 | dca2 00f6 | baf6 ffff | ff48 8b6c | 2448 448b | 5424 3044 | 8954 2428 | 4c8b 5424 
  0x0000015dafaa608c: 404c 8954 | 2438 4c8b | 5424 504c | 8954 2440 | 4c89 4c24 | 504c 8b54 | 2478 4c89 | 5424 584c 
  0x0000015dafaa60ac: 8b54 2468 | 4c89 5424 | 604c 894c | 2470 4c89 | 8424 9000 | 0000 6690 

  0x0000015dafaa60c4: ;   {runtime_call UncommonTrapBlob}
  0x0000015dafaa60c4: c5f8 77e8 

  0x0000015dafaa60c8: ; ImmutableOopMap {rbp=Oop [64]=Oop [80]=Oop [88]=Oop [112]=Oop [144]=Oop [160]=Oop [184]=Oop }
                      ;*arraylength {reexecute=0 rethrow=0 return_oop=0}
                      ; - java.lang.String::isEmpty@4
                      ; - java.lang.ClassLoader::checkName@5
                      ; - java.lang.ClassLoader::findLoadedClass@1
                      ; - jdk.internal.loader.BuiltinClassLoader::loadClassOrNull@10
                      ; - jdk.internal.loader.BuiltinClassLoader::loadClass@3
                      ; - java.lang.ClassLoader::loadClass@38
                      ; - java.lang.ClassLoader::loadClass@38
  0x0000015dafaa60c8: b4e2 94ff 

  0x0000015dafaa60cc: ;   {other}
  0x0000015dafaa60cc: 0f1f 8400 | 3ca3 00f7 | baf6 ffff | ff48 8b6c | 2448 448b | 4424 3044 | 8944 2428 | 4c8b 5c24 
  0x0000015dafaa60ec: 404c 895c | 2438 4c8b | 5c24 504c | 895c 2440 | 4c8b 5c24 | 784c 895c | 2458 4c8b | 5c24 684c 
  0x0000015dafaa610c: 895c 2460 | 4c8b 9424 | a800 0000 | 4c89 9424 | 9000 0000 

  0x0000015dafaa6120: ;   {runtime_call UncommonTrapBlob}
  0x0000015dafaa6120: c5f8 77e8 

  0x0000015dafaa6124: ; ImmutableOopMap {rbp=Oop [32]=Oop [64]=Oop [88]=Oop [144]=Oop [160]=Oop [168]=Oop [184]=Oop }
                      ;*arraylength {reexecute=0 rethrow=0 return_oop=0}
                      ; - java.lang.String::length@4
                      ; - java.lang.String::lastIndexOf@3
                      ; - jdk.internal.loader.BuiltinClassLoader::findLoadedModule@3
                      ; - jdk.internal.loader.BuiltinClassLoader::loadClassOrNull@22
                      ; - jdk.internal.loader.BuiltinClassLoader::loadClass@3
                      ; - java.lang.ClassLoader::loadClass@38
                      ; - java.lang.ClassLoader::loadClass@38
  0x0000015dafaa6124: 58e2 94ff 

  0x0000015dafaa6128: ;   {other}
  0x0000015dafaa6128: 0f1f 8400 | 98a3 00f8 | ba45 ffff | ff48 8b6c | 2448 448b | 5424 3044 | 8954 2428 | 4c8b 5424 
  0x0000015dafaa6148: 404c 8954 | 2438 4c8b | 5424 504c | 8954 2440 | 4c8b 5424 | 784c 8954 | 2458 4889 | 4424 6044 
  0x0000015dafaa6168: 895c 242c 

  0x0000015dafaa616c: ;   {runtime_call UncommonTrapBlob}
  0x0000015dafaa616c: c5f8 77e8 

  0x0000015dafaa6170: ; ImmutableOopMap {rbp=Oop [32]=Oop [44]=NarrowOop [64]=Oop [88]=Oop [184]=Oop }
                      ;*ifnull {reexecute=1 rethrow=0 return_oop=0}
                      ; - (reexecute) java.lang.ClassLoader::loadClass@29
                      ; - java.lang.ClassLoader::loadClass@38
  0x0000015dafaa6170: 0ce2 94ff 

  0x0000015dafaa6174: ;   {other}
  0x0000015dafaa6174: 0f1f 8400 | e4a3 00f9 | baf6 ffff | ff48 8b6c | 2448 448b | 5c24 3044 | 895c 2428 | 4c8b 5424 
  0x0000015dafaa6194: 404c 8954 | 2438 4c8b | 5424 504c | 8954 2440 | 4c8b 5424 | 784c 8954 | 2450 4c8b | 5424 684c 
  0x0000015dafaa61b4: 8954 2458 | 4c8b 5424 | 704c 8954 | 2460 4c8b | 9424 8000 | 0000 4c89 | 5424 784c | 8b94 24e0 
  0x0000015dafaa61d4: 0000 004c | 8994 2480 | 0000 0090 

  0x0000015dafaa61e0: ;   {runtime_call UncommonTrapBlob}
  0x0000015dafaa61e0: c5f8 77e8 

  0x0000015dafaa61e4: ; ImmutableOopMap {rbp=Oop [64]=Oop [80]=Oop [120]=Oop [128]=Oop [176]=Oop [184]=Oop [240]=NarrowOop [244]=NarrowOop }
                      ;*arraylength {reexecute=0 rethrow=0 return_oop=0}
                      ; - java.lang.String::length@4
                      ; - java.lang.String::lastIndexOf@3
                      ; - java.net.URLClassLoader::defineClass@7
                      ; - java.net.URLClassLoader$1::run@43
                      ; - java.net.URLClassLoader$1::run@1
                      ; - java.security.AccessController::executePrivileged@29
                      ; - java.security.AccessController::doPrivileged@13
                      ; - java.net.URLClassLoader::findClass@13
                      ; - java.lang.ClassLoader::loadClass@69
                      ; - java.lang.ClassLoader::loadClass@38
  0x0000015dafaa61e4: 98e1 94ff 

  0x0000015dafaa61e8: ;   {other}
  0x0000015dafaa61e8: 0f1f 8400 | 58a4 00fa | baf6 ffff | ff48 8b6c | 2448 448b | 5424 3044 | 8954 2428 | 4c8b 5424 
  0x0000015dafaa6208: 404c 8954 | 2438 4c8b | 5424 504c | 8954 2440 | 4c8b 5424 | 784c 8954 | 2450 4c8b | 5424 684c 
  0x0000015dafaa6228: 8954 2458 | 4c8b 5424 | 704c 8954 | 2460 4c8b | 9424 8000 | 0000 4c89 | 5424 784c | 8b94 24e0 
  0x0000015dafaa6248: 0000 004c | 8994 2480 | 0000 0044 | 8b9c 24a8 | 0000 0044 | 895c 242c 

  0x0000015dafaa6260: ;   {runtime_call UncommonTrapBlob}
  0x0000015dafaa6260: c5f8 77e8 

  0x0000015dafaa6264: ; ImmutableOopMap {rbp=Oop [64]=Oop [80]=Oop [120]=Oop [128]=Oop [176]=Oop [184]=Oop [240]=NarrowOop [244]=NarrowOop }
                      ;*getfield csu {reexecute=1 rethrow=0 return_oop=0}
                      ; - (reexecute) jdk.internal.loader.URLClassPath$JarLoader$2::getCodeSourceURL@4
                      ; - java.net.URLClassLoader::defineClass@13
                      ; - java.net.URLClassLoader$1::run@43
                      ; - java.net.URLClassLoader$1::run@1
                      ; - java.security.AccessController::executePrivileged@29
                      ; - java.security.AccessController::doPrivileged@13
                      ; - java.net.URLClassLoader::findClass@13
                      ; - java.lang.ClassLoader::loadClass@69
                      ; - java.lang.ClassLoader::loadClass@38
  0x0000015dafaa6264: 18e1 94ff 

  0x0000015dafaa6268: ;   {other}
  0x0000015dafaa6268: 0f1f 8400 | d8a4 00fb | baf6 ffff | ff48 8b6c | 2448 448b | 5c24 3044 | 895c 2428 | 4c8b 5424 
  0x0000015dafaa6288: 404c 8954 | 2438 4c8b | 5424 504c | 8954 2440 | 4c8b 5424 | 784c 8954 | 2450 4c8b | 5424 684c 
  0x0000015dafaa62a8: 8954 2458 | 4c8b 5424 | 704c 8954 | 2460 4c8b | 9424 b000 | 0000 4c89 | 5424 704c | 8b94 2480 
  0x0000015dafaa62c8: 0000 004c | 8954 2478 | 4c8b 9424 | e000 0000 | 4c89 9424 | 8000 0000 | 4c8b 9424 | b000 0000 
  0x0000015dafaa62e8: 4c89 9424 | 9000 0000 

  0x0000015dafaa62f0: ;   {runtime_call UncommonTrapBlob}
  0x0000015dafaa62f0: c5f8 77e8 

  0x0000015dafaa62f4: ; ImmutableOopMap {rbp=Oop [64]=Oop [80]=Oop [112]=Oop [120]=Oop [128]=Oop [144]=Oop [184]=Oop [212]=NarrowOop [232]=Oop [240]=NarrowOop [244]=NarrowOop }
                      ;*getfield jar {reexecute=1 rethrow=0 return_oop=0}
                      ; - (reexecute) jdk.internal.loader.URLClassPath$JarLoader$2::getManifest@7
                      ; - java.net.URLClassLoader::defineClass@34
                      ; - java.net.URLClassLoader$1::run@43
                      ; - java.net.URLClassLoader$1::run@1
                      ; - java.security.AccessController::executePrivileged@29
                      ; - java.security.AccessController::doPrivileged@13
                      ; - java.net.URLClassLoader::findClass@13
                      ; - java.lang.ClassLoader::loadClass@69
                      ; - java.lang.ClassLoader::loadClass@38
  0x0000015dafaa62f4: 88e0 94ff 

  0x0000015dafaa62f8: ;   {other}
  0x0000015dafaa62f8: 0f1f 8400 | 68a5 00fc | baf6 ffff | ff48 8b6c | 2448 448b | 5c24 3044 | 895c 2428 | 4c8b 5424 
  0x0000015dafaa6318: 404c 8954 | 2438 4c8b | 5424 504c | 8954 2440 | 4c8b 5424 | 784c 8954 | 2450 4c8b | 5424 684c 
  0x0000015dafaa6338: 8954 2458 | 4c8b 5424 | 704c 8954 | 2460 4c8b | 9424 b000 | 0000 4c89 | 5424 704c | 8b94 2480 
  0x0000015dafaa6358: 0000 004c | 8954 2478 | 4c8b 9424 | b800 0000 | 4c89 9424 | 8800 0000 | 4c8b 9424 | b000 0000 
  0x0000015dafaa6378: 4c89 9424 | 9000 0000 | 4c89 8424 | 9800 0000 | 4c8b 9424 | b800 0000 | 4c89 9424 | a800 0000 
  0x0000015dafaa6398: ;   {runtime_call UncommonTrapBlob}
  0x0000015dafaa6398: c5f8 77e8 

  0x0000015dafaa639c: ; ImmutableOopMap {rbp=Oop [64]=Oop [80]=Oop [112]=Oop [120]=Oop [136]=Oop [144]=Oop [152]=Oop [168]=Oop [212]=NarrowOop [224]=Oop [232]=Oop }
                      ;*getfield jar {reexecute=1 rethrow=0 return_oop=0}
                      ; - (reexecute) jdk.internal.loader.URLClassPath$JarLoader$2::getManifest@19
                      ; - java.net.URLClassLoader::defineClass@34
                      ; - java.net.URLClassLoader$1::run@43
                      ; - java.net.URLClassLoader$1::run@1
                      ; - java.security.AccessController::executePrivileged@29
                      ; - java.security.AccessController::doPrivileged@13
                      ; - java.net.URLClassLoader::findClass@13
                      ; - java.lang.ClassLoader::loadClass@69
                      ; - java.lang.ClassLoader::loadClass@38
  0x0000015dafaa639c: e0df 94ff 

  0x0000015dafaa63a0: ;   {other}
  0x0000015dafaa63a0: 0f1f 8400 | 10a6 00fd | baf6 ffff | ff48 8b6c | 2448 448b | 5424 3044 | 8954 2428 | 4c8b 5424 
  0x0000015dafaa63c0: 404c 8954 | 2438 4c8b | 5424 504c | 8954 2440 | 4c8b 5424 | 784c 8954 | 2450 4c8b | 5424 684c 
  0x0000015dafaa63e0: 8954 2458 | 4c8b 5424 | 704c 8954 | 2460 4c8b | 9424 b000 | 0000 4c89 | 5424 704c | 8b94 2480 
  0x0000015dafaa6400: 0000 004c | 8954 2478 | 4c8b 9424 | b800 0000 | 4c89 9424 | 8800 0000 | 4c8b 9424 | b000 0000 
  0x0000015dafaa6420: 4c89 9424 | 9000 0000 | 4c89 8424 | 9800 0000 | 4c8b 9424 | b800 0000 | 4c89 9424 | a800 0000 
  0x0000015dafaa6440: ;   {runtime_call UncommonTrapBlob}
  0x0000015dafaa6440: c5f8 77e8 

  0x0000015dafaa6444: ; ImmutableOopMap {rbp=Oop [64]=Oop [80]=Oop [112]=Oop [120]=Oop [136]=Oop [144]=Oop [152]=Oop [168]=Oop [212]=NarrowOop [224]=Oop [232]=Oop }
                      ;*invokevirtual getManifest {reexecute=0 rethrow=0 return_oop=0}
                      ; - jdk.internal.loader.URLClassPath$JarLoader$2::getManifest@22
                      ; - java.net.URLClassLoader::defineClass@34
                      ; - java.net.URLClassLoader$1::run@43
                      ; - java.net.URLClassLoader$1::run@1
                      ; - java.security.AccessController::executePrivileged@29
                      ; - java.security.AccessController::doPrivileged@13
                      ; - java.net.URLClassLoader::findClass@13
                      ; - java.lang.ClassLoader::loadClass@69
                      ; - java.lang.ClassLoader::loadClass@38
  0x0000015dafaa6444: 38df 94ff 

  0x0000015dafaa6448: ;   {other}
  0x0000015dafaa6448: 0f1f 8400 | b8a6 00fe | baf6 ffff | ff48 8b6c | 2448 448b | 5424 3044 | 8954 2428 | 4c8b 5424 
  0x0000015dafaa6468: 404c 8954 | 2438 4c8b | 5424 504c | 8954 2440 | 4c8b 5424 | 784c 8954 | 2450 4c8b | 5424 684c 
  0x0000015dafaa6488: 8954 2458 | 4c8b 5424 | 704c 8954 | 2460 4c8b | 9424 8000 | 0000 4c89 | 5424 7890 

  0x0000015dafaa64a4: ;   {runtime_call UncommonTrapBlob}
  0x0000015dafaa64a4: c5f8 77e8 

  0x0000015dafaa64a8: ; ImmutableOopMap {rbp=Oop [64]=Oop [80]=Oop [120]=Oop [176]=Oop [184]=Oop [200]=Oop [224]=Oop }
                      ;*arraylength {reexecute=0 rethrow=0 return_oop=0}
                      ; - java.net.URLClassLoader::defineClass@217
                      ; - java.net.URLClassLoader$1::run@43
                      ; - java.net.URLClassLoader$1::run@1
                      ; - java.security.AccessController::executePrivileged@29
                      ; - java.security.AccessController::doPrivileged@13
                      ; - java.net.URLClassLoader::findClass@13
                      ; - java.lang.ClassLoader::loadClass@69
                      ; - java.lang.ClassLoader::loadClass@38
  0x0000015dafaa64a8: d4de 94ff 

  0x0000015dafaa64ac: ;   {other}
  0x0000015dafaa64ac: 0f1f 8400 | 1ca7 00ff | baf4 ffff | ff48 8b6c | 2448 448b | 5424 3044 | 8954 2428 | 4c8b 5424 
  0x0000015dafaa64cc: 404c 8954 | 2438 4c8b | 5424 504c | 8954 2440 | 4c8b 5424 | 784c 8954 | 2450 4c8b | 5424 684c 
  0x0000015dafaa64ec: 8954 2458 | 4c8b 5424 | 704c 8954 | 2460 4c8b | 9424 b000 | 0000 4c89 | 5424 704c | 8b94 2480 
  0x0000015dafaa650c: 0000 004c | 8954 2478 | 4c8b 9424 | e000 0000 | 4c89 9424 | 8000 0000 | 4c8b 9424 | b800 0000 
  0x0000015dafaa652c: 4c89 9424 | 8800 0000 | 4c8b 9424 | b000 0000 | 4c89 9424 | 9000 0000 | 4c8b 9424 | b800 0000 
  0x0000015dafaa654c: 4c89 9424 | a800 0000 | 4c8b 9424 | c000 0000 | 4c89 9424 | b000 0000 | 4c89 8424 | c000 0000 
  0x0000015dafaa656c: ;   {runtime_call UncommonTrapBlob}
  0x0000015dafaa656c: c5f8 77e8 

  0x0000015dafaa6570: ; ImmutableOopMap {rbp=Oop [64]=Oop [80]=Oop [112]=Oop [120]=Oop [128]=Oop [136]=Oop [144]=Oop [168]=Oop [192]=Oop [212]=NarrowOop [232]=Oop }
                      ;*checkcast {reexecute=0 rethrow=0 return_oop=0}
                      ; - java.util.jar.JarFile::getManifestFromReference@14
                      ; - java.util.jar.JarFile::getManifest@1
                      ; - jdk.internal.loader.URLClassPath$JarLoader$2::getManifest@22
                      ; - java.net.URLClassLoader::defineClass@34
                      ; - java.net.URLClassLoader$1::run@43
                      ; - java.net.URLClassLoader$1::run@1
                      ; - java.security.AccessController::executePrivileged@29
                      ; - java.security.AccessController::doPrivileged@13
                      ; - java.net.URLClassLoader::findClass@13
                      ; - java.lang.ClassLoader::loadClass@69
                      ; - java.lang.ClassLoader::loadClass@38
  0x0000015dafaa6570: 0cde 94ff 

  0x0000015dafaa6574: ;   {other}
  0x0000015dafaa6574: 0f1f 8400 | 0000 0000 | baf6 ffff | ff48 8b6c | 2448 448b | 5c24 3044 | 895c 2428 | 4c8b 5424 
  0x0000015dafaa6594: 404c 8954 | 2438 4c8b | 5424 504c | 8954 2440 | 4c89 4c24 | 484c 894c | 2458 6690 

  0x0000015dafaa65b0: ;   {runtime_call UncommonTrapBlob}
  0x0000015dafaa65b0: c5f8 77e8 

  0x0000015dafaa65b4: ; ImmutableOopMap {rbp=Oop [64]=Oop [72]=Oop [88]=Oop [104]=Oop [120]=Oop }
                      ;*arraylength {reexecute=0 rethrow=0 return_oop=0}
                      ; - java.lang.String::isEmpty@4
                      ; - java.lang.ClassLoader::checkName@5
                      ; - java.lang.ClassLoader::findBootstrapClassOrNull@1
                      ; - java.lang.System$2::findBootstrapClassOrNull@1
                      ; - jdk.internal.loader.ClassLoaders$BootClassLoader::loadClassOrNull@4
                      ; - jdk.internal.loader.BuiltinClassLoader::loadClassOrNull@3
                      ; - jdk.internal.loader.BuiltinClassLoader::loadClassOrNull@86
                      ; - jdk.internal.loader.BuiltinClassLoader::loadClass@3
                      ; - java.lang.ClassLoader::loadClass@38
  0x0000015dafaa65b4: c8dd 94ff 

  0x0000015dafaa65b8: ;   {other}
  0x0000015dafaa65b8: 0f1f 8400 | 0000 0000 | baf6 ffff | ff48 8b6c | 2448 4c8b | 9424 b000 | 0000 4c89 | 5424 2044 
  0x0000015dafaa65d8: 8b54 2430 | 4489 5424 | 284c 8b54 | 2440 4c89 | 5424 384c | 8b54 2450 | 4c89 5424 | 404c 8b54 
  0x0000015dafaa65f8: 2478 4c89 | 5424 584c | 8b54 2468 | 4c89 5424 | 604c 8b94 | 24a8 0000 | 004c 8994 | 2490 0000 
  0x0000015dafaa6618: 0066 6690 

  0x0000015dafaa661c: ;   {runtime_call UncommonTrapBlob}
  0x0000015dafaa661c: c5f8 77e8 

  0x0000015dafaa6620: ; ImmutableOopMap {rbp=Oop [32]=Oop [64]=Oop [88]=Oop [144]=Oop [160]=Oop [168]=Oop [184]=Oop }
                      ;*invokevirtual loadClassOrNull {reexecute=0 rethrow=0 return_oop=0}
                      ; - jdk.internal.loader.BuiltinClassLoader::loadClassOrNull@66
                      ; - jdk.internal.loader.BuiltinClassLoader::loadClass@3
                      ; - java.lang.ClassLoader::loadClass@38
                      ; - java.lang.ClassLoader::loadClass@38
  0x0000015dafaa6620: 5cdd 94ff 

  0x0000015dafaa6624: ;   {other}
  0x0000015dafaa6624: 0f1f 8400 | 0000 0000 | baf6 ffff | ff48 8b6c | 2448 448b | 5c24 3044 | 895c 2428 | 4c8b 5424 
  0x0000015dafaa6644: 404c 8954 | 2438 4c8b | 5424 504c | 8954 2440 | 4c89 4c24 | 504c 8b54 | 2478 4c89 | 5424 584c 
  0x0000015dafaa6664: 8b54 2468 | 4c89 5424 | 604c 894c | 2470 4c8b | 9424 a800 | 0000 4c89 | 9424 8800 | 0000 6690 
  0x0000015dafaa6684: ;   {runtime_call UncommonTrapBlob}
  0x0000015dafaa6684: c5f8 77e8 

  0x0000015dafaa6688: ; ImmutableOopMap {rbp=Oop [64]=Oop [80]=Oop [88]=Oop [112]=Oop [136]=Oop [160]=Oop [168]=Oop [184]=Oop }
                      ;*arraylength {reexecute=0 rethrow=0 return_oop=0}
                      ; - java.lang.String::isEmpty@4
                      ; - java.lang.ClassLoader::checkName@5
                      ; - java.lang.ClassLoader::findBootstrapClassOrNull@1
                      ; - java.lang.System$2::findBootstrapClassOrNull@1
                      ; - jdk.internal.loader.ClassLoaders$BootClassLoader::loadClassOrNull@4
                      ; - jdk.internal.loader.BuiltinClassLoader::loadClassOrNull@3
                      ; - jdk.internal.loader.BuiltinClassLoader::loadClassOrNull@66
                      ; - jdk.internal.loader.BuiltinClassLoader::loadClass@3
                      ; - java.lang.ClassLoader::loadClass@38
                      ; - java.lang.ClassLoader::loadClass@38
  0x0000015dafaa6688: f4dc 94ff 

  0x0000015dafaa668c: ;   {other}
  0x0000015dafaa668c: 0f1f 8400 | 0000 0000 | ba45 ffff | ff48 8b6c | 2448 448b | 5424 3044 | 8954 2428 | 4c8b 5424 
  0x0000015dafaa66ac: 404c 8954 | 2438 4c8b | 5424 504c | 8954 2440 | 4c8b 5424 | 784c 8954 | 2450 4c8b | 5424 684c 
  0x0000015dafaa66cc: 8954 2458 | 4c8b 5424 | 704c 8954 | 2460 4c8b | 9424 b000 | 0000 4c89 | 5424 704c | 8b94 2480 
  0x0000015dafaa66ec: 0000 004c | 8954 2478 | 4c8b 9424 | e000 0000 | 4c89 9424 | 8000 0000 | 4c8b 9424 | b800 0000 
  0x0000015dafaa670c: 4c89 9424 | 8800 0000 | 4c8b 9424 | b000 0000 | 4c89 9424 | 9000 0000 | 4c8b 9424 | c000 0000 
  0x0000015dafaa672c: 4c89 9424 | b000 0000 | 4489 8c24 | c400 0000 

  0x0000015dafaa673c: ;   {runtime_call UncommonTrapBlob}
  0x0000015dafaa673c: c5f8 77e8 

  0x0000015dafaa6740: ; ImmutableOopMap {rbp=Oop [64]=Oop [80]=Oop [112]=Oop [120]=Oop [128]=Oop [136]=Oop [144]=Oop [196]=NarrowOop [212]=NarrowOop [232]=Oop [240]=NarrowOop [244]=NarrowOop }
                      ;*ifnonnull {reexecute=1 rethrow=0 return_oop=0}
                      ; - (reexecute) jdk.internal.access.SharedSecrets::javaUtilJarAccess@5
                      ; - jdk.internal.loader.URLClassPath$JarLoader$2::getManifest@0
                      ; - java.net.URLClassLoader::defineClass@34
                      ; - java.net.URLClassLoader$1::run@43
                      ; - java.net.URLClassLoader$1::run@1
                      ; - java.security.AccessController::executePrivileged@29
                      ; - java.security.AccessController::doPrivileged@13
                      ; - java.net.URLClassLoader::findClass@13
                      ; - java.lang.ClassLoader::loadClass@69
                      ; - java.lang.ClassLoader::loadClass@38
  0x0000015dafaa6740: 3cdc 94ff 

  0x0000015dafaa6744: ;   {other}
  0x0000015dafaa6744: 0f1f 8400 | 0000 0000 | baf6 ffff | ff48 8b6c | 2448 448b | 5424 3044 | 8954 2428 | 4c8b 5424 
  0x0000015dafaa6764: 404c 8954 | 2438 4c8b | 5424 504c | 8954 2440 | 4c89 4c24 | 504c 8b54 | 2478 4c89 | 5424 584c 
  0x0000015dafaa6784: 8b54 2468 | 4c89 5424 | 604c 894c | 2470 4c8b | 9424 a800 | 0000 4c89 | 9424 9000 | 0000 6690 
  0x0000015dafaa67a4: ;   {runtime_call UncommonTrapBlob}
  0x0000015dafaa67a4: c5f8 77e8 

  0x0000015dafaa67a8: ; ImmutableOopMap {rbp=Oop [64]=Oop [80]=Oop [88]=Oop [112]=Oop [144]=Oop [160]=Oop [168]=Oop [184]=Oop }
                      ;*arraylength {reexecute=0 rethrow=0 return_oop=0}
                      ; - java.lang.String::isEmpty@4
                      ; - java.lang.ClassLoader::checkName@5
                      ; - java.lang.ClassLoader::findBootstrapClassOrNull@1
                      ; - java.lang.System$2::findBootstrapClassOrNull@1
                      ; - jdk.internal.loader.ClassLoaders$BootClassLoader::loadClassOrNull@4
                      ; - jdk.internal.loader.BuiltinClassLoader::loadClassOrNull@3
                      ; - jdk.internal.loader.BuiltinClassLoader::loadClassOrNull@86
                      ; - jdk.internal.loader.BuiltinClassLoader::loadClass@3
                      ; - java.lang.ClassLoader::loadClass@38
                      ; - java.lang.ClassLoader::loadClass@38
  0x0000015dafaa67a8: d4db 94ff 

  0x0000015dafaa67ac: ;   {other}
  0x0000015dafaa67ac: 0f1f 8400 | 0000 0000 | ba45 ffff | ff4c 8b54 | 2448 4c89 | 5424 204c | 8b94 24b0 | 0000 004c 
  0x0000015dafaa67cc: 8954 2428 | 4c8b 5424 | 504c 8954 | 2448 6690 

  0x0000015dafaa67dc: ;   {runtime_call UncommonTrapBlob}
  0x0000015dafaa67dc: c5f8 77e8 

  0x0000015dafaa67e0: ; ImmutableOopMap {rbp=NarrowOop [32]=Oop [40]=Oop [72]=Oop [104]=Oop [120]=Oop }
                      ;*ifnull {reexecute=1 rethrow=0 return_oop=0}
                      ; - (reexecute) jdk.internal.loader.BuiltinClassLoader::loadClassOrNull@78
                      ; - jdk.internal.loader.BuiltinClassLoader::loadClass@3
                      ; - java.lang.ClassLoader::loadClass@38
  0x0000015dafaa67e0: 9cdb 94ff 

  0x0000015dafaa67e4: ;   {other}
  0x0000015dafaa67e4: 0f1f 8400 | 0000 0000 | ba45 ffff | ff4c 8b44 | 2448 4c89 | 4424 204c | 8b84 24b0 | 0000 004c 
  0x0000015dafaa6804: 8944 2428 | 4c8b 4424 | 504c 8944 | 2448 4c8b | 4424 784c | 8944 2458 | 4c89 4c24 | 7844 895c 
  0x0000015dafaa6824: 2434 4489 | 9424 8000 | 0000 6690 

  0x0000015dafaa6830: ;   {runtime_call UncommonTrapBlob}
  0x0000015dafaa6830: c5f8 77e8 

  0x0000015dafaa6834: ; ImmutableOopMap {rbp=NarrowOop [32]=Oop [40]=Oop [52]=NarrowOop [72]=Oop [88]=Oop [104]=Oop [120]=Oop }
                      ;*ifnull {reexecute=1 rethrow=0 return_oop=0}
                      ; - (reexecute) java.util.concurrent.ConcurrentHashMap::get@67
                      ; - jdk.internal.loader.BuiltinClassLoader::findLoadedModule@24
                      ; - jdk.internal.loader.BuiltinClassLoader::loadClassOrNull@22
                      ; - jdk.internal.loader.BuiltinClassLoader::loadClass@3
                      ; - java.lang.ClassLoader::loadClass@38
  0x0000015dafaa6834: 48db 94ff 

  0x0000015dafaa6838: ;   {other}
  0x0000015dafaa6838: 0f1f 8400 | 0000 0000 | ba45 ffff | ff4c 8b54 | 2448 4c89 | 5424 204c | 8b94 24b0 | 0000 004c 
  0x0000015dafaa6858: 8954 2428 | 4c8b 5424 | 504c 8954 | 2448 4c8b | 5424 784c | 8954 2470 | 4c8b 9424 | a800 0000 
  0x0000015dafaa6878: 4c89 9424 | 9800 0000 

  0x0000015dafaa6880: ;   {runtime_call UncommonTrapBlob}
  0x0000015dafaa6880: c5f8 77e8 

  0x0000015dafaa6884: ; ImmutableOopMap {rbp=NarrowOop [32]=Oop [40]=Oop [72]=Oop [112]=Oop [152]=Oop [160]=Oop [168]=Oop [184]=Oop }
                      ;*ifnull {reexecute=1 rethrow=0 return_oop=0}
                      ; - (reexecute) jdk.internal.loader.BuiltinClassLoader::loadClassOrNull@78
                      ; - jdk.internal.loader.BuiltinClassLoader::loadClass@3
                      ; - java.lang.ClassLoader::loadClass@38
                      ; - java.lang.ClassLoader::loadClass@38
  0x0000015dafaa6884: f8da 94ff 

  0x0000015dafaa6888: ;   {other}
  0x0000015dafaa6888: 0f1f 8400 | 0000 0000 | ba45 ffff | ff4c 8b54 | 2448 4c89 | 5424 204c | 8b94 24b0 | 0000 004c 
  0x0000015dafaa68a8: 8954 2428 | 4c8b 5424 | 504c 8954 | 2448 4c8b | 5424 784c | 8954 2470 | 4c8b 9424 | a000 0000 
  0x0000015dafaa68c8: 4c89 9424 | 8800 0000 | 4c8b 9424 | a800 0000 | 4c89 9424 | 9800 0000 | 4c89 8424 | a000 0000 
  0x0000015dafaa68e8: 4489 4c24 | 3444 899c | 24a8 0000 | 0066 6690 

  0x0000015dafaa68f8: ;   {runtime_call UncommonTrapBlob}
  0x0000015dafaa68f8: c5f8 77e8 

  0x0000015dafaa68fc: ; ImmutableOopMap {rbp=NarrowOop [32]=Oop [40]=Oop [52]=NarrowOop [72]=Oop [112]=Oop [136]=Oop [152]=Oop [160]=Oop [184]=Oop }
                      ;*ifnull {reexecute=1 rethrow=0 return_oop=0}
                      ; - (reexecute) java.util.concurrent.ConcurrentHashMap::get@67
                      ; - jdk.internal.loader.BuiltinClassLoader::findLoadedModule@24
                      ; - jdk.internal.loader.BuiltinClassLoader::loadClassOrNull@22
                      ; - jdk.internal.loader.BuiltinClassLoader::loadClass@3
                      ; - java.lang.ClassLoader::loadClass@38
                      ; - java.lang.ClassLoader::loadClass@38
  0x0000015dafaa68fc: 80da 94ff 

  0x0000015dafaa6900: ;   {other}
  0x0000015dafaa6900: 0f1f 8400 | 0000 0000 | ba45 ffff | ff48 8b6c | 2448 448b | 4424 3044 | 8944 2428 | 4c8b 5424 
  0x0000015dafaa6920: 404c 8954 | 2438 4c8b | 5424 504c | 8954 2440 | 4c8b 5424 | 784c 8954 | 2450 4c8b | 5424 684c 
  0x0000015dafaa6940: 8954 2458 | 4c8b 5424 | 704c 8954 | 2460 4c8b | 9424 b000 | 0000 4c89 | 5424 704c | 8b94 2480 
  0x0000015dafaa6960: 0000 004c | 8954 2478 | 4c8b 9424 | b800 0000 | 4c89 9424 | 8800 0000 | 4c8b 9424 | b000 0000 
  0x0000015dafaa6980: 4c89 9424 | 9000 0000 | 4c8b 9424 | b800 0000 | 4c89 9424 | a800 0000 | 4c8b 9424 | c000 0000 
  0x0000015dafaa69a0: 4c89 9424 | b000 0000 | 448b 8424 | d400 0000 | 4489 4424 | 2c4c 899c | 24d8 0000 | 0066 6690 
  0x0000015dafaa69c0: ;   {runtime_call UncommonTrapBlob}
  0x0000015dafaa69c0: c5f8 77e8 

  0x0000015dafaa69c4: ; ImmutableOopMap {rbp=Oop [44]=NarrowOop [64]=Oop [80]=Oop [112]=Oop [120]=Oop [136]=Oop [144]=Oop [152]=Oop [168]=Oop [200]=Oop [216]=Oop [232]=Oop [240]=Oop }
                      ;*ifnull {reexecute=1 rethrow=0 return_oop=0}
                      ; - (reexecute) java.util.jar.JarFile::getManifestFromReference@148
                      ; - java.util.jar.JarFile::getManifest@1
                      ; - jdk.internal.loader.URLClassPath$JarLoader$2::getManifest@22
                      ; - java.net.URLClassLoader::defineClass@34
                      ; - java.net.URLClassLoader$1::run@43
                      ; - java.net.URLClassLoader$1::run@1
                      ; - java.security.AccessController::executePrivileged@29
                      ; - java.security.AccessController::doPrivileged@13
                      ; - java.net.URLClassLoader::findClass@13
                      ; - java.lang.ClassLoader::loadClass@69
                      ; - java.lang.ClassLoader::loadClass@38
  0x0000015dafaa69c4: b8d9 94ff 

  0x0000015dafaa69c8: ;   {other}
  0x0000015dafaa69c8: 0f1f 8400 | 0000 0000 | eb00 488b | e8e9 1a8c | ffff eb00 | 488b e8e9 | 488b ffff | bab5 ffff 
  0x0000015dafaa69e8: ff44 8b54 | 2430 4489 | 5424 284c | 8b54 2440 | 4c89 5424 | 384c 8b54 | 2450 4c89 | 5424 404c 
  0x0000015dafaa6a08: 8b54 2478 | 4c89 5424 | 504c 8b54 | 2468 4c89 | 5424 584c | 8b54 2470 | 4c89 5424 | 604c 8b94 
  0x0000015dafaa6a28: 2480 0000 | 004c 8954 | 2478 4889 | 8424 8800 | 0000 6690 

  0x0000015dafaa6a3c: ;   {runtime_call UncommonTrapBlob}
  0x0000015dafaa6a3c: c5f8 77e8 

  0x0000015dafaa6a40: ; ImmutableOopMap {rbp=Oop [64]=Oop [80]=Oop [120]=Oop [136]=Oop [176]=Oop [184]=Oop [224]=Oop }
                      ;*astore_3 {reexecute=0 rethrow=0 return_oop=0}
                      ; - java.net.URLClassLoader$1::run@61
                      ; - java.net.URLClassLoader$1::run@1
                      ; - java.security.AccessController::executePrivileged@29
                      ; - java.security.AccessController::doPrivileged@13
                      ; - java.net.URLClassLoader::findClass@13
                      ; - java.lang.ClassLoader::loadClass@69
                      ; - java.lang.ClassLoader::loadClass@38
  0x0000015dafaa6a40: 3cd9 94ff 

  0x0000015dafaa6a44: ;   {other}
  0x0000015dafaa6a44: 0f1f 8400 | 0000 0000 | ba97 ffff | ff48 8b6c | 2448 4c8b | 5424 604c | 8954 2420 | 448b 5424 
  0x0000015dafaa6a64: 3044 8954 | 2428 4c8b | 5424 404c | 8954 2438 | 4c8b 5424 | 504c 8954 | 2440 4c8b | 5424 784c 
  0x0000015dafaa6a84: 8954 2450 

  0x0000015dafaa6a88: ;   {runtime_call UncommonTrapBlob}
  0x0000015dafaa6a88: c5f8 77e8 

  0x0000015dafaa6a8c: ; ImmutableOopMap {rbp=Oop [32]=Oop [44]=NarrowOop [64]=Oop [80]=Oop [104]=Oop [112]=Oop }
                      ;*invokevirtual clone {reexecute=1 rethrow=0 return_oop=0}
                      ; - (reexecute) java.util.Arrays::copyOfRange@18
                      ; - java.lang.StringLatin1::newString@16
                      ; - java.lang.String::substring@41
                      ; - jdk.internal.loader.BuiltinClassLoader::findLoadedModule@16
                      ; - jdk.internal.loader.BuiltinClassLoader::loadClassOrNull@22
                      ; - jdk.internal.loader.BuiltinClassLoader::loadClass@3
                      ; - java.lang.ClassLoader::loadClass@38
  0x0000015dafaa6a8c: f0d8 94ff 

  0x0000015dafaa6a90: ;   {other}
  0x0000015dafaa6a90: 0f1f 8400 | 0000 0000 | ba97 ffff | ff48 8b6c | 2448 4c8b | 5424 604c | 8954 2420 | 448b 5c24 
  0x0000015dafaa6ab0: 3044 895c | 2428 4c8b | 5424 404c | 8954 2438 | 4c8b 5424 | 504c 8954 | 2440 4c8b | 5424 784c 
  0x0000015dafaa6ad0: 8954 2458 | 4c8b 5424 | 684c 8954 | 2460 4c8b | 9424 a000 | 0000 4c89 | 9424 8000 | 0000 4c8b 
  0x0000015dafaa6af0: 9424 a800 | 0000 4c89 | 9424 9800 | 0000 6690 

  0x0000015dafaa6b00: ;   {runtime_call UncommonTrapBlob}
  0x0000015dafaa6b00: c5f8 77e8 

  0x0000015dafaa6b04: ; ImmutableOopMap {rbp=Oop [32]=Oop [44]=NarrowOop [64]=Oop [88]=Oop [128]=Oop [136]=Oop [152]=Oop [168]=Oop [184]=Oop }
                      ;*invokevirtual clone {reexecute=1 rethrow=0 return_oop=0}
                      ; - (reexecute) java.util.Arrays::copyOfRange@18
                      ; - java.lang.StringLatin1::newString@16
                      ; - java.lang.String::substring@41
                      ; - jdk.internal.loader.BuiltinClassLoader::findLoadedModule@16
                      ; - jdk.internal.loader.BuiltinClassLoader::loadClassOrNull@22
                      ; - jdk.internal.loader.BuiltinClassLoader::loadClass@3
                      ; - java.lang.ClassLoader::loadClass@38
                      ; - java.lang.ClassLoader::loadClass@38
  0x0000015dafaa6b04: 78d8 94ff 

  0x0000015dafaa6b08: ;   {other}
  0x0000015dafaa6b08: 0f1f 8400 | 0000 0000 | ba97 ffff | ff48 8b6c | 2448 448b | 5c24 3044 | 895c 2428 | 4c8b 5424 
  0x0000015dafaa6b28: 404c 8954 | 2438 4c8b | 5424 504c | 8954 2440 | 4c8b 5424 | 784c 8954 | 2450 4c8b | 5424 684c 
  0x0000015dafaa6b48: 8954 2458 | 4c8b 5424 | 704c 8954 | 2460 4c8b | 9424 b000 | 0000 4c89 | 5424 704c | 8b94 2480 
  0x0000015dafaa6b68: 0000 004c | 8954 2478 | 4c8b 9424 | c800 0000 | 4c89 9424 | 8000 0000 | 4c8b 9424 | b800 0000 
  0x0000015dafaa6b88: 4c89 9424 | 8800 0000 | 4c8b 9424 | b000 0000 | 4c89 9424 | 9000 0000 | 4c8b 9424 | b800 0000 
  0x0000015dafaa6ba8: 4c89 9424 | a800 0000 | 4c8b 9424 | c000 0000 | 4c89 9424 | b000 0000 | 4c8b 9424 | e800 0000 
  0x0000015dafaa6bc8: 4c89 9424 | c000 0000 

  0x0000015dafaa6bd0: ;   {runtime_call UncommonTrapBlob}
  0x0000015dafaa6bd0: c5f8 77e8 

  0x0000015dafaa6bd4: ; ImmutableOopMap {rbp=Oop [64]=Oop [80]=Oop [112]=Oop [120]=Oop [128]=Oop [136]=Oop [144]=Oop [168]=Oop [192]=Oop [208]=NarrowOop [212]=NarrowOop [232]=Oop }
                      ;*invokevirtual clone {reexecute=1 rethrow=0 return_oop=0}
                      ; - (reexecute) java.util.Arrays::copyOfRange@18
                      ; - java.lang.StringLatin1::newString@16
                      ; - java.lang.String::substring@41
                      ; - java.net.URLClassLoader::defineClass@28
                      ; - java.net.URLClassLoader$1::run@43
                      ; - java.net.URLClassLoader$1::run@1
                      ; - java.security.AccessController::executePrivileged@29
                      ; - java.security.AccessController::doPrivileged@13
                      ; - java.net.URLClassLoader::findClass@13
                      ; - java.lang.ClassLoader::loadClass@69
                      ; - java.lang.ClassLoader::loadClass@38
  0x0000015dafaa6bd4: a8d7 94ff 

  0x0000015dafaa6bd8: ;   {other}
  0x0000015dafaa6bd8: 0f1f 8400 | 0000 0000 | 498b cb48 | 8d94 2438 | 0100 004d | 8bc7 c5f8 | 7749 ba40 | d904 38fc 
  0x0000015dafaa6bf8: 7f00 0041 

  0x0000015dafaa6bfc: ;   {other}
  0x0000015dafaa6bfc: ffd2 0f1f | 8400 0000 | 0000 e9ea | 0000 0048 | 8bd8 eb3b | 488b d8eb | 3648 8bd8 | eb31 488b 
  0x0000015dafaa6c1c: d8e9 d300 | 0000 488b | d8e9 cb00 | 0000 488b | d8eb 1c48 | 8bd8 eb17 | 488b d8eb | 1248 8bd8 
  0x0000015dafaa6c3c: eb0d 488b | d8eb 0848 | 8bd8 eb03 | 488b d84c | 8b5c 2468 | 488d 8424 | 3801 0000 | 4883 3800 
  0x0000015dafaa6c5c: 0f84 7900 | 0000 4d8b | 1341 f6c2 | 020f 8462 | 0000 0049 | 83ba 8600 | 0000 0074 | 0949 ff8a 
  0x0000015dafaa6c7c: 8600 0000 | eb4b 498b | 8296 0000 | 0049 0b82 | 8e00 0000 | 750a 49c7 | 423e 0000 | 0000 eb3d 
  0x0000015dafaa6c9c: 4983 ba9e | 0000 0000 | 7422 4833 | c049 c742 | 3e00 0000 | 00f0 8304 | 2400 4983 | ba9e 0000 
  0x0000015dafaa6cbc: 0000 750d | f04d 0fb1 | 7a3e 7505 | 83c8 01eb | 0ca8 00eb | 084c 8b10 | f04d 0fb1 | 1375 0a49 
  0x0000015dafaa6cdc: ff8f 5005 | 0000 4533 | d20f 85f5 | feff ffeb | 0848 8bd8 | eb03 488b | d844 8b53 | 0849 b800 
  0x0000015dafaa6cfc: ;   {no_reloc}
  0x0000015dafaa6cfc: 0000 c25d | 0100 004d | 03c2 488b | ebe9 2f88 | ffff 498b | f949 8bcb | 488d 9424 | 4001 0000 
  0x0000015dafaa6d1c: 4d8b c7c5 | f877 49ba | 40d9 0438 | fc7f 0000 

  0x0000015dafaa6d2c: ;   {other}
  0x0000015dafaa6d2c: 41ff d20f | 1f84 0000 | 0000 004c | 8bcf e933 | 0100 0048 | 8bd8 eb41 | 488b d8eb | 3c48 8bd8 
  0x0000015dafaa6d4c: eb37 488b | d84c 8b4c | 2420 e917 | 0100 0048 | 8bd8 e9fb | 0000 0048 | 8bd8 4c8b | 8c24 d800 
  0x0000015dafaa6d6c: 0000 eb46 | 488b d84c | 8b8c 24d8 | 0000 00eb | 3948 8bd8 | eb03 488b | d84c 8b8c | 24d8 0000 
  0x0000015dafaa6d8c: 00eb 2748 | 8bd8 4c8b | 8c24 d800 | 0000 eb1a | 488b d849 | b900 00bc | b45d 0100 | 00eb 0b48 
  0x0000015dafaa6dac: 8bd8 4c8b | 8c24 d800 | 0000 4c8b | 9c24 a800 | 0000 488d | 8424 4001 | 0000 4883 | 3800 0f84 
  0x0000015dafaa6dcc: 7900 0000 | 4d8b 1341 | f6c2 020f | 8462 0000 | 0049 83ba | 8600 0000 | 0074 0949 | ff8a 8600 
  0x0000015dafaa6dec: 0000 eb4b | 498b 8296 | 0000 0049 | 0b82 8e00 | 0000 750a | 49c7 423e | 0000 0000 | eb3d 4983 
  0x0000015dafaa6e0c: ba9e 0000 | 0000 7422 | 4833 c049 | c742 3e00 | 0000 00f0 | 8304 2400 | 4983 ba9e | 0000 0000 
  0x0000015dafaa6e2c: ;   {no_reloc}
  0x0000015dafaa6e2c: 750d f04d | 0fb1 7a3e | 7505 83c8 | 01eb 0ca8 | 00eb 084c | 8b10 f04d | 0fb1 1375 | 0a49 ff8f 
  0x0000015dafaa6e4c: 5005 0000 | 4533 d20f | 85b5 feff | ffeb 1748 | 8bd8 49b9 | 0000 bcb4 | 5d01 0000 | eb08 488b 
  0x0000015dafaa6e6c: d84c 8b4c | 2420 4c8b | c344 8b5b | 0849 ba00 | 0000 c25d | 0100 004d | 03d3 eb1e | 4c8b c044 
  0x0000015dafaa6e8c: 8b58 0849 | ba00 0000 | c25d 0100 | 004d 03d3 | 49b9 0000 | bcb4 5d01 | 0000 4d8b 

  0x0000015dafaa6ea8: ;   {metadata('java/lang/ClassNotFoundException')}
  0x0000015dafaa6ea8: 5250 49bb | 8893 06c2 | 5d01 0000 | 4d3b d30f | 84d0 70ff | ff49 8be8 | e9c7 85ff | ffba b5ff 
  0x0000015dafaa6ec8: ffff 448b | 5424 3044 | 8954 2428 | 4c8b 5424 | 404c 8954 | 2438 4c8b | 5424 504c | 8954 2440 
  0x0000015dafaa6ee8: 4c8b 5424 | 784c 8954 | 2450 4c8b | 5424 684c | 8954 2458 | 4c8b 5424 | 704c 8954 | 2460 4c8b 
  0x0000015dafaa6f08: 9424 8000 | 0000 4c89 | 5424 7848 | 8984 2488 | 0000 0090 

  0x0000015dafaa6f1c: ;   {runtime_call UncommonTrapBlob}
  0x0000015dafaa6f1c: c5f8 77e8 

  0x0000015dafaa6f20: ; ImmutableOopMap {rbp=Oop [64]=Oop [80]=Oop [120]=Oop [136]=Oop [152]=Oop [176]=Oop [184]=Oop }
                      ;*astore_3 {reexecute=0 rethrow=0 return_oop=0}
                      ; - java.net.URLClassLoader$1::run@61
                      ; - java.net.URLClassLoader$1::run@1
                      ; - java.security.AccessController::executePrivileged@29
                      ; - java.security.AccessController::doPrivileged@13
                      ; - java.net.URLClassLoader::findClass@13
                      ; - java.lang.ClassLoader::loadClass@69
                      ; - java.lang.ClassLoader::loadClass@38
  0x0000015dafaa6f20: 5cd4 94ff 

  0x0000015dafaa6f24: ;   {other}
  0x0000015dafaa6f24: 0f1f 8400 | 0000 0000 | 488b e8e9 | 5f03 0000 | e9d8 0000 | 0044 8b50 | 0849 bb00 | 0000 c25d 
  0x0000015dafaa6f44: 0100 004d | 03da e9d3 | 0000 00e9 | bd00 0000 | eb51 448b | 5008 49bb | 0000 00c2 | 5d01 0000 
  0x0000015dafaa6f64: 4d03 dae9 | b600 0000 | e9f4 0000 | 0044 8b40 

  0x0000015dafaa6f74: ;   {metadata('java/security/PrivilegedActionException')}
  0x0000015dafaa6f74: 0841 81f8 | 08c4 1201 | 74ae 49ba | 0000 00c2 | 5d01 0000 | 4d03 d0e9 | 1801 0000 | eb00 448b 
  0x0000015dafaa6f94: 5008 49bb | 0000 00c2 | 5d01 0000 | 4d03 daeb | 7deb 0044 | 8b40 0849 | bb00 0000 | c25d 0100 
  0x0000015dafaa6fb4: 004d 03d8 | eb68 e9a6 | 0000 0044 | 8b50 0849 | bb00 0000 | c25d 0100 | 004d 03da | eb50 eb3d 
  0x0000015dafaa6fd4: 448b 5808 | 49ba 0000 | 00c2 5d01 | 0000 4d03 | d3eb 1144 | 8b58 0849 | ba00 0000 | c25d 0100 
  0x0000015dafaa6ff4: 004d 03d3 | 4d8b 5a48 

  0x0000015dafaa6ffc: ;   {metadata('java/lang/RuntimeException')}
  0x0000015dafaa6ffc: 49b8 a8b7 | 05c2 5d01 | 0000 4d3b | d875 62eb | 28eb 02eb | 0044 8b40 | 0849 bb00 | 0000 c25d 
  0x0000015dafaa701c: 0100 004d | 03d8 4d8b 

  0x0000015dafaa7024: ;   {metadata('java/lang/RuntimeException')}
  0x0000015dafaa7024: 5348 49b8 | a8b7 05c2 | 5d01 0000 | 4d3b d075 | 0848 8be8 | e94f 84ff | ff4d 8b53 

  0x0000015dafaa7040: ;   {metadata('java/lang/Exception')}
  0x0000015dafaa7040: 4049 bb20 | c000 c25d | 0100 004d | 3bd3 0f84 | 3201 0000 | 448b 5808 

  0x0000015dafaa7058: ;   {metadata('java/security/PrivilegedActionException')}
  0x0000015dafaa7058: 4181 fb08 | c412 010f | 846b 0100 | 0048 8be8 | e91f 84ff | ff4d 8b52 

  0x0000015dafaa7070: ;   {metadata('java/lang/Exception')}
  0x0000015dafaa7070: 4049 b820 | c000 c25d | 0100 004d | 3bd0 0f84 | 9801 0000 

  0x0000015dafaa7084: ;   {metadata('java/security/PrivilegedActionException')}
  0x0000015dafaa7084: 49ba 08c4 | 12c3 5d01 | 0000 4d3b | da0f 84f9 | 0100 0044 | 8b58 0849 | ba00 0000 | c25d 0100 
  0x0000015dafaa70a4: 004d 03d3 | 4d8b 5248 

  0x0000015dafaa70ac: ;   {metadata('java/io/IOException')}
  0x0000015dafaa70ac: 49bb 5853 | 04c3 5d01 | 0000 4d3b | d30f 8552 | ffff ff4c | 8bd8 498b | 87b8 0100 | 004c 8bd0 
  0x0000015dafaa70cc: 4983 c228 | 4d3b 97c8 | 0100 000f | 8381 0000 | 004d 8997 | b801 0000 | 410f 0d8a | c000 0000 
  0x0000015dafaa70ec: 48c7 0001 

  0x0000015dafaa70f0: ;   {metadata('java/lang/InternalError')}
  0x0000015dafaa70f0: 0000 00c7 | 4008 3807 | 0100 4489 | 600c 4c89 | 6010 4c89 | 6018 4c89 | 6020 4c89 | 5c24 384c 
  0x0000015dafaa7110: 8bd0 4c89 | 5424 5848 | 8bac 2480 | 0000 0044 | 8b9c 2488 | 0000 0044 | 895c 2420 | 4c8b 9424 
  0x0000015dafaa7130: a000 0000 | 4c89 5424 | 2848 8b54 | 2458 4c8b | 4424 3890 

  0x0000015dafaa7144: ;   {optimized virtual_call}
  0x0000015dafaa7144: c5f8 77e8 

  0x0000015dafaa7148: ; ImmutableOopMap {rbp=Oop [32]=NarrowOop [40]=Oop [72]=Oop [80]=Oop [88]=Oop [120]=Oop [176]=Oop [184]=Oop }
                      ;*invokespecial <init> {reexecute=0 rethrow=0 return_oop=0}
                      ; - jdk.internal.loader.URLClassPath$JarLoader::getResource@13
                      ; - jdk.internal.loader.URLClassPath::getResource@53
                      ; - java.net.URLClassLoader$1::run@26
                      ; - java.net.URLClassLoader$1::run@1
                      ; - java.security.AccessController::executePrivileged@29
                      ; - java.security.AccessController::doPrivileged@13
                      ; - java.net.URLClassLoader::findClass@13
                      ; - java.lang.ClassLoader::loadClass@69
                      ; - java.lang.ClassLoader::loadClass@38
  0x0000015dafaa7148: 3479 94ff 

  0x0000015dafaa714c: ;   {other}
  0x0000015dafaa714c: 0f1f 8400 | 0000 0000 | 488b 6c24 | 58e9 2e83 | ffff 4c89 

  0x0000015dafaa7160: ;   {metadata('java/lang/InternalError')}
  0x0000015dafaa7160: 5c24 3848 | ba38 0701 | c25d 0100 | 0048 8b6c | 2448 6690 

  0x0000015dafaa7174: ;   {runtime_call _new_instance_Java}
  0x0000015dafaa7174: c5f8 77e8 

  0x0000015dafaa7178: ; ImmutableOopMap {rbp=Oop [56]=Oop [72]=Oop [80]=Oop [120]=Oop [128]=Oop [136]=NarrowOop [160]=Oop [176]=Oop [184]=Oop }
                      ;*new {reexecute=0 rethrow=0 return_oop=1}
                      ; - jdk.internal.loader.URLClassPath$JarLoader::getResource@8
                      ; - jdk.internal.loader.URLClassPath::getResource@53
                      ; - java.net.URLClassLoader$1::run@26
                      ; - java.net.URLClassLoader$1::run@1
                      ; - java.security.AccessController::executePrivileged@29
                      ; - java.security.AccessController::doPrivileged@13
                      ; - java.net.URLClassLoader::findClass@13
                      ; - java.lang.ClassLoader::loadClass@69
                      ; - java.lang.ClassLoader::loadClass@38
  0x0000015dafaa7178: 844a 97ff 

  0x0000015dafaa717c: ;   {other}
  0x0000015dafaa717c: 0f1f 8400 | 0000 0000 | eb89 488b | e8ba 9100 | 0000 4c8b | 5424 484c | 8954 2420 | 4c8b 5424 
  0x0000015dafaa719c: 504c 8954 | 2448 4c8b | 5424 784c | 8954 2458 | 4c8b 5424 | 684c 8954 | 2460 4c8b | 5424 704c 
  0x0000015dafaa71bc: 8954 2468 

  0x0000015dafaa71c0: ;   {runtime_call UncommonTrapBlob}
  0x0000015dafaa71c0: c5f8 77e8 

  0x0000015dafaa71c4: ; ImmutableOopMap {rbp=Oop [32]=Oop [72]=Oop [88]=Oop [176]=Oop [184]=Oop }
                      ;*new {reexecute=0 rethrow=0 return_oop=0}
                      ; - java.security.AccessController::wrapException@0
                      ; - java.security.AccessController::doPrivileged@22
                      ; - java.net.URLClassLoader::findClass@13
                      ; - java.lang.ClassLoader::loadClass@69
                      ; - java.lang.ClassLoader::loadClass@38
  0x0000015dafaa71c4: b8d1 94ff 

  0x0000015dafaa71c8: ;   {other}
  0x0000015dafaa71c8: 0f1f 8400 | 0000 0000 | 488b e8ba | adff ffff | 4c8b 5424 | 484c 8954 | 2420 4c8b | 5424 504c 
  0x0000015dafaa71e8: 8954 2448 | 4c8b 5424 | 784c 8954 | 2458 4c8b | 5424 684c | 8954 2460 | 4c8b 5424 | 704c 8954 
  0x0000015dafaa7208: 2468 6690 

  0x0000015dafaa720c: ;   {runtime_call UncommonTrapBlob}
  0x0000015dafaa720c: c5f8 77e8 

  0x0000015dafaa7210: ; ImmutableOopMap {rbp=Oop [32]=Oop [72]=Oop [88]=Oop [176]=Oop [184]=Oop }
                      ;*invokevirtual getException {reexecute=0 rethrow=0 return_oop=0}
                      ; - java.net.URLClassLoader::findClass@25
                      ; - java.lang.ClassLoader::loadClass@69
                      ; - java.lang.ClassLoader::loadClass@38
  0x0000015dafaa7210: 6cd1 94ff 

  0x0000015dafaa7214: ;   {other}
  0x0000015dafaa7214: 0f1f 8400 | 0000 0000 | 488b e8ba | 9100 0000 | 4c8b 5424 | 484c 8954 | 2420 4c8b | 5424 504c 
  0x0000015dafaa7234: 8954 2448 | 4c8b 5424 | 784c 8954 | 2458 4c8b | 5424 684c | 8954 2460 | 4c8b 5424 | 704c 8954 
  0x0000015dafaa7254: 2468 4c8b | 9424 b000 | 0000 4c89 | 5424 7844 | 8b94 2488 | 0000 0044 | 8954 2434 | 4c8b 9424 
  0x0000015dafaa7274: b000 0000 | 4c89 9424 | a800 0000 

  0x0000015dafaa7280: ;   {runtime_call UncommonTrapBlob}
  0x0000015dafaa7280: c5f8 77e8 

  0x0000015dafaa7284: ; ImmutableOopMap {rbp=Oop [32]=Oop [52]=NarrowOop [72]=Oop [88]=Oop [120]=Oop [128]=Oop [152]=Oop [160]=Oop [168]=Oop [184]=Oop }
                      ;*new {reexecute=0 rethrow=0 return_oop=0}
                      ; - java.security.AccessController::wrapException@0
                      ; - java.security.AccessController::doPrivileged@22
                      ; - jdk.internal.loader.URLClassPath$JarLoader::ensureOpen@19
                      ; - jdk.internal.loader.URLClassPath$JarLoader::getResource@1
                      ; - jdk.internal.loader.URLClassPath::getResource@53
                      ; - java.net.URLClassLoader$1::run@26
                      ; - java.net.URLClassLoader$1::run@1
                      ; - java.security.AccessController::executePrivileged@29
                      ; - java.security.AccessController::doPrivileged@13
                      ; - java.net.URLClassLoader::findClass@13
                      ; - java.lang.ClassLoader::loadClass@69
                      ; - java.lang.ClassLoader::loadClass@38
  0x0000015dafaa7284: f8d0 94ff 

  0x0000015dafaa7288: ;   {other}
  0x0000015dafaa7288: 0f1f 8400 | 0000 0000 | 488b e8ba | adff ffff | 4c8b 5424 | 484c 8954 | 2420 4c8b | 5424 504c 
  0x0000015dafaa72a8: 8954 2448 | 4c8b 5424 | 784c 8954 | 2458 4c8b | 5424 684c | 8954 2460 | 4c8b 5424 | 704c 8954 
  0x0000015dafaa72c8: 2468 4c8b | 9424 b000 | 0000 4c89 | 5424 7844 | 8b94 2488 | 0000 0044 | 8954 2434 | 4c8b 9424 
  0x0000015dafaa72e8: b000 0000 | 4c89 9424 | a800 0000 

  0x0000015dafaa72f4: ;   {runtime_call UncommonTrapBlob}
  0x0000015dafaa72f4: c5f8 77e8 

  0x0000015dafaa72f8: ; ImmutableOopMap {rbp=Oop [32]=Oop [52]=NarrowOop [72]=Oop [88]=Oop [120]=Oop [128]=Oop [152]=Oop [160]=Oop [168]=Oop [184]=Oop }
                      ;*invokevirtual getException {reexecute=0 rethrow=0 return_oop=0}
                      ; - jdk.internal.loader.URLClassPath$JarLoader::ensureOpen@28
                      ; - jdk.internal.loader.URLClassPath$JarLoader::getResource@1
                      ; - jdk.internal.loader.URLClassPath::getResource@53
                      ; - java.net.URLClassLoader$1::run@26
                      ; - java.net.URLClassLoader$1::run@1
                      ; - java.security.AccessController::executePrivileged@29
                      ; - java.security.AccessController::doPrivileged@13
                      ; - java.net.URLClassLoader::findClass@13
                      ; - java.lang.ClassLoader::loadClass@69
                      ; - java.lang.ClassLoader::loadClass@38
  0x0000015dafaa72f8: 84d0 94ff 

  0x0000015dafaa72fc: ;   {other}
  0x0000015dafaa72fc: 0f1f 8400 | 0000 0000 | 4c8b d0e9 | 8005 0000 | 4c8b c8e9 | 8302 0000 | 488b 9424 | f000 0000 
  0x0000015dafaa731c: 4c8b c044 | 8b9c 24d4 | 0000 0044 | 895c 242c 

  0x0000015dafaa732c: ;   {optimized virtual_call}
  0x0000015dafaa732c: c5f8 77e8 

  0x0000015dafaa7330: ; ImmutableOopMap {rbp=Oop [44]=NarrowOop [72]=Oop [80]=Oop [120]=Oop [128]=Oop [152]=Oop [176]=Oop [184]=Oop [224]=Oop [232]=Oop [240]=Oop }
                      ;*invokevirtual addSuppressed {reexecute=0 rethrow=0 return_oop=0}
                      ; - java.util.jar.JarFile::getManifestFromReference@177
                      ; - java.util.jar.JarFile::getManifest@1
                      ; - jdk.internal.loader.URLClassPath$JarLoader$2::getManifest@22
                      ; - java.net.URLClassLoader::defineClass@34
                      ; - java.net.URLClassLoader$1::run@43
                      ; - java.net.URLClassLoader$1::run@1
                      ; - java.security.AccessController::executePrivileged@29
                      ; - java.security.AccessController::doPrivileged@13
                      ; - java.net.URLClassLoader::findClass@13
                      ; - java.lang.ClassLoader::loadClass@69
                      ; - java.lang.ClassLoader::loadClass@38
  0x0000015dafaa7330: 4c77 94ff 

  0x0000015dafaa7334: ;   {other}
  0x0000015dafaa7334: 0f1f 8400 | 0000 0000 | e93b 0400 | 0044 8b58 | 0849 ba00 | 0000 c25d | 0100 004d | 03d3 488b 
  0x0000015dafaa7354: d0e9 4905 | 0000 4889 | 8424 f000 | 0000 e9e9 | 0300 004c | 8bd0 e91d | 0500 004c | 8bd0 e915 
  0x0000015dafaa7374: 0500 004c | 8bd0 e90d | 0500 004c | 8bd0 e905 | 0500 004c | 8bd0 e9fd | 0400 004c | 8bd0 e9f5 
  0x0000015dafaa7394: 0400 004c | 8bd0 e9ed | 0400 004c | 8bd0 e9e5 | 0400 004c | 8bd0 e9dd | 0400 004c | 8bd0 e9d5 
  0x0000015dafaa73b4: 0400 004c | 8bd0 e9cd | 0400 004c | 8bd0 e9c5 | 0400 004c | 8bd0 e9bd | 0400 004c | 8bd0 e9b5 
  0x0000015dafaa73d4: 0400 0044 | 8b58 0849 | ba00 0000 | c25d 0100 | 004d 03d3 | 488b d0e9 | b304 0000 | eb00 448b 
  0x0000015dafaa73f4: 4008 49ba | 0000 00c2 | 5d01 0000 | 4d03 d048 | 8bd0 e998 | 0400 0044 | 8b40 0849 | ba00 0000 
  0x0000015dafaa7414: c25d 0100 | 004d 03d0 | 4d8b 5a50 | 4c3b dd0f | 85a3 0400 | 0045 33c9 | e95d 0200 

  0x0000015dafaa7430: ;   {no_reloc}
  0x0000015dafaa7430: 004c 8bc8 | 448b 5008 | 49bb 0000 | 00c2 5d01 | 0000 4d03 | da4d 8b53 

  0x0000015dafaa7448: ;   {metadata('java/io/IOException')}
  0x0000015dafaa7448: 4849 bb58 | 5304 c35d | 0100 004d | 3bd3 0f85 | 3b01 0000 | 4c8b d849 | 8b87 b801 | 0000 4c8b 
  0x0000015dafaa7468: d049 83c2 | 284d 3b97 | c801 0000 | 0f83 a204 | 0000 4d89 | 97b8 0100 | 0041 0f0d | 8ac0 0000 
  0x0000015dafaa7488: 0048 c700 | 0100 0000 

  0x0000015dafaa7490: ;   {metadata('java/lang/RuntimeException')}
  0x0000015dafaa7490: c740 08a8 | b705 0044 | 8960 0c4c | 8960 104c | 8960 184c | 8960 2049 | 8beb 4c8b | d04c 8954 
  0x0000015dafaa74b0: 2420 498b | d24c 8bc5 | 488b 6c24 | 4844 8b9c | 24d4 0000 | 0044 895c | 2434 6690 

  0x0000015dafaa74cc: ;   {optimized virtual_call}
  0x0000015dafaa74cc: c5f8 77e8 

  0x0000015dafaa74d0: ; ImmutableOopMap {rbp=Oop [32]=Oop [52]=NarrowOop [56]=Oop [72]=Oop [80]=Oop [120]=Oop [128]=Oop [152]=Oop [176]=Oop [184]=Oop [224]=Oop [232]=Oop }
                      ;*invokespecial <init> {reexecute=0 rethrow=0 return_oop=0}
                      ; - java.util.jar.JarFile::ensureInitialization@13
                      ; - java.util.jar.JavaUtilJarAccessImpl::ensureInitialization@1
                      ; - jdk.internal.loader.URLClassPath$JarLoader$2::getManifest@10
                      ; - java.net.URLClassLoader::defineClass@34
                      ; - java.net.URLClassLoader$1::run@43
                      ; - java.net.URLClassLoader$1::run@1
                      ; - java.security.AccessController::executePrivileged@29
                      ; - java.security.AccessController::doPrivileged@13
                      ; - java.net.URLClassLoader::findClass@13
                      ; - java.lang.ClassLoader::loadClass@69
                      ; - java.lang.ClassLoader::loadClass@38
  0x0000015dafaa74d0: ac75 94ff 

  0x0000015dafaa74d4: ;   {other}
  0x0000015dafaa74d4: 0f1f 8400 | 0000 0000 | 4c8b 5c24 | 3848 8d84 | 2440 0100 | 0048 8338 | 000f 8479 | 0000 004d 
  0x0000015dafaa74f4: 8b13 41f6 | c202 0f84 | 6200 0000 | 4983 ba86 | 0000 0000 | 7409 49ff | 8a86 0000 | 00eb 4b49 
  0x0000015dafaa7514: 8b82 9600 | 0000 490b | 828e 0000 | 0075 0a49 | c742 3e00 | 0000 00eb | 3d49 83ba | 9e00 0000 
  0x0000015dafaa7534: 0074 2248 | 33c0 49c7 | 423e 0000 | 0000 f083 | 0424 0049 | 83ba 9e00 | 0000 0075 | 0df0 4d0f 
  0x0000015dafaa7554: b17a 3e75 | 0583 c801 | eb0c a800 | eb08 4c8b | 10f0 4d0f | b113 750a | 49ff 8f50 | 0500 0045 
  0x0000015dafaa7574: 33d2 0f85 | c503 0000 | 488b 5424 | 2066 6690 

  0x0000015dafaa7584: ;   {runtime_call _rethrow_Java}
  0x0000015dafaa7584: c5f8 77e8 

  0x0000015dafaa7588: ; ImmutableOopMap {rbp=Oop [72]=Oop [80]=Oop [120]=Oop [128]=Oop [152]=Oop [176]=Oop [184]=Oop }
                      ;*invokevirtual defineClass {reexecute=0 rethrow=0 return_oop=1}
                      ; - java.net.URLClassLoader$1::run@43
                      ; - java.net.URLClassLoader$1::run@1
                      ; - java.security.AccessController::executePrivileged@29
                      ; - java.security.AccessController::doPrivileged@13
                      ; - java.net.URLClassLoader::findClass@13
                      ; - java.lang.ClassLoader::loadClass@69
                      ; - java.lang.ClassLoader::loadClass@38
  0x0000015dafaa7588: f4d9 97ff 

  0x0000015dafaa758c: ;   {other}
  0x0000015dafaa758c: 0f1f 8400 | 0000 0000 | 4c8b c84c | 8b5c 2438 | 488d 8424 | 4001 0000 | 4883 3800 | 0f84 7900 
  0x0000015dafaa75ac: 0000 4d8b | 1341 f6c2 | 020f 8462 | 0000 0049 | 83ba 8600 | 0000 0074 | 0949 ff8a | 8600 0000 
  0x0000015dafaa75cc: eb4b 498b | 8296 0000 | 0049 0b82 | 8e00 0000 | 750a 49c7 | 423e 0000 | 0000 eb3d | 4983 ba9e 
  0x0000015dafaa75ec: 0000 0000 | 7422 4833 | c049 c742 | 3e00 0000 | 00f0 8304 | 2400 4983 | ba9e 0000 | 0000 750d 
  0x0000015dafaa760c: f04d 0fb1 | 7a3e 7505 | 83c8 01eb | 0ca8 00eb | 084c 8b10 | f04d 0fb1 | 1375 0a49 | ff8f 5005 
  0x0000015dafaa762c: 0000 4533 | d20f 8458 | 0200 0049 | 8bd9 4d8b | d349 8bca | 488d 9424 | 4001 0000 | 4d8b c7c5 
  0x0000015dafaa764c: f877 49ba | 40d9 0438 | fc7f 0000 

  0x0000015dafaa7658: ;   {other}
  0x0000015dafaa7658: 41ff d20f | 1f84 0000 | 0000 004c | 8bcb e924 | 0200 0044 | 8b58 0849 | ba00 0000 | c25d 0100 
  0x0000015dafaa7678: 004d 03d3 | 4d8b 5a50 | 4c3b dd0f | 85a7 0000 | 004c 8b4c | 2438 488b | 9424 b800 | 0000 4c8b 
  0x0000015dafaa7698: 8424 e800 | 0000 488b | 7c24 2048 | 8b6c 2448 | 4c8b 9424 | e000 0000 | 4c89 9424 | 9800 0000 
  0x0000015dafaa76b8: ;   {optimized virtual_call}
  0x0000015dafaa76b8: c5f8 77e8 

  0x0000015dafaa76bc: ; ImmutableOopMap {rbp=Oop [32]=Oop [40]=NarrowOop [72]=Oop [80]=Oop [120]=Oop [128]=Oop [152]=Oop [176]=Oop [184]=Oop [212]=NarrowOop [224]=Oop [232]=Oop }
                      ;*invokevirtual getAndVerifyPackage {reexecute=0 rethrow=0 return_oop=1}
                      ; - java.net.URLClassLoader::defineClass@97
                      ; - java.net.URLClassLoader$1::run@43
                      ; - java.net.URLClassLoader$1::run@1
                      ; - java.security.AccessController::executePrivileged@29
                      ; - java.security.AccessController::doPrivileged@13
                      ; - java.net.URLClassLoader::findClass@13
                      ; - java.lang.ClassLoader::loadClass@69
                      ; - java.lang.ClassLoader::loadClass@38
  0x0000015dafaa76bc: c073 94ff 

  0x0000015dafaa76c0: ;   {other}
  0x0000015dafaa76c0: 0f1f 8400 | 0000 0000 | 4885 c00f | 85a8 7aff | ffba fd00 | 0000 448b | 5c24 3044 | 895c 2428 
  0x0000015dafaa76e0: 4c8b 5424 | 404c 8954 | 2438 4c8b | 5424 504c | 8954 2440 | 4c8b 5424 | 784c 8954 | 2450 4c8b 
  0x0000015dafaa7700: 5424 684c | 8954 2458 | 4c8b 5424 | 704c 8954 | 2460 4c8b | 9424 8000 | 0000 4c89 | 5424 7890 
  0x0000015dafaa7720: ;   {runtime_call UncommonTrapBlob}
  0x0000015dafaa7720: c5f8 77e8 

  0x0000015dafaa7724: ; ImmutableOopMap {rbp=Oop [64]=Oop [80]=Oop [120]=Oop [176]=Oop [184]=Oop [224]=Oop [232]=Oop }
                      ;*new {reexecute=0 rethrow=0 return_oop=0}
                      ; - java.net.URLClassLoader::defineClass@103
                      ; - java.net.URLClassLoader$1::run@43
                      ; - java.net.URLClassLoader$1::run@1
                      ; - java.security.AccessController::executePrivileged@29
                      ; - java.security.AccessController::doPrivileged@13
                      ; - java.net.URLClassLoader::findClass@13
                      ; - java.lang.ClassLoader::loadClass@69
                      ; - java.lang.ClassLoader::loadClass@38
  0x0000015dafaa7724: 58cc 94ff 

  0x0000015dafaa7728: ;   {other}
  0x0000015dafaa7728: 0f1f 8400 | 0000 0000 | 488b d0e9 | 6b01 0000 | 4c8b d0e9 | 4c01 0000 | 4c8b d0e9 | 4401 0000 
  0x0000015dafaa7748: 4889 8424 | f000 0000 | 4c8b d54d | 85d2 7424 | 498b d248 | 8b6c 2448 | 6690 c5f8 | 7748 b8ff 
  0x0000015dafaa7768: ffff ffff 

  0x0000015dafaa776c: ;   {virtual_call}
  0x0000015dafaa776c: ffff ffe8 

  0x0000015dafaa7770: ; ImmutableOopMap {rbp=Oop [72]=Oop [80]=Oop [120]=Oop [128]=Oop [152]=Oop [176]=Oop [184]=Oop [212]=NarrowOop [224]=Oop [232]=Oop [240]=Oop }
                      ;*invokevirtual close {reexecute=0 rethrow=0 return_oop=0}
                      ; - java.util.jar.JarFile::getManifestFromReference@165
                      ; - java.util.jar.JarFile::getManifest@1
                      ; - jdk.internal.loader.URLClassPath$JarLoader$2::getManifest@22
                      ; - java.net.URLClassLoader::defineClass@34
                      ; - java.net.URLClassLoader$1::run@43
                      ; - java.net.URLClassLoader$1::run@1
                      ; - java.security.AccessController::executePrivileged@29
                      ; - java.security.AccessController::doPrivileged@13
                      ; - java.net.URLClassLoader::findClass@13
                      ; - java.lang.ClassLoader::loadClass@69
                      ; - java.lang.ClassLoader::loadClass@38
  0x0000015dafaa7770: 0c76 94ff 

  0x0000015dafaa7774: ;   {other}
  0x0000015dafaa7774: 0f1f 8400 | 0000 0000 | 4c8b 9424 | f000 0000 | e903 0100 | 004c 8bd0 | e9fb 0000 | 004c 8bd0 
  0x0000015dafaa7794: e9f3 0000 | 004c 8bd0 | e9eb 0000 | 004c 8bd0 | e9e3 0000 | 004c 8bd0 | e9db 0000 | 004c 8bd0 
  0x0000015dafaa77b4: e9d3 0000 | 004c 8bd0 | e9cb 0000 | 004c 8bd0 | e9c3 0000 | 004c 8bd0 | e9bb 0000 | 004c 8bd0 
  0x0000015dafaa77d4: e9b3 0000 | 004c 8bd0 | e9ab 0000 | 004c 8bd0 | e9a3 0000 | 0044 8b58 | 0849 ba00 | 0000 c25d 
  0x0000015dafaa77f4: 0100 004d | 03d3 488b | d0e9 a100 | 0000 448b | 5808 49ba | 0000 00c2 | 5d01 0000 | 4d03 d348 
  0x0000015dafaa7814: 8bd0 e988 | 0000 0044 | 8b58 0849 | ba00 0000 | c25d 0100 | 004d 03d3 | 488b d0eb | 7244 8b58 
  0x0000015dafaa7834: 0849 ba00 | 0000 c25d | 0100 004d | 03d3 488b | d0eb 5c44 | 8b58 0849 | ba00 0000 | c25d 0100 
  0x0000015dafaa7854: 004d 03d3 | 488b d0eb | 4644 8b58 | 0849 ba00 | 0000 c25d | 0100 004d | 03d3 488b 

  0x0000015dafaa7870: ;   {no_reloc}
  0x0000015dafaa7870: d0eb 3044 | 8b58 0849 | ba00 0000 | c25d 0100 | 004d 03d3 | 488b d0eb | 1a4c 8bd0 | 4d8b ca45 
  0x0000015dafaa7890: 8b41 0849 | ba00 0000 | c25d 0100 | 004d 03d0 | 498b d14d 

  0x0000015dafaa78a4: ;   {metadata('java/io/IOException')}
  0x0000015dafaa78a4: 8b52 4849 | bb58 5304 | c35d 0100 | 004d 3bd3 | 741b 488b | 6c24 4890 

  0x0000015dafaa78bc: ;   {runtime_call _rethrow_Java}
  0x0000015dafaa78bc: c5f8 77e8 

  0x0000015dafaa78c0: ; ImmutableOopMap {rbp=Oop [72]=Oop [80]=Oop [120]=Oop [128]=Oop [176]=Oop [184]=Oop [224]=Oop }
                      ;*invokevirtual defineClass {reexecute=0 rethrow=0 return_oop=1}
                      ; - java.net.URLClassLoader$1::run@43
                      ; - java.net.URLClassLoader$1::run@1
                      ; - java.security.AccessController::executePrivileged@29
                      ; - java.security.AccessController::doPrivileged@13
                      ; - java.net.URLClassLoader::findClass@13
                      ; - java.lang.ClassLoader::loadClass@69
                      ; - java.lang.ClassLoader::loadClass@38
  0x0000015dafaa78c0: bcd6 97ff 

  0x0000015dafaa78c4: ;   {other}
  0x0000015dafaa78c4: 0f1f 8400 | 0000 0000 | 488b d0eb | d248 8bea | ba2f 0000 | 004c 8b54 | 2448 4c89 | 5424 204c 
  0x0000015dafaa78e4: 8b54 2450 | 4c89 5424 | 484c 8b54 | 2478 4c89 | 5424 584c | 8b54 2468 | 4c89 5424 | 604c 8b54 
  0x0000015dafaa7904: 2470 4c89 | 5424 6890 

  0x0000015dafaa790c: ;   {runtime_call UncommonTrapBlob}
  0x0000015dafaa790c: c5f8 77e8 

  0x0000015dafaa7910: ; ImmutableOopMap {rbp=Oop [32]=Oop [72]=Oop [88]=Oop [128]=Oop [176]=Oop [184]=Oop }
                      ;*new {reexecute=0 rethrow=0 return_oop=0}
                      ; - java.net.URLClassLoader$1::run@48
                      ; - java.net.URLClassLoader$1::run@1
                      ; - java.security.AccessController::executePrivileged@29
                      ; - java.security.AccessController::doPrivileged@13
                      ; - java.net.URLClassLoader::findClass@13
                      ; - java.lang.ClassLoader::loadClass@69
                      ; - java.lang.ClassLoader::loadClass@38
  0x0000015dafaa7910: 6cca 94ff 

  0x0000015dafaa7914: ;   {other}
  0x0000015dafaa7914: 0f1f 8400 | 0000 0000 

  0x0000015dafaa791c: ;   {metadata('java/lang/RuntimeException')}
  0x0000015dafaa791c: 498b eb48 | baa8 b705 | c25d 0100 | 0066 6690 

  0x0000015dafaa792c: ;   {runtime_call _new_instance_Java}
  0x0000015dafaa792c: c5f8 77e8 

  0x0000015dafaa7930: ; ImmutableOopMap {rbp=Oop [56]=Oop [72]=Oop [80]=Oop [120]=Oop [128]=Oop [152]=Oop [176]=Oop [184]=Oop [212]=NarrowOop [224]=Oop [232]=Oop }
                      ;*new {reexecute=0 rethrow=0 return_oop=1}
                      ; - java.util.jar.JarFile::ensureInitialization@8
                      ; - java.util.jar.JavaUtilJarAccessImpl::ensureInitialization@1
                      ; - jdk.internal.loader.URLClassPath$JarLoader$2::getManifest@10
                      ; - java.net.URLClassLoader::defineClass@34
                      ; - java.net.URLClassLoader$1::run@43
                      ; - java.net.URLClassLoader$1::run@1
                      ; - java.security.AccessController::executePrivileged@29
                      ; - java.security.AccessController::doPrivileged@13
                      ; - java.net.URLClassLoader::findClass@13
                      ; - java.lang.ClassLoader::loadClass@69
                      ; - java.lang.ClassLoader::loadClass@38
  0x0000015dafaa7930: cc42 97ff 

  0x0000015dafaa7934: ;   {other}
  0x0000015dafaa7934: 0f1f 8400 | 0000 0000 | e969 fbff | ff4d 8bd3 | 498b ca48 | 8d94 2440 | 0100 004d | 8bc7 c5f8 
  0x0000015dafaa7954: 7749 ba40 | d904 38fc | 7f00 0041 

  0x0000015dafaa7960: ;   {other}
  0x0000015dafaa7960: ffd2 0f1f | 8400 0000 | 0000 e90d 

  0x0000015dafaa796c: ;   {internal_word}
  0x0000015dafaa796c: fcff ff49 | bafd 00aa | af5d 0100 | 004d 8997 | 6804 0000 

  0x0000015dafaa7980: ;   {runtime_call SafepointBlob}
  0x0000015dafaa7980: e9fb da94 

  0x0000015dafaa7984: ;   {runtime_call StubRoutines (final stubs)}
  0x0000015dafaa7984: ffe8 56eb | 92ff e90f | 4fff fff4 
[Stub Code]
  0x0000015dafaa7990: ;   {no_reloc}
  0x0000015dafaa7990: 48bb 0000 | 0000 0000 

  0x0000015dafaa7998: ;   {runtime_call nmethod}
  0x0000015dafaa7998: 0000 e9fb 

  0x0000015dafaa799c: ;   {static_stub}
  0x0000015dafaa799c: ffff ff48 | bb00 0000 | 0000 0000 

  0x0000015dafaa79a8: ;   {runtime_call nmethod}
  0x0000015dafaa79a8: 00e9 fbff 

  0x0000015dafaa79ac: ;   {static_stub}
  0x0000015dafaa79ac: ffff 48bb | 0000 0000 | 0000 0000 

  0x0000015dafaa79b8: ;   {runtime_call nmethod}
  0x0000015dafaa79b8: e9fb ffff 

  0x0000015dafaa79bc: ;   {static_stub}
  0x0000015dafaa79bc: ff48 bb00 | 0000 0000 

  0x0000015dafaa79c4: ;   {runtime_call nmethod}
  0x0000015dafaa79c4: 0000 00e9 | fbff ffff 

  0x0000015dafaa79cc: ;   {static_stub}
  0x0000015dafaa79cc: 48bb 0000 | 0000 0000 

  0x0000015dafaa79d4: ;   {runtime_call nmethod}
  0x0000015dafaa79d4: 0000 e9fb 

  0x0000015dafaa79d8: ;   {static_stub}
  0x0000015dafaa79d8: ffff ff48 | bb00 0000 | 0000 0000 

  0x0000015dafaa79e4: ;   {runtime_call nmethod}
  0x0000015dafaa79e4: 00e9 fbff 

  0x0000015dafaa79e8: ;   {static_stub}
  0x0000015dafaa79e8: ffff 48bb | 0000 0000 | 0000 0000 

  0x0000015dafaa79f4: ;   {runtime_call nmethod}
  0x0000015dafaa79f4: e9fb ffff 

  0x0000015dafaa79f8: ;   {static_stub}
  0x0000015dafaa79f8: ff48 bb00 | 0000 0000 

  0x0000015dafaa7a00: ;   {runtime_call nmethod}
  0x0000015dafaa7a00: 0000 00e9 | fbff ffff 

  0x0000015dafaa7a08: ;   {static_stub}
  0x0000015dafaa7a08: 48bb 0000 | 0000 0000 

  0x0000015dafaa7a10: ;   {runtime_call nmethod}
  0x0000015dafaa7a10: 0000 e9fb 

  0x0000015dafaa7a14: ;   {static_stub}
  0x0000015dafaa7a14: ffff ff48 | bb00 0000 | 0000 0000 

  0x0000015dafaa7a20: ;   {runtime_call nmethod}
  0x0000015dafaa7a20: 00e9 fbff 

  0x0000015dafaa7a24: ;   {static_stub}
  0x0000015dafaa7a24: ffff 48bb | 0000 0000 | 0000 0000 

  0x0000015dafaa7a30: ;   {runtime_call nmethod}
  0x0000015dafaa7a30: e9fb ffff 

  0x0000015dafaa7a34: ;   {static_stub}
  0x0000015dafaa7a34: ff48 bb00 | 0000 0000 

  0x0000015dafaa7a3c: ;   {runtime_call nmethod}
  0x0000015dafaa7a3c: 0000 00e9 | fbff ffff 

  0x0000015dafaa7a44: ;   {static_stub}
  0x0000015dafaa7a44: 48bb 0000 | 0000 0000 

  0x0000015dafaa7a4c: ;   {runtime_call nmethod}
  0x0000015dafaa7a4c: 0000 e9fb 

  0x0000015dafaa7a50: ;   {static_stub}
  0x0000015dafaa7a50: ffff ff48 | bb00 0000 | 0000 0000 

  0x0000015dafaa7a5c: ;   {runtime_call nmethod}
  0x0000015dafaa7a5c: 00e9 fbff 

  0x0000015dafaa7a60: ;   {static_stub}
  0x0000015dafaa7a60: ffff 48bb | 0000 0000 | 0000 0000 

  0x0000015dafaa7a6c: ;   {runtime_call nmethod}
  0x0000015dafaa7a6c: e9fb ffff 

  0x0000015dafaa7a70: ;   {static_stub}
  0x0000015dafaa7a70: ff48 bb00 | 0000 0000 

  0x0000015dafaa7a78: ;   {runtime_call nmethod}
  0x0000015dafaa7a78: 0000 00e9 | fbff ffff 

  0x0000015dafaa7a80: ;   {static_stub}
  0x0000015dafaa7a80: 48bb 0000 | 0000 0000 

  0x0000015dafaa7a88: ;   {runtime_call nmethod}
  0x0000015dafaa7a88: 0000 e9fb 

  0x0000015dafaa7a8c: ;   {static_stub}
  0x0000015dafaa7a8c: ffff ff48 | bb00 0000 | 0000 0000 

  0x0000015dafaa7a98: ;   {runtime_call nmethod}
  0x0000015dafaa7a98: 00e9 fbff 

  0x0000015dafaa7a9c: ;   {static_stub}
  0x0000015dafaa7a9c: ffff 48bb | 0000 0000 | 0000 0000 

  0x0000015dafaa7aa8: ;   {runtime_call nmethod}
  0x0000015dafaa7aa8: e9fb ffff 

  0x0000015dafaa7aac: ;   {static_stub}
  0x0000015dafaa7aac: ff48 bb00 | 0000 0000 

  0x0000015dafaa7ab4: ;   {runtime_call nmethod}
  0x0000015dafaa7ab4: 0000 00e9 | fbff ffff 

  0x0000015dafaa7abc: ;   {static_stub}
  0x0000015dafaa7abc: 48bb 0000 | 0000 0000 

  0x0000015dafaa7ac4: ;   {runtime_call nmethod}
  0x0000015dafaa7ac4: 0000 e9fb 

  0x0000015dafaa7ac8: ;   {static_stub}
  0x0000015dafaa7ac8: ffff ff48 | bb00 0000 | 0000 0000 

  0x0000015dafaa7ad4: ;   {runtime_call nmethod}
  0x0000015dafaa7ad4: 00e9 fbff 

  0x0000015dafaa7ad8: ;   {static_stub}
  0x0000015dafaa7ad8: ffff 48bb | 0000 0000 | 0000 0000 

  0x0000015dafaa7ae4: ;   {runtime_call nmethod}
  0x0000015dafaa7ae4: e9fb ffff 

  0x0000015dafaa7ae8: ;   {static_stub}
  0x0000015dafaa7ae8: ff48 bb00 | 0000 0000 

  0x0000015dafaa7af0: ;   {runtime_call nmethod}
  0x0000015dafaa7af0: 0000 00e9 | fbff ffff 

  0x0000015dafaa7af8: ;   {static_stub}
  0x0000015dafaa7af8: 48bb 0000 | 0000 0000 

  0x0000015dafaa7b00: ;   {runtime_call nmethod}
  0x0000015dafaa7b00: 0000 e9fb 

  0x0000015dafaa7b04: ;   {static_stub}
  0x0000015dafaa7b04: ffff ff48 | bb00 0000 | 0000 0000 

  0x0000015dafaa7b10: ;   {runtime_call nmethod}
  0x0000015dafaa7b10: 00e9 fbff 

  0x0000015dafaa7b14: ;   {static_stub}
  0x0000015dafaa7b14: ffff 48bb | 0000 0000 | 0000 0000 

  0x0000015dafaa7b20: ;   {runtime_call nmethod}
  0x0000015dafaa7b20: e9fb ffff 

  0x0000015dafaa7b24: ;   {static_stub}
  0x0000015dafaa7b24: ff48 bb00 | 0000 0000 

  0x0000015dafaa7b2c: ;   {runtime_call nmethod}
  0x0000015dafaa7b2c: 0000 00e9 | fbff ffff 

  0x0000015dafaa7b34: ;   {static_stub}
  0x0000015dafaa7b34: 48bb 0000 | 0000 0000 

  0x0000015dafaa7b3c: ;   {runtime_call nmethod}
  0x0000015dafaa7b3c: 0000 e9fb 

  0x0000015dafaa7b40: ;   {static_stub}
  0x0000015dafaa7b40: ffff ff48 | bb00 0000 | 0000 0000 

  0x0000015dafaa7b4c: ;   {runtime_call nmethod}
  0x0000015dafaa7b4c: 00e9 fbff 

  0x0000015dafaa7b50: ;   {static_stub}
  0x0000015dafaa7b50: ffff 48bb | 0000 0000 | 0000 0000 

  0x0000015dafaa7b5c: ;   {runtime_call nmethod}
  0x0000015dafaa7b5c: e9fb ffff 

  0x0000015dafaa7b60: ;   {static_stub}
  0x0000015dafaa7b60: ff48 bb00 | 0000 0000 

  0x0000015dafaa7b68: ;   {runtime_call nmethod}
  0x0000015dafaa7b68: 0000 00e9 | fbff ffff 

  0x0000015dafaa7b70: ;   {static_stub}
  0x0000015dafaa7b70: 48bb 88f2 | 04c2 5d01 

  0x0000015dafaa7b78: ;   {runtime_call I2C/C2I adapters}
  0x0000015dafaa7b78: 0000 e9ec 

  0x0000015dafaa7b7c: ;   {static_stub}
  0x0000015dafaa7b7c: 3294 ff48 | bb00 0000 | 0000 0000 

  0x0000015dafaa7b88: ;   {runtime_call nmethod}
  0x0000015dafaa7b88: 00e9 fbff 

  0x0000015dafaa7b8c: ;   {static_stub}
  0x0000015dafaa7b8c: ffff 48bb | 0000 0000 | 0000 0000 

  0x0000015dafaa7b98: ;   {runtime_call nmethod}
  0x0000015dafaa7b98: e9fb ffff 

  0x0000015dafaa7b9c: ;   {static_stub}
  0x0000015dafaa7b9c: ff48 bb00 | 0000 0000 

  0x0000015dafaa7ba4: ;   {runtime_call nmethod}
  0x0000015dafaa7ba4: 0000 00e9 | fbff ffff 

  0x0000015dafaa7bac: ;   {static_stub}
  0x0000015dafaa7bac: 48bb 0000 | 0000 0000 

  0x0000015dafaa7bb4: ;   {runtime_call nmethod}
  0x0000015dafaa7bb4: 0000 e9fb 

  0x0000015dafaa7bb8: ;   {static_stub}
  0x0000015dafaa7bb8: ffff ff48 | bb00 0000 | 0000 0000 

  0x0000015dafaa7bc4: ;   {runtime_call nmethod}
  0x0000015dafaa7bc4: 00e9 fbff 

  0x0000015dafaa7bc8: ;   {static_stub}
  0x0000015dafaa7bc8: ffff 48bb | 0000 0000 | 0000 0000 

  0x0000015dafaa7bd4: ;   {runtime_call nmethod}
  0x0000015dafaa7bd4: e9fb ffff 

  0x0000015dafaa7bd8: ;   {static_stub}
  0x0000015dafaa7bd8: ff48 bb00 | 0000 0000 

  0x0000015dafaa7be0: ;   {runtime_call nmethod}
  0x0000015dafaa7be0: 0000 00e9 | fbff ffff 

  0x0000015dafaa7be8: ;   {static_stub}
  0x0000015dafaa7be8: 48bb 0000 | 0000 0000 

  0x0000015dafaa7bf0: ;   {runtime_call nmethod}
  0x0000015dafaa7bf0: 0000 e9fb 

  0x0000015dafaa7bf4: ;   {static_stub}
  0x0000015dafaa7bf4: ffff ff48 | bb00 0000 | 0000 0000 

  0x0000015dafaa7c00: ;   {runtime_call nmethod}
  0x0000015dafaa7c00: 00e9 fbff 

  0x0000015dafaa7c04: ;   {static_stub}
  0x0000015dafaa7c04: ffff 48bb | 0000 0000 | 0000 0000 

  0x0000015dafaa7c10: ;   {runtime_call nmethod}
  0x0000015dafaa7c10: e9fb ffff 

  0x0000015dafaa7c14: ;   {static_stub}
  0x0000015dafaa7c14: ff48 bb00 | 0000 0000 

  0x0000015dafaa7c1c: ;   {runtime_call nmethod}
  0x0000015dafaa7c1c: 0000 00e9 | fbff ffff 

  0x0000015dafaa7c24: ;   {static_stub}
  0x0000015dafaa7c24: 48bb 0000 | 0000 0000 

  0x0000015dafaa7c2c: ;   {runtime_call nmethod}
  0x0000015dafaa7c2c: 0000 e9fb 

  0x0000015dafaa7c30: ;   {static_stub}
  0x0000015dafaa7c30: ffff ff48 | bb00 0000 | 0000 0000 

  0x0000015dafaa7c3c: ;   {runtime_call nmethod}
  0x0000015dafaa7c3c: 00e9 fbff 

  0x0000015dafaa7c40: ;   {static_stub}
  0x0000015dafaa7c40: ffff 48bb | 0000 0000 | 0000 0000 

  0x0000015dafaa7c4c: ;   {runtime_call nmethod}
  0x0000015dafaa7c4c: e9fb ffff 

  0x0000015dafaa7c50: ;   {static_stub}
  0x0000015dafaa7c50: ff48 bb00 | 0000 0000 

  0x0000015dafaa7c58: ;   {runtime_call nmethod}
  0x0000015dafaa7c58: 0000 00e9 | fbff ffff 
[Exception Handler]
  0x0000015dafaa7c60: ;   {runtime_call ExceptionBlob}
  0x0000015dafaa7c60: e99b 4297 | ffe8 0000 | 0000 4883 

  0x0000015dafaa7c6c: ;   {runtime_call DeoptimizationBlob}
  0x0000015dafaa7c6c: 2c24 05e9 | acca 94ff | f4f4 f4f4 
[/MachCode]


Compiled method (c2) 82952 3680       4       java.lang.ClassLoader::loadClass (7 bytes)
 total in heap  [0x0000015dafb5be10,0x0000015dafb5c0b8] = 680
 relocation     [0x0000015dafb5bf70,0x0000015dafb5bf90] = 32
 main code      [0x0000015dafb5bfa0,0x0000015dafb5c038] = 152
 stub code      [0x0000015dafb5c038,0x0000015dafb5c050] = 24
 metadata       [0x0000015dafb5c050,0x0000015dafb5c058] = 8
 scopes data    [0x0000015dafb5c058,0x0000015dafb5c068] = 16
 scopes pcs     [0x0000015dafb5c068,0x0000015dafb5c098] = 48
 dependencies   [0x0000015dafb5c098,0x0000015dafb5c0a0] = 8
 handler table  [0x0000015dafb5c0a0,0x0000015dafb5c0b8] = 24

[Constant Pool (empty)]

[MachCode]
[Entry Point]
  # {method} {0x0000015dc20143f0} 'loadClass' '(Ljava/lang/String;)Ljava/lang/Class;' in 'java/lang/ClassLoader'
  # this:     rdx:rdx   = 'java/lang/ClassLoader'
  # parm0:    r8:r8     = 'java/lang/String'
  #           [sp+0x20]  (sp of caller)
  0x0000015dafb5bfa0: 448b 5208 | 49bb 0000 | 00c2 5d01 | 0000 4d03 | d349 3bc2 

  0x0000015dafb5bfb4: ;   {runtime_call ic_miss_stub}
  0x0000015dafb5bfb4: 0f85 c627 | 89ff 6690 | 0f1f 4000 
[Verified Entry Point]
  0x0000015dafb5bfc0: 8984 2400 | 80ff ff55 | 4883 ec10 | 4181 7f20 | 0300 0000 | 0f85 5000 | 0000 4533 | c948 b808 
  0x0000015dafb5bfe0: 3a00 c35d 

  0x0000015dafb5bfe4: ;   {virtual_call}
  0x0000015dafb5bfe4: 0100 00e8 

  0x0000015dafb5bfe8: ; ImmutableOopMap {}
                      ;*invokevirtual loadClass {reexecute=0 rethrow=0 return_oop=1}
                      ; - java.lang.ClassLoader::loadClass@3
  0x0000015dafb5bfe8: 7408 f4ff 

  0x0000015dafb5bfec: ;   {other}
  0x0000015dafb5bfec: 0f1f 8400 | dc01 0000 | 4883 c410 

  0x0000015dafb5bff8: ;   {poll_return}
  0x0000015dafb5bff8: 5d49 3ba7 | 5004 0000 | 0f87 0e00 | 0000 c348 | 8bd0 4883 

  0x0000015dafb5c00c: ;   {runtime_call _rethrow_Java}
  0x0000015dafb5c00c: c410 5de9 | 6c8f 8cff 

  0x0000015dafb5c014: ;   {internal_word}
  0x0000015dafb5c014: 49ba f9bf | b5af 5d01 | 0000 4d89 | 9768 0400 

  0x0000015dafb5c024: ;   {runtime_call SafepointBlob}
  0x0000015dafb5c024: 00e9 5694 

  0x0000015dafb5c028: ;   {runtime_call StubRoutines (final stubs)}
  0x0000015dafb5c028: 89ff e8b1 | a487 ffe9 | a6ff ffff | f4f4 f4f4 
[Exception Handler]
  0x0000015dafb5c038: ;   {no_reloc}
  0x0000015dafb5c038: e9c3 fe8b | ffe8 0000 | 0000 4883 

  0x0000015dafb5c044: ;   {runtime_call DeoptimizationBlob}
  0x0000015dafb5c044: 2c24 05e9 | d486 89ff | f4f4 f4f4 
[/MachCode]


---------------  P R O C E S S  ---------------

Threads class SMR info:
_java_thread_list=0x0000015dfdf72630, length=29, elements={
0x0000015da4c74900, 0x0000015dc14e5940, 0x0000015dc14ea3c0, 0x0000015dc14eb1b0,
0x0000015dc14ebc10, 0x0000015dc14ee680, 0x0000015dc14f8e40, 0x0000015dc1523680,
0x0000015dc18b0800, 0x0000015dc1aa8110, 0x0000015dc1addfb0, 0x0000015dfc3f7eb0,
0x0000015dfba0e080, 0x0000015dfc5f3890, 0x0000015dfc5c2730, 0x0000015dfc5bcf00,
0x0000015dfba5db90, 0x0000015dfc7366c0, 0x0000015dfc736d50, 0x0000015dfc738100,
0x0000015dfc738790, 0x0000015dfc7394b0, 0x0000015dfc738e20, 0x0000015dfc7373e0,
0x0000015dfc736030, 0x0000015dfb9c0f50, 0x0000015dfb9bee80, 0x0000015dfb9c0230,
0x0000015dfb9c15e0
}

Java Threads: ( => current thread )
  0x0000015da4c74900 JavaThread "main"                              [_thread_blocked, id=25352, stack(0x0000002ca4000000,0x0000002ca4100000) (1024K)]
  0x0000015dc14e5940 JavaThread "Reference Handler"          daemon [_thread_blocked, id=19520, stack(0x0000002ca4800000,0x0000002ca4900000) (1024K)]
  0x0000015dc14ea3c0 JavaThread "Finalizer"                  daemon [_thread_blocked, id=24660, stack(0x0000002ca4900000,0x0000002ca4a00000) (1024K)]
  0x0000015dc14eb1b0 JavaThread "Signal Dispatcher"          daemon [_thread_blocked, id=8728, stack(0x0000002ca4a00000,0x0000002ca4b00000) (1024K)]
  0x0000015dc14ebc10 JavaThread "Attach Listener"            daemon [_thread_blocked, id=19252, stack(0x0000002ca4b00000,0x0000002ca4c00000) (1024K)]
  0x0000015dc14ee680 JavaThread "Service Thread"             daemon [_thread_blocked, id=28676, stack(0x0000002ca4c00000,0x0000002ca4d00000) (1024K)]
  0x0000015dc14f8e40 JavaThread "Monitor Deflation Thread"   daemon [_thread_blocked, id=8336, stack(0x0000002ca4d00000,0x0000002ca4e00000) (1024K)]
  0x0000015dc1523680 JavaThread "C2 CompilerThread0"         daemon [_thread_blocked, id=27712, stack(0x0000002ca4e00000,0x0000002ca4f00000) (1024K)]
  0x0000015dc18b0800 JavaThread "C1 CompilerThread0"         daemon [_thread_in_vm, id=11204, stack(0x0000002ca4f00000,0x0000002ca5000000) (1024K)]
  0x0000015dc1aa8110 JavaThread "Common-Cleaner"             daemon [_thread_blocked, id=24628, stack(0x0000002ca5000000,0x0000002ca5100000) (1024K)]
  0x0000015dc1addfb0 JavaThread "Notification Thread"        daemon [_thread_blocked, id=26228, stack(0x0000002ca5100000,0x0000002ca5200000) (1024K)]
  0x0000015dfc3f7eb0 JavaThread "Daemon health stats"               [_thread_blocked, id=22320, stack(0x0000002ca5700000,0x0000002ca5800000) (1024K)]
  0x0000015dfba0e080 JavaThread "Incoming local TCP Connector on port 9709"        [_thread_in_native, id=8492, stack(0x0000002ca5c00000,0x0000002ca5d00000) (1024K)]
  0x0000015dfc5f3890 JavaThread "Daemon periodic checks"            [_thread_blocked, id=23208, stack(0x0000002ca5e00000,0x0000002ca5f00000) (1024K)]
  0x0000015dfc5c2730 JavaThread "Daemon"                            [_thread_blocked, id=25632, stack(0x0000002ca6000000,0x0000002ca6100000) (1024K)]
  0x0000015dfc5bcf00 JavaThread "Handler for socket connection from /127.0.0.1:9709 to /127.0.0.1:9710"        [_thread_in_native, id=10032, stack(0x0000002ca6100000,0x0000002ca6200000) (1024K)]
  0x0000015dfba5db90 JavaThread "Cancel handler"                    [_thread_blocked, id=27440, stack(0x0000002ca6200000,0x0000002ca6300000) (1024K)]
=>0x0000015dfc7366c0 JavaThread "Daemon worker"                     [_thread_in_vm, id=27312, stack(0x0000002ca6300000,0x0000002ca6400000) (1024K)]
  0x0000015dfc736d50 JavaThread "Asynchronous log dispatcher for DefaultDaemonConnection: socket connection from /127.0.0.1:9709 to /127.0.0.1:9710"        [_thread_blocked, id=30340, stack(0x0000002ca6400000,0x0000002ca6500000) (1024K)]
  0x0000015dfc738100 JavaThread "Stdin handler"                     [_thread_blocked, id=26460, stack(0x0000002ca6500000,0x0000002ca6600000) (1024K)]
  0x0000015dfc738790 JavaThread "Daemon client event forwarder"        [_thread_blocked, id=29784, stack(0x0000002ca6600000,0x0000002ca6700000) (1024K)]
  0x0000015dfc7394b0 JavaThread "Cache worker for journal cache (C:\Users\nimes\.gradle\caches\journal-1)"        [_thread_blocked, id=15376, stack(0x0000002ca5d00000,0x0000002ca5e00000) (1024K)]
  0x0000015dfc738e20 JavaThread "File lock request listener"        [_thread_blocked, id=15308, stack(0x0000002ca6700000,0x0000002ca6800000) (1024K)]
  0x0000015dfc7373e0 JavaThread "File lock release action executor"        [_thread_blocked, id=8988, stack(0x0000002ca6800000,0x0000002ca6900000) (1024K)]
  0x0000015dfc736030 JavaThread "Cache worker for file hash cache (C:\Users\nimes\.gradle\caches\8.14\fileHashes)"        [_thread_blocked, id=21788, stack(0x0000002ca6900000,0x0000002ca6a00000) (1024K)]
  0x0000015dfb9c0f50 JavaThread "Cache worker for file hash cache (D:\Academics\Semester 5\Softwair Project\Sofware Project\aqua_mobile\android\.gradle\8.14\fileHashes)"        [_thread_blocked, id=8420, stack(0x0000002ca6d00000,0x0000002ca6e00000) (1024K)]
  0x0000015dfb9bee80 JavaThread "Cache worker for Build Output Cleanup Cache (D:\Academics\Semester 5\Softwair Project\Sofware Project\aqua_mobile\android\.gradle\buildOutputCleanup)"        [_thread_blocked, id=27944, stack(0x0000002ca6e00000,0x0000002ca6f00000) (1024K)]
  0x0000015dfb9c0230 JavaThread "File watcher server"        daemon [_thread_in_native, id=25456, stack(0x0000002ca6c00000,0x0000002ca6d00000) (1024K)]
  0x0000015dfb9c15e0 JavaThread "File watcher consumer"      daemon [_thread_blocked, id=28856, stack(0x0000002ca6f00000,0x0000002ca7000000) (1024K)]
Total: 29

Other Threads:
  0x0000015dc14c9560 VMThread "VM Thread"                           [id=22656, stack(0x0000002ca4700000,0x0000002ca4800000) (1024K)] _threads_hazard_ptr=0x0000015dfdf72630
  0x0000015dc14b2250 WatcherThread "VM Periodic Task Thread"        [id=7908, stack(0x0000002ca4600000,0x0000002ca4700000) (1024K)]
  0x0000015da4cf9a30 WorkerThread "GC Thread#0"                     [id=24708, stack(0x0000002ca4100000,0x0000002ca4200000) (1024K)]
  0x0000015dc1b7bf50 WorkerThread "GC Thread#1"                     [id=19528, stack(0x0000002ca5200000,0x0000002ca5300000) (1024K)]
  0x0000015dc1b21ff0 WorkerThread "GC Thread#2"                     [id=22832, stack(0x0000002ca5300000,0x0000002ca5400000) (1024K)]
  0x0000015dc1b14550 WorkerThread "GC Thread#3"                     [id=23804, stack(0x0000002ca5400000,0x0000002ca5500000) (1024K)]
  0x0000015dc1b14900 WorkerThread "GC Thread#4"                     [id=26424, stack(0x0000002ca5500000,0x0000002ca5600000) (1024K)]
  0x0000015dc1b14cb0 WorkerThread "GC Thread#5"                     [id=23128, stack(0x0000002ca5600000,0x0000002ca5700000) (1024K)]
  0x0000015dc197ed40 WorkerThread "GC Thread#6"                     [id=22016, stack(0x0000002ca5800000,0x0000002ca5900000) (1024K)]
  0x0000015dfb939820 WorkerThread "GC Thread#7"                     [id=22184, stack(0x0000002ca5900000,0x0000002ca5a00000) (1024K)]
  0x0000015dfb82f660 WorkerThread "GC Thread#8"                     [id=18992, stack(0x0000002ca5a00000,0x0000002ca5b00000) (1024K)]
  0x0000015dfb82fde0 WorkerThread "GC Thread#9"                     [id=7364, stack(0x0000002ca5b00000,0x0000002ca5c00000) (1024K)]
  0x0000015da4d06930 ConcurrentGCThread "G1 Main Marker"            [id=22244, stack(0x0000002ca4200000,0x0000002ca4300000) (1024K)]
  0x0000015da4d07350 WorkerThread "G1 Conc#0"                       [id=25732, stack(0x0000002ca4300000,0x0000002ca4400000) (1024K)]
  0x0000015dfccd48c0 WorkerThread "G1 Conc#1"                       [id=22204, stack(0x0000002ca6a00000,0x0000002ca6b00000) (1024K)]
  0x0000015dfccd2ef0 WorkerThread "G1 Conc#2"                       [id=26416, stack(0x0000002ca6b00000,0x0000002ca6c00000) (1024K)]
  0x0000015dc1384ae0 ConcurrentGCThread "G1 Refine#0"               [id=25784, stack(0x0000002ca4400000,0x0000002ca4500000) (1024K)]
  0x0000015dc1385410 ConcurrentGCThread "G1 Service"                [id=19460, stack(0x0000002ca4500000,0x0000002ca4600000) (1024K)]
Total: 18

Threads with active compile tasks:
C1 CompilerThread0  82963 3711       3       java.util.concurrent.ThreadPoolExecutor::runStateAtLeast (11 bytes)
Total: 1

VM state: synchronizing (normal execution)

VM Mutex/Monitor currently owned by a thread:  ([mutex/lock_event])
[0x00007ffc385cd530] Metaspace_lock - owner thread: 0x0000015dfc7366c0
[0x00007ffc385cf5b0] Threads_lock - owner thread: 0x0000015dc14c9560

Heap address: 0x0000000680000000, size: 6144 MB, Compressed Oops mode: Zero based, Oop shift amount: 3

CDS archive(s) mapped at: [0x0000015dc2000000-0x0000015dc2ba0000-0x0000015dc2ba0000), size 12189696, SharedBaseAddress: 0x0000015dc2000000, ArchiveRelocationMode: 1.
Compressed class space mapped at: 0x0000015dc3000000-0x0000015df7000000, reserved size: 872415232
Narrow klass base: 0x0000015dc2000000, Narrow klass shift: 0, Narrow klass range: 0x100000000

GC Precious Log:
 CardTable entry size: 512
 Card Set container configuration: InlinePtr #cards 4 size 8 Array Of Cards #cards 32 size 80 Howl #buckets 8 coarsen threshold 7372 Howl Bitmap #cards 1024 size 144 coarsen threshold 921 Card regions per heap region 1 cards per card region 8192
 CPUs: 12 total, 12 available
 Memory: 16088M
 Large Page Support: Disabled
 NUMA Support: Disabled
 Compressed Oops: Enabled (Zero based)
 Heap Region Size: 4M
 Heap Min Capacity: 8M
 Heap Initial Capacity: 252M
 Heap Max Capacity: 6G
 Pre-touch: Disabled
 Parallel Workers: 10
 Concurrent Workers: 3
 Concurrent Refinement Workers: 10
 Periodic GC: Disabled

Heap:
 garbage-first heap   total 98304K, used 66007K [0x0000000680000000, 0x0000000800000000)
  region size 4096K, 15 young (61440K), 4 survivors (16384K)
 Metaspace       used 26211K, committed 27136K, reserved 917504K
  class space    used 3950K, committed 4416K, reserved 851968K

Heap Regions: E=young(eden), S=young(survivor), O=old, HS=humongous(starts), HC=humongous(continues), CS=collection set, F=free, TAMS=top-at-mark-start, PB=parsable bottom
|   0|0x0000000680000000, 0x0000000680400000, 0x0000000680400000|100%|HS|  |TAMS 0x0000000680000000| PB 0x0000000680000000| Complete 
|   1|0x0000000680400000, 0x0000000680800000, 0x0000000680800000|100%| O|  |TAMS 0x0000000680400000| PB 0x0000000680400000| Untracked 
|   2|0x0000000680800000, 0x0000000680b683e0, 0x0000000680c00000| 85%| O|Cm|TAMS 0x0000000680800000| PB 0x0000000680800000| Complete 
|   3|0x0000000680c00000, 0x0000000680c00000, 0x0000000681000000|  0%| F|  |TAMS 0x0000000680c00000| PB 0x0000000680c00000| Untracked 
|   4|0x0000000681000000, 0x0000000681000000, 0x0000000681400000|  0%| F|  |TAMS 0x0000000681000000| PB 0x0000000681000000| Untracked 
|   5|0x0000000681400000, 0x0000000681400000, 0x0000000681800000|  0%| F|  |TAMS 0x0000000681400000| PB 0x0000000681400000| Untracked 
|   6|0x0000000681800000, 0x0000000681800000, 0x0000000681c00000|  0%| F|  |TAMS 0x0000000681800000| PB 0x0000000681800000| Untracked 
|   7|0x0000000681c00000, 0x0000000681c00000, 0x0000000682000000|  0%| F|  |TAMS 0x0000000681c00000| PB 0x0000000681c00000| Untracked 
|   8|0x0000000682000000, 0x0000000682000000, 0x0000000682400000|  0%| F|  |TAMS 0x0000000682000000| PB 0x0000000682000000| Untracked 
|   9|0x0000000682400000, 0x00000006827c7248, 0x0000000682800000| 94%| E|  |TAMS 0x0000000682400000| PB 0x0000000682400000| Complete 
|  10|0x0000000682800000, 0x0000000682c00000, 0x0000000682c00000|100%| E|CS|TAMS 0x0000000682800000| PB 0x0000000682800000| Complete 
|  11|0x0000000682c00000, 0x0000000683000000, 0x0000000683000000|100%| E|CS|TAMS 0x0000000682c00000| PB 0x0000000682c00000| Complete 
|  12|0x0000000683000000, 0x0000000683400000, 0x0000000683400000|100%| E|CS|TAMS 0x0000000683000000| PB 0x0000000683000000| Complete 
|  13|0x0000000683400000, 0x0000000683800000, 0x0000000683800000|100%| E|CS|TAMS 0x0000000683400000| PB 0x0000000683400000| Complete 
|  14|0x0000000683800000, 0x0000000683c00000, 0x0000000683c00000|100%| E|CS|TAMS 0x0000000683800000| PB 0x0000000683800000| Complete 
|  15|0x0000000683c00000, 0x0000000684000000, 0x0000000684000000|100%| E|CS|TAMS 0x0000000683c00000| PB 0x0000000683c00000| Complete 
|  16|0x0000000684000000, 0x0000000684400000, 0x0000000684400000|100%| E|CS|TAMS 0x0000000684000000| PB 0x0000000684000000| Complete 
|  17|0x0000000684400000, 0x0000000684800000, 0x0000000684800000|100%| E|CS|TAMS 0x0000000684400000| PB 0x0000000684400000| Complete 
|  18|0x0000000684800000, 0x0000000684c00000, 0x0000000684c00000|100%| E|CS|TAMS 0x0000000684800000| PB 0x0000000684800000| Complete 
|  36|0x0000000689000000, 0x000000068910db80, 0x0000000689400000| 26%| S|CS|TAMS 0x0000000689000000| PB 0x0000000689000000| Complete 
|  37|0x0000000689400000, 0x0000000689800000, 0x0000000689800000|100%| S|CS|TAMS 0x0000000689400000| PB 0x0000000689400000| Complete 
|  38|0x0000000689800000, 0x0000000689c00000, 0x0000000689c00000|100%| S|CS|TAMS 0x0000000689800000| PB 0x0000000689800000| Complete 
|  39|0x0000000689c00000, 0x000000068a000000, 0x000000068a000000|100%| S|CS|TAMS 0x0000000689c00000| PB 0x0000000689c00000| Complete 
|  62|0x000000068f800000, 0x000000068fc00000, 0x000000068fc00000|100%| E|CS|TAMS 0x000000068f800000| PB 0x000000068f800000| Complete 

Card table byte_map: [0x0000015db7fc0000,0x0000015db8bc0000] _byte_map_base: 0x0000015db4bc0000

Marking Bits: (CMBitMap*) 0x0000015da4cfa050
 Bits: [0x0000015db8bc0000, 0x0000015dbebc0000)

Polling page: 0x0000015da2ed0000

Metaspace:

Usage:
  Non-class:     21.74 MB used.
      Class:      3.86 MB used.
       Both:     25.60 MB used.

Virtual space:
  Non-class space:       64.00 MB reserved,      22.19 MB ( 35%) committed,  1 nodes.
      Class space:      832.00 MB reserved,       4.31 MB ( <1%) committed,  1 nodes.
             Both:      896.00 MB reserved,      26.50 MB (  3%) committed. 

Chunk freelists:
   Non-Class:  9.22 MB
       Class:  11.52 MB
        Both:  20.74 MB

MaxMetaspaceSize: 1.00 GB
CompressedClassSpaceSize: 832.00 MB
Initial GC threshold: 21.00 MB
Current GC threshold: 35.25 MB
CDS: on
 - commit_granule_bytes: 65536.
 - commit_granule_words: 8192.
 - virtual_space_node_default_size: 8388608.
 - enlarge_chunks_in_place: 1.
 - use_allocation_guard: 0.


Internal statistics:

num_allocs_failed_limit: 3.
num_arena_births: 1466.
num_arena_deaths: 0.
num_vsnodes_births: 2.
num_vsnodes_deaths: 0.
num_space_committed: 424.
num_space_uncommitted: 0.
num_chunks_returned_to_freelist: 3.
num_chunks_taken_from_freelist: 2615.
num_chunk_merges: 3.
num_chunk_splits: 1690.
num_chunks_enlarged: 1073.
num_inconsistent_stats: 0.

CodeHeap 'non-profiled nmethods': size=120000Kb used=2175Kb max_used=2175Kb free=117824Kb
 bounds [0x0000015daf940000, 0x0000015dafbb0000, 0x0000015db6e70000]
CodeHeap 'profiled nmethods': size=120000Kb used=7456Kb max_used=7456Kb free=112543Kb
 bounds [0x0000015da7e70000, 0x0000015da85c0000, 0x0000015daf3a0000]
CodeHeap 'non-nmethods': size=5760Kb used=1432Kb max_used=1479Kb free=4327Kb
 bounds [0x0000015daf3a0000, 0x0000015daf610000, 0x0000015daf940000]
CodeCache: size=245760Kb, used=11063Kb, max_used=11110Kb, free=234694Kb
 total_blobs=4294, nmethods=3709, adapters=489, full_count=0
Compilation: enabled, stopped_count=0, restarted_count=0

Compilation events (20 events):
Event: 68.159 Thread 0x0000015dc18b0800 3694       3       java.util.concurrent.atomic.AtomicReferenceArray::length (6 bytes)
Event: 68.159 Thread 0x0000015dc18b0800 nmethod 3694 0x0000015da85b4d10 code [0x0000015da85b4ea0, 0x0000015da85b4fb8]
Event: 68.164 Thread 0x0000015dc1523680 3695       4       java.io.DataInputStream::readLong (20 bytes)
Event: 68.164 Thread 0x0000015dc18b0800 3696       3       java.lang.ThreadLocal::set (18 bytes)
Event: 68.165 Thread 0x0000015dc18b0800 nmethod 3696 0x0000015da85b5090 code [0x0000015da85b5260, 0x0000015da85b5638]
Event: 68.165 Thread 0x0000015dc18b0800 3697       3       java.util.HashMap$ValueSpliterator::characteristics (28 bytes)
Event: 68.166 Thread 0x0000015dc18b0800 nmethod 3697 0x0000015da85b5790 code [0x0000015da85b5940, 0x0000015da85b5b00]
Event: 68.172 Thread 0x0000015dc1523680 nmethod 3695 0x0000015dafb5ce10 code [0x0000015dafb5cfc0, 0x0000015dafb5d1a0]
Event: 68.172 Thread 0x0000015dc1523680 3698       4       com.google.common.io.CountingInputStream::read (33 bytes)
Event: 68.190 Thread 0x0000015dc18b0800 3703       3       jdk.internal.misc.CDS::isDumpingClassList (4 bytes)
Event: 68.190 Thread 0x0000015dc18b0800 nmethod 3703 0x0000015da85b5b90 code [0x0000015da85b5d20, 0x0000015da85b5e10]
Event: 68.194 Thread 0x0000015dc1523680 nmethod 3698 0x0000015dafb5e090 code [0x0000015dafb5e2a0, 0x0000015dafb5ea80]
Event: 68.206 Thread 0x0000015dc18b0800 3704       3       java.lang.invoke.LambdaForm$DMH/0x0000015dc31e8000::invokeStatic (31 bytes)
Event: 68.207 Thread 0x0000015dc18b0800 nmethod 3704 0x0000015da85b5e90 code [0x0000015da85b6060, 0x0000015da85b64d0]
Event: 68.368 Thread 0x0000015dc18b0800 3706       3       java.lang.invoke.DirectMethodHandle$Holder::newInvokeSpecial (20 bytes)
Event: 68.369 Thread 0x0000015dc18b0800 nmethod 3706 0x0000015da85b6610 code [0x0000015da85b6800, 0x0000015da85b6ed0]
Event: 68.375 Thread 0x0000015dc18b0800 3707       3       org.gradle.internal.snapshot.PathUtil::equalChars (60 bytes)
Event: 68.377 Thread 0x0000015dc18b0800 nmethod 3707 0x0000015da85b7090 code [0x0000015da85b7340, 0x0000015da85b7ea8]
Event: 68.379 Thread 0x0000015dc1523680 3709       4       jdk.internal.org.objectweb.asm.ByteVector::putByteArray (49 bytes)
Event: 68.383 Thread 0x0000015dc1523680 nmethod 3709 0x0000015dafb5f590 code [0x0000015dafb5f720, 0x0000015dafb5f8b0]

GC Heap History (8 events):
Event: 4.503 GC heap before
{Heap before GC invocations=0 (full 0):
 garbage-first heap   total 258048K, used 20480K [0x0000000680000000, 0x0000000800000000)
  region size 4096K, 5 young (20480K), 0 survivors (0K)
 Metaspace       used 882K, committed 1024K, reserved 917504K
  class space    used 71K, committed 128K, reserved 851968K
}
Event: 4.567 GC heap after
{Heap after GC invocations=1 (full 0):
 garbage-first heap   total 258048K, used 1527K [0x0000000680000000, 0x0000000800000000)
  region size 4096K, 1 young (4096K), 1 survivors (4096K)
 Metaspace       used 882K, committed 1024K, reserved 917504K
  class space    used 71K, committed 128K, reserved 851968K
}
Event: 14.339 GC heap before
{Heap before GC invocations=1 (full 0):
 garbage-first heap   total 258048K, used 46583K [0x0000000680000000, 0x0000000800000000)
  region size 4096K, 11 young (45056K), 1 survivors (4096K)
 Metaspace       used 4411K, committed 4544K, reserved 917504K
  class space    used 559K, committed 640K, reserved 851968K
}
Event: 14.359 GC heap after
{Heap after GC invocations=2 (full 0):
 garbage-first heap   total 258048K, used 11940K [0x0000000680000000, 0x0000000800000000)
  region size 4096K, 2 young (8192K), 2 survivors (8192K)
 Metaspace       used 4411K, committed 4544K, reserved 917504K
  class space    used 559K, committed 640K, reserved 851968K
}
Event: 30.151 GC heap before
{Heap before GC invocations=2 (full 0):
 garbage-first heap   total 258048K, used 73380K [0x0000000680000000, 0x0000000800000000)
  region size 4096K, 17 young (69632K), 2 survivors (8192K)
 Metaspace       used 8487K, committed 8768K, reserved 917504K
  class space    used 1167K, committed 1280K, reserved 851968K
}
Event: 30.176 GC heap after
{Heap after GC invocations=3 (full 0):
 garbage-first heap   total 258048K, used 19069K [0x0000000680000000, 0x0000000800000000)
  region size 4096K, 2 young (8192K), 2 survivors (8192K)
 Metaspace       used 8487K, committed 8768K, reserved 917504K
  class space    used 1167K, committed 1280K, reserved 851968K
}
Event: 58.950 GC heap before
{Heap before GC invocations=3 (full 0):
 garbage-first heap   total 258048K, used 100989K [0x0000000680000000, 0x0000000800000000)
  region size 4096K, 23 young (94208K), 2 survivors (8192K)
 Metaspace       used 20791K, committed 21504K, reserved 917504K
  class space    used 3063K, committed 3392K, reserved 851968K
}
Event: 58.979 GC heap after
{Heap after GC invocations=4 (full 0):
 garbage-first heap   total 258048K, used 25047K [0x0000000680000000, 0x0000000800000000)
  region size 4096K, 4 young (16384K), 4 survivors (16384K)
 Metaspace       used 20791K, committed 21504K, reserved 917504K
  class space    used 3063K, committed 3392K, reserved 851968K
}

Dll operation events (20 events):
Event: 0.795 Attempting to load shared library C:\Users\nimes\.vscode\extensions\redhat.java-1.56.0-win32-x64\jre\21.0.12.1-win32-x86_64\bin\nio.dll
Event: 0.796 Loaded shared library C:\Users\nimes\.vscode\extensions\redhat.java-1.56.0-win32-x64\jre\21.0.12.1-win32-x86_64\bin\nio.dll
Event: 0.825 Attempting to load shared library C:\Users\nimes\.vscode\extensions\redhat.java-1.56.0-win32-x64\jre\21.0.12.1-win32-x86_64\bin\zip.dll
Event: 0.825 Loaded shared library C:\Users\nimes\.vscode\extensions\redhat.java-1.56.0-win32-x64\jre\21.0.12.1-win32-x86_64\bin\zip.dll
Event: 4.700 Attempting to load shared library C:\Users\nimes\.vscode\extensions\redhat.java-1.56.0-win32-x64\jre\21.0.12.1-win32-x86_64\bin\jimage.dll
Event: 4.700 Loaded shared library C:\Users\nimes\.vscode\extensions\redhat.java-1.56.0-win32-x64\jre\21.0.12.1-win32-x86_64\bin\jimage.dll
Event: 7.852 Attempting to load shared library C:\Users\nimes\.vscode\extensions\redhat.java-1.56.0-win32-x64\jre\21.0.12.1-win32-x86_64\bin\verify.dll
Event: 7.934 Loaded shared library C:\Users\nimes\.vscode\extensions\redhat.java-1.56.0-win32-x64\jre\21.0.12.1-win32-x86_64\bin\verify.dll
Event: 8.745 Attempting to load shared library C:\Users\nimes\.gradle\native\1def1411415f61bf3af743bc5b6707747c0891f09f0c88961ee8f79bc544acac\windows-amd64\native-platform.dll
Event: 8.752 Loaded shared library C:\Users\nimes\.gradle\native\1def1411415f61bf3af743bc5b6707747c0891f09f0c88961ee8f79bc544acac\windows-amd64\native-platform.dll
Event: 8.923 Attempting to load shared library C:\Users\nimes\.gradle\native\0.2.7\x86_64-windows-gnu\gradle-fileevents.dll
Event: 9.570 Loaded shared library C:\Users\nimes\.gradle\native\0.2.7\x86_64-windows-gnu\gradle-fileevents.dll
Event: 27.295 Attempting to load shared library C:\Users\nimes\.vscode\extensions\redhat.java-1.56.0-win32-x64\jre\21.0.12.1-win32-x86_64\bin\management.dll
Event: 27.686 Loaded shared library C:\Users\nimes\.vscode\extensions\redhat.java-1.56.0-win32-x64\jre\21.0.12.1-win32-x86_64\bin\management.dll
Event: 27.689 Attempting to load shared library C:\Users\nimes\.vscode\extensions\redhat.java-1.56.0-win32-x64\jre\21.0.12.1-win32-x86_64\bin\management_ext.dll
Event: 28.079 Loaded shared library C:\Users\nimes\.vscode\extensions\redhat.java-1.56.0-win32-x64\jre\21.0.12.1-win32-x86_64\bin\management_ext.dll
Event: 29.713 Attempting to load shared library C:\Users\nimes\.vscode\extensions\redhat.java-1.56.0-win32-x64\jre\21.0.12.1-win32-x86_64\bin\extnet.dll
Event: 29.715 Loaded shared library C:\Users\nimes\.vscode\extensions\redhat.java-1.56.0-win32-x64\jre\21.0.12.1-win32-x86_64\bin\extnet.dll
Event: 30.510 Attempting to load shared library C:\Users\nimes\.vscode\extensions\redhat.java-1.56.0-win32-x64\jre\21.0.12.1-win32-x86_64\bin\sunmscapi.dll
Event: 30.515 Loaded shared library C:\Users\nimes\.vscode\extensions\redhat.java-1.56.0-win32-x64\jre\21.0.12.1-win32-x86_64\bin\sunmscapi.dll

Deoptimization events (20 events):
Event: 67.356 Thread 0x0000015dfc7394b0 Uncommon trap: trap_request=0xffffffc6 fr.pc=0x0000015dafa9a7d4 relative=0x00000000000008f4
Event: 67.356 Thread 0x0000015dfc7394b0 Uncommon trap: reason=bimorphic_or_optimized_type_check action=maybe_recompile pc=0x0000015dafa9a7d4 method=java.io.DataInputStream.readFully([BII)V @ 30 c2
Event: 67.356 Thread 0x0000015dfc7394b0 DEOPT PACKING pc=0x0000015dafa9a7d4 sp=0x0000002ca5dfded0
Event: 67.356 Thread 0x0000015dfc7394b0 DEOPT UNPACKING pc=0x0000015daf3f4422 sp=0x0000002ca5dfde88 mode 2
Event: 67.362 Thread 0x0000015dfc7366c0 Uncommon trap: trap_request=0xffffff45 fr.pc=0x0000015dafaedcd4 relative=0x0000000000000434
Event: 67.362 Thread 0x0000015dfc7366c0 Uncommon trap: reason=unstable_if action=reinterpret pc=0x0000015dafaedcd4 method=jdk.internal.org.objectweb.asm.MethodWriter.visitFieldInsn(ILjava/lang/String;Ljava/lang/String;Ljava/lang/String;)V @ 223 c2
Event: 67.362 Thread 0x0000015dfc7366c0 DEOPT PACKING pc=0x0000015dafaedcd4 sp=0x0000002ca63f87f0
Event: 67.362 Thread 0x0000015dfc7366c0 DEOPT UNPACKING pc=0x0000015daf3f4422 sp=0x0000002ca63f8770 mode 2
Event: 67.377 Thread 0x0000015dfc7394b0 Uncommon trap: trap_request=0xffffffde fr.pc=0x0000015dafa59bf0 relative=0x0000000000000b10
Event: 67.378 Thread 0x0000015dfc7394b0 Uncommon trap: reason=class_check action=maybe_recompile pc=0x0000015dafa59bf0 method=java.io.BufferedInputStream.implRead([BII)I @ 100 c2
Event: 67.378 Thread 0x0000015dfc7394b0 DEOPT PACKING pc=0x0000015dafa59bf0 sp=0x0000002ca5dfde70
Event: 67.378 Thread 0x0000015dfc7394b0 DEOPT UNPACKING pc=0x0000015daf3f4422 sp=0x0000002ca5dfde58 mode 2
Event: 68.026 Thread 0x0000015dfc736030 Uncommon trap: trap_request=0xffffffde fr.pc=0x0000015dafa59bf0 relative=0x0000000000000b10
Event: 68.026 Thread 0x0000015dfc736030 Uncommon trap: reason=class_check action=maybe_recompile pc=0x0000015dafa59bf0 method=java.io.BufferedInputStream.implRead([BII)I @ 100 c2
Event: 68.026 Thread 0x0000015dfc736030 DEOPT PACKING pc=0x0000015dafa59bf0 sp=0x0000002ca69fe1d0
Event: 68.027 Thread 0x0000015dfc736030 DEOPT UNPACKING pc=0x0000015daf3f4422 sp=0x0000002ca69fe198 mode 2
Event: 68.165 Thread 0x0000015dfc736030 Uncommon trap: trap_request=0xffffffde fr.pc=0x0000015dafa59bf0 relative=0x0000000000000b10
Event: 68.165 Thread 0x0000015dfc736030 Uncommon trap: reason=class_check action=maybe_recompile pc=0x0000015dafa59bf0 method=java.io.BufferedInputStream.implRead([BII)I @ 100 c2
Event: 68.165 Thread 0x0000015dfc736030 DEOPT PACKING pc=0x0000015dafa59bf0 sp=0x0000002ca69fe1d0
Event: 68.165 Thread 0x0000015dfc736030 DEOPT UNPACKING pc=0x0000015daf3f4422 sp=0x0000002ca69fe198 mode 2

Classes loaded (20 events):
Event: 66.756 Loading class java/io/StringReader done
Event: 66.795 Loading class java/math/MutableBigInteger
Event: 66.797 Loading class java/math/MutableBigInteger done
Event: 67.284 Loading class sun/nio/fs/WindowsPath$1
Event: 67.286 Loading class sun/nio/fs/WindowsPath$1 done
Event: 67.392 Loading class java/nio/charset/CharacterCodingException
Event: 67.392 Loading class java/nio/charset/CharacterCodingException done
Event: 67.406 Loading class java/nio/file/FileTreeWalker
Event: 67.406 Loading class java/nio/file/FileTreeWalker done
Event: 67.408 Loading class java/nio/file/FileTreeWalker$DirectoryNode
Event: 67.408 Loading class java/nio/file/FileTreeWalker$DirectoryNode done
Event: 67.408 Loading class java/nio/file/FileTreeWalker$Event
Event: 67.408 Loading class java/nio/file/FileTreeWalker$Event done
Event: 67.408 Loading class java/nio/file/FileTreeWalker$EventType
Event: 67.409 Loading class java/nio/file/FileTreeWalker$EventType done
Event: 67.409 Loading class java/nio/file/Files$3
Event: 67.409 Loading class java/nio/file/Files$3 done
Event: 67.413 Loading class java/nio/file/FileVisitResult
Event: 67.413 Loading class java/nio/file/FileVisitResult done
Event: 68.383 Loading class java/util/stream/IntStream

Classes unloaded (0 events):
No events

Classes redefined (0 events):
No events

Internal exceptions (20 events):
Event: 62.491 Thread 0x0000015dfc7366c0 Exception <a 'java/lang/NoSuchMethodError'{0x00000006847d7a58}: 'java.lang.Object java.lang.invoke.DelegatingMethodHandle$Holder.reinvoke_L(java.lang.Object, java.lang.Object, java.lang.Object, java.lang.Object, java.lang.Object, java.lang.Object, java.lang.Object, java.lang.Object, java.lang.Object, java.lang.Object, java.lang.Object, java.lang.Object, java.lang.Object, java.lang.Object, java.lang.Object, java.lang.Object, java.lang.Object, java.lang.Object, java.lang.Object, java.lang.Object, java.lang.O
Event: 62.493 Thread 0x0000015dfc7366c0 Exception <a 'java/lang/NoSuchMethodError'{0x00000006847e3408}: 'java.lang.Object java.lang.invoke.DirectMethodHandle$Holder.invokeSpecial(java.lang.Object, java.lang.Object, java.lang.Object, java.lang.Object, java.lang.Object, java.lang.Object, java.lang.Object, java.lang.Object, java.lang.Object, java.lang.Object, java.lang.Object, java.lang.Object, java.lang.Object, java.lang.Object, java.lang.Object, java.lang.Object, java.lang.Object, java.lang.Object, java.lang.Object, java.lang.Object, java.lang.Ob
Event: 62.494 Thread 0x0000015dfc7366c0 Exception <a 'java/lang/NoSuchMethodError'{0x00000006847e8d88}: 'java.lang.Object java.lang.invoke.Invokers$Holder.invoker(java.lang.Object, java.lang.Object, java.lang.Object, java.lang.Object, java.lang.Object, java.lang.Object, java.lang.Object, java.lang.Object, java.lang.Object, java.lang.Object, java.lang.Object, java.lang.Object, java.lang.Object, java.lang.Object, java.lang.Object, java.lang.Object, java.lang.Object, java.lang.Object, java.lang.Object, java.lang.Object, java.lang.Object, java.lang.
Event: 62.495 Thread 0x0000015dfc7366c0 Exception <a 'java/lang/NoSuchMethodError'{0x00000006847ef108}: 'java.lang.Object java.lang.invoke.DelegatingMethodHandle$Holder.delegate(java.lang.Object, java.lang.Object, java.lang.Object, java.lang.Object, java.lang.Object, java.lang.Object, java.lang.Object, java.lang.Object, java.lang.Object, java.lang.Object, java.lang.Object, java.lang.Object, java.lang.Object, java.lang.Object, java.lang.Object, java.lang.Object, java.lang.Object, java.lang.Object, java.lang.Object, java.lang.Object, java.lang.Obj
Event: 62.617 Thread 0x0000015dfc7366c0 Exception <a 'java/lang/NoSuchMethodError'{0x00000006842d3d20}: 'java.lang.Object java.lang.invoke.DirectMethodHandle$Holder.invokeStaticInit(java.lang.Object, java.lang.Object, java.lang.Object, java.lang.Object)'> (0x00000006842d3d20) 
thrown [s\src\hotspot\share\interpreter\linkResolver.cpp, line 773]
Event: 63.738 Thread 0x0000015dfc7366c0 Exception <a 'java/lang/NoSuchMethodError'{0x0000000683c6f9d0}: 'java.lang.Object java.lang.invoke.DirectMethodHandle$Holder.newInvokeSpecial(java.lang.Object, java.lang.Object, java.lang.Object, java.lang.Object, java.lang.Object, java.lang.Object, java.lang.Object, java.lang.Object)'> (0x0000000683c6f9d0) 
thrown [s\src\hotspot\share\interpreter\linkResolver.cpp, line 773]
Event: 63.843 Thread 0x0000015dfc7366c0 Exception <a 'java/lang/IncompatibleClassChangeError'{0x0000000683da0d40}: Found class java.lang.Object, but interface was expected> (0x0000000683da0d40) 
thrown [s\src\hotspot\share\interpreter\linkResolver.cpp, line 840]
Event: 63.962 Thread 0x0000015dfc7366c0 Exception <a 'java/lang/NoSuchMethodError'{0x0000000683e16558}: 'java.lang.Object java.lang.invoke.DirectMethodHandle$Holder.invokeVirtual(java.lang.Object, java.lang.Object, java.lang.Object, java.lang.Object, java.lang.Object, java.lang.Object, java.lang.Object, java.lang.Object, java.lang.Object, java.lang.Object, java.lang.Object, java.lang.Object, java.lang.Object)'> (0x0000000683e16558) 
thrown [s\src\hotspot\share\interpreter\linkResolver.cpp, line 773]
Event: 63.964 Thread 0x0000015dfc7366c0 Exception <a 'java/lang/NoSuchMethodError'{0x0000000683e1b790}: 'java.lang.Object java.lang.invoke.DirectMethodHandle$Holder.invokeSpecial(java.lang.Object, java.lang.Object, java.lang.Object, java.lang.Object, java.lang.Object, java.lang.Object, java.lang.Object, java.lang.Object, java.lang.Object, java.lang.Object, java.lang.Object, java.lang.Object, java.lang.Object, java.lang.Object)'> (0x0000000683e1b790) 
thrown [s\src\hotspot\share\interpreter\linkResolver.cpp, line 773]
Event: 63.966 Thread 0x0000015dfc7366c0 Exception <a 'java/lang/NoSuchMethodError'{0x0000000683e204e0}: 'java.lang.Object java.lang.invoke.DelegatingMethodHandle$Holder.reinvoke_L(java.lang.Object, java.lang.Object, java.lang.Object, java.lang.Object, java.lang.Object, java.lang.Object, java.lang.Object, java.lang.Object, java.lang.Object, java.lang.Object, java.lang.Object, java.lang.Object, java.lang.Object)'> (0x0000000683e204e0) 
thrown [s\src\hotspot\share\interpreter\linkResolver.cpp, line 773]
Event: 64.169 Thread 0x0000015dfc7366c0 Exception <a 'java/lang/NoSuchMethodError'{0x0000000683fb56f0}: 'void java.lang.invoke.DirectMethodHandle$Holder.invokeStaticInit(java.lang.Object, java.lang.Object)'> (0x0000000683fb56f0) 
thrown [s\src\hotspot\share\interpreter\linkResolver.cpp, line 773]
Event: 64.585 Thread 0x0000015dfc7366c0 Exception <a 'java/lang/NoSuchMethodError'{0x0000000683b8ce80}: 'java.lang.Object java.lang.invoke.DirectMethodHandle$Holder.newInvokeSpecial(java.lang.Object, java.lang.Object, java.lang.Object, java.lang.Object, java.lang.Object, java.lang.Object, java.lang.Object, java.lang.Object, java.lang.Object)'> (0x0000000683b8ce80) 
thrown [s\src\hotspot\share\interpreter\linkResolver.cpp, line 773]
Event: 65.108 Thread 0x0000015dfc7366c0 Exception <a 'java/lang/NoSuchMethodError'{0x0000000683670490}: 'int java.lang.invoke.DirectMethodHandle$Holder.invokeVirtual(java.lang.Object, java.lang.Object)'> (0x0000000683670490) 
thrown [s\src\hotspot\share\interpreter\linkResolver.cpp, line 773]
Event: 65.634 Thread 0x0000015dfc7366c0 Exception <a 'java/lang/NoSuchMethodError'{0x00000006831dadd0}: 'void java.lang.invoke.DirectMethodHandle$Holder.invokeInterface(java.lang.Object, java.lang.Object, java.lang.Object, java.lang.Object, java.lang.Object)'> (0x00000006831dadd0) 
thrown [s\src\hotspot\share\interpreter\linkResolver.cpp, line 773]
Event: 65.659 Thread 0x0000015dfc7366c0 Exception <a 'java/lang/NoSuchMethodError'{0x0000000683219ee8}: 'void java.lang.invoke.DirectMethodHandle$Holder.invokeStatic(java.lang.Object, java.lang.Object, java.lang.Object, java.lang.Object, java.lang.Object, java.lang.Object)'> (0x0000000683219ee8) 
thrown [s\src\hotspot\share\interpreter\linkResolver.cpp, line 773]
Event: 67.189 Thread 0x0000015dfc7366c0 Exception <a 'java/lang/IncompatibleClassChangeError'{0x0000000682a64268}: Found class java.lang.Object, but interface was expected> (0x0000000682a64268) 
thrown [s\src\hotspot\share\interpreter\linkResolver.cpp, line 840]
Event: 67.364 Thread 0x0000015dfc7366c0 Exception <a 'java/lang/NoSuchMethodError'{0x0000000682b9ee40}: 'java.lang.Object java.lang.invoke.DirectMethodHandle$Holder.newInvokeSpecial(java.lang.Object, java.lang.Object, long)'> (0x0000000682b9ee40) 
thrown [s\src\hotspot\share\interpreter\linkResolver.cpp, line 773]
Event: 67.366 Thread 0x0000015dfc7366c0 Exception <a 'java/lang/NoSuchMethodError'{0x0000000682ba31e8}: 'java.lang.Object java.lang.invoke.Invokers$Holder.linkToTargetMethod(java.lang.Object, long, java.lang.Object)'> (0x0000000682ba31e8) 
thrown [s\src\hotspot\share\interpreter\linkResolver.cpp, line 773]
Event: 68.240 Thread 0x0000015dfc7366c0 Exception <a 'java/lang/NoSuchMethodError'{0x0000000682569e40}: 'int java.lang.invoke.DirectMethodHandle$Holder.invokeInterface(java.lang.Object, java.lang.Object)'> (0x0000000682569e40) 
thrown [s\src\hotspot\share\interpreter\linkResolver.cpp, line 773]
Event: 68.378 Thread 0x0000015dfc7366c0 Exception <a 'java/lang/NoSuchMethodError'{0x0000000682664a30}: 'java.lang.Object java.lang.invoke.DirectMethodHandle$Holder.invokeVirtual(java.lang.Object, java.lang.Object, int)'> (0x0000000682664a30) 
thrown [s\src\hotspot\share\interpreter\linkResolver.cpp, line 773]

ZGC Phase Switch (0 events):
No events

VM Operations (20 events):
Event: 63.417 Executing safepoint VM operation: Cleanup
Event: 63.417 Executing safepoint VM operation: Cleanup done
Event: 64.419 Executing safepoint VM operation: Cleanup
Event: 64.419 Executing safepoint VM operation: Cleanup done
Event: 65.421 Executing safepoint VM operation: Cleanup
Event: 65.421 Executing safepoint VM operation: Cleanup done
Event: 65.425 Executing non-safepoint VM operation: HandshakeAllThreads (Deoptimize)
Event: 65.425 Executing non-safepoint VM operation: HandshakeAllThreads (Deoptimize) done
Event: 66.437 Executing safepoint VM operation: Cleanup
Event: 66.438 Executing safepoint VM operation: Cleanup done
Event: 67.184 Executing non-safepoint VM operation: HandshakeAllThreads (Deoptimize)
Event: 67.184 Executing non-safepoint VM operation: HandshakeAllThreads (Deoptimize) done
Event: 67.200 Executing non-safepoint VM operation: HandshakeAllThreads (Deoptimize)
Event: 67.200 Executing non-safepoint VM operation: HandshakeAllThreads (Deoptimize) done
Event: 67.344 Executing non-safepoint VM operation: HandshakeAllThreads (Deoptimize)
Event: 67.345 Executing non-safepoint VM operation: HandshakeAllThreads (Deoptimize) done
Event: 67.349 Executing non-safepoint VM operation: HandshakeAllThreads (Deoptimize)
Event: 67.349 Executing non-safepoint VM operation: HandshakeAllThreads (Deoptimize) done
Event: 68.355 Executing safepoint VM operation: Cleanup
Event: 68.356 Executing safepoint VM operation: Cleanup done

Memory protections (0 events):
No events

Nmethod flushes (0 events):
No events

Events (20 events):
Event: 30.354 Thread 0x0000015dc18b0800 Thread added: 0x0000015dc1998e40
Event: 30.488 Thread 0x0000015da4c74900 Thread added: 0x0000015dfc5f3890
Event: 30.652 Thread 0x0000015dfba0e080 Thread added: 0x0000015dfc5c2730
Event: 30.664 Thread 0x0000015dfc5c2730 Thread added: 0x0000015dfc5bcf00
Event: 30.753 Thread 0x0000015dfc5c2730 Thread added: 0x0000015dfba5db90
Event: 30.773 Thread 0x0000015dfc5c2730 Thread added: 0x0000015dfc7366c0
Event: 30.794 Thread 0x0000015dfc7366c0 Thread added: 0x0000015dfc736d50
Event: 30.804 Thread 0x0000015dfc7366c0 Thread added: 0x0000015dfc738100
Event: 30.810 Thread 0x0000015dfc7366c0 Thread added: 0x0000015dfc738790
Event: 31.334 Thread 0x0000015dc1998e40 Thread exited: 0x0000015dc1998e40
Event: 38.982 Thread 0x0000015dfc7366c0 Thread added: 0x0000015dfc7394b0
Event: 39.440 Thread 0x0000015dfc7366c0 Thread added: 0x0000015dfc738e20
Event: 41.738 Thread 0x0000015dfc738e20 Thread added: 0x0000015dfc7373e0
Event: 42.664 Thread 0x0000015dfc7366c0 Thread added: 0x0000015dfc736030
Event: 60.461 Thread 0x0000015dc1523680 Thread added: 0x0000015dfdf3aec0
Event: 61.133 Thread 0x0000015dfc7366c0 Thread added: 0x0000015dfb9c0f50
Event: 61.657 Thread 0x0000015dfc7366c0 Thread added: 0x0000015dfb9bee80
Event: 63.158 Thread 0x0000015dfdf3aec0 Thread exited: 0x0000015dfdf3aec0
Event: 64.988 Thread 0x0000015dfc7366c0 Thread added: 0x0000015dfb9c0230
Event: 65.102 Thread 0x0000015dfc7366c0 Thread added: 0x0000015dfb9c15e0


Dynamic libraries:
0x00007ff7f4d70000 - 0x00007ff7f4d7e000 	C:\Users\nimes\.vscode\extensions\redhat.java-1.56.0-win32-x64\jre\21.0.12.1-win32-x86_64\bin\java.exe
0x00007ffd49220000 - 0x00007ffd49486000 	C:\WINDOWS\SYSTEM32\ntdll.dll
0x00007ffd47590000 - 0x00007ffd47659000 	C:\WINDOWS\System32\KERNEL32.DLL
0x00007ffd465f0000 - 0x00007ffd469f0000 	C:\WINDOWS\System32\KERNELBASE.dll
0x00007ffd46a00000 - 0x00007ffd46b4c000 	C:\WINDOWS\System32\ucrtbase.dll
0x00007ffcda5b0000 - 0x00007ffcda5c8000 	C:\Users\nimes\.vscode\extensions\redhat.java-1.56.0-win32-x64\jre\21.0.12.1-win32-x86_64\bin\jli.dll
0x00007ffd48bf0000 - 0x00007ffd48db7000 	C:\WINDOWS\System32\USER32.dll
0x00007ffd465c0000 - 0x00007ffd465e7000 	C:\WINDOWS\System32\win32u.dll
0x00007ffd48030000 - 0x00007ffd4805b000 	C:\WINDOWS\System32\GDI32.dll
0x00007ffd46bf0000 - 0x00007ffd46d19000 	C:\WINDOWS\System32\gdi32full.dll
0x00007ffd46d20000 - 0x00007ffd46dc3000 	C:\WINDOWS\System32\msvcp_win.dll
0x00007ffcd2ce0000 - 0x00007ffcd2cfe000 	C:\Users\nimes\.vscode\extensions\redhat.java-1.56.0-win32-x64\jre\21.0.12.1-win32-x86_64\bin\VCRUNTIME140.dll
0x00007ffd21130000 - 0x00007ffd213c2000 	C:\WINDOWS\WinSxS\amd64_microsoft.windows.common-controls_6595b64144ccf1df_6.0.26100.8737_none_3e092eaee333b772\COMCTL32.dll
0x00007ffd474e0000 - 0x00007ffd47589000 	C:\WINDOWS\System32\msvcrt.dll
0x00007ffd47f20000 - 0x00007ffd47f52000 	C:\WINDOWS\System32\IMM32.DLL
0x00007ffd30260000 - 0x00007ffd3026c000 	C:\Users\nimes\.vscode\extensions\redhat.java-1.56.0-win32-x64\jre\21.0.12.1-win32-x86_64\bin\vcruntime140_1.dll
0x00007ffccb2b0000 - 0x00007ffccb33d000 	C:\Users\nimes\.vscode\extensions\redhat.java-1.56.0-win32-x64\jre\21.0.12.1-win32-x86_64\bin\msvcp140.dll
0x00007ffc37910000 - 0x00007ffc386b2000 	C:\Users\nimes\.vscode\extensions\redhat.java-1.56.0-win32-x64\jre\21.0.12.1-win32-x86_64\bin\server\jvm.dll
0x00007ffd489c0000 - 0x00007ffd48a77000 	C:\WINDOWS\System32\ADVAPI32.dll
0x00007ffd48e50000 - 0x00007ffd48efa000 	C:\WINDOWS\System32\sechost.dll
0x00007ffd47660000 - 0x00007ffd47778000 	C:\WINDOWS\System32\RPCRT4.dll
0x00007ffd48f00000 - 0x00007ffd48f80000 	C:\WINDOWS\System32\WS2_32.dll
0x00007ffd462a0000 - 0x00007ffd462fe000 	C:\WINDOWS\SYSTEM32\POWRPROF.dll
0x00007ffd3bec0000 - 0x00007ffd3bef6000 	C:\WINDOWS\SYSTEM32\WINMM.dll
0x00007ffd32810000 - 0x00007ffd3281b000 	C:\WINDOWS\SYSTEM32\VERSION.dll
0x00007ffd46280000 - 0x00007ffd46294000 	C:\WINDOWS\SYSTEM32\UMPDC.dll
0x00007ffd45100000 - 0x00007ffd4511b000 	C:\WINDOWS\SYSTEM32\kernel.appcore.dll
0x00007ffd2e3b0000 - 0x00007ffd2e3ba000 	C:\Users\nimes\.vscode\extensions\redhat.java-1.56.0-win32-x64\jre\21.0.12.1-win32-x86_64\bin\jimage.dll
0x00007ffd43900000 - 0x00007ffd43b42000 	C:\WINDOWS\SYSTEM32\DBGHELP.DLL
0x00007ffd48140000 - 0x00007ffd484c3000 	C:\WINDOWS\System32\combase.dll
0x00007ffd48060000 - 0x00007ffd48139000 	C:\WINDOWS\System32\OLEAUT32.dll
0x00007ffd22930000 - 0x00007ffd2296b000 	C:\WINDOWS\SYSTEM32\dbgcore.DLL
0x00007ffd46440000 - 0x00007ffd464ec000 	C:\WINDOWS\System32\bcryptPrimitives.dll
0x00007ffd121c0000 - 0x00007ffd121cf000 	C:\Users\nimes\.vscode\extensions\redhat.java-1.56.0-win32-x64\jre\21.0.12.1-win32-x86_64\bin\instrument.dll
0x00007ffcd1070000 - 0x00007ffcd1090000 	C:\Users\nimes\.vscode\extensions\redhat.java-1.56.0-win32-x64\jre\21.0.12.1-win32-x86_64\bin\java.dll
0x00007ffd47780000 - 0x00007ffd47f12000 	C:\WINDOWS\System32\SHELL32.dll
0x00007ffd43eb0000 - 0x00007ffd44742000 	C:\WINDOWS\SYSTEM32\windows.storage.dll
0x00007ffd490b0000 - 0x00007ffd491a7000 	C:\WINDOWS\System32\SHCORE.dll
0x00007ffd47f60000 - 0x00007ffd47fc7000 	C:\WINDOWS\System32\shlwapi.dll
0x00007ffd46360000 - 0x00007ffd46389000 	C:\WINDOWS\SYSTEM32\profapi.dll
0x00007ffccf750000 - 0x00007ffccf768000 	C:\Users\nimes\.vscode\extensions\redhat.java-1.56.0-win32-x64\jre\21.0.12.1-win32-x86_64\bin\zip.dll
0x00007ffd122b0000 - 0x00007ffd122c0000 	C:\Users\nimes\.vscode\extensions\redhat.java-1.56.0-win32-x64\jre\21.0.12.1-win32-x86_64\bin\net.dll
0x00007ffd3bd90000 - 0x00007ffd3beb9000 	C:\WINDOWS\SYSTEM32\WINHTTP.dll
0x00007ffd456d0000 - 0x00007ffd4573c000 	C:\WINDOWS\system32\mswsock.dll
0x00007ffccf640000 - 0x00007ffccf656000 	C:\Users\nimes\.vscode\extensions\redhat.java-1.56.0-win32-x64\jre\21.0.12.1-win32-x86_64\bin\nio.dll
0x00007ffd12200000 - 0x00007ffd12210000 	C:\Users\nimes\.vscode\extensions\redhat.java-1.56.0-win32-x64\jre\21.0.12.1-win32-x86_64\bin\verify.dll
0x00007ffccb280000 - 0x00007ffccb2a7000 	C:\Users\nimes\.gradle\native\1def1411415f61bf3af743bc5b6707747c0891f09f0c88961ee8f79bc544acac\windows-amd64\native-platform.dll
0x00007ffcc8dc0000 - 0x00007ffcc8e38000 	C:\Users\nimes\.gradle\native\0.2.7\x86_64-windows-gnu\gradle-fileevents.dll
0x00007ffd12090000 - 0x00007ffd1209a000 	C:\Users\nimes\.vscode\extensions\redhat.java-1.56.0-win32-x64\jre\21.0.12.1-win32-x86_64\bin\management.dll
0x00007ffd11fb0000 - 0x00007ffd11fbc000 	C:\Users\nimes\.vscode\extensions\redhat.java-1.56.0-win32-x64\jre\21.0.12.1-win32-x86_64\bin\management_ext.dll
0x00007ffd46fa0000 - 0x00007ffd46fa8000 	C:\WINDOWS\System32\PSAPI.DLL
0x00007ffd44bf0000 - 0x00007ffd44c23000 	C:\WINDOWS\SYSTEM32\IPHLPAPI.DLL
0x00007ffd491d0000 - 0x00007ffd491da000 	C:\WINDOWS\System32\NSI.dll
0x00007ffd101c0000 - 0x00007ffd101c9000 	C:\Users\nimes\.vscode\extensions\redhat.java-1.56.0-win32-x64\jre\21.0.12.1-win32-x86_64\bin\extnet.dll
0x00007ffd459d0000 - 0x00007ffd459eb000 	C:\WINDOWS\SYSTEM32\CRYPTSP.dll
0x00007ffd45060000 - 0x00007ffd45099000 	C:\WINDOWS\system32\rsaenh.dll
0x00007ffd45790000 - 0x00007ffd457c2000 	C:\WINDOWS\SYSTEM32\USERENV.dll
0x00007ffd46330000 - 0x00007ffd4635a000 	C:\WINDOWS\SYSTEM32\bcrypt.dll
0x00007ffd459f0000 - 0x00007ffd459fc000 	C:\WINDOWS\SYSTEM32\CRYPTBASE.dll
0x00007ffcff730000 - 0x00007ffcff73e000 	C:\Users\nimes\.vscode\extensions\redhat.java-1.56.0-win32-x64\jre\21.0.12.1-win32-x86_64\bin\sunmscapi.dll
0x00007ffd46dd0000 - 0x00007ffd46f48000 	C:\WINDOWS\System32\CRYPT32.dll
0x00007ffd45c10000 - 0x00007ffd45c40000 	C:\WINDOWS\SYSTEM32\ncrypt.dll
0x00007ffd45bc0000 - 0x00007ffd45bff000 	C:\WINDOWS\SYSTEM32\NTASN1.dll
0x00007ffd173c0000 - 0x00007ffd173c8000 	C:\WINDOWS\system32\wshunix.dll

JVMTI agents:
C:\Users\nimes\.gradle\wrapper\dists\gradle-8.14-all\c2qonpi39x1mddn7hk5gh9iqj\gradle-8.14\lib\agents\gradle-instrumentation-agent-8.14.jar path:C:\Users\nimes\.vscode\extensions\redhat.java-1.56.0-win32-x64\jre\21.0.12.1-win32-x86_64\bin\instrument.dll, loaded, initialized, instrumentlib options:none

dbghelp: loaded successfully - version: 4.0.5 - missing functions: none
symbol engine: initialized successfully - sym options: 0x614 - pdb path: .;C:\Users\nimes\.vscode\extensions\redhat.java-1.56.0-win32-x64\jre\21.0.12.1-win32-x86_64\bin;C:\WINDOWS\SYSTEM32;C:\WINDOWS\WinSxS\amd64_microsoft.windows.common-controls_6595b64144ccf1df_6.0.26100.8737_none_3e092eaee333b772;C:\Users\nimes\.vscode\extensions\redhat.java-1.56.0-win32-x64\jre\21.0.12.1-win32-x86_64\bin\server;C:\Users\nimes\.gradle\native\1def1411415f61bf3af743bc5b6707747c0891f09f0c88961ee8f79bc544acac\windows-amd64;C:\Users\nimes\.gradle\native\0.2.7\x86_64-windows-gnu

VM Arguments:
jvm_args: --add-opens=java.base/java.lang=ALL-UNNAMED --add-opens=java.base/java.lang.invoke=ALL-UNNAMED --add-opens=java.base/java.util=ALL-UNNAMED --add-opens=java.prefs/java.util.prefs=ALL-UNNAMED --add-exports=jdk.compiler/com.sun.tools.javac.api=ALL-UNNAMED --add-exports=jdk.compiler/com.sun.tools.javac.util=ALL-UNNAMED --add-opens=java.base/java.util=ALL-UNNAMED --add-opens=java.prefs/java.util.prefs=ALL-UNNAMED --add-opens=java.base/java.nio.charset=ALL-UNNAMED --add-opens=java.base/java.net=ALL-UNNAMED --add-opens=java.base/java.util.concurrent.atomic=ALL-UNNAMED --add-opens=java.xml/javax.xml.namespace=ALL-UNNAMED -XX:MaxMetaspaceSize=1G -Xmx6G -Dfile.encoding=UTF-8 -Duser.country=US -Duser.language=en -Duser.variant -javaagent:C:\Users\nimes\.gradle\wrapper\dists\gradle-8.14-all\c2qonpi39x1mddn7hk5gh9iqj\gradle-8.14\lib\agents\gradle-instrumentation-agent-8.14.jar 
java_command: org.gradle.launcher.daemon.bootstrap.GradleDaemon 8.14
java_class_path (initial): C:\Users\nimes\.gradle\wrapper\dists\gradle-8.14-all\c2qonpi39x1mddn7hk5gh9iqj\gradle-8.14\lib\gradle-daemon-main-8.14.jar
Launcher Type: SUN_STANDARD

[Global flags]
     intx CICompilerCount                          = 4                                         {product} {ergonomic}
   size_t CompressedClassSpaceSize                 = 872415232                                 {product} {ergonomic}
     uint ConcGCThreads                            = 3                                         {product} {ergonomic}
     uint G1ConcRefinementThreads                  = 10                                        {product} {ergonomic}
   size_t G1HeapRegionSize                         = 4194304                                   {product} {ergonomic}
    uintx GCDrainStackTargetSize                   = 64                                        {product} {ergonomic}
   size_t InitialHeapSize                          = 264241152                                 {product} {ergonomic}
   size_t MarkStackSize                            = 4194304                                   {product} {ergonomic}
   size_t MaxHeapSize                              = 6442450944                                {product} {command line}
   size_t MaxMetaspaceSize                         = 1073741824                                {product} {command line}
   size_t MaxNewSize                               = 3862953984                                {product} {ergonomic}
   size_t MinHeapDeltaBytes                        = 4194304                                   {product} {ergonomic}
   size_t MinHeapSize                              = 8388608                                   {product} {ergonomic}
    uintx NonNMethodCodeHeapSize                   = 5839372                                {pd product} {ergonomic}
    uintx NonProfiledCodeHeapSize                  = 122909434                              {pd product} {ergonomic}
    uintx ProfiledCodeHeapSize                     = 122909434                              {pd product} {ergonomic}
    uintx ReservedCodeCacheSize                    = 251658240                              {pd product} {ergonomic}
     bool SegmentedCodeCache                       = true                                      {product} {ergonomic}
   size_t SoftMaxHeapSize                          = 6442450944                             {manageable} {ergonomic}
     bool UseCompressedOops                        = true                           {product lp64_product} {ergonomic}
     bool UseG1GC                                  = true                                      {product} {ergonomic}
     bool UseLargePagesIndividualAllocation        = false                                  {pd product} {ergonomic}

Logging:
Log output configuration:
 #0: stdout all=warning uptime,level,tags foldmultilines=false
 #1: stderr all=off uptime,level,tags foldmultilines=false

Release file:
JAVA_VERSION="21.0.12.1" 
MODULES="java.base java.compiler java.datatransfer java.xml java.prefs java.desktop java.instrument java.logging java.management java.security.sasl java.naming java.rmi java.management.rmi java.net.http java.scripting java.security.jgss java.transaction.xa java.sql java.sql.rowset java.xml.crypto java.se java.smartcardio jdk.accessibility jdk.internal.jvmstat jdk.attach jdk.charsets jdk.internal.opt jdk.zipfs jdk.compiler jdk.crypto.ec jdk.crypto.cryptoki jdk.crypto.mscapi jdk.dynalink jdk.internal.ed jdk.editpad jdk.hotspot.agent jdk.httpserver jdk.internal.le jdk.internal.vm.ci jdk.internal.vm.compiler jdk.internal.vm.compiler.management jdk.jartool jdk.javadoc jdk.jcmd jdk.management jdk.management.agent jdk.jconsole jdk.jdeps jdk.jdwp.agent jdk.jdi jdk.jfr jdk.jshell jdk.jsobject jdk.jstatd jdk.localedata jdk.management.jfr jdk.naming.dns jdk.naming.rmi jdk.net jdk.nio.mapmode jdk.random jdk.sctp jdk.security.auth jdk.security.jgss jdk.unsupported jdk.unsupported.desktop jdk.xml.dom" 

Environment Variables:
JAVA_HOME=C:\Program Files\Eclipse Adoptium\jdk-21.0.11.10-hotspot
PATH=C:\Program Files\Eclipse Adoptium\jdk-21.0.11.10-hotspot\bin;C:\Program Files\Common Files\Oracle\Java\javapath;C:\Python313\Scripts\;C:\Python313\;C:\Windows\system32;C:\Windows;C:\Windows\System32\Wbem;C:\Windows\System32\WindowsPowerShell\v1.0\;C:\Windows\System32\OpenSSH\;C:\Program Files (x86)\NVIDIA Corporation\PhysX\Common;C:\Program Files\Microsoft SQL Server\Client SDK\ODBC\110\Tools\Binn\;C:\Program Files (x86)\Microsoft SQL Server\120\Tools\Binn\;C:\Program Files\Microsoft SQL Server\120\Tools\Binn\;C:\Program Files\Microsoft SQL Server\120\DTS\Binn\;C:\Program Files (x86)\Windows Kits\8.1\Windows Performance Toolkit\;C:\Program Files\dotnet\;C:\Program Files\nodejs\;C:\Program Files\Git\cmd;C:\Users\nimes\AppData\Local\Pub\Cache\bin;C:\WINDOWS\system32;C:\WINDOWS;C:\WINDOWS\System32\Wbem;C:\WINDOWS\System32\WindowsPowerShell\v1.0\;C:\WINDOWS\System32\OpenSSH\;C:\Program Files\Apache\Maven\apache-maven-3.9.11\bin;C:\Program Files\MySQL\MySQL Server 8.0\bin;C:\Program Files\MySQL\MySQL Server 8.0\bin;D:\Sonar\sonar-scanner-7.2.0.5079-linux-x64;C:\Users\nimes\sonar-scanner-7.2.0.5079-linux-x64;C:\Program Files\PuTTY\;C:\Program Files\Microchip\xc8\v2.36\bin;C:\Program Files\Go\bin;C:\Program Files\Eclipse Adoptium\jdk-21\bin;c:\Users\nimes\AppData\Roaming\Code\User\globalStorage\github.copilot-chat\debugCommand;c:\Users\nimes\AppData\Roaming\Code\User\globalStorage\github.copilot-chat\copilotCli;C:\flutter\bin\;C:\Program Files\Eclipse Adoptium\jdk-21.0.11.10-hotspot\bin;C:\Program Files\Common Files\Oracle\Java\javapath;C:\Python313\Scripts\;C:\Python313\;C:\Windows\system32;C:\Windows;C:\Windows\System32\Wbem;C:\Windows\System32\WindowsPowerShell\v1.0\;C:\Windows\System32\OpenSSH\;C:\Program Files (x86)\NVIDIA Corporation\PhysX\Common;C:\Program Files\Microsoft SQL Server\Client SDK\ODBC\110\Tools\Binn\;C:\Program Files (x86)\Microsoft SQL Server\120\Tools\Binn\;C:\Program Files\Microsoft SQL Server\120\Tools\Binn\;C:\Program Files\Microsoft SQL Server\120\DTS\Binn\;C:\Program Files (x86)\Windows Kits\8.1\Windows Performance Toolkit\;C:\Program Files\dotnet\;C:\Program Files\nodejs\;C:\Program Files\Git\cmd;C:\Users\nimes\AppData\Local\Pub\Cache\bin;C:\WINDOWS\system32;C:\WINDOWS;C:\WINDOWS\System32\Wbem;C:\WINDOWS\System32\WindowsPowerShell\v1.0\;C:\WINDOWS\System32\OpenSSH\;C:\Program Files\Apache\Maven\apache-maven-3.9.11\bin;C:\Program Files\MySQL\MySQL Server 8.0\bin;C:\Program Files\MySQL\MySQL Server 8.0\bin;D:\Sonar\sonar-scanner-7.2.0.5079-linux-x64;C:\Users\nimes\sonar-scanner-7.2.0.5079-linux-x64;C:\Program Files\PuTTY\;C:\Program Files\Microchip\xc8\v2.36\bin;C:\Program Files\Go\bin;C:\Program Files\Eclipse Adoptium\jdk-21\bin;C:\Program Files\MySQL\MySQL Shell 8.0\bin\;C:\Users\nimes\AppData\Local\Programs\Python\Launcher\;C:\Users\nimes\Desktop\Semester 3\Data Structures\Project;C:\Users\nimes\AppData\Local\Microsoft\WindowsApps;C:\Users\nimes\AppData\Local\Programs\Microsoft VS Code\bin;C:\Users\nimes\.dotnet\tools;C:\Users\nimes\AppData\Roaming\npm;C:\Users\nimes\AppData\Local\GitHubDesktop\bin;C:\flutter\bin;C:\Users\YourUsername\AppData\Local\Programs\Python\C:\Users\YourUsername\AppData\Local\Programs\Python\Python 3.12\\;C:\Users\nimes\AppData\Local\Pub\Cache\binv;C:\MinGW\bin;C:\Users\nimes\go\bin;C:\Users\nimes\AppData\Local\Programs\Antigravity IDE\bin;C:\Program Files\Eclipse Adoptium\jdk-21.0.11.10-hotspot\bin;c:\Users\nimes\.vscode\extensions\vscjava.vscode-java-debug-0.59.0\bundled\scripts\noConfigScripts;C:\Program Files\PostgreSQL\18\\bin
USERNAME=nimes
OS=Windows_NT
PROCESSOR_IDENTIFIER=Intel64 Family 6 Model 154 Stepping 4, GenuineIntel
TMP=C:\Users\nimes\AppData\Local\Temp
TEMP=C:\Users\nimes\AppData\Local\Temp




Periodic native trim disabled

---------------  S Y S T E M  ---------------

OS:
 Windows 11 , 64 bit Build 26100 (10.0.26100.8737)
OS uptime: 0 days 5:58 hours
Hyper-V role detected

CPU: total 12 (initial active 12) (6 cores per cpu, 2 threads per core) family 6 model 154 stepping 4 microcode 0x423, cx8, cmov, fxsr, ht, mmx, 3dnowpref, sse, sse2, sse3, ssse3, sse4.1, sse4.2, popcnt, lzcnt, tsc, tscinvbit, avx, avx2, aes, erms, clmul, bmi1, bmi2, adx, sha, fma, vzeroupper, clflush, clflushopt, clwb, hv, serialize, rdtscp, rdpid, fsrm, f16c, cet_ibt, cet_ss
Processor Information for processor 0
  Max Mhz: 1300, Current Mhz: 1300, Mhz Limit: 1300
Processor Information for processor 1
  Max Mhz: 1300, Current Mhz: 1300, Mhz Limit: 1300
Processor Information for processor 2
  Max Mhz: 1300, Current Mhz: 1300, Mhz Limit: 1300
Processor Information for processor 3
  Max Mhz: 1300, Current Mhz: 1300, Mhz Limit: 1300
Processor Information for processor 4
  Max Mhz: 1300, Current Mhz: 900, Mhz Limit: 897
Processor Information for processor 5
  Max Mhz: 1300, Current Mhz: 900, Mhz Limit: 897
Processor Information for processor 6
  Max Mhz: 1300, Current Mhz: 900, Mhz Limit: 897
Processor Information for processor 7
  Max Mhz: 1300, Current Mhz: 900, Mhz Limit: 897
Processor Information for processor 8
  Max Mhz: 1300, Current Mhz: 900, Mhz Limit: 897
Processor Information for processor 9
  Max Mhz: 1300, Current Mhz: 900, Mhz Limit: 897
Processor Information for processor 10
  Max Mhz: 1300, Current Mhz: 900, Mhz Limit: 897
Processor Information for processor 11
  Max Mhz: 1300, Current Mhz: 900, Mhz Limit: 897

Memory: 4k page, system-wide physical 16088M (1167M free)
TotalPageFile size 36852M (AvailPageFile size 1494M)
current process WorkingSet (physical memory assigned to process): 172M, peak: 211M
current process commit charge ("private bytes"): 252M, peak: 413M

vm_info: OpenJDK 64-Bit Server VM (21.0.12.1+1-LTS) for windows-amd64 JRE (21.0.12.1+1-LTS), built on 2026-08-18T00:00:00Z by "admin" with MS VC++ 17.12 (VS2022)

END.
