version 2
JvmtiExport can_access_local_variables 0
JvmtiExport can_hotswap_or_post_breakpoint 0
JvmtiExport can_post_on_exceptions 0
# 389 ciObject found
instanceKlass org/gradle/launcher/daemon/context/DefaultDaemonContext$Serializer
ciInstanceKlass java/lang/Cloneable 1 0 7 100 1 100 1 1 1
instanceKlass org/gradle/api/internal/attributes/CompatibilityRule$1
instanceKlass org/gradle/internal/component/external/model/AbstractMutableModuleComponentResolveMetadata$DependencyConstraintImpl
instanceKlass org/gradle/internal/component/external/model/ComponentVariant$DependencyConstraint
instanceKlass org/gradle/api/internal/artifacts/ivyservice/ivyresolve/strategy/InverseVersionSelector
instanceKlass org/gradle/api/internal/artifacts/capability/DefaultSpecificCapabilitySelector
instanceKlass org/gradle/api/internal/artifacts/capability/SpecificCapabilitySelector
instanceKlass org/gradle/api/internal/artifacts/capability/CapabilitySelectorInternal
instanceKlass org/gradle/api/internal/artifacts/ivyservice/resolveengine/graph/conflicts/DefaultConflictResolverDetails
instanceKlass org/gradle/api/internal/artifacts/ivyservice/resolveengine/graph/selectors/SelectorStateResolverResults$Registration
instanceKlass com/google/common/primitives/Longs$AsciiDigits
instanceKlass  @bci org/gradle/api/internal/attributes/matching/MultipleCandidateMatcher disambiguateRequestedAttribute (I)V 6 <appendix> member <vmtarget> ; # org/gradle/api/internal/attributes/matching/MultipleCandidateMatcher$$Lambda+0x000001a71381a000
instanceKlass org/gradle/internal/component/external/descriptor/DefaultExclude
instanceKlass org/gradle/internal/component/model/Exclude
instanceKlass org/gradle/internal/component/external/model/GradleDependencyMetadata
instanceKlass org/gradle/internal/component/external/model/LazyVariantBackedConfigurationMetadata$RuleAwareVariant
instanceKlass org/gradle/internal/component/external/model/AbstractVariantBackedConfigurationMetadata
instanceKlass org/gradle/internal/component/external/model/AbstractMutableModuleComponentResolveMetadata$ImmutableVariantImpl
instanceKlass org/gradle/internal/component/external/model/ComponentVariant
instanceKlass org/gradle/internal/component/external/model/AbstractMutableModuleComponentResolveMetadata$FileImpl
instanceKlass org/gradle/internal/component/external/model/ComponentVariant$File
instanceKlass org/gradle/internal/component/external/model/AbstractMutableModuleComponentResolveMetadata$DependencyImpl
instanceKlass org/gradle/internal/component/external/model/ComponentVariant$Dependency
instanceKlass org/gradle/internal/component/external/model/AbstractMutableModuleComponentResolveMetadata$MutableVariantImpl
instanceKlass org/gradle/internal/component/external/model/ExternalModuleDependencyMetadata
instanceKlass org/gradle/api/internal/artifacts/ivyservice/resolveengine/excludes/factories/Optimizations
instanceKlass  @bci org/gradle/api/internal/artifacts/ivyservice/resolveengine/excludes/factories/OptimizingExcludeFactory anyOf (Lorg/gradle/api/internal/artifacts/ivyservice/resolveengine/excludes/specs/ExcludeSpec;Lorg/gradle/api/internal/artifacts/ivyservice/resolveengine/excludes/specs/ExcludeSpec;)Lorg/gradle/api/internal/artifacts/ivyservice/resolveengine/excludes/specs/ExcludeSpec; 3 <appendix> member <vmtarget> ; # org/gradle/api/internal/artifacts/ivyservice/resolveengine/excludes/factories/OptimizingExcludeFactory$$Lambda+0x000001a713810908
instanceKlass org/gradle/internal/component/model/DefaultCompatibilityCheckResult
instanceKlass org/gradle/api/internal/initialization/transform/utils/InstrumentationClasspathMerger
instanceKlass  @bci org/gradle/api/internal/initialization/DefaultScriptClassPathResolver lambda$getInstrumentedProjectDependencies$10 (Lorg/gradle/api/artifacts/ArtifactView$ViewConfiguration;)V 13 <appendix> argL0 ; # org/gradle/api/internal/initialization/DefaultScriptClassPathResolver$$Lambda+0x000001a71381d7d8
instanceKlass  @bci org/gradle/api/internal/initialization/DefaultScriptClassPathResolver lambda$getInstrumentedProjectDependencies$10 (Lorg/gradle/api/artifacts/ArtifactView$ViewConfiguration;)V 1 <appendix> argL0 ; # org/gradle/api/internal/initialization/DefaultScriptClassPathResolver$$Lambda+0x000001a71381d5b8
instanceKlass  @bci org/gradle/api/internal/initialization/DefaultScriptClassPathResolver getInstrumentedProjectDependencies (Lorg/gradle/api/artifacts/Configuration;)Lorg/gradle/api/artifacts/ArtifactCollection; 6 <appendix> argL0 ; # org/gradle/api/internal/initialization/DefaultScriptClassPathResolver$$Lambda+0x000001a71381d398
instanceKlass  @bci org/gradle/api/internal/initialization/DefaultScriptClassPathResolver lambda$getInstrumentedExternalDependencies$8 (Lorg/gradle/api/artifacts/ArtifactView$ViewConfiguration;)V 13 <appendix> argL0 ; # org/gradle/api/internal/initialization/DefaultScriptClassPathResolver$$Lambda+0x000001a71381d178
instanceKlass  @bci org/gradle/api/internal/initialization/DefaultScriptClassPathResolver lambda$getInstrumentedExternalDependencies$8 (Lorg/gradle/api/artifacts/ArtifactView$ViewConfiguration;)V 1 <appendix> argL0 ; # org/gradle/api/internal/initialization/DefaultScriptClassPathResolver$$Lambda+0x000001a71381cf58
instanceKlass  @bci org/gradle/api/internal/initialization/DefaultScriptClassPathResolver getInstrumentedExternalDependencies (Lorg/gradle/api/artifacts/Configuration;)Lorg/gradle/api/artifacts/ArtifactCollection; 6 <appendix> argL0 ; # org/gradle/api/internal/initialization/DefaultScriptClassPathResolver$$Lambda+0x000001a71381cd38
instanceKlass  @bci org/gradle/api/internal/file/collections/DefaultConfigurableFileCollection$UnresolvedItemsCollector addItem (Lorg/gradle/api/internal/file/collections/DefaultConfigurableFileCollection;Lorg/gradle/internal/file/PathToFileResolver;Lorg/gradle/api/tasks/util/internal/PatternSetFactory;Lorg/gradle/api/internal/tasks/TaskDependencyFactory;Lorg/gradle/api/internal/provider/PropertyHost;Ljava/lang/Object;Lcom/google/common/collect/ImmutableList;)V 22 <appendix> member <vmtarget> ; # org/gradle/api/internal/file/collections/DefaultConfigurableFileCollection$UnresolvedItemsCollector$$Lambda+0x000001a71381cb10
instanceKlass  @bci org/gradle/api/internal/initialization/transform/services/CacheInstrumentationDataBuildService$1 setTypeHierarchyAnalysisResult (Lorg/gradle/api/file/FileCollection;)V 1 <appendix> argL0 ; # org/gradle/api/internal/initialization/transform/services/CacheInstrumentationDataBuildService$1$$Lambda+0x000001a71381c428
instanceKlass org/gradle/api/internal/initialization/transform/utils/InstrumentationTransformUtils
instanceKlass  @bci org/gradle/api/internal/initialization/DefaultScriptClassPathResolver lambda$getAnalysisResult$4 (Lorg/gradle/api/artifacts/ArtifactView$ViewConfiguration;)V 14 <appendix> argL0 ; # org/gradle/api/internal/initialization/DefaultScriptClassPathResolver$$Lambda+0x000001a71381c000
instanceKlass  @bci org/gradle/api/internal/initialization/DefaultScriptClassPathResolver lambda$getAnalysisResult$4 (Lorg/gradle/api/artifacts/ArtifactView$ViewConfiguration;)V 2 <appendix> member <vmtarget> ; # org/gradle/api/internal/initialization/DefaultScriptClassPathResolver$$Lambda+0x000001a713817cb0
instanceKlass  @bci org/gradle/api/internal/initialization/DefaultScriptClassPathResolver getAnalysisResult (Lorg/gradle/api/artifacts/Configuration;)Lorg/gradle/api/file/FileCollection; 7 <appendix> member <vmtarget> ; # org/gradle/api/internal/initialization/DefaultScriptClassPathResolver$$Lambda+0x000001a713817a88
instanceKlass  @bci org/gradle/api/internal/initialization/DefaultScriptClassPathResolver lambda$getOriginalDependencies$6 (Lorg/gradle/api/artifacts/ArtifactView$ViewConfiguration;)V 1 <appendix> argL0 ; # org/gradle/api/internal/initialization/DefaultScriptClassPathResolver$$Lambda+0x000001a713817868
instanceKlass  @bci org/gradle/api/internal/initialization/DefaultScriptClassPathResolver getOriginalDependencies (Lorg/gradle/api/artifacts/Configuration;)Lorg/gradle/api/artifacts/ArtifactView; 6 <appendix> argL0 ; # org/gradle/api/internal/initialization/DefaultScriptClassPathResolver$$Lambda+0x000001a713817648
instanceKlass org/gradle/api/internal/initialization/transform/services/CacheInstrumentationDataBuildService$1
instanceKlass  @bci org/gradle/api/internal/initialization/transform/services/CacheInstrumentationDataBuildService$ResolutionData_Decorated $gradleInit ()V 1 <appendix> member <vmtarget> ; # org/gradle/api/internal/initialization/transform/services/CacheInstrumentationDataBuildService$ResolutionData_Decorated$$Lambda+0x000001a7138171b0
instanceKlass  @bci org/gradle/api/internal/initialization/transform/services/CacheInstrumentationDataBuildService$ResolutionData <init> (Lorg/gradle/api/internal/initialization/transform/services/InjectedInstrumentationServices;Lorg/gradle/api/internal/initialization/transform/utils/InstrumentationAnalysisSerializer;Lcom/google/common/cache/Cache;)V 48 <appendix> member <vmtarget> ; # org/gradle/api/internal/initialization/transform/services/CacheInstrumentationDataBuildService$ResolutionData$$Lambda+0x000001a713816f88
instanceKlass  @bci org/gradle/api/internal/initialization/transform/services/CacheInstrumentationDataBuildService$ResolutionData <init> (Lorg/gradle/api/internal/initialization/transform/services/InjectedInstrumentationServices;Lorg/gradle/api/internal/initialization/transform/utils/InstrumentationAnalysisSerializer;Lcom/google/common/cache/Cache;)V 30 <appendix> member <vmtarget> ; # org/gradle/api/internal/initialization/transform/services/CacheInstrumentationDataBuildService$ResolutionData$$Lambda+0x000001a713816d60
instanceKlass org/gradle/internal/classpath/types/ExternalPluginsInstrumentationTypeRegistry
instanceKlass org/gradle/api/internal/initialization/transform/utils/DefaultInstrumentationAnalysisSerializer
instanceKlass org/gradle/api/internal/initialization/transform/utils/CachedInstrumentationAnalysisSerializer
instanceKlass  @bci org/gradle/api/internal/initialization/transform/services/InjectedInstrumentationServices_Decorated $gradleInit ()V 1 <appendix> member <vmtarget> ; # org/gradle/api/internal/initialization/transform/services/InjectedInstrumentationServices_Decorated$$Lambda+0x000001a713816070
instanceKlass  @bci org/gradle/api/internal/initialization/transform/services/InjectedInstrumentationServices <init> ()V 27 <appendix> member <vmtarget> ; # org/gradle/api/internal/initialization/transform/services/InjectedInstrumentationServices$$Lambda+0x000001a713815e48
instanceKlass  @bci org/gradle/api/internal/initialization/transform/services/InjectedInstrumentationServices <init> ()V 9 <appendix> member <vmtarget> ; # org/gradle/api/internal/initialization/transform/services/InjectedInstrumentationServices$$Lambda+0x000001a713815c20
instanceKlass  @bci org/gradle/api/internal/initialization/transform/services/CacheInstrumentationDataBuildService newResolutionScope (J)Lorg/gradle/api/internal/initialization/transform/services/CacheInstrumentationDataBuildService$ResolutionScope; 10 <appendix> member <vmtarget> ; # org/gradle/api/internal/initialization/transform/services/CacheInstrumentationDataBuildService$$Lambda+0x000001a713815630
instanceKlass  @cpi org/gradle/api/internal/initialization/transform/services/CacheInstrumentationDataBuildService 265 form vmentry <vmtarget> ; # java/lang/invoke/LambdaForm$DMH+0x000001a713818000
instanceKlass  @bci org/gradle/api/internal/initialization/transform/services/CacheInstrumentationDataBuildService$Inject $gradleInit ()V 1 <appendix> member <vmtarget> ; # org/gradle/api/internal/initialization/transform/services/CacheInstrumentationDataBuildService$Inject$$Lambda+0x000001a713815408
instanceKlass  @bci org/gradle/api/internal/initialization/transform/services/CacheInstrumentationDataBuildService <init> ()V 55 <appendix> argL0 ; # org/gradle/api/internal/initialization/transform/services/CacheInstrumentationDataBuildService$$Lambda+0x000001a7138151e8
instanceKlass  @bci org/gradle/api/internal/initialization/transform/services/CacheInstrumentationDataBuildService <init> ()V 38 <appendix> member <vmtarget> ; # org/gradle/api/internal/initialization/transform/services/CacheInstrumentationDataBuildService$$Lambda+0x000001a713814fc0
instanceKlass  @bci org/gradle/api/internal/initialization/transform/services/CacheInstrumentationDataBuildService <init> ()V 20 <appendix> member <vmtarget> ; # org/gradle/api/internal/initialization/transform/services/CacheInstrumentationDataBuildService$$Lambda+0x000001a713814d98
instanceKlass org/gradle/api/internal/initialization/transform/services/CacheInstrumentationDataBuildService$ResolutionData
instanceKlass org/gradle/api/internal/initialization/transform/services/CacheInstrumentationDataBuildService$ResolutionScope
instanceKlass org/gradle/api/internal/initialization/transform/utils/InstrumentationAnalysisSerializer
instanceKlass org/gradle/internal/isolated/IsolationScheme$ServicesForIsolatedObject
instanceKlass  @bci org/gradle/api/services/internal/RegisteredBuildServiceProvider instantiationServicesFor (Lorg/gradle/api/services/BuildServiceParameters;)Lorg/gradle/internal/service/ServiceLookup; 12 <appendix> argL0 ; # org/gradle/api/services/internal/RegisteredBuildServiceProvider$$Lambda+0x000001a713814000
instanceKlass  @bci org/gradle/api/internal/initialization/DefaultBuildLogicBuilder resolveClassPath (Lorg/gradle/api/artifacts/Configuration;Lorg/gradle/api/internal/initialization/ScriptClassPathResolutionContext;)Lorg/gradle/internal/classpath/ClassPath; 16 <appendix> member <vmtarget> ; # org/gradle/api/internal/initialization/DefaultBuildLogicBuilder$$Lambda+0x000001a713808cd8
instanceKlass  @bci org/gradle/api/internal/artifacts/configurations/ResolutionBackedFileCollection visitDependencies (Lorg/gradle/api/internal/tasks/TaskDependencyResolveContext;)V 43 <appendix> member <vmtarget> ; # org/gradle/api/internal/artifacts/configurations/ResolutionBackedFileCollection$$Lambda+0x000001a713810000
instanceKlass  @bci org/gradle/api/internal/artifacts/ivyservice/resolveengine/artifact/DefaultSelectedArtifactSet visitDependencies (Lorg/gradle/api/internal/tasks/TaskDependencyResolveContext;)V 10 <appendix> member <vmtarget> ; # org/gradle/api/internal/artifacts/ivyservice/resolveengine/artifact/DefaultSelectedArtifactSet$$Lambda+0x000001a713808400
instanceKlass  @bci org/gradle/api/internal/artifacts/ivyservice/ResolutionExecutor resolveBuildDependencies (Lorg/gradle/api/internal/artifacts/LegacyResolutionParameters;Lorg/gradle/api/internal/artifacts/ivyservice/ResolutionParameters;Lorg/gradle/internal/model/CalculatedValue;)Lorg/gradle/api/internal/artifacts/ResolverResults; 179 <appendix> member <vmtarget> ; # org/gradle/api/internal/artifacts/ivyservice/ResolutionExecutor$$Lambda+0x000001a71380bcc8
instanceKlass  @bci org/gradle/api/internal/artifacts/transform/DefaultTransformUpstreamDependenciesResolver <init> (Lorg/gradle/api/internal/artifacts/configurations/ResolutionHost;Lorg/gradle/operations/dependencies/configurations/ConfigurationIdentity;Lorg/gradle/api/internal/attributes/ImmutableAttributes;Lorg/gradle/api/artifacts/ResolutionStrategy$SortOrder;Lorg/gradle/api/internal/artifacts/ivyservice/resolveengine/graph/results/VisitedGraphResults;Lorg/gradle/api/internal/artifacts/ivyservice/resolveengine/artifact/VisitedArtifactSet;Lorg/gradle/internal/model/CalculatedValue;Lorg/gradle/api/internal/DomainObjectContext;Lorg/gradle/internal/model/CalculatedValueContainerFactory;Lorg/gradle/api/internal/attributes/AttributesFactory;Lorg/gradle/api/internal/tasks/TaskDependencyFactory;)V 80 <appendix> member <vmtarget> ; # org/gradle/api/internal/artifacts/transform/DefaultTransformUpstreamDependenciesResolver$$Lambda+0x000001a71380ba48
instanceKlass  @bci org/gradle/api/internal/artifacts/transform/DefaultTransformUpstreamDependenciesResolver <init> (Lorg/gradle/api/internal/artifacts/configurations/ResolutionHost;Lorg/gradle/operations/dependencies/configurations/ConfigurationIdentity;Lorg/gradle/api/internal/attributes/ImmutableAttributes;Lorg/gradle/api/artifacts/ResolutionStrategy$SortOrder;Lorg/gradle/api/internal/artifacts/ivyservice/resolveengine/graph/results/VisitedGraphResults;Lorg/gradle/api/internal/artifacts/ivyservice/resolveengine/artifact/VisitedArtifactSet;Lorg/gradle/internal/model/CalculatedValue;Lorg/gradle/api/internal/DomainObjectContext;Lorg/gradle/internal/model/CalculatedValueContainerFactory;Lorg/gradle/api/internal/attributes/AttributesFactory;Lorg/gradle/api/internal/tasks/TaskDependencyFactory;)V 53 <appendix> member <vmtarget> ; # org/gradle/api/internal/artifacts/transform/DefaultTransformUpstreamDependenciesResolver$$Lambda+0x000001a71380b7c8
instanceKlass  @bci org/gradle/api/internal/artifacts/ivyservice/ResolutionExecutor resolveBuildDependencies (Lorg/gradle/api/internal/artifacts/LegacyResolutionParameters;Lorg/gradle/api/internal/artifacts/ivyservice/ResolutionParameters;Lorg/gradle/internal/model/CalculatedValue;)Lorg/gradle/api/internal/artifacts/ResolverResults; 154 <appendix> member <vmtarget> ; # org/gradle/api/internal/artifacts/ivyservice/ResolutionExecutor$$Lambda+0x000001a71380b5a0
instanceKlass  @bci org/gradle/api/internal/artifacts/ivyservice/InMemoryResolutionResultBuilder getResolutionResult ()Lorg/gradle/api/internal/artifacts/result/MinimalResolutionResult; 38 <appendix> member <vmtarget> ; # org/gradle/api/internal/artifacts/ivyservice/InMemoryResolutionResultBuilder$$Lambda+0x000001a71380b378
instanceKlass it/unimi/dsi/fastutil/longs/Long2ObjectOpenHashMap$MapIterator
instanceKlass org/gradle/api/internal/artifacts/result/DefaultResolvedComponentResult
instanceKlass org/gradle/api/internal/artifacts/ivyservice/ivyresolve/NoRepositoriesResolver
instanceKlass org/gradle/api/internal/artifacts/ivyservice/resolveengine/result/CachingDependencyResultFactory
instanceKlass org/gradle/api/artifacts/result/DependencyResult
instanceKlass org/gradle/api/internal/artifacts/ivyservice/resolveengine/result/ResolutionResultGraphBuilder
instanceKlass org/gradle/api/internal/artifacts/ivyservice/InMemoryResolutionResultBuilder
instanceKlass  @bci org/gradle/api/internal/artifacts/configurations/DefaultConfiguration lambda$resolveGraphForBuildDependenciesIfRequired$8 (Ljava/util/Optional;)Ljava/util/Optional; 22 <appendix> member <vmtarget> ; # org/gradle/api/internal/artifacts/configurations/DefaultConfiguration$$Lambda+0x000001a71380a000
instanceKlass  @bci org/gradle/api/internal/artifacts/configurations/DefaultConfiguration resolveGraphForBuildDependenciesIfRequired ()Lorg/gradle/api/internal/artifacts/ResolverResults; 9 <appendix> member <vmtarget> ; # org/gradle/api/internal/artifacts/configurations/DefaultConfiguration$$Lambda+0x000001a71380fbf8
instanceKlass  @bci org/gradle/api/internal/tasks/TaskDependencyContainer <clinit> ()V 0 <appendix> argL0 ; # org/gradle/api/internal/tasks/TaskDependencyContainer$$Lambda+0x000001a7137fead8
instanceKlass org/gradle/api/internal/tasks/DefaultTaskDependency$TaskDependencySet
instanceKlass org/gradle/internal/graph/CachingDirectedGraphWalker$NodeDetails
instanceKlass org/gradle/api/internal/tasks/WorkDependencyResolver$1
instanceKlass  @bci org/gradle/api/internal/file/AbstractFileCollection getBuildDependencies ()Lorg/gradle/api/tasks/TaskDependency; 22 <appendix> member <vmtarget> ; # org/gradle/api/internal/file/AbstractFileCollection$$Lambda+0x000001a7137fde70
instanceKlass  @bci org/gradle/api/internal/file/AbstractFileCollection getBuildDependencies ()Lorg/gradle/api/tasks/TaskDependency; 9 <appendix> member <vmtarget> ; # org/gradle/api/internal/file/AbstractFileCollection$$Lambda+0x000001a7137fdc38
instanceKlass org/gradle/api/internal/tasks/TaskDependencyUtil
instanceKlass  @bci org/gradle/api/internal/initialization/DefaultScriptHandler getInstrumentedScriptClassPath ()Lorg/gradle/internal/classpath/ClassPath; 15 <appendix> member <vmtarget> ; # org/gradle/api/internal/initialization/DefaultScriptHandler$$Lambda+0x000001a7137fd808
instanceKlass  @bci org/gradle/plugin/use/internal/DefaultPluginRequestApplicator applyPlugins (Lorg/gradle/plugin/management/internal/PluginRequests;Lorg/gradle/api/internal/initialization/ScriptHandlerInternal;Lorg/gradle/api/internal/plugins/PluginManagerInternal;Lorg/gradle/api/internal/initialization/ClassLoaderScope;)V 231 <appendix> member <vmtarget> ; # org/gradle/plugin/use/internal/DefaultPluginRequestApplicator$$Lambda+0x000001a71380f9c0
instanceKlass  @bci org/gradle/plugin/use/tracker/internal/PluginVersionTracker setPluginVersionAt (Lorg/gradle/api/internal/initialization/ClassLoaderScope;Ljava/lang/String;Ljava/lang/String;)V 10 <appendix> argL0 ; # org/gradle/plugin/use/tracker/internal/PluginVersionTracker$$Lambda+0x000001a71380f780
instanceKlass  @bci org/gradle/plugin/use/resolve/internal/ArtifactRepositoriesPluginResolver$ExternalPluginResolution accept (Lorg/gradle/plugin/use/resolve/internal/PluginResolutionVisitor;)V 83 <appendix> member <vmtarget> ; # org/gradle/plugin/use/resolve/internal/ArtifactRepositoriesPluginResolver$ExternalPluginResolution$$Lambda+0x000001a71380f548
instanceKlass org/gradle/plugin/management/internal/PluginCoordinates
instanceKlass  @bci org/gradle/plugin/use/resolve/internal/ArtifactRepositoriesPluginResolver$ExternalPluginResolution visitDependency (Lorg/gradle/plugin/use/resolve/internal/PluginResolutionVisitor;Lorg/gradle/api/artifacts/ModuleIdentifier;)V 25 <appendix> member <vmtarget> ; # org/gradle/plugin/use/resolve/internal/ArtifactRepositoriesPluginResolver$ExternalPluginResolution$$Lambda+0x000001a71380f320
instanceKlass org/gradle/plugin/use/resolve/internal/ArtifactRepositoriesPluginResolver$ExternalPluginResolution
instanceKlass org/gradle/api/internal/artifacts/ivyservice/resolveengine/artifact/ResolvedArtifactSetResolver$1$1
instanceKlass org/gradle/api/internal/artifacts/ResolveArtifactsBuildOperationType$Result
instanceKlass org/gradle/api/internal/artifacts/ivyservice/resolveengine/artifact/ParallelResolveArtifactSet
instanceKlass org/gradle/api/internal/artifacts/ivyservice/resolveengine/artifact/ResolvedArtifactSetResolver$1$2
instanceKlass org/gradle/api/internal/artifacts/ResolveArtifactsBuildOperationType$Details
instanceKlass org/gradle/api/internal/artifacts/ivyservice/resolveengine/artifact/ResolvedArtifactSetResolver$1
instanceKlass  @bci org/gradle/api/internal/artifacts/ivyservice/resolveengine/artifact/ResolvedArtifactSetResolver visitInUnmanagedWorkerThread (Lorg/gradle/api/internal/artifacts/ivyservice/resolveengine/artifact/ResolvedArtifactSet;Lorg/gradle/api/internal/artifacts/ivyservice/resolveengine/artifact/ArtifactVisitor;Lorg/gradle/api/internal/artifacts/configurations/ResolutionHost;)V 8 <appendix> member <vmtarget> ; # org/gradle/api/internal/artifacts/ivyservice/resolveengine/artifact/ResolvedArtifactSetResolver$$Lambda+0x000001a71380e1d0
instanceKlass org/gradle/api/internal/artifacts/ivyservice/resolveengine/artifact/DefaultSelectedArtifactSet
instanceKlass org/gradle/api/internal/artifacts/ivyservice/resolveengine/artifact/CompositeResolvedArtifactSet
instanceKlass org/gradle/api/internal/artifacts/ivyservice/resolveengine/artifact/DefaultVisitedArtifactResults$DefaultSelectedArtifactResults
instanceKlass org/gradle/api/internal/artifacts/ivyservice/resolveengine/artifact/ResolvedArtifactSet$1
instanceKlass  @bci org/gradle/api/internal/artifacts/ivyservice/ivyresolve/CachingModuleComponentRepository findCachingModuleSource (Lorg/gradle/internal/component/model/ModuleSources;)Lorg/gradle/api/internal/artifacts/ivyservice/ivyresolve/ModuleDescriptorHashModuleSource; 9 <appendix> member <vmtarget> ; # org/gradle/api/internal/artifacts/ivyservice/ivyresolve/CachingModuleComponentRepository$$Lambda+0x000001a71380d360
instanceKlass org/gradle/api/internal/artifacts/ivyservice/modulecache/artifacts/DefaultCachedArtifact
instanceKlass  @bci org/gradle/internal/resource/cached/AbstractCachedIndex lookup (Ljava/lang/Object;)Lorg/gradle/internal/resource/cached/CachedItem; 11 <appendix> member <vmtarget> ; # org/gradle/internal/resource/cached/AbstractCachedIndex$$Lambda+0x000001a71380ceb0
instanceKlass org/gradle/api/internal/artifacts/ivyservice/modulecache/artifacts/ArtifactAtRepositoryKey
instanceKlass  @bci org/gradle/api/internal/artifacts/ivyservice/ivyresolve/ErrorHandlingModuleComponentRepository$ErrorHandlingModuleComponentRepositoryAccess resolveArtifact (Lorg/gradle/internal/component/model/ComponentArtifactMetadata;Lorg/gradle/internal/component/model/ModuleSources;Lorg/gradle/internal/resolve/result/BuildableArtifactFileResolveResult;)V 19 <appendix> member <vmtarget> ; # org/gradle/api/internal/artifacts/ivyservice/ivyresolve/ErrorHandlingModuleComponentRepository$ErrorHandlingModuleComponentRepositoryAccess$$Lambda+0x000001a71380ca68
instanceKlass  @bci org/gradle/api/internal/artifacts/ivyservice/ivyresolve/ErrorHandlingModuleComponentRepository$ErrorHandlingModuleComponentRepositoryAccess resolveArtifact (Lorg/gradle/internal/component/model/ComponentArtifactMetadata;Lorg/gradle/internal/component/model/ModuleSources;Lorg/gradle/internal/resolve/result/BuildableArtifactFileResolveResult;)V 13 <appendix> member <vmtarget> ; # org/gradle/api/internal/artifacts/ivyservice/ivyresolve/ErrorHandlingModuleComponentRepository$ErrorHandlingModuleComponentRepositoryAccess$$Lambda+0x000001a71380c840
instanceKlass  @bci org/gradle/api/internal/artifacts/ivyservice/ivyresolve/ErrorHandlingModuleComponentRepository$ErrorHandlingModuleComponentRepositoryAccess resolveArtifact (Lorg/gradle/internal/component/model/ComponentArtifactMetadata;Lorg/gradle/internal/component/model/ModuleSources;Lorg/gradle/internal/resolve/result/BuildableArtifactFileResolveResult;)V 6 <appendix> member <vmtarget> ; # org/gradle/api/internal/artifacts/ivyservice/ivyresolve/ErrorHandlingModuleComponentRepository$ErrorHandlingModuleComponentRepositoryAccess$$Lambda+0x000001a71380c618
instanceKlass org/gradle/api/internal/artifacts/DefaultResolvedArtifact
instanceKlass  @bci org/gradle/api/internal/artifacts/ivyservice/ivyresolve/RepositoryChainArtifactResolver lambda$resolveArtifact$2 (Lorg/gradle/internal/component/model/ComponentArtifactMetadata;Lorg/gradle/internal/component/model/ComponentArtifactResolveMetadata;Lorg/gradle/api/internal/artifacts/ivyservice/ivyresolve/ModuleComponentRepository;Lorg/gradle/api/artifacts/component/ComponentArtifactIdentifier;)Lorg/gradle/api/internal/artifacts/ivyservice/resolveengine/artifact/ResolvableArtifact; 52 <appendix> member <vmtarget> ; # org/gradle/api/internal/artifacts/ivyservice/ivyresolve/RepositoryChainArtifactResolver$$Lambda+0x000001a713807d98
instanceKlass org/gradle/api/artifacts/ResolvedArtifact
instanceKlass org/gradle/api/internal/artifacts/DefaultResolvableArtifact
instanceKlass  @bci org/gradle/api/internal/artifacts/ivyservice/ivyresolve/RepositoryChainArtifactResolver lambda$resolveArtifact$2 (Lorg/gradle/internal/component/model/ComponentArtifactMetadata;Lorg/gradle/internal/component/model/ComponentArtifactResolveMetadata;Lorg/gradle/api/internal/artifacts/ivyservice/ivyresolve/ModuleComponentRepository;Lorg/gradle/api/artifacts/component/ComponentArtifactIdentifier;)Lorg/gradle/api/internal/artifacts/ivyservice/resolveengine/artifact/ResolvableArtifact; 17 <appendix> member <vmtarget> ; # org/gradle/api/internal/artifacts/ivyservice/ivyresolve/RepositoryChainArtifactResolver$$Lambda+0x000001a7138078c0
instanceKlass  @bci org/gradle/api/internal/artifacts/ivyservice/ivyresolve/RepositoryChainArtifactResolver resolveArtifact (Lorg/gradle/internal/component/model/ComponentArtifactResolveMetadata;Lorg/gradle/internal/component/model/ComponentArtifactMetadata;Lorg/gradle/internal/resolve/result/BuildableArtifactResolveResult;)V 30 <appendix> member <vmtarget> ; # org/gradle/api/internal/artifacts/ivyservice/ivyresolve/RepositoryChainArtifactResolver$$Lambda+0x000001a713807678
instanceKlass  @bci org/gradle/api/internal/artifacts/ivyservice/ivyresolve/RepositoryChainArtifactResolver findSourceRepository (Lorg/gradle/internal/component/model/ModuleSources;)Lorg/gradle/api/internal/artifacts/ivyservice/ivyresolve/ModuleComponentRepository; 8 <appendix> argL0 ; # org/gradle/api/internal/artifacts/ivyservice/ivyresolve/RepositoryChainArtifactResolver$$Lambda+0x000001a713807458
instanceKlass  @bci org/gradle/api/internal/attributes/matching/DefaultAttributeMatcher doIsMatchingCandidate (Lorg/gradle/api/internal/attributes/matching/DefaultAttributeMatcher$MatchingCandidateCacheKey;)Z 18 <appendix> member <vmtarget> ; # org/gradle/api/internal/attributes/matching/DefaultAttributeMatcher$$Lambda+0x000001a713806940
instanceKlass  @cpi org/gradle/api/internal/attributes/matching/DefaultAttributeMatcher 358 form vmentry <vmtarget> ; # java/lang/invoke/LambdaForm$DMH+0x000001a713808000
instanceKlass org/gradle/api/internal/attributes/matching/DefaultAttributeMatcher$CoercingAttributeValuePredicate
instanceKlass org/gradle/api/internal/artifacts/ivyservice/resolveengine/artifact/DefaultResolvedVariantSet
instanceKlass org/gradle/internal/resolve/result/BuildableArtifactResolveResult
instanceKlass org/gradle/internal/resolve/resolver/DefaultComponentArtifactResolver
instanceKlass org/gradle/api/internal/artifacts/ivyservice/resolveengine/artifact/ArtifactBackedResolvedVariant
instanceKlass org/gradle/internal/component/model/DefaultExternalModuleComponentGraphResolveState$ExternalArtifactResolveMetadata
instanceKlass org/gradle/api/internal/artifacts/configurations/ResolveConfigurationResolutionBuildOperationResult
instanceKlass org/gradle/api/internal/artifacts/configurations/ResolveConfigurationDependenciesBuildOperationType$Result
instanceKlass org/gradle/api/internal/artifacts/DefaultResolverResults
instanceKlass org/gradle/api/internal/artifacts/DefaultResolverResults$DefaultLegacyResolverResults
instanceKlass org/gradle/api/internal/artifacts/ResolverResults$LegacyResolverResults
instanceKlass org/gradle/api/internal/artifacts/ivyservice/DefaultResolvedConfiguration
instanceKlass org/gradle/api/internal/artifacts/ivyservice/resolveengine/artifact/ArtifactSelectionSpec
instanceKlass org/gradle/api/internal/artifacts/ivyservice/DefaultLenientConfiguration
instanceKlass org/gradle/api/internal/artifacts/ivyservice/resolveengine/oldresult/TransientConfigurationResultsLoader
instanceKlass org/gradle/api/internal/artifacts/transform/ResolvedVariantTransformer
instanceKlass org/gradle/api/internal/artifacts/ivyservice/resolveengine/artifact/ResolvedVariant
instanceKlass org/gradle/internal/resolve/resolver/ComponentArtifactResolver
instanceKlass org/gradle/internal/resolve/resolver/DefaultVariantArtifactResolver
instanceKlass  @bci org/gradle/api/internal/artifacts/transform/DefaultTransformUpstreamDependenciesResolver <init> (Lorg/gradle/api/internal/artifacts/configurations/ResolutionHost;Lorg/gradle/operations/dependencies/configurations/ConfigurationIdentity;Lorg/gradle/api/internal/attributes/ImmutableAttributes;Lorg/gradle/api/artifacts/ResolutionStrategy$SortOrder;Lorg/gradle/api/internal/artifacts/ivyservice/resolveengine/graph/results/VisitedGraphResults;Lorg/gradle/api/internal/artifacts/ivyservice/resolveengine/artifact/VisitedArtifactSet;Lorg/gradle/api/internal/DomainObjectContext;Lorg/gradle/internal/model/CalculatedValueContainerFactory;Lorg/gradle/api/internal/attributes/AttributesFactory;Lorg/gradle/api/internal/tasks/TaskDependencyFactory;)V 80 <appendix> member <vmtarget> ; # org/gradle/api/internal/artifacts/transform/DefaultTransformUpstreamDependenciesResolver$$Lambda+0x000001a713803a78
instanceKlass  @bci org/gradle/api/internal/artifacts/transform/DefaultTransformUpstreamDependenciesResolver <init> (Lorg/gradle/api/internal/artifacts/configurations/ResolutionHost;Lorg/gradle/operations/dependencies/configurations/ConfigurationIdentity;Lorg/gradle/api/internal/attributes/ImmutableAttributes;Lorg/gradle/api/artifacts/ResolutionStrategy$SortOrder;Lorg/gradle/api/internal/artifacts/ivyservice/resolveengine/graph/results/VisitedGraphResults;Lorg/gradle/api/internal/artifacts/ivyservice/resolveengine/artifact/VisitedArtifactSet;Lorg/gradle/api/internal/DomainObjectContext;Lorg/gradle/internal/model/CalculatedValueContainerFactory;Lorg/gradle/api/internal/attributes/AttributesFactory;Lorg/gradle/api/internal/tasks/TaskDependencyFactory;)V 53 <appendix> member <vmtarget> ; # org/gradle/api/internal/artifacts/transform/DefaultTransformUpstreamDependenciesResolver$$Lambda+0x000001a7138037f8
instanceKlass org/gradle/api/internal/artifacts/transform/DefaultTransformUpstreamDependenciesResolver$2
instanceKlass org/gradle/api/internal/artifacts/transform/DefaultTransformUpstreamDependenciesResolver$1
instanceKlass org/gradle/api/internal/artifacts/transform/TransformUpstreamDependencies
instanceKlass org/gradle/api/internal/artifacts/transform/TransformDependencies
instanceKlass org/gradle/api/internal/artifacts/transform/DefaultTransformUpstreamDependenciesResolver
instanceKlass org/gradle/api/internal/artifacts/ivyservice/resolveengine/artifact/ArtifactSelectionServices
instanceKlass org/gradle/api/internal/artifacts/transform/TransformationChainSelector
instanceKlass org/gradle/api/internal/artifacts/transform/AttributeMatchingArtifactVariantSelector
instanceKlass org/gradle/api/internal/artifacts/transform/ArtifactVariantSelector
instanceKlass org/gradle/internal/resolve/resolver/VariantArtifactResolver
instanceKlass org/gradle/api/internal/artifacts/ivyservice/resolveengine/artifact/DefaultVisitedArtifactSet
instanceKlass  @bci org/gradle/api/internal/artifacts/ivyservice/ResolutionExecutor resolveGraph (Lorg/gradle/api/internal/artifacts/LegacyResolutionParameters;Lorg/gradle/api/internal/artifacts/ivyservice/ResolutionParameters;Ljava/util/List;)Lorg/gradle/api/internal/artifacts/ResolverResults; 431 <appendix> member <vmtarget> ; # org/gradle/api/internal/artifacts/ivyservice/ResolutionExecutor$$Lambda+0x000001a713801e40
instanceKlass org/gradle/api/internal/artifacts/transform/TransformUpstreamDependenciesResolver$Factory
instanceKlass org/gradle/api/internal/artifacts/ivyservice/resolveengine/graph/results/DefaultVisitedGraphResults
instanceKlass  @bci org/gradle/api/internal/artifacts/ivyservice/resolveengine/result/StreamingResolutionResultBuilder getResolutionResult (Ljava/util/Set;)Lorg/gradle/api/internal/artifacts/result/MinimalResolutionResult; 50 <appendix> member <vmtarget> ; # org/gradle/api/internal/artifacts/ivyservice/resolveengine/result/StreamingResolutionResultBuilder$$Lambda+0x000001a7138017b8
instanceKlass org/gradle/api/internal/artifacts/result/ResolvedComponentResultInternal
instanceKlass org/gradle/api/internal/artifacts/result/MinimalResolutionResult
instanceKlass org/gradle/api/internal/artifacts/ivyservice/resolveengine/result/ResolvedComponentVisitor
instanceKlass org/gradle/api/internal/artifacts/ivyservice/resolveengine/result/StreamingResolutionResultBuilder$RootFactory
instanceKlass org/gradle/api/internal/artifacts/ivyservice/resolveengine/oldresult/DefaultResolvedGraphResults
instanceKlass org/gradle/api/internal/artifacts/ivyservice/resolveengine/result/DefaultVisitedFileDependencyResults
instanceKlass org/gradle/api/internal/artifacts/ivyservice/resolveengine/artifact/SelectedArtifactResults
instanceKlass org/gradle/api/internal/artifacts/ivyservice/resolveengine/artifact/DefaultVisitedArtifactResults
instanceKlass org/gradle/api/internal/artifacts/ivyservice/resolveengine/store/DefaultBinaryStore$SimpleBinaryData
instanceKlass  @bci org/gradle/api/internal/artifacts/ivyservice/resolveengine/oldresult/TransientConfigurationResultsBuilder done (Ljava/lang/Long;)V 5 <appendix> member <vmtarget> ; # org/gradle/api/internal/artifacts/ivyservice/resolveengine/oldresult/TransientConfigurationResultsBuilder$$Lambda+0x000001a713800228
instanceKlass  @bci org/gradle/api/internal/artifacts/ivyservice/resolveengine/result/StreamingResolutionResultBuilder finish (Lorg/gradle/api/internal/artifacts/ivyservice/resolveengine/graph/RootGraphNode;)V 5 <appendix> member <vmtarget> ; # org/gradle/api/internal/artifacts/ivyservice/resolveengine/result/StreamingResolutionResultBuilder$$Lambda+0x000001a713800000
instanceKlass  @bci org/gradle/api/internal/artifacts/ivyservice/resolveengine/oldresult/TransientConfigurationResultsBuilder parentChildMapping (Ljava/lang/Long;Ljava/lang/Long;I)V 7 <appendix> member <vmtarget> ; # org/gradle/api/internal/artifacts/ivyservice/resolveengine/oldresult/TransientConfigurationResultsBuilder$$Lambda+0x000001a7137f9c00
instanceKlass  @cpi org/gradle/api/internal/artifacts/ivyservice/resolveengine/oldresult/TransientConfigurationResultsBuilder 402 form vmentry <vmtarget> ; # java/lang/invoke/LambdaForm$DMH+0x000001a7137f9800
instanceKlass org/gradle/api/internal/artifacts/ivyservice/resolveengine/artifact/ResolvedVariantSet
instanceKlass org/gradle/api/internal/artifacts/ivyservice/resolveengine/artifact/VariantResolvingArtifactSet
instanceKlass  @bci org/gradle/api/internal/artifacts/ivyservice/resolveengine/result/StreamingResolutionResultBuilder visitEdges (Lorg/gradle/api/internal/artifacts/ivyservice/resolveengine/graph/DependencyGraphNode;)V 80 <adapter> ; # java/lang/invoke/LambdaForm$MH+0x000001a7137f9400
# instanceKlass java/lang/invoke/LambdaForm$DMH+0x000001a7137f9000
instanceKlass  @bci org/gradle/api/internal/artifacts/ivyservice/resolveengine/result/StreamingResolutionResultBuilder visitEdges (Lorg/gradle/api/internal/artifacts/ivyservice/resolveengine/graph/DependencyGraphNode;)V 80 <appendix> form vmentry <vmtarget> ; # java/lang/invoke/LambdaForm$DMH+0x000001a7137f8c00
instanceKlass  @bci org/gradle/api/internal/artifacts/ivyservice/resolveengine/result/StreamingResolutionResultBuilder visitEdges (Lorg/gradle/api/internal/artifacts/ivyservice/resolveengine/graph/DependencyGraphNode;)V 80 <appendix> member <vmtarget> ; # org/gradle/api/internal/artifacts/ivyservice/resolveengine/result/StreamingResolutionResultBuilder$$Lambda+0x000001a7137fb478
instanceKlass  @cpi org/gradle/api/internal/artifacts/ivyservice/resolveengine/result/StreamingResolutionResultBuilder 379 form vmentry <vmtarget> ; # java/lang/invoke/LambdaForm$DMH+0x000001a7137f8800
instanceKlass  @bci org/gradle/api/internal/artifacts/ivyservice/resolveengine/oldresult/TransientConfigurationResultsBuilder firstLevelDependency (Ljava/lang/Long;)V 5 <appendix> member <vmtarget> ; # org/gradle/api/internal/artifacts/ivyservice/resolveengine/oldresult/TransientConfigurationResultsBuilder$$Lambda+0x000001a7137fb250
instanceKlass org/gradle/api/internal/artifacts/ivyservice/resolveengine/graph/conflicts/VersionConflictResolutionDetails
instanceKlass  @bci org/gradle/api/internal/artifacts/ivyservice/resolveengine/oldresult/TransientConfigurationResultsBuilder resolvedDependency (Ljava/lang/Long;Lorg/gradle/api/artifacts/ModuleVersionIdentifier;Ljava/lang/String;)V 8 <appendix> member <vmtarget> ; # org/gradle/api/internal/artifacts/ivyservice/resolveengine/oldresult/TransientConfigurationResultsBuilder$$Lambda+0x000001a7137fadf0
instanceKlass  @bci org/gradle/internal/component/model/AbstractComponentGraphResolveState getPublicViewFor (Lorg/gradle/internal/component/model/VariantGraphResolveState;Lorg/gradle/api/artifacts/result/ResolvedVariantResult;)Lorg/gradle/api/artifacts/result/ResolvedVariantResult; 26 <appendix> member <vmtarget> ; # org/gradle/internal/component/model/AbstractComponentGraphResolveState$$Lambda+0x000001a7137faba8
instanceKlass  @bci org/gradle/api/internal/artifacts/ivyservice/resolveengine/graph/builder/ComponentState getSelectedVariants ()Ljava/util/List; 11 <appendix> member <vmtarget> ; # org/gradle/api/internal/artifacts/ivyservice/resolveengine/graph/builder/ComponentState$$Lambda+0x000001a7137fa970
instanceKlass org/gradle/api/internal/artifacts/ivyservice/resolveengine/result/ComponentSelectionReasons$DefaultComponentSelectionReason
instanceKlass  @bci org/gradle/api/internal/artifacts/ivyservice/resolveengine/result/StreamingResolutionResultBuilder visitNode (Lorg/gradle/api/internal/artifacts/ivyservice/resolveengine/graph/DependencyGraphNode;)V 34 <appendix> member <vmtarget> ; # org/gradle/api/internal/artifacts/ivyservice/resolveengine/result/StreamingResolutionResultBuilder$$Lambda+0x000001a7137fa468
instanceKlass org/gradle/cache/internal/BinaryStore$WriteAction
instanceKlass  @bci org/gradle/api/internal/artifacts/ivyservice/resolveengine/graph/builder/ResolveState getNode (Lorg/gradle/api/internal/artifacts/ivyservice/resolveengine/graph/builder/ComponentState;Lorg/gradle/internal/component/model/VariantGraphResolveState;Z)Lorg/gradle/api/internal/artifacts/ivyservice/resolveengine/graph/builder/NodeState; 29 <appendix> member <vmtarget> ; # org/gradle/api/internal/artifacts/ivyservice/resolveengine/graph/builder/ResolveState$$Lambda+0x000001a7137fa220
instanceKlass org/gradle/internal/component/model/GraphVariantSelectionResult
# instanceKlass java/lang/invoke/LambdaForm$MH+0x000001a7137f8400
# instanceKlass java/lang/invoke/LambdaForm$MH+0x000001a7137f8000
instanceKlass org/gradle/internal/component/model/DefaultMultipleCandidateResult
instanceKlass  @bci org/gradle/api/internal/attributes/matching/MultipleCandidateMatcher disambiguateExtraAttribute (Lorg/gradle/api/attributes/Attribute;Ljava/util/BitSet;)V 3 <appendix> member <vmtarget> ; # org/gradle/api/internal/attributes/matching/MultipleCandidateMatcher$$Lambda+0x000001a7137f7ab0
instanceKlass org/gradle/api/internal/attributes/matching/AttributeSelectionSchema$PrecedenceResult
instanceKlass org/gradle/api/internal/attributes/matching/MultipleCandidateMatcher
instanceKlass org/gradle/internal/component/model/LoggingAttributeMatchingExplanationBuilder
instanceKlass org/gradle/internal/component/model/AttributeMatchingExplanationBuilder$1
instanceKlass org/gradle/internal/component/model/AttributeMatchingExplanationBuilder
instanceKlass  @bci org/gradle/api/internal/attributes/matching/DefaultAttributeMatcher <init> (Lorg/gradle/api/internal/attributes/matching/AttributeSelectionSchema;Lorg/gradle/internal/model/InMemoryCacheFactory;)V 26 <appendix> member <vmtarget> ; # org/gradle/api/internal/attributes/matching/DefaultAttributeMatcher$$Lambda+0x000001a7137f6d38
instanceKlass org/gradle/api/internal/attributes/matching/DefaultAttributeMatcher$MatchingCandidateCacheKey
instanceKlass  @bci org/gradle/api/internal/attributes/matching/DefaultAttributeMatcher <init> (Lorg/gradle/api/internal/attributes/matching/AttributeSelectionSchema;Lorg/gradle/internal/model/InMemoryCacheFactory;)V 12 <appendix> member <vmtarget> ; # org/gradle/api/internal/attributes/matching/DefaultAttributeMatcher$$Lambda+0x000001a7137f68e0
instanceKlass org/gradle/api/internal/attributes/matching/DefaultAttributeMatcher$CachedQuery
instanceKlass  @bci org/gradle/api/internal/attributes/matching/CachingAttributeSelectionSchema <init> (Lorg/gradle/api/internal/attributes/matching/AttributeSelectionSchema;Lorg/gradle/internal/model/InMemoryCacheFactory;)V 26 <appendix> member <vmtarget> ; # org/gradle/api/internal/attributes/matching/CachingAttributeSelectionSchema$$Lambda+0x000001a7137f6488
instanceKlass org/gradle/api/internal/attributes/matching/CachingAttributeSelectionSchema$MatchValueKey
instanceKlass  @bci org/gradle/api/internal/attributes/matching/CachingAttributeSelectionSchema <init> (Lorg/gradle/api/internal/attributes/matching/AttributeSelectionSchema;Lorg/gradle/internal/model/InMemoryCacheFactory;)V 12 <appendix> member <vmtarget> ; # org/gradle/api/internal/attributes/matching/CachingAttributeSelectionSchema$$Lambda+0x000001a7137f6030
instanceKlass org/gradle/api/internal/attributes/matching/CachingAttributeSelectionSchema$ExtraAttributesKey
instanceKlass org/gradle/api/internal/attributes/MultipleCandidatesResult
instanceKlass org/gradle/api/attributes/MultipleCandidatesDetails
instanceKlass org/gradle/api/internal/attributes/CompatibilityCheckResult
instanceKlass org/gradle/api/attributes/CompatibilityCheckDetails
instanceKlass org/gradle/api/internal/attributes/matching/DefaultAttributeSelectionSchema
instanceKlass org/gradle/api/internal/attributes/matching/CachingAttributeSelectionSchema
instanceKlass org/gradle/internal/component/model/DefaultExternalModuleComponentGraphResolveState$DefaultConfigurationArtifactResolveState
instanceKlass  @bci org/gradle/internal/component/model/DefaultExternalModuleComponentGraphResolveState resolveStateFor (Lorg/gradle/internal/component/model/ModuleConfigurationMetadata;)Lorg/gradle/internal/component/model/ConfigurationGraphResolveState; 7 <appendix> member <vmtarget> ; # org/gradle/internal/component/model/DefaultExternalModuleComponentGraphResolveState$$Lambda+0x000001a7137f5058
instanceKlass org/gradle/internal/component/model/DefaultExternalModuleComponentGraphResolveState$DefaultConfigurationGraphResolveState
instanceKlass org/gradle/internal/component/model/ConfigurationGraphResolveState
instanceKlass  @bci org/gradle/internal/component/model/DefaultExternalModuleComponentGraphResolveState lambda$new$1 (Lorg/gradle/internal/component/external/model/ExternalModuleComponentGraphResolveMetadata;)Ljava/util/List; 29 <appendix> member <vmtarget> ; # org/gradle/internal/component/model/DefaultExternalModuleComponentGraphResolveState$$Lambda+0x000001a7137f4900
instanceKlass  @bci org/gradle/internal/component/model/DefaultExternalModuleComponentGraphResolveState lambda$new$1 (Lorg/gradle/internal/component/external/model/ExternalModuleComponentGraphResolveMetadata;)Ljava/util/List; 18 <appendix> member <vmtarget> ; # org/gradle/internal/component/model/DefaultExternalModuleComponentGraphResolveState$$Lambda+0x000001a7137f46b8
instanceKlass org/gradle/internal/component/model/DefaultExternalModuleComponentGraphResolveState$ExternalGraphSelectionCandidates
instanceKlass org/gradle/api/internal/artifacts/ivyservice/ivyresolve/ModuleComponentGraphSpecificResolveState
instanceKlass org/gradle/internal/resolve/ResolveExceptionAnalyzer
instanceKlass org/gradle/api/internal/artifacts/ivyservice/ivyresolve/RepositoryChainModuleResolution
instanceKlass org/gradle/api/internal/artifacts/ivyservice/ivyresolve/RepositoryChainComponentMetaDataResolver$2
instanceKlass org/gradle/api/internal/artifacts/DefaultComponentSelection
instanceKlass org/gradle/api/internal/artifacts/repositories/resolver/ComponentMetadataAdapter
instanceKlass org/gradle/api/internal/artifacts/ivyservice/ivyresolve/CachedMetadataProvider
instanceKlass  @bci org/gradle/api/internal/artifacts/ivyservice/ivyresolve/ErrorHandlingModuleComponentRepository$ErrorHandlingModuleComponentRepositoryAccess tryResolveAndMaybeDisable (Lorg/gradle/internal/resolve/result/ErroringResolveResult;Ljava/lang/Runnable;Lorg/gradle/api/Transformer;)V 3 <appendix> member <vmtarget> ; # org/gradle/api/internal/artifacts/ivyservice/ivyresolve/ErrorHandlingModuleComponentRepository$ErrorHandlingModuleComponentRepositoryAccess$$Lambda+0x000001a7137f3270
instanceKlass  @bci org/gradle/api/internal/artifacts/ivyservice/ivyresolve/ErrorHandlingModuleComponentRepository$ErrorHandlingModuleComponentRepositoryAccess resolveComponentMetaData (Lorg/gradle/api/artifacts/component/ModuleComponentIdentifier;Lorg/gradle/internal/component/model/ComponentOverrideMetadata;Lorg/gradle/internal/resolve/result/BuildableModuleComponentMetaDataResolveResult;)V 19 <appendix> member <vmtarget> ; # org/gradle/api/internal/artifacts/ivyservice/ivyresolve/ErrorHandlingModuleComponentRepository$ErrorHandlingModuleComponentRepositoryAccess$$Lambda+0x000001a7137f3048
instanceKlass  @bci org/gradle/api/internal/artifacts/ivyservice/ivyresolve/ErrorHandlingModuleComponentRepository$ErrorHandlingModuleComponentRepositoryAccess resolveComponentMetaData (Lorg/gradle/api/artifacts/component/ModuleComponentIdentifier;Lorg/gradle/internal/component/model/ComponentOverrideMetadata;Lorg/gradle/internal/resolve/result/BuildableModuleComponentMetaDataResolveResult;)V 13 <appendix> member <vmtarget> ; # org/gradle/api/internal/artifacts/ivyservice/ivyresolve/ErrorHandlingModuleComponentRepository$ErrorHandlingModuleComponentRepositoryAccess$$Lambda+0x000001a7137f2e20
instanceKlass  @bci org/gradle/api/internal/artifacts/ivyservice/ivyresolve/ErrorHandlingModuleComponentRepository$ErrorHandlingModuleComponentRepositoryAccess resolveComponentMetaData (Lorg/gradle/api/artifacts/component/ModuleComponentIdentifier;Lorg/gradle/internal/component/model/ComponentOverrideMetadata;Lorg/gradle/internal/resolve/result/BuildableModuleComponentMetaDataResolveResult;)V 6 <appendix> member <vmtarget> ; # org/gradle/api/internal/artifacts/ivyservice/ivyresolve/ErrorHandlingModuleComponentRepository$ErrorHandlingModuleComponentRepositoryAccess$$Lambda+0x000001a7137f2bf8
instanceKlass org/gradle/api/internal/artifacts/ivyservice/ivyresolve/ComponentMetaDataResolveState
instanceKlass  @bci org/gradle/api/internal/artifacts/ivyservice/ivyresolve/RepositoryChainComponentMetaDataResolver createValueContainerFor (Lorg/gradle/api/artifacts/component/ComponentIdentifier;Lorg/gradle/internal/component/model/ComponentOverrideMetadata;)Lorg/gradle/internal/model/CalculatedValue; 11 <appendix> member <vmtarget> ; # org/gradle/api/internal/artifacts/ivyservice/ivyresolve/RepositoryChainComponentMetaDataResolver$$Lambda+0x000001a7137f1f98
instanceKlass  @bci org/gradle/api/internal/artifacts/ivyservice/ivyresolve/RepositoryChainComponentMetaDataResolver resolve (Lorg/gradle/api/artifacts/component/ComponentIdentifier;Lorg/gradle/internal/component/model/ComponentOverrideMetadata;Lorg/gradle/internal/resolve/result/BuildableComponentResolveResult;)V 28 <appendix> member <vmtarget> ; # org/gradle/api/internal/artifacts/ivyservice/ivyresolve/RepositoryChainComponentMetaDataResolver$$Lambda+0x000001a7137f1d70
instanceKlass org/gradle/api/internal/artifacts/ivyservice/DefaultCacheExpirationControl$AbstractResolutionControl
instanceKlass org/gradle/api/internal/artifacts/ivyservice/modulecache/dynamicversions/DefaultResolvedModuleVersion
instanceKlass  @bci org/gradle/api/internal/attributes/AttributeDesugaring desugar (Lorg/gradle/api/internal/attributes/ImmutableAttributes;)Lorg/gradle/api/internal/attributes/ImmutableAttributes; 17 <appendix> member <vmtarget> ; # org/gradle/api/internal/attributes/AttributeDesugaring$$Lambda+0x000001a7137f0b88
instanceKlass  @bci org/gradle/internal/component/external/model/VariantMetadataRules getAttributes (Ljava/lang/String;)Lorg/gradle/api/internal/attributes/AttributeContainerInternal; 15 <appendix> member <vmtarget> ; # org/gradle/internal/component/external/model/VariantMetadataRules$$Lambda+0x000001a7137f0940
instanceKlass  @bci org/gradle/internal/component/model/DefaultExternalModuleComponentGraphResolveState <init> (JLorg/gradle/internal/component/external/model/ExternalModuleComponentGraphResolveMetadata;Lorg/gradle/internal/component/external/model/ExternalComponentResolveMetadata;Lorg/gradle/api/internal/attributes/AttributeDesugaring;Lorg/gradle/internal/component/model/ComponentIdGenerator;)V 92 <appendix> member <vmtarget> ; # org/gradle/internal/component/model/DefaultExternalModuleComponentGraphResolveState$$Lambda+0x000001a7137f06f8
instanceKlass org/gradle/api/internal/artifacts/result/DefaultResolvedVariantResult
instanceKlass  @bci org/gradle/internal/component/model/DefaultExternalModuleComponentGraphResolveState <init> (JLorg/gradle/internal/component/external/model/ExternalModuleComponentGraphResolveMetadata;Lorg/gradle/internal/component/external/model/ExternalComponentResolveMetadata;Lorg/gradle/api/internal/attributes/AttributeDesugaring;Lorg/gradle/internal/component/model/ComponentIdGenerator;)V 79 <appendix> argL0 ; # org/gradle/internal/component/model/DefaultExternalModuleComponentGraphResolveState$$Lambda+0x000001a7137f0248
instanceKlass  @bci org/gradle/internal/component/model/DefaultExternalModuleComponentGraphResolveState <init> (JLorg/gradle/internal/component/external/model/ExternalModuleComponentGraphResolveMetadata;Lorg/gradle/internal/component/external/model/ExternalComponentResolveMetadata;Lorg/gradle/api/internal/attributes/AttributeDesugaring;Lorg/gradle/internal/component/model/ComponentIdGenerator;)V 69 <appendix> member <vmtarget> ; # org/gradle/internal/component/model/DefaultExternalModuleComponentGraphResolveState$$Lambda+0x000001a7137f0000
instanceKlass  @bci org/gradle/api/internal/artifacts/repositories/metadata/DefaultMavenAttributesFactory platformWithUsage (Lorg/gradle/api/internal/attributes/ImmutableAttributes;Ljava/lang/String;Z)Lorg/gradle/api/internal/attributes/ImmutableAttributes; 33 <appendix> member <vmtarget> ; # org/gradle/api/internal/artifacts/repositories/metadata/DefaultMavenAttributesFactory$$Lambda+0x000001a7137efc70
instanceKlass  @bci org/gradle/api/internal/artifacts/repositories/metadata/DefaultMavenAttributesFactory javadocVariant (Lorg/gradle/api/internal/attributes/ImmutableAttributes;)Lorg/gradle/api/internal/attributes/ImmutableAttributes; 18 <appendix> member <vmtarget> ; # org/gradle/api/internal/artifacts/repositories/metadata/DefaultMavenAttributesFactory$$Lambda+0x000001a7137efa28
instanceKlass org/gradle/api/attributes/DocsType$Impl
instanceKlass  @bci org/gradle/api/internal/artifacts/repositories/metadata/DefaultMavenAttributesFactory sourcesVariant (Lorg/gradle/api/internal/attributes/ImmutableAttributes;)Lorg/gradle/api/internal/attributes/ImmutableAttributes; 18 <appendix> member <vmtarget> ; # org/gradle/api/internal/artifacts/repositories/metadata/DefaultMavenAttributesFactory$$Lambda+0x000001a7137ef7e0
instanceKlass  @bci org/gradle/api/internal/artifacts/repositories/metadata/DefaultMavenAttributesFactory runtimeScope (Lorg/gradle/api/internal/attributes/ImmutableAttributes;)Lorg/gradle/api/internal/attributes/ImmutableAttributes; 14 <appendix> member <vmtarget> ; # org/gradle/api/internal/artifacts/repositories/metadata/DefaultMavenAttributesFactory$$Lambda+0x000001a7137ef598
instanceKlass org/gradle/internal/component/external/model/DefaultConfigurationMetadata$1
instanceKlass org/gradle/internal/component/external/model/DefaultConfigurationMetadata$2
instanceKlass org/gradle/internal/component/external/model/DefaultConfigurationMetadata$Builder
instanceKlass  @bci org/gradle/api/internal/artifacts/repositories/metadata/DefaultMavenAttributesFactory compileScope (Lorg/gradle/api/internal/attributes/ImmutableAttributes;)Lorg/gradle/api/internal/attributes/ImmutableAttributes; 14 <appendix> member <vmtarget> ; # org/gradle/api/internal/artifacts/repositories/metadata/DefaultMavenAttributesFactory$$Lambda+0x000001a7137eecc0
instanceKlass org/gradle/internal/component/external/model/ShadowedImmutableCapability
instanceKlass org/gradle/api/internal/capabilities/ShadowedCapability
instanceKlass  @bci org/gradle/internal/component/external/model/maven/DefaultMavenModuleResolveMetadata createConfiguration (Lorg/gradle/api/artifacts/component/ModuleComponentIdentifier;Ljava/lang/String;ZZLcom/google/common/collect/ImmutableSet;Lorg/gradle/internal/component/external/model/VariantMetadataRules;)Lorg/gradle/internal/component/external/model/DefaultConfigurationMetadata; 39 <appendix> member <vmtarget> ; # org/gradle/internal/component/external/model/maven/DefaultMavenModuleResolveMetadata$$Lambda+0x000001a7137ee818
instanceKlass org/gradle/internal/component/external/model/AbstractConfigurationMetadata
instanceKlass org/gradle/internal/component/external/model/DefaultModuleComponentArtifactMetadata
instanceKlass org/gradle/internal/component/model/DefaultIvyArtifactName
instanceKlass  @bci org/gradle/internal/component/model/DefaultExternalModuleComponentGraphResolveState <init> (JLorg/gradle/internal/component/external/model/ExternalModuleComponentGraphResolveMetadata;Lorg/gradle/internal/component/external/model/ExternalComponentResolveMetadata;Lorg/gradle/api/internal/attributes/AttributeDesugaring;Lorg/gradle/internal/component/model/ComponentIdGenerator;)V 31 <appendix> member <vmtarget> ; # org/gradle/internal/component/model/DefaultExternalModuleComponentGraphResolveState$$Lambda+0x000001a7137ec3f0
instanceKlass org/gradle/internal/component/external/model/ivy/IvyModuleResolveMetadata
instanceKlass org/gradle/api/internal/artifacts/ivyservice/ivyresolve/RepositoryChainModuleSource
instanceKlass org/gradle/internal/component/model/ImmutableModuleSources
instanceKlass org/gradle/internal/component/external/model/AbstractModuleComponentResolveMetadata
instanceKlass org/gradle/api/internal/artifacts/repositories/metadata/DefaultMetadataFileSource
instanceKlass org/gradle/api/internal/artifacts/ivyservice/ivyresolve/ModuleDescriptorHashModuleSource
instanceKlass org/gradle/api/internal/artifacts/ivyservice/ivyresolve/parser/data/PomDependencyMgt
instanceKlass org/gradle/api/internal/artifacts/ivyservice/ivyresolve/parser/GradlePomModuleDescriptorBuilder
instanceKlass org/gradle/internal/component/model/MutableModuleSources
instanceKlass org/gradle/internal/component/external/model/VariantMetadataRules
instanceKlass org/gradle/internal/component/external/model/maven/MavenModuleResolveMetadata
instanceKlass org/gradle/internal/component/external/model/MutableComponentVariant
instanceKlass org/gradle/internal/component/external/model/AbstractMutableModuleComponentResolveMetadata
instanceKlass org/gradle/internal/component/external/model/ExternalDependencyDescriptor
instanceKlass org/gradle/api/internal/artifacts/ivyservice/modulecache/ModuleMetadataSerializer$Reader
instanceKlass org/gradle/api/internal/artifacts/ivyservice/modulecache/StringDeduplicatingDecoder
instanceKlass  @bci org/gradle/internal/resource/local/DefaultLocallyAvailableResource <init> (Ljava/io/File;Lorg/gradle/internal/hash/ChecksumService;)V 3 <appendix> member <vmtarget> ; # org/gradle/internal/resource/local/DefaultLocallyAvailableResource$$Lambda+0x000001a7137c6ad0
instanceKlass org/gradle/internal/resource/local/AbstractLocallyAvailableResource
instanceKlass org/gradle/internal/file/PathTraversalChecker
instanceKlass  @bci java/util/function/Predicate negate ()Ljava/util/function/Predicate; 1 <appendix> member <vmtarget> ; # java/util/function/Predicate$$Lambda+0x000001a71354a338
instanceKlass  @cpi java/util/function/Predicate 75 form vmentry <vmtarget> ; # java/lang/invoke/LambdaForm$DMH+0x000001a7137e0c00
instanceKlass  @bci org/gradle/internal/resource/local/DefaultPathKeyFileStore getFile ([Ljava/lang/String;)Ljava/io/File; 17 <appendix> argL0 ; # org/gradle/internal/resource/local/DefaultPathKeyFileStore$$Lambda+0x000001a7137c6148
instanceKlass org/gradle/api/internal/artifacts/ivyservice/resolveengine/result/ComponentIdentifierSerializer$1
instanceKlass  @bci org/gradle/api/internal/artifacts/ivyservice/WritableArtifactCacheLockingAccessCoordinator$CacheLockingIndexedCache getIfPresent (Ljava/lang/Object;)Ljava/lang/Object; 9 <appendix> member <vmtarget> ; # org/gradle/api/internal/artifacts/ivyservice/WritableArtifactCacheLockingAccessCoordinator$CacheLockingIndexedCache$$Lambda+0x000001a7137e36b0
instanceKlass  @bci org/gradle/api/internal/artifacts/ivyservice/modulecache/PersistentModuleMetadataCache get (Lorg/gradle/api/internal/artifacts/ivyservice/modulecache/ModuleComponentAtRepositoryKey;)Lorg/gradle/api/internal/artifacts/ivyservice/modulecache/ModuleMetadataCache$CachedMetadata; 12 <appendix> member <vmtarget> ; # org/gradle/api/internal/artifacts/ivyservice/modulecache/PersistentModuleMetadataCache$$Lambda+0x000001a7137e3488
instanceKlass org/gradle/api/internal/artifacts/ivyservice/modulecache/DefaultCachedMetadata
instanceKlass org/gradle/api/internal/artifacts/ivyservice/WritableArtifactCacheLockingAccessCoordinator$CacheLockingIndexedCache
instanceKlass  @bci org/gradle/api/internal/artifacts/ivyservice/WritableArtifactCacheLockingAccessCoordinator <init> (Lorg/gradle/cache/UnscopedCacheBuilderFactory;Lorg/gradle/api/internal/artifacts/ivyservice/ArtifactCacheMetadata;Lorg/gradle/internal/file/FileAccessTimeJournal;Lorg/gradle/internal/versionedcache/UsedGradleVersions;Lorg/gradle/api/internal/cache/CacheConfigurationsInternal;Lorg/gradle/cache/CacheCleanupStrategyFactory;)V 56 <appendix> member <vmtarget> ; # org/gradle/api/internal/artifacts/ivyservice/WritableArtifactCacheLockingAccessCoordinator$$Lambda+0x000001a7137e2d20
instanceKlass org/gradle/cache/internal/CompositeCleanupAction$ScopedCleanupAction
instanceKlass org/gradle/api/internal/artifacts/ivyservice/modulecache/ModuleMetadataCacheEntry
instanceKlass org/gradle/api/internal/artifacts/ivyservice/modulecache/ModuleComponentAtRepositoryKey
instanceKlass org/gradle/api/internal/artifacts/ivyservice/resolveengine/graph/conflicts/PotentialConflictFactory$NoConflict
instanceKlass org/gradle/api/internal/artifacts/ivyservice/resolveengine/graph/conflicts/PotentialConflictFactory
instanceKlass org/gradle/api/internal/artifacts/ivyservice/resolveengine/graph/selectors/SelectorStateResolverResults
instanceKlass org/gradle/internal/component/local/model/DefaultProjectComponentSelector
instanceKlass org/gradle/internal/component/local/model/ProjectComponentSelectorInternal
instanceKlass org/gradle/internal/resolve/result/DefaultResourceAwareResolveResult
instanceKlass  @bci java/util/regex/CharPredicates ASCII_SPACE ()Ljava/util/regex/Pattern$BmpCharPredicate; 0 <appendix> argL0 ; # java/util/regex/CharPredicates$$Lambda+0x800000025
instanceKlass org/gradle/api/internal/artifacts/ivyservice/ivyresolve/strategy/AbstractVersionSelector
instanceKlass org/gradle/api/internal/artifacts/dependencies/DefaultResolvedVersionConstraint
instanceKlass  @bci org/gradle/api/internal/artifacts/ivyservice/resolveengine/graph/builder/ResolveState resolveVersionConstraint (Lorg/gradle/api/artifacts/VersionConstraint;)Lorg/gradle/api/internal/artifacts/ResolvedVersionConstraint; 6 <appendix> member <vmtarget> ; # org/gradle/api/internal/artifacts/ivyservice/resolveengine/graph/builder/ResolveState$$Lambda+0x000001a7137e5c70
instanceKlass org/gradle/internal/component/model/DefaultComponentOverrideMetadata
instanceKlass org/gradle/internal/component/model/ComponentOverrideMetadata
instanceKlass org/gradle/internal/resolve/result/BuildableComponentIdResolveResult
instanceKlass org/gradle/internal/resolve/result/ComponentIdResolveResult
instanceKlass  @bci org/gradle/api/internal/artifacts/ivyservice/resolveengine/graph/builder/ResolveState computeSelectorFor (Lorg/gradle/api/internal/artifacts/ivyservice/resolveengine/graph/builder/DependencyState;Z)Lorg/gradle/api/internal/artifacts/ivyservice/resolveengine/graph/builder/SelectorState; 29 <appendix> member <vmtarget> ; # org/gradle/api/internal/artifacts/ivyservice/resolveengine/graph/builder/ResolveState$$Lambda+0x000001a7137e51c8
instanceKlass org/gradle/api/internal/artifacts/ivyservice/resolveengine/graph/builder/SelectorState
instanceKlass org/gradle/api/internal/artifacts/ivyservice/resolveengine/graph/builder/ResolveState$SelectorCacheKey
instanceKlass org/gradle/api/internal/artifacts/ivyservice/resolveengine/graph/builder/LenientPlatformDependencyMetadata
instanceKlass org/gradle/api/internal/artifacts/ivyservice/resolveengine/graph/DependencyGraphSelector
instanceKlass  @bci org/gradle/api/internal/artifacts/ivyservice/resolveengine/graph/builder/NodeState createAndLinkEdgeState (Lorg/gradle/api/internal/artifacts/ivyservice/resolveengine/graph/builder/DependencyState;Ljava/util/Collection;Lorg/gradle/api/internal/artifacts/ivyservice/resolveengine/excludes/specs/ExcludeSpec;Z)V 7 <appendix> member <vmtarget> ; # org/gradle/api/internal/artifacts/ivyservice/resolveengine/graph/builder/NodeState$$Lambda+0x000001a7137e4440
instanceKlass  @bci org/gradle/api/internal/artifacts/ivyservice/resolveengine/graph/builder/NodeState cachedDependencyStateFor (Lorg/gradle/internal/component/model/DependencyMetadata;)Lorg/gradle/api/internal/artifacts/ivyservice/resolveengine/graph/builder/DependencyState; 6 <appendix> member <vmtarget> ; # org/gradle/api/internal/artifacts/ivyservice/resolveengine/graph/builder/NodeState$$Lambda+0x000001a7137dfd08
instanceKlass org/gradle/api/internal/artifacts/ivyservice/resolveengine/graph/builder/DependencyState
instanceKlass org/gradle/api/internal/artifacts/ivyservice/resolveengine/strict/StrictVersionConstraints
instanceKlass org/gradle/api/internal/artifacts/ivyservice/resolveengine/graph/builder/DefaultPendingDependenciesVisitor
instanceKlass org/gradle/api/internal/artifacts/ivyservice/resolveengine/graph/builder/DependencyGraphBuilder$1
instanceKlass org/gradle/api/internal/artifacts/ComponentVariantNodeIdentifier
instanceKlass org/gradle/api/internal/artifacts/NodeIdentifier
instanceKlass org/gradle/api/internal/artifacts/ivyservice/resolveengine/graph/selectors/SelectorStateResolver
instanceKlass org/gradle/internal/component/model/ComponentGraphSpecificResolveState$1
instanceKlass  @bci org/gradle/api/internal/artifacts/ivyservice/resolveengine/graph/builder/ModuleResolveState getVersion (Lorg/gradle/api/artifacts/ModuleVersionIdentifier;Lorg/gradle/api/artifacts/component/ComponentIdentifier;)Lorg/gradle/api/internal/artifacts/ivyservice/resolveengine/graph/builder/ComponentState; 38 <appendix> member <vmtarget> ; # org/gradle/api/internal/artifacts/ivyservice/resolveengine/graph/builder/ModuleResolveState$$Lambda+0x000001a7137ddea0
instanceKlass org/gradle/api/internal/artifacts/ivyservice/resolveengine/graph/builder/ComponentState
instanceKlass org/gradle/api/internal/artifacts/ivyservice/resolveengine/graph/DependencyGraphComponent
instanceKlass org/gradle/api/internal/artifacts/ivyservice/resolveengine/graph/builder/ModuleSelectors$SelectorComparator
instanceKlass org/gradle/api/internal/artifacts/ivyservice/ivyresolve/strategy/VersionParser$DefaultVersion
instanceKlass  @bci org/gradle/api/internal/artifacts/ivyservice/ivyresolve/strategy/VersionParser transform (Ljava/lang/String;)Lorg/gradle/api/internal/artifacts/ivyservice/ivyresolve/strategy/Version; 6 <appendix> member <vmtarget> ; # org/gradle/api/internal/artifacts/ivyservice/ivyresolve/strategy/VersionParser$$Lambda+0x000001a7137dd0f8
instanceKlass org/gradle/api/internal/artifacts/ivyservice/resolveengine/graph/builder/ModuleSelectors
instanceKlass org/gradle/api/internal/artifacts/ivyservice/resolveengine/graph/builder/PendingDependencies
instanceKlass org/gradle/api/internal/artifacts/ivyservice/resolveengine/graph/selectors/ResolvableSelectorState
instanceKlass  @bci org/gradle/api/internal/artifacts/ivyservice/resolveengine/graph/builder/ResolveState getModule (Lorg/gradle/api/artifacts/ModuleIdentifier;Z)Lorg/gradle/api/internal/artifacts/ivyservice/resolveengine/graph/builder/ModuleResolveState; 8 <adapter> ; # java/lang/invoke/LambdaForm$MH+0x000001a7137e0800
# instanceKlass java/lang/invoke/LambdaForm$DMH+0x000001a7137e0400
instanceKlass  @bci org/gradle/api/internal/artifacts/ivyservice/resolveengine/graph/builder/ResolveState getModule (Lorg/gradle/api/artifacts/ModuleIdentifier;Z)Lorg/gradle/api/internal/artifacts/ivyservice/resolveengine/graph/builder/ModuleResolveState; 8 <appendix> form vmentry <vmtarget> ; # java/lang/invoke/LambdaForm$DMH+0x000001a7137e0000
instanceKlass  @bci org/gradle/api/internal/artifacts/ivyservice/resolveengine/graph/builder/ResolveState getModule (Lorg/gradle/api/artifacts/ModuleIdentifier;Z)Lorg/gradle/api/internal/artifacts/ivyservice/resolveengine/graph/builder/ModuleResolveState; 8 <appendix> member <vmtarget> ; # org/gradle/api/internal/artifacts/ivyservice/resolveengine/graph/builder/ResolveState$$Lambda+0x000001a7137dc7d8
instanceKlass org/gradle/api/internal/artifacts/ivyservice/resolveengine/graph/builder/ModuleResolveState
instanceKlass org/gradle/api/internal/artifacts/ivyservice/resolveengine/graph/conflicts/CandidateModule
instanceKlass org/gradle/api/internal/artifacts/ivyservice/resolveengine/graph/builder/ReplaceSelectionWithConflictResultAction
instanceKlass org/gradle/api/internal/artifacts/ivyservice/resolveengine/graph/builder/ResolveOptimizations
instanceKlass org/gradle/api/internal/artifacts/ivyservice/resolveengine/graph/builder/DeselectVersionAction
instanceKlass org/gradle/api/internal/artifacts/ResolvedVersionConstraint
instanceKlass org/gradle/api/internal/artifacts/ivyservice/resolveengine/graph/builder/PendingDependenciesVisitor
instanceKlass org/gradle/api/internal/artifacts/ivyservice/resolveengine/ComponentResolutionState
instanceKlass org/gradle/api/internal/artifacts/ivyservice/ivyresolve/StringVersioned
instanceKlass org/gradle/api/internal/artifacts/ivyservice/resolveengine/graph/builder/ResolveState
instanceKlass org/gradle/api/internal/artifacts/ivyservice/resolveengine/graph/selectors/ComponentStateFactory
instanceKlass org/gradle/api/internal/artifacts/ivyservice/resolveengine/graph/conflicts/PotentialConflict
instanceKlass org/gradle/api/internal/artifacts/ivyservice/resolveengine/graph/conflicts/CapabilitiesConflictHandler$Candidate
instanceKlass org/gradle/api/internal/artifacts/ivyservice/resolveengine/graph/conflicts/DefaultCapabilitiesConflictHandler
instanceKlass org/gradle/api/internal/artifacts/ivyservice/resolveengine/graph/conflicts/ConflictContainer
instanceKlass org/gradle/api/internal/artifacts/ivyservice/resolveengine/ConflictResolverDetails
instanceKlass org/gradle/api/internal/artifacts/ivyservice/resolveengine/graph/conflicts/DefaultConflictHandler
instanceKlass org/gradle/api/internal/artifacts/ivyservice/resolveengine/graph/conflicts/UserConfiguredCapabilityResolver
instanceKlass org/gradle/api/internal/artifacts/ivyservice/resolveengine/graph/conflicts/LastCandidateCapabilityResolver
instanceKlass org/gradle/api/internal/artifacts/ivyservice/resolveengine/LatestModuleConflictResolver
instanceKlass  @bci org/gradle/api/internal/artifacts/ivyservice/dependencysubstitution/DependencySubstitutionApplicator <clinit> ()V 9 <appendix> argL0 ; # org/gradle/api/internal/artifacts/ivyservice/dependencysubstitution/DependencySubstitutionApplicator$$Lambda+0x000001a7137d9918
instanceKlass org/gradle/api/internal/artifacts/ivyservice/dependencysubstitution/DependencySubstitutionApplicator$SubstitutionResult
instanceKlass org/gradle/api/internal/artifacts/ivyservice/dependencysubstitution/NoOpSubstitution
instanceKlass org/gradle/api/internal/artifacts/ivyservice/clientmodule/ClientModuleResolver
instanceKlass org/gradle/api/internal/artifacts/ivyservice/resolveengine/graph/CompositeDependencyGraphVisitor
instanceKlass  @bci org/gradle/api/internal/artifacts/GlobalDependencyResolutionRules$CompositeSubstitutionRules getRuleAction ()Lorg/gradle/api/Action; 4 <appendix> argL0 ; # org/gradle/api/internal/artifacts/GlobalDependencyResolutionRules$CompositeSubstitutionRules$$Lambda+0x000001a7137d8d78
instanceKlass org/gradle/api/internal/artifacts/ivyservice/resolveengine/artifact/ResolvedArtifactsGraphVisitor
instanceKlass org/gradle/api/internal/artifacts/ivyservice/resolveengine/graph/CompositeDependencyArtifactsVisitor
instanceKlass org/gradle/api/internal/artifacts/ivyservice/resolveengine/ComponentResolversChain$ArtifactResolverChain
instanceKlass org/gradle/api/internal/artifacts/ivyservice/ivyresolve/ErrorHandlingArtifactResolver
instanceKlass org/gradle/api/internal/artifacts/ivyservice/resolveengine/ComponentResolversChain$ComponentMetaDataResolverChain
instanceKlass org/gradle/api/internal/artifacts/ivyservice/resolveengine/ComponentResolversChain$DependencyToComponentIdResolverChain
instanceKlass org/gradle/api/internal/artifacts/ivyservice/resolveengine/VirtualComponentMetadataResolver
instanceKlass org/gradle/api/internal/artifacts/ivyservice/resolveengine/ComponentResolversChain
instanceKlass org/gradle/api/internal/artifacts/ivyservice/ivyresolve/ErrorHandlingModuleComponentRepository$ErrorHandlingModuleComponentRepositoryAccess
instanceKlass org/gradle/api/internal/artifacts/ivyservice/ivyresolve/ErrorHandlingModuleComponentRepository
instanceKlass org/gradle/api/internal/artifacts/ivyservice/ivyresolve/BaseModuleComponentRepository
instanceKlass org/gradle/api/internal/artifacts/ivyservice/ivyresolve/CachingModuleComponentRepository$ResolveAndCacheRepositoryAccess
instanceKlass org/gradle/internal/resolve/result/BuildableModuleComponentMetaDataResolveResult
instanceKlass org/gradle/api/internal/artifacts/ivyservice/ivyresolve/CachingModuleComponentRepository$LocateInCacheRepositoryAccess
instanceKlass org/gradle/api/internal/artifacts/ivyservice/ivyresolve/CachingModuleComponentRepository
instanceKlass  @bci org/gradle/api/internal/artifacts/dsl/DefaultComponentMetadataProcessor <clinit> ()V 9 <appendix> argL0 ; # org/gradle/api/internal/artifacts/dsl/DefaultComponentMetadataProcessor$$Lambda+0x000001a7137d5ce8
instanceKlass org/gradle/api/internal/artifacts/dsl/WrappingComponentMetadataContext
instanceKlass org/gradle/api/artifacts/ComponentMetadataContext
instanceKlass org/gradle/api/artifacts/ComponentMetadataDetails
instanceKlass org/gradle/api/internal/artifacts/dsl/DefaultComponentMetadataProcessor
instanceKlass org/gradle/api/internal/artifacts/ivyservice/ivyresolve/ExternalModuleComponentResolverFactory$DefaultMetadataResolutionContext
instanceKlass org/gradle/api/internal/artifacts/repositories/resolver/ExternalResourceResolver$AbstractRepositoryAccess
instanceKlass org/gradle/api/internal/artifacts/ivyservice/ivyresolve/ModuleComponentRepositoryAccess
instanceKlass org/gradle/api/internal/artifacts/repositories/resolver/VersionLister
instanceKlass  @bci org/gradle/api/internal/artifacts/repositories/AbstractArtifactRepository createInjectorForMetadataSuppliers (Lorg/gradle/api/internal/artifacts/repositories/transport/RepositoryTransport;Lorg/gradle/internal/instantiation/InstantiatorFactory;Ljava/net/URI;Lorg/gradle/internal/resource/local/FileStore;)Lorg/gradle/internal/resolve/caching/ImplicitInputsCapturingInstantiator; 24 <appendix> member <vmtarget> ; # org/gradle/api/internal/artifacts/repositories/AbstractArtifactRepository$$Lambda+0x000001a7137d40d0
instanceKlass org/gradle/api/internal/artifacts/repositories/AbstractArtifactRepository$1
instanceKlass org/gradle/api/internal/artifacts/repositories/metadata/DefaultImmutableMetadataSources
instanceKlass org/gradle/api/internal/artifacts/repositories/metadata/RedirectingGradleMetadataModuleMetadataSource
instanceKlass org/gradle/api/internal/artifacts/repositories/metadata/MavenMetadataArtifactProvider
instanceKlass org/gradle/api/internal/artifacts/ivyservice/ivyresolve/parser/DescriptorParseContext
instanceKlass org/gradle/internal/component/model/ModuleDescriptorArtifactMetadata
instanceKlass org/gradle/api/internal/artifacts/repositories/metadata/GradleModuleMetadataCompatibilityConverter
instanceKlass org/gradle/api/internal/artifacts/repositories/metadata/DefaultGradleModuleMetadataSource
instanceKlass org/gradle/api/internal/artifacts/repositories/DefaultMavenArtifactRepository$MavenSnapshotDecoratingSource
instanceKlass  @bci org/gradle/api/internal/artifacts/repositories/DefaultUrlArtifactRepository createRedirectVerifier ()Lorg/gradle/internal/verifier/HttpRedirectVerifier; 18 <appendix> member <vmtarget> ; # org/gradle/api/internal/artifacts/repositories/DefaultUrlArtifactRepository$$Lambda+0x000001a7137d2b50
instanceKlass  @bci org/gradle/api/internal/artifacts/repositories/DefaultUrlArtifactRepository createRedirectVerifier ()Lorg/gradle/internal/verifier/HttpRedirectVerifier; 11 <appendix> member <vmtarget> ; # org/gradle/api/internal/artifacts/repositories/DefaultUrlArtifactRepository$$Lambda+0x000001a7137d2928
instanceKlass org/gradle/api/internal/artifacts/ivyservice/ivyresolve/ExternalModuleComponentResolverFactory$ParentModuleLookupResolver
instanceKlass org/gradle/internal/resolve/result/BuildableArtifactFileResolveResult
instanceKlass org/gradle/internal/resolve/result/BuildableTypedResolveResult
instanceKlass org/gradle/internal/resolve/result/ErroringResolveResult
instanceKlass org/gradle/api/internal/artifacts/ivyservice/ivyresolve/RepositoryChainArtifactResolver
instanceKlass org/gradle/internal/resolve/result/BuildableComponentResolveResult
instanceKlass org/gradle/internal/resolve/result/ResourceAwareResolveResult
instanceKlass org/gradle/internal/resolve/result/ComponentResolveResult
instanceKlass org/gradle/internal/resolve/result/ResolveResult
instanceKlass org/gradle/api/internal/artifacts/ivyservice/ivyresolve/RepositoryChainComponentMetaDataResolver
instanceKlass org/gradle/internal/component/model/ComponentGraphSpecificResolveState
instanceKlass org/gradle/api/internal/artifacts/ivyservice/ivyresolve/DynamicVersionResolver
instanceKlass org/gradle/api/internal/artifacts/ivyservice/ivyresolve/RepositoryChainDependencyToComponentIdResolver
instanceKlass org/gradle/api/specs/NotSpec
instanceKlass  @bci org/gradle/api/internal/artifacts/ivyservice/ivyresolve/ComponentSelectionRulesProcessor <init> ()V 5 <appendix> argL0 ; # org/gradle/api/internal/artifacts/ivyservice/ivyresolve/ComponentSelectionRulesProcessor$$Lambda+0x000001a7137d0868
instanceKlass org/gradle/api/internal/artifacts/ivyservice/ivyresolve/ComponentSelectionRulesProcessor
instanceKlass org/gradle/api/internal/artifacts/ivyservice/ivyresolve/MetadataProvider
instanceKlass org/gradle/api/internal/artifacts/ivyservice/ivyresolve/Versioned
instanceKlass org/gradle/api/internal/artifacts/ComponentSelectionInternal
instanceKlass org/gradle/api/artifacts/ComponentSelection
instanceKlass org/gradle/api/internal/artifacts/ivyservice/ivyresolve/DefaultVersionedComponentChooser
instanceKlass org/gradle/api/internal/artifacts/ivyservice/ivyresolve/VersionedComponentChooser
instanceKlass org/gradle/api/internal/artifacts/ivyservice/ivyresolve/UserResolverChain
instanceKlass org/gradle/api/internal/artifacts/ivyservice/resolveengine/oldresult/ResolutionFailureCollector
instanceKlass org/gradle/api/internal/artifacts/ivyservice/resolveengine/artifact/VisitedFileDependencyResults
instanceKlass org/gradle/api/internal/artifacts/ivyservice/resolveengine/result/FileDependencyCollectingGraphVisitor
instanceKlass org/gradle/api/internal/artifacts/ivyservice/resolveengine/artifact/VisitedArtifactResults
instanceKlass org/gradle/api/internal/artifacts/ivyservice/resolveengine/artifact/DefaultResolvedArtifactsBuilder
instanceKlass org/gradle/api/internal/artifacts/ivyservice/resolveengine/projectresult/ResolvedLocalComponentsResultGraphVisitor
instanceKlass org/gradle/api/internal/artifacts/ivyservice/resolveengine/result/DeduplicatingAttributeContainerSerializer
instanceKlass org/gradle/api/internal/artifacts/ivyservice/resolveengine/result/DeduplicatingComponentSelectorSerializer
instanceKlass  @bci org/gradle/api/internal/artifacts/ivyservice/resolveengine/result/StreamingResolutionResultBuilder <init> (Lorg/gradle/cache/internal/BinaryStore;Lorg/gradle/cache/internal/Store;Lorg/gradle/api/internal/artifacts/ivyservice/resolveengine/result/AttributeContainerSerializer;Lorg/gradle/api/internal/artifacts/capability/CapabilitySelectorSerializer;Lorg/gradle/api/internal/artifacts/ivyservice/resolveengine/result/AdhocHandlingComponentResultSerializer;Lorg/gradle/api/internal/artifacts/ivyservice/resolveengine/result/ComponentSelectionDescriptorFactory;Z)V 54 <appendix> member <vmtarget> ; # org/gradle/api/internal/artifacts/ivyservice/resolveengine/result/StreamingResolutionResultBuilder$$Lambda+0x000001a7137ca8e8
instanceKlass org/gradle/api/internal/artifacts/ivyservice/resolveengine/result/DependencyResultSerializer
instanceKlass org/gradle/api/internal/artifacts/ivyservice/resolveengine/graph/ResolvedGraphComponent
instanceKlass org/gradle/api/internal/artifacts/ivyservice/resolveengine/result/StreamingResolutionResultBuilder
instanceKlass org/gradle/api/internal/artifacts/ivyservice/resolveengine/oldresult/ResolvedConfigurationDependencyGraphVisitor
instanceKlass org/gradle/api/internal/artifacts/ivyservice/resolveengine/oldresult/ResolvedGraphResults
instanceKlass org/gradle/api/internal/artifacts/ivyservice/resolveengine/oldresult/DefaultResolvedConfigurationBuilder
instanceKlass org/gradle/api/artifacts/ResolvedDependency
instanceKlass org/gradle/api/internal/artifacts/ivyservice/resolveengine/oldresult/TransientConfigurationResults
instanceKlass org/gradle/api/internal/artifacts/ivyservice/resolveengine/oldresult/TransientConfigurationResultsBuilder
instanceKlass org/gradle/api/internal/artifacts/ivyservice/resolveengine/store/CachedStoreFactory$SimpleStore
instanceKlass org/gradle/api/internal/artifacts/ivyservice/resolveengine/store/CachedStoreFactory$Stats
instanceKlass org/gradle/cache/internal/Store
instanceKlass org/gradle/api/internal/artifacts/ivyservice/resolveengine/store/CachedStoreFactory
instanceKlass org/gradle/cache/internal/BinaryStore$BinaryData
instanceKlass org/gradle/api/internal/artifacts/ivyservice/resolveengine/store/DefaultBinaryStore
instanceKlass java/io/DeleteOnExitHook$1
instanceKlass java/io/DeleteOnExitHook
instanceKlass org/gradle/cache/internal/BinaryStore
instanceKlass org/gradle/api/internal/artifacts/ivyservice/resolveengine/store/ResolutionResultsStoreFactory$1
instanceKlass org/gradle/internal/component/model/DelegatingDependencyMetadata
instanceKlass org/gradle/internal/component/local/model/DslOriginDependencyMetadata
instanceKlass org/gradle/internal/component/model/LocalComponentDependencyMetadata
instanceKlass  @bci org/gradle/api/internal/artifacts/ivyservice/moduleconverter/dependencies/AbstractDependencyMetadataConverter convertExcludeRules (Ljava/util/Set;)Ljava/util/List; 10 <appendix> member <vmtarget> ; # org/gradle/api/internal/artifacts/ivyservice/moduleconverter/dependencies/AbstractDependencyMetadataConverter$$Lambda+0x000001a7137cdc88
instanceKlass org/gradle/internal/component/external/model/DefaultModuleComponentSelector
instanceKlass  @bci org/gradle/api/internal/artifacts/ivyservice/moduleconverter/dependencies/DefaultLocalVariantGraphResolveStateBuilder getDefinedState (Lorg/gradle/api/internal/artifacts/configurations/ConfigurationInternal;Lorg/gradle/api/internal/artifacts/ivyservice/moduleconverter/dependencies/LocalVariantGraphResolveStateBuilder$DependencyCache;)Lorg/gradle/api/internal/artifacts/ivyservice/moduleconverter/dependencies/LocalVariantGraphResolveStateBuilder$DependencyState; 3 <appendix> member <vmtarget> ; # org/gradle/api/internal/artifacts/ivyservice/moduleconverter/dependencies/DefaultLocalVariantGraphResolveStateBuilder$$Lambda+0x000001a7137cd4c8
instanceKlass org/gradle/api/internal/artifacts/ivyservice/moduleconverter/dependencies/LocalVariantGraphResolveStateBuilder$DependencyState
instanceKlass  @bci org/gradle/api/internal/artifacts/ivyservice/moduleconverter/dependencies/DefaultLocalVariantGraphResolveStateBuilder lambda$getConfigurationDependencyState$3 (Ljava/util/Set;Lorg/gradle/api/internal/artifacts/ivyservice/moduleconverter/dependencies/LocalVariantGraphResolveStateBuilder$DependencyCache;Lorg/gradle/api/internal/attributes/ImmutableAttributes;Ljava/lang/Object;)Lorg/gradle/internal/component/local/model/DefaultLocalVariantGraphResolveState$VariantDependencyMetadata; 48 <appendix> member <vmtarget> ; # org/gradle/api/internal/artifacts/ivyservice/moduleconverter/dependencies/DefaultLocalVariantGraphResolveStateBuilder$$Lambda+0x000001a7137cd080
instanceKlass  @bci org/gradle/api/internal/artifacts/ivyservice/moduleconverter/dependencies/DefaultLocalVariantGraphResolveStateBuilder lambda$getConfigurationDependencyState$3 (Ljava/util/Set;Lorg/gradle/api/internal/artifacts/ivyservice/moduleconverter/dependencies/LocalVariantGraphResolveStateBuilder$DependencyCache;Lorg/gradle/api/internal/attributes/ImmutableAttributes;Ljava/lang/Object;)Lorg/gradle/internal/component/local/model/DefaultLocalVariantGraphResolveState$VariantDependencyMetadata; 27 <appendix> argL0 ; # org/gradle/api/internal/artifacts/ivyservice/moduleconverter/dependencies/DefaultLocalVariantGraphResolveStateBuilder$$Lambda+0x000001a7137cce40
instanceKlass  @bci org/gradle/api/internal/artifacts/ivyservice/moduleconverter/dependencies/DefaultLocalVariantGraphResolveStateBuilder lambda$getConfigurationDependencyState$4 (Lorg/gradle/internal/model/ModelContainer;Ljava/util/Set;Lorg/gradle/api/internal/artifacts/ivyservice/moduleconverter/dependencies/LocalVariantGraphResolveStateBuilder$DependencyCache;Lorg/gradle/api/internal/attributes/ImmutableAttributes;Lorg/gradle/api/internal/tasks/NodeExecutionContext;)Lorg/gradle/internal/component/local/model/DefaultLocalVariantGraphResolveState$VariantDependencyMetadata; 6 <appendix> member <vmtarget> ; # org/gradle/api/internal/artifacts/ivyservice/moduleconverter/dependencies/DefaultLocalVariantGraphResolveStateBuilder$$Lambda+0x000001a7137ccbf8
instanceKlass org/gradle/api/internal/artifacts/ivyservice/DefaultConfigurationResolver$ConfigurationLegacyResolutionParameters
instanceKlass org/gradle/api/internal/artifacts/ivyservice/DefaultCacheExpirationControl
instanceKlass org/gradle/api/internal/artifacts/configurations/DefaultConfiguration$DefaultConfigurationIdentity
instanceKlass org/gradle/api/internal/artifacts/ivyservice/ResolutionParameters
instanceKlass org/gradle/api/internal/artifacts/ivyservice/DefaultConfigurationResolver$ConfigurationFailureResolutions
instanceKlass org/gradle/api/internal/attributes/immutable/artifact/ImmutableArtifactTypeRegistry
instanceKlass  @bci org/gradle/api/internal/artifacts/ivyservice/resolutionstrategy/DefaultResolutionStrategy_Decorated $gradleInit ()V 1 <appendix> member <vmtarget> ; # org/gradle/api/internal/artifacts/ivyservice/resolutionstrategy/DefaultResolutionStrategy_Decorated$$Lambda+0x000001a7137c3b98
# instanceKlass java/lang/invoke/LambdaForm$MH+0x000001a7137c9800
# instanceKlass java/lang/invoke/LambdaForm$MH+0x000001a7137c9400
# instanceKlass java/lang/invoke/LambdaForm$MH+0x000001a7137c9000
# instanceKlass java/lang/invoke/LambdaForm$MH+0x000001a7137c8c00
# instanceKlass java/lang/invoke/LambdaForm$MH+0x000001a7137c8800
# instanceKlass java/lang/invoke/LambdaForm$MH+0x000001a7137c8400
# instanceKlass java/lang/invoke/LambdaForm$MH+0x000001a7137c8000
# instanceKlass java/lang/invoke/LambdaForm$MH+0x000001a7137c2c00
# instanceKlass java/lang/invoke/LambdaForm$MH+0x000001a7137c2800
# instanceKlass java/lang/invoke/LambdaForm$MH+0x000001a7137c2400
instanceKlass org/gradle/internal/typeconversion/FlatteningNotationParser
instanceKlass org/gradle/api/internal/artifacts/DependencySubstitutionInternal
instanceKlass org/gradle/api/internal/artifacts/ivyservice/resolutionstrategy/DefaultComponentSelectionRules
instanceKlass org/gradle/api/internal/artifacts/ComponentSelectionRulesInternal
instanceKlass org/gradle/api/artifacts/ComponentSelectionRules
instanceKlass org/gradle/api/internal/artifacts/ivyservice/resolutionstrategy/DefaultResolutionStrategy
instanceKlass  @bci org/gradle/api/internal/artifacts/ivyservice/resolutionstrategy/DefaultCachePolicy cacheMissingArtifactsFor (ILjava/util/concurrent/TimeUnit;)V 19 <appendix> member <vmtarget> ; # org/gradle/api/internal/artifacts/ivyservice/resolutionstrategy/DefaultCachePolicy$$Lambda+0x000001a7137bf078
instanceKlass  @bci org/gradle/api/internal/artifacts/ivyservice/resolutionstrategy/DefaultCachePolicy cacheChangingModulesFor (ILjava/util/concurrent/TimeUnit;)V 46 <appendix> member <vmtarget> ; # org/gradle/api/internal/artifacts/ivyservice/resolutionstrategy/DefaultCachePolicy$$Lambda+0x000001a7137bee50
instanceKlass org/gradle/api/internal/artifacts/cache/ArtifactResolutionControl
instanceKlass  @bci org/gradle/api/internal/artifacts/ivyservice/resolutionstrategy/DefaultCachePolicy cacheChangingModulesFor (ILjava/util/concurrent/TimeUnit;)V 29 <appendix> member <vmtarget> ; # org/gradle/api/internal/artifacts/ivyservice/resolutionstrategy/DefaultCachePolicy$$Lambda+0x000001a7137bea28
instanceKlass org/gradle/api/internal/artifacts/cache/ModuleResolutionControl
instanceKlass  @bci org/gradle/api/internal/artifacts/ivyservice/resolutionstrategy/DefaultCachePolicy cacheDynamicVersionsFor (ILjava/util/concurrent/TimeUnit;)V 29 <appendix> form vmentry <vmtarget> ; # java/lang/invoke/LambdaForm$DMH+0x000001a7137c2000
instanceKlass  @bci org/gradle/api/internal/artifacts/ivyservice/resolutionstrategy/DefaultCachePolicy cacheDynamicVersionsFor (ILjava/util/concurrent/TimeUnit;)V 29 <appendix> member <vmtarget> ; # org/gradle/api/internal/artifacts/ivyservice/resolutionstrategy/DefaultCachePolicy$$Lambda+0x000001a7137be600
instanceKlass  @cpi org/gradle/api/internal/artifacts/ivyservice/resolutionstrategy/DefaultCachePolicy 194 form vmentry <vmtarget> ; # java/lang/invoke/LambdaForm$DMH+0x000001a7137c1c00
instanceKlass org/gradle/api/internal/artifacts/cache/DependencyResolutionControl
instanceKlass org/gradle/api/internal/artifacts/cache/ResolutionControl
instanceKlass org/gradle/api/internal/artifacts/ivyservice/resolutionstrategy/DefaultCachePolicy
instanceKlass  @bci org/gradle/api/internal/artifacts/ivyservice/dependencysubstitution/DefaultDependencySubstitutions_Decorated $gradleInit ()V 1 <appendix> member <vmtarget> ; # org/gradle/api/internal/artifacts/ivyservice/dependencysubstitution/DefaultDependencySubstitutions_Decorated$$Lambda+0x000001a7137bdd48
instanceKlass  @bci org/gradle/api/internal/artifacts/configurations/MutationValidator <clinit> ()V 0 <appendix> argL0 ; # org/gradle/api/internal/artifacts/configurations/MutationValidator$$Lambda+0x000001a7137bdb28
# instanceKlass java/lang/invoke/LambdaForm$MH+0x000001a7137c1800
# instanceKlass java/lang/invoke/LambdaForm$MH+0x000001a7137c1400
# instanceKlass java/lang/invoke/LambdaForm$MH+0x000001a7137c1000
# instanceKlass java/lang/invoke/LambdaForm$MH+0x000001a7137c0c00
# instanceKlass java/lang/invoke/LambdaForm$MH+0x000001a7137c0800
# instanceKlass java/lang/invoke/LambdaForm$MH+0x000001a7137c0400
instanceKlass org/gradle/api/artifacts/DependencySubstitution
instanceKlass org/gradle/api/internal/artifacts/ivyservice/resolveengine/result/DefaultComponentSelectionDescriptor
instanceKlass org/gradle/api/internal/artifacts/ivyservice/resolveengine/result/ComponentSelectionReasonInternal
instanceKlass org/gradle/api/internal/artifacts/ivyservice/resolveengine/result/ComponentSelectionDescriptorInternal
instanceKlass org/gradle/api/internal/artifacts/ivyservice/resolveengine/result/ComponentSelectionReasons
instanceKlass org/gradle/api/internal/artifacts/ivyservice/dependencysubstitution/DefaultDependencySubstitutions$ProjectPathConverter
instanceKlass org/gradle/api/artifacts/DependencySubstitutions$Substitution
instanceKlass org/gradle/api/internal/artifacts/ivyservice/dependencysubstitution/DefaultDependencySubstitutions
instanceKlass  @bci org/gradle/api/internal/artifacts/ivyservice/resolutionstrategy/DefaultCapabilitiesResolution_Decorated $gradleInit ()V 1 <appendix> member <vmtarget> ; # org/gradle/api/internal/artifacts/ivyservice/resolutionstrategy/DefaultCapabilitiesResolution_Decorated$$Lambda+0x000001a7137bc670
# instanceKlass java/lang/invoke/LambdaForm$MH+0x000001a7137c0000
instanceKlass org/gradle/api/internal/artifacts/ivyservice/resolveengine/graph/conflicts/UpgradeCapabilityResolver
instanceKlass org/gradle/api/internal/artifacts/ivyservice/resolveengine/graph/conflicts/CapabilitiesConflictHandler$Resolver
instanceKlass org/gradle/api/internal/artifacts/ivyservice/resolutionstrategy/DefaultCapabilitiesResolution$DefaultCapabilityResolutionDetails
instanceKlass org/gradle/api/artifacts/CapabilityResolutionDetails
instanceKlass org/gradle/internal/component/external/model/DefaultComponentVariantIdentifier
instanceKlass org/gradle/api/artifacts/ComponentVariantIdentifier
instanceKlass org/gradle/api/internal/artifacts/ivyservice/resolveengine/graph/conflicts/CapabilitiesConflictHandler$CandidateDetails
instanceKlass org/gradle/api/internal/artifacts/ivyservice/resolveengine/graph/conflicts/CapabilitiesConflictHandler$ResolutionDetails
instanceKlass org/gradle/api/internal/artifacts/ivyservice/resolveengine/graph/conflicts/ConflictResolutionResult
instanceKlass org/gradle/api/internal/artifacts/ivyservice/resolutionstrategy/DefaultCapabilitiesResolution
instanceKlass org/gradle/api/internal/artifacts/ivyservice/resolutionstrategy/CapabilitiesResolutionInternal
instanceKlass org/gradle/api/artifacts/CapabilitiesResolution
instanceKlass  @bci org/gradle/api/internal/artifacts/ivyservice/DefaultConfigurationResolver resolveGraph (Lorg/gradle/api/internal/artifacts/configurations/ConfigurationInternal;)Lorg/gradle/api/internal/artifacts/ResolverResults; 93 <appendix> member <vmtarget> ; # org/gradle/api/internal/artifacts/ivyservice/DefaultConfigurationResolver$$Lambda+0x000001a7137bac98
instanceKlass org/gradle/internal/component/local/model/DefaultLocalVariantGraphResolveState$DefaultLocalVariantArtifactResolveState
instanceKlass org/gradle/internal/component/model/VariantArtifactResolveState
instanceKlass org/gradle/internal/component/local/model/DefaultLocalVariantGraphResolveState
instanceKlass org/gradle/internal/component/local/model/DefaultLocalVariantGraphResolveMetadata
instanceKlass  @bci org/gradle/api/internal/artifacts/ivyservice/moduleconverter/dependencies/DefaultLocalVariantGraphResolveStateBuilder getConfigurationDependencyState (Lorg/gradle/internal/DisplayName;Ljava/util/Set;Lorg/gradle/api/internal/attributes/ImmutableAttributes;Lorg/gradle/api/internal/artifacts/ivyservice/moduleconverter/dependencies/LocalVariantGraphResolveStateBuilder$DependencyCache;Lorg/gradle/internal/model/ModelContainer;Lorg/gradle/internal/model/CalculatedValueContainerFactory;)Lorg/gradle/internal/model/CalculatedValue; 15 <appendix> member <vmtarget> ; # org/gradle/api/internal/artifacts/ivyservice/moduleconverter/dependencies/DefaultLocalVariantGraphResolveStateBuilder$$Lambda+0x000001a7137b9fd8
instanceKlass org/gradle/internal/component/local/model/DefaultLocalVariantGraphResolveState$VariantDependencyMetadata
instanceKlass org/gradle/internal/component/model/DefaultVariantMetadata
instanceKlass  @bci org/gradle/api/internal/artifacts/ivyservice/moduleconverter/dependencies/DefaultLocalVariantGraphResolveStateBuilder getVariantArtifacts (Lorg/gradle/internal/DisplayName;Lorg/gradle/api/artifacts/component/ComponentIdentifier;Ljava/util/Collection;Lorg/gradle/internal/model/ModelContainer;Lorg/gradle/internal/model/CalculatedValueContainerFactory;)Lorg/gradle/internal/model/CalculatedValue; 11 <appendix> member <vmtarget> ; # org/gradle/api/internal/artifacts/ivyservice/moduleconverter/dependencies/DefaultLocalVariantGraphResolveStateBuilder$$Lambda+0x000001a7137b9608
instanceKlass org/gradle/api/internal/artifacts/ivyservice/moduleconverter/dependencies/DefaultLocalVariantGraphResolveStateBuilder$1
instanceKlass org/gradle/internal/component/external/model/ImmutableCapabilities
instanceKlass org/gradle/api/internal/artifacts/configurations/Configurations
instanceKlass org/gradle/internal/component/model/ComponentConfigurationIdentifier
instanceKlass org/gradle/internal/component/model/VariantResolveMetadata$Identifier
instanceKlass  @bci org/gradle/api/internal/artifacts/configurations/DefaultConfiguration lambda$markAsObserved$11 (Ljava/lang/String;Lorg/gradle/api/internal/artifacts/configurations/DefaultConfiguration;)V 11 <appendix> member <vmtarget> ; # org/gradle/api/internal/artifacts/configurations/DefaultConfiguration$$Lambda+0x000001a7137b8920
instanceKlass  @bci org/gradle/api/internal/artifacts/configurations/DefaultConfiguration markAsObserved (Ljava/lang/String;)V 11 <appendix> member <vmtarget> ; # org/gradle/api/internal/artifacts/configurations/DefaultConfiguration$$Lambda+0x000001a7137b86f8
instanceKlass org/gradle/api/internal/artifacts/ivyservice/moduleconverter/DefaultRootComponentMetadataBuilder$1
instanceKlass  @bci org/gradle/api/internal/artifacts/ivyservice/moduleconverter/DefaultRootComponentMetadataBuilder toRootComponent (Ljava/lang/String;)Lorg/gradle/api/internal/artifacts/ivyservice/moduleconverter/RootComponentMetadataBuilder$RootComponentState; 104 <appendix> member <vmtarget> ; # org/gradle/api/internal/artifacts/ivyservice/moduleconverter/DefaultRootComponentMetadataBuilder$$Lambda+0x000001a7137b8280
instanceKlass  @bci org/gradle/internal/component/local/model/DefaultLocalComponentGraphResolveState initCalculatedValues ()V 47 <appendix> member <vmtarget> ; # org/gradle/internal/component/local/model/DefaultLocalComponentGraphResolveState$$Lambda+0x000001a7137b8000
instanceKlass  @bci org/gradle/internal/component/local/model/DefaultLocalComponentGraphResolveState initCalculatedValues ()V 18 <appendix> member <vmtarget> ; # org/gradle/internal/component/local/model/DefaultLocalComponentGraphResolveState$$Lambda+0x000001a7137b4cc8
instanceKlass  @bci org/gradle/internal/component/local/model/DefaultLocalComponentGraphResolveState <init> (JLorg/gradle/internal/component/local/model/LocalComponentGraphResolveMetadata;Lorg/gradle/api/internal/attributes/AttributeDesugaring;Lorg/gradle/internal/component/model/ComponentIdGenerator;ZLorg/gradle/internal/component/local/model/LocalVariantGraphResolveStateFactory;Lorg/gradle/internal/model/CalculatedValueContainerFactory;Lorg/gradle/internal/model/InMemoryCacheFactory;Lorg/gradle/api/artifacts/component/ComponentIdentifier;)V 75 <appendix> member <vmtarget> ; # org/gradle/internal/component/local/model/DefaultLocalComponentGraphResolveState$$Lambda+0x000001a7137b4a80
instanceKlass org/gradle/internal/component/external/model/DefaultImmutableCapability
instanceKlass org/gradle/internal/component/model/ComponentArtifactResolveMetadata
instanceKlass org/gradle/internal/component/local/model/LocalComponentGraphResolveState$LocalComponentGraphSelectionCandidates
instanceKlass org/gradle/internal/component/model/GraphSelectionCandidates
instanceKlass org/gradle/internal/component/model/AbstractComponentGraphResolveState
instanceKlass org/gradle/internal/component/model/ComponentArtifactResolveState
instanceKlass org/gradle/api/internal/artifacts/ivyservice/moduleconverter/dependencies/LocalVariantGraphResolveStateBuilder$DependencyCache
instanceKlass org/gradle/internal/component/local/model/LocalComponentGraphResolveStateFactory$ConfigurationsProviderVariantFactory
instanceKlass org/gradle/internal/component/local/model/LocalComponentGraphResolveMetadata
instanceKlass org/gradle/api/internal/artifacts/DefaultModuleVersionIdentifier
instanceKlass  @bci org/gradle/api/internal/artifacts/DefaultImmutableModuleIdentifierFactory moduleWithVersion (Lorg/gradle/api/artifacts/ModuleIdentifier;Ljava/lang/String;)Lorg/gradle/api/artifacts/ModuleVersionIdentifier; 23 <appendix> argL0 ; # org/gradle/api/internal/artifacts/DefaultImmutableModuleIdentifierFactory$$Lambda+0x000001a7137b7450
instanceKlass  @bci org/gradle/api/internal/artifacts/DefaultImmutableModuleIdentifierFactory module (Ljava/lang/String;Ljava/lang/String;)Lorg/gradle/api/artifacts/ModuleIdentifier; 23 <appendix> argL0 ; # org/gradle/api/internal/artifacts/DefaultImmutableModuleIdentifierFactory$$Lambda+0x000001a7137b7210
instanceKlass  @bci org/gradle/api/internal/artifacts/configurations/DefaultConfiguration runDependencyActions ()V 1 <appendix> argL0 ; # org/gradle/api/internal/artifacts/configurations/DefaultConfiguration$$Lambda+0x000001a7137b68d0
instanceKlass  @bci org/gradle/api/internal/artifacts/repositories/descriptor/MavenRepositoryDescriptor$Builder create ()Lorg/gradle/api/internal/artifacts/repositories/descriptor/MavenRepositoryDescriptor; 125 <appendix> argL0 ; # org/gradle/api/internal/artifacts/repositories/descriptor/MavenRepositoryDescriptor$Builder$$Lambda+0x000001a7137b66a0
instanceKlass  @bci org/gradle/api/internal/artifacts/repositories/AbstractAuthenticationSupportedRepository getAuthenticationSchemes ()Ljava/util/List; 4 <appendix> argL0 ; # org/gradle/api/internal/artifacts/repositories/AbstractAuthenticationSupportedRepository$$Lambda+0x000001a7137b6480
instanceKlass org/gradle/api/internal/artifacts/repositories/descriptor/UrlRepositoryDescriptor$Builder
instanceKlass  @bci org/gradle/api/internal/artifacts/configurations/ResolveConfigurationResolutionBuildOperationDetails$RepositoryImpl transform (Ljava/util/List;)Ljava/util/List; 1 <appendix> argL0 ; # org/gradle/api/internal/artifacts/configurations/ResolveConfigurationResolutionBuildOperationDetails$RepositoryImpl$$Lambda+0x000001a7137b3d20
instanceKlass org/gradle/api/internal/artifacts/configurations/ResolveConfigurationResolutionBuildOperationDetails$RepositoryImpl
instanceKlass org/gradle/api/internal/artifacts/configurations/ResolveConfigurationDependenciesBuildOperationType$Repository
instanceKlass  @bci org/gradle/api/internal/artifacts/DefaultDependencyManagementServices$DependencyResolutionScopeServices collectRepositories (Lorg/gradle/api/artifacts/dsl/RepositoryHandler;)Ljava/util/List; 14 <appendix> member <vmtarget> ; # org/gradle/api/internal/artifacts/DefaultDependencyManagementServices$DependencyResolutionScopeServices$$Lambda+0x000001a7137b3878
instanceKlass org/gradle/api/internal/artifacts/configurations/ResolveConfigurationResolutionBuildOperationDetails
instanceKlass org/gradle/api/internal/artifacts/configurations/ResolveConfigurationDependenciesBuildOperationType$Details
instanceKlass org/gradle/api/internal/artifacts/configurations/DefaultConfiguration$1
instanceKlass  @bci org/gradle/api/internal/artifacts/configurations/DefaultConfiguration resolveExclusivelyIfRequired ()Lorg/gradle/api/internal/artifacts/ResolverResults; 5 <appendix> member <vmtarget> ; # org/gradle/api/internal/artifacts/configurations/DefaultConfiguration$$Lambda+0x000001a7137b3118
instanceKlass org/gradle/api/internal/artifacts/ivyservice/ResolvedArtifactCollectingVisitor
instanceKlass org/gradle/internal/model/CalculatedValueContainer$GlobalContext
instanceKlass  @bci org/gradle/internal/model/CalculatedValueContainer$CalculationState attachValue (Lorg/gradle/internal/model/CalculatedValueContainer;Lorg/gradle/api/internal/tasks/NodeExecutionContext;)V 24 <appendix> member <vmtarget> ; # org/gradle/internal/model/CalculatedValueContainer$CalculationState$$Lambda+0x000001a7137aeaf0
instanceKlass org/gradle/internal/model/CalculatedValueContainerFactory$SupplierBackedCalculator
instanceKlass  @bci org/gradle/api/internal/artifacts/configurations/DefaultArtifactCollection <init> (Lorg/gradle/api/internal/artifacts/configurations/ResolutionBackedFileCollection;ZLorg/gradle/api/internal/artifacts/configurations/ResolutionHost;Lorg/gradle/internal/model/CalculatedValueFactory;Lorg/gradle/api/internal/attributes/AttributeDesugaring;)V 30 <adapter> ; # java/lang/invoke/LambdaForm$MH+0x000001a7137b4400
instanceKlass  @bci org/gradle/api/internal/artifacts/configurations/DefaultArtifactCollection <init> (Lorg/gradle/api/internal/artifacts/configurations/ResolutionBackedFileCollection;ZLorg/gradle/api/internal/artifacts/configurations/ResolutionHost;Lorg/gradle/internal/model/CalculatedValueFactory;Lorg/gradle/api/internal/attributes/AttributeDesugaring;)V 30 <appendix> form vmentry <vmtarget> ; # java/lang/invoke/LambdaForm$DMH+0x000001a7137b4000
instanceKlass  @bci org/gradle/api/internal/artifacts/configurations/DefaultArtifactCollection <init> (Lorg/gradle/api/internal/artifacts/configurations/ResolutionBackedFileCollection;ZLorg/gradle/api/internal/artifacts/configurations/ResolutionHost;Lorg/gradle/internal/model/CalculatedValueFactory;Lorg/gradle/api/internal/attributes/AttributeDesugaring;)V 30 <appendix> member <vmtarget> ; # org/gradle/api/internal/artifacts/configurations/DefaultArtifactCollection$$Lambda+0x000001a7137b2c70
instanceKlass org/gradle/api/internal/artifacts/configurations/DefaultArtifactCollection$ArtifactSetResult
instanceKlass org/gradle/api/internal/artifacts/configurations/DefaultConfiguration$DefaultResolutionHost
instanceKlass org/gradle/api/internal/artifacts/configurations/ResolutionResultProvider$1
instanceKlass  @bci org/gradle/api/internal/artifacts/resolver/DefaultResolutionOutputs$DefaultArtifactView getFiles ()Lorg/gradle/api/internal/artifacts/configurations/ResolutionBackedFileCollection; 18 <appendix> member <vmtarget> ; # org/gradle/api/internal/artifacts/resolver/DefaultResolutionOutputs$DefaultArtifactView$$Lambda+0x000001a7137b2328
instanceKlass org/gradle/api/internal/artifacts/configurations/DefaultConfiguration$ResolverResultsResolutionResultProvider
instanceKlass org/gradle/api/internal/artifacts/configurations/ResolutionResultProviderBackedSelectedArtifactSet
instanceKlass org/gradle/api/internal/artifacts/ivyservice/resolveengine/artifact/ResolvedFileVisitor
instanceKlass org/gradle/api/internal/artifacts/ivyservice/resolveengine/artifact/ArtifactVisitor
instanceKlass org/gradle/api/internal/artifacts/configurations/DefaultArtifactCollection
instanceKlass org/gradle/api/internal/artifacts/configurations/ArtifactCollectionInternal
instanceKlass org/gradle/api/internal/artifacts/resolver/DefaultResolutionOutputs$DefaultArtifactView
instanceKlass  @bci org/gradle/api/internal/artifacts/resolver/DefaultResolutionOutputs$DefaultArtifactViewConfiguration_Decorated $gradleInit ()V 1 <appendix> member <vmtarget> ; # org/gradle/api/internal/artifacts/resolver/DefaultResolutionOutputs$DefaultArtifactViewConfiguration_Decorated$$Lambda+0x000001a7137b0bd8
instanceKlass org/gradle/api/internal/artifacts/resolver/DefaultResolutionOutputs$DefaultArtifactViewConfiguration
instanceKlass org/gradle/api/internal/artifacts/resolver/DefaultResolutionOutputs
instanceKlass  @bci org/gradle/plugin/use/resolve/internal/ArtifactRepositoriesPluginResolver exists (Lorg/gradle/api/artifacts/ModuleDependency;)Z 39 <appendix> argL0 ; # org/gradle/plugin/use/resolve/internal/ArtifactRepositoriesPluginResolver$$Lambda+0x000001a7137b0000
instanceKlass org/gradle/api/artifacts/ArtifactView$ViewConfiguration
instanceKlass org/gradle/internal/service/scopes/DetachedDependencyMetadataProvider
instanceKlass org/gradle/api/internal/artifacts/configurations/DetachedConfigurationsProvider
instanceKlass org/gradle/api/internal/artifacts/dsl/dependencies/ModuleFactoryHelper
instanceKlass  @bci org/gradle/api/internal/artifacts/dependencies/DefaultExternalModuleDependency_Decorated $gradleInit ()V 1 <appendix> member <vmtarget> ; # org/gradle/api/internal/artifacts/dependencies/DefaultExternalModuleDependency_Decorated$$Lambda+0x000001a7137a7da8
instanceKlass org/gradle/api/internal/artifacts/dependencies/ModuleDependencyCapabilitiesInternal
instanceKlass org/gradle/api/internal/artifacts/DefaultExcludeRuleContainer
instanceKlass org/gradle/api/artifacts/ExcludeRuleContainer
instanceKlass org/gradle/api/internal/artifacts/dependencies/DefaultDependencyArtifact
instanceKlass  @bci org/gradle/internal/composite/DefaultBuildIncluder getIncludedBuildsForPluginResolution ()Ljava/util/Collection; 25 <appendix> member <vmtarget> ; # org/gradle/internal/composite/DefaultBuildIncluder$$Lambda+0x000001a7137adb00
instanceKlass org/gradle/api/plugins/GroovyPlugin
instanceKlass org/gradle/plugin/use/internal/DefaultPluginRequestApplicator$ApplyAction
instanceKlass org/gradle/plugin/use/resolve/internal/SimplePluginResolution
instanceKlass org/gradle/plugin/devel/plugins/JavaGradlePluginPlugin$AddOpensCommandLineArgumentProvider
instanceKlass org/gradle/process/CommandLineArgumentProvider
instanceKlass org/gradle/plugin/devel/plugins/JavaGradlePluginPlugin$LocalPluginPublication
instanceKlass org/gradle/plugin/use/resolve/internal/local/PluginPublication
instanceKlass org/gradle/api/internal/artifacts/ivyservice/projectmodule/ProjectPublication
instanceKlass org/gradle/plugin/devel/plugins/JavaGradlePluginPlugin$PluginValidationAction
instanceKlass org/gradle/plugin/devel/plugins/JavaGradlePluginPlugin$ClassManifestCollectorAction
instanceKlass org/gradle/plugin/devel/plugins/JavaGradlePluginPlugin$PluginDescriptorCollectorAction
instanceKlass org/gradle/plugin/devel/plugins/JavaGradlePluginPlugin$PluginValidationActionsState
instanceKlass org/gradle/plugin/devel/plugins/JavaGradlePluginPlugin$TestKitAndPluginClasspathDependenciesAction
instanceKlass org/gradle/plugin/devel/plugins/JavaGradlePluginPlugin
instanceKlass  @bci org/gradle/plugin/management/internal/autoapply/CompositeAutoAppliedPluginRegistry getAutoAppliedPlugins (Lorg/gradle/api/Project;)Lorg/gradle/plugin/management/internal/PluginRequests; 23 <appendix> argL0 ; # org/gradle/plugin/management/internal/autoapply/CompositeAutoAppliedPluginRegistry$$Lambda+0x000001a7137a5ae0
instanceKlass  @bci org/gradle/plugin/management/internal/autoapply/CompositeAutoAppliedPluginRegistry getAutoAppliedPlugins (Lorg/gradle/api/Project;)Lorg/gradle/plugin/management/internal/PluginRequests; 10 <appendix> member <vmtarget> ; # org/gradle/plugin/management/internal/autoapply/CompositeAutoAppliedPluginRegistry$$Lambda+0x000001a7137a5898
instanceKlass org/gradle/kotlin/dsl/KotlinDependencyExtensionsKt
instanceKlass org/gradle/kotlin/dsl/support/CompiledKotlinPluginsBlock
instanceKlass org/gradle/kotlin/dsl/accessors/AbstractStage1BlockAccessorsUnitOfWork$identify$1
instanceKlass org/gradle/kotlin/dsl/accessors/AbstractStage1BlockAccessorsUnitOfWork$visitIdentityInputs$1
instanceKlass org/gradle/kotlin/dsl/accessors/AbstractStage1BlockAccessorsUnitOfWork$Companion
instanceKlass org/gradle/kotlin/dsl/accessors/AbstractStage1BlockAccessorsUnitOfWork
instanceKlass org/gradle/kotlin/dsl/accessors/AccessorsClassPath$Companion
instanceKlass org/gradle/kotlin/dsl/accessors/AccessorsClassPath
instanceKlass org/gradle/internal/extensibility/DefaultExtensionsSchema
instanceKlass org/gradle/api/plugins/ExtensionsSchema
instanceKlass org/gradle/kotlin/dsl/ExtraPropertiesExtensionsKt
instanceKlass org/gradle/api/internal/catalog/ExternalModuleDependencyFactory
# instanceKlass java/lang/invoke/LambdaForm$MH+0x000001a7137aa000
# instanceKlass java/lang/invoke/LambdaForm$MH+0x000001a7137a9c00
# instanceKlass java/lang/invoke/LambdaForm$MH+0x000001a7137a9800
# instanceKlass java/lang/invoke/LambdaForm$MH+0x000001a7137a9400
# instanceKlass java/lang/invoke/LambdaForm$MH+0x000001a7137a9000
instanceKlass org/gradle/kotlin/dsl/accessors/AccessorsClassPathKt
instanceKlass  @bci org/gradle/configuration/project/BuildScriptProcessor execute (Lorg/gradle/api/internal/project/ProjectInternal;)V 83 <appendix> member <vmtarget> ; # org/gradle/configuration/project/BuildScriptProcessor$$Lambda+0x000001a71379ed70
instanceKlass org/gradle/api/internal/artifacts/ProjectBackedModule
instanceKlass org/gradle/api/internal/artifacts/DependencyManagementProjectScopeServices$ProjectBackedModuleMetaDataProvider
# instanceKlass java/lang/invoke/LambdaForm$MH+0x000001a7137a8c00
# instanceKlass java/lang/invoke/LambdaForm$MH+0x000001a7137a8800
# instanceKlass java/lang/invoke/LambdaForm$MH+0x000001a7137a8400
# instanceKlass java/lang/invoke/LambdaForm$MH+0x000001a7137a8000
instanceKlass org/gradle/kotlin/dsl/tooling/builders/AbstractKotlinDslScriptsModelBuilder$Companion
instanceKlass org/gradle/kotlin/dsl/tooling/builders/AbstractKotlinDslScriptsModelBuilder
instanceKlass org/gradle/kotlin/dsl/tooling/builders/internal/IsolatedScriptsModelBuilder
instanceKlass kotlin/collections/ArraysUtilJVM
instanceKlass org/gradle/kotlin/dsl/tooling/builders/KotlinBuildScriptTemplateModelBuilder
instanceKlass org/gradle/kotlin/dsl/tooling/builders/KotlinBuildScriptModelBuilder
instanceKlass org/gradle/tooling/provider/model/internal/PluginApplyingBuilder
instanceKlass org/gradle/plugins/ide/idea/model/IdeaModule
instanceKlass org/gradle/plugins/ide/internal/tooling/IsolatedIdeaModuleInternalBuilder
instanceKlass org/gradle/plugins/ide/internal/tooling/IsolatedGradleProjectInternalBuilder
instanceKlass org/gradle/plugins/ide/internal/tooling/BuildEnvironmentBuilder
instanceKlass org/gradle/tooling/model/GradleModuleVersion
instanceKlass org/gradle/plugins/ide/internal/tooling/PublicationsBuilder
instanceKlass org/gradle/plugins/ide/internal/tooling/model/TaskNameComparator
instanceKlass org/gradle/plugins/ide/internal/tooling/BuildInvocationsBuilder
instanceKlass org/gradle/plugins/ide/internal/tooling/BasicIdeaModelBuilder
instanceKlass org/gradle/plugins/ide/internal/tooling/model/PartialBasicGradleProject
instanceKlass org/gradle/plugins/ide/internal/tooling/GradleBuildBuilder
instanceKlass org/gradle/plugins/ide/internal/configurer/HierarchicalElementAdapter
instanceKlass org/gradle/plugins/ide/internal/configurer/EclipseModelAwareUniqueProjectNameProvider
instanceKlass org/gradle/plugins/ide/eclipse/model/AbstractClasspathEntry
instanceKlass org/gradle/plugins/ide/eclipse/model/ClasspathEntry
instanceKlass org/gradle/plugins/ide/internal/tooling/EclipseModelBuilder
instanceKlass org/gradle/plugins/ide/internal/tooling/RunEclipseTasksBuilder
instanceKlass org/gradle/plugins/ide/internal/tooling/RunBuildDependenciesTaskBuilder
instanceKlass org/gradle/tooling/provider/model/ParameterizedToolingModelBuilder
instanceKlass org/gradle/tooling/model/idea/IdeaCompilerOutput
instanceKlass org/gradle/tooling/model/idea/IdeaLanguageLevel
instanceKlass org/gradle/plugins/ide/internal/tooling/IdeaModelBuilder
instanceKlass org/gradle/plugins/ide/internal/tooling/model/LaunchableGradleTask
instanceKlass org/gradle/tooling/internal/protocol/InternalLaunchable
instanceKlass org/gradle/tooling/internal/gradle/GradleProjectIdentity
instanceKlass org/gradle/tooling/internal/gradle/GradleBuildIdentity
instanceKlass org/gradle/plugins/ide/internal/tooling/GradleProjectBuilder
instanceKlass org/gradle/tooling/internal/protocol/cpp/InternalCppTestSuite
instanceKlass org/gradle/tooling/internal/protocol/cpp/InternalCppLibrary
instanceKlass org/gradle/tooling/internal/protocol/cpp/InternalCppApplication
instanceKlass org/gradle/language/cpp/internal/tooling/DefaultCppComponentModel
instanceKlass org/gradle/language/cpp/CppComponent
instanceKlass org/gradle/language/ComponentWithTargetMachines
instanceKlass org/gradle/language/ComponentWithDependencies
instanceKlass org/gradle/language/ComponentWithBinaries
instanceKlass org/gradle/language/cpp/internal/tooling/CppModelBuilder
instanceKlass org/gradle/declarative/dsl/tooling/builders/DeclarativeSchemaModelBuilder
instanceKlass org/gradle/tooling/provider/model/internal/BuildScopeModelBuilder
instanceKlass  @bci org/gradle/internal/service/scopes/BuildScopeServices createBuildScopedToolingModelBuilders (Ljava/util/List;Lorg/gradle/internal/operations/BuildOperationRunner;Lorg/gradle/api/internal/project/ProjectStateRegistry;Lorg/gradle/internal/code/UserCodeApplicationContext;)Lorg/gradle/tooling/provider/model/internal/DefaultToolingModelBuilderRegistry; 18 <appendix> member <vmtarget> ; # org/gradle/internal/service/scopes/BuildScopeServices$$Lambda+0x000001a71379ce70
instanceKlass org/gradle/tooling/provider/model/internal/DefaultToolingModelBuilderRegistry$RegistrationImpl
instanceKlass org/gradle/tooling/provider/model/internal/DefaultToolingModelBuilderRegistry$VoidToolingModelBuilder
instanceKlass org/gradle/tooling/provider/model/internal/ToolingModelBuilderLookup$Builder
instanceKlass org/gradle/tooling/provider/model/internal/ToolingModelBuilderLookup$Registration
instanceKlass org/gradle/plugins/ide/internal/tooling/GradleProjectBuilderInternal
instanceKlass org/gradle/plugins/ide/internal/tooling/IdeaModelBuilderInternal
instanceKlass org/gradle/plugins/ide/internal/tooling/ToolingModelServices$BuildScopeToolingServices$1
# instanceKlass java/lang/invoke/LambdaForm$MH+0x000001a71379a800
# instanceKlass java/lang/invoke/LambdaForm$MH+0x000001a71379a400
# instanceKlass java/lang/invoke/LambdaForm$MH+0x000001a71379a000
# instanceKlass java/lang/invoke/LambdaForm$MH+0x000001a713799c00
# instanceKlass java/lang/invoke/LambdaForm$MH+0x000001a713799800
# instanceKlass java/lang/invoke/LambdaForm$MH+0x000001a713799400
# instanceKlass java/lang/invoke/LambdaForm$MH+0x000001a713799000
instanceKlass org/gradle/api/internal/project/DefaultProjectTaskLister
instanceKlass org/gradle/declarative/dsl/tooling/builders/internal/BuildScopeToolingServices$createIdeBuildScopeToolingModelBuilderRegistryAction$1
instanceKlass org/gradle/tooling/provider/model/internal/DefaultIntermediateToolingModelProvider
instanceKlass org/gradle/tooling/provider/model/internal/ToolingModelProjectDependencyListener
# instanceKlass java/lang/invoke/LambdaForm$MH+0x000001a713798c00
# instanceKlass java/lang/invoke/LambdaForm$MH+0x000001a713798800
# instanceKlass java/lang/invoke/LambdaForm$MH+0x000001a713798400
# instanceKlass java/lang/invoke/LambdaForm$MH+0x000001a713798000
instanceKlass  @bci org/gradle/jvm/toolchain/internal/task/ShowToolchainsTaskConfigurator execute (Lorg/gradle/api/internal/project/ProjectInternal;)V 10 <appendix> argL0 ; # org/gradle/jvm/toolchain/internal/task/ShowToolchainsTaskConfigurator$$Lambda+0x000001a713786d08
instanceKlass  @bci org/gradle/internal/buildconfiguration/DaemonJvmPropertiesConfigurator execute (Lorg/gradle/api/internal/project/ProjectInternal;)V 43 <appendix> member <vmtarget> ; # org/gradle/internal/buildconfiguration/DaemonJvmPropertiesConfigurator$$Lambda+0x000001a7137977a8
instanceKlass  @bci org/gradle/buildinit/plugins/WrapperPlugin apply (Lorg/gradle/api/Project;)V 166 <appendix> member <vmtarget> ; # org/gradle/buildinit/plugins/WrapperPlugin$$Lambda+0x000001a713786110
instanceKlass org/gradle/api/internal/resources/ApiTextResourceAdapter
instanceKlass org/gradle/api/resources/internal/TextResourceInternal
instanceKlass org/gradle/internal/resource/transfer/CachingTextUriResourceLoader
instanceKlass org/gradle/internal/resource/transfer/CacheAwareExternalResourceAccessor$ResourceFileStore
instanceKlass org/gradle/api/internal/artifacts/repositories/resolver/DefaultExternalResourceAccessor
instanceKlass org/gradle/internal/resource/ExternalResource$ContentAndMetadataAction
instanceKlass org/gradle/internal/resource/transfer/DefaultCacheAwareExternalResourceAccessor
instanceKlass org/gradle/internal/resource/transfer/DefaultExternalResourceRepository
instanceKlass org/gradle/internal/resource/transfer/ProgressLoggingExternalResourceLister$1
instanceKlass org/gradle/internal/resource/ExternalResourceListBuildOperationType$Result
instanceKlass org/gradle/internal/resource/transfer/ProgressLoggingExternalResourceAccessor$1
instanceKlass org/gradle/internal/resource/ExternalResourceReadMetadataBuildOperationType$Result
instanceKlass org/gradle/internal/resource/transfer/AbstractProgressLoggingHandler
instanceKlass org/gradle/internal/resource/transfer/CacheAwareExternalResourceAccessor
instanceKlass org/gradle/internal/resource/transport/AbstractRepositoryTransport
instanceKlass org/gradle/api/internal/artifacts/ivyservice/resolutionstrategy/DefaultExternalResourceCachePolicy
instanceKlass org/gradle/internal/resource/transfer/DefaultExternalResourceConnector$NoOpStats
instanceKlass org/gradle/internal/resource/transfer/DefaultExternalResourceConnector$1
instanceKlass org/gradle/internal/resource/transfer/DefaultExternalResourceConnector$ExternalResourceAccessStats
instanceKlass org/gradle/internal/resource/transfer/DefaultExternalResourceConnector
instanceKlass org/apache/http/HttpEntityEnclosingRequest
instanceKlass org/apache/http/HttpEntity
instanceKlass org/gradle/internal/resource/transport/http/HttpResourceUploader
instanceKlass org/gradle/internal/resource/transport/http/HttpResourceLister
instanceKlass org/gradle/internal/resource/transfer/ExternalResourceReadResponse
instanceKlass org/gradle/internal/resource/transfer/AbstractExternalResourceAccessor
instanceKlass org/apache/http/message/AbstractHttpMessage
instanceKlass org/apache/http/client/methods/AbortableHttpRequest
instanceKlass org/apache/http/client/methods/HttpExecutionAware
instanceKlass org/apache/http/client/methods/Configurable
instanceKlass org/apache/http/client/methods/HttpUriRequest
instanceKlass org/apache/http/protocol/HttpContext
instanceKlass org/slf4j/spi/LocationAwareLogger
instanceKlass org/apache/commons/logging/impl/SLF4JLog
instanceKlass org/apache/commons/logging/impl/SLF4JLocationAwareLog
instanceKlass org/apache/commons/logging/Log
instanceKlass org/apache/commons/logging/LogFactory
instanceKlass org/apache/http/conn/ssl/DefaultHostnameVerifier
instanceKlass org/gradle/internal/resource/transport/http/DefaultHttpSettings$Builder
instanceKlass org/gradle/internal/resource/transport/http/DefaultHttpSettings$2$2
instanceKlass javax/net/ssl/X509TrustManager
instanceKlass javax/net/ssl/TrustManager
instanceKlass  @bci com/google/common/base/Suppliers$NonSerializableMemoizingSupplier <clinit> ()V 0 <appendix> argL0 ; # com/google/common/base/Suppliers$NonSerializableMemoizingSupplier$$Lambda+0x000001a71378fa98
instanceKlass com/google/common/base/Suppliers$MemoizingSupplier
instanceKlass com/google/common/base/Suppliers$NonSerializableMemoizingSupplier
instanceKlass org/gradle/internal/resource/transport/http/DefaultHttpSettings$2$1
instanceKlass org/gradle/internal/resource/transport/http/DefaultHttpSettings$2
instanceKlass org/gradle/internal/resource/transport/http/DefaultHttpSettings$1
instanceKlass org/gradle/internal/resource/transport/http/HttpTimeoutSettings
instanceKlass org/gradle/internal/resource/transport/http/HttpProxySettings
instanceKlass javax/net/ssl/HostnameVerifier
instanceKlass org/gradle/internal/resource/transport/http/DefaultHttpSettings
instanceKlass org/gradle/api/internal/artifacts/repositories/transport/RepositoryTransportFactory$DefaultResourceConnectorSpecification
instanceKlass  @bci org/gradle/internal/verifier/HttpRedirectVerifierFactory create (Ljava/net/URI;ZLjava/lang/Runnable;Ljava/util/function/Consumer;)Lorg/gradle/internal/verifier/HttpRedirectVerifier; 40 <appendix> member <vmtarget> ; # org/gradle/internal/verifier/HttpRedirectVerifierFactory$$Lambda+0x000001a71378e668
instanceKlass org/gradle/internal/verifier/HttpRedirectVerifierFactory
instanceKlass  @bci org/gradle/api/internal/resources/DefaultTextResourceFactory fromUri (Ljava/lang/Object;Z)Lorg/gradle/api/resources/TextResource; 20 <appendix> member <vmtarget> ; # org/gradle/api/internal/resources/DefaultTextResourceFactory$$Lambda+0x000001a71378e228
instanceKlass  @bci org/gradle/api/internal/resources/DefaultTextResourceFactory fromUri (Ljava/lang/Object;Z)Lorg/gradle/api/resources/TextResource; 14 <appendix> member <vmtarget> ; # org/gradle/api/internal/resources/DefaultTextResourceFactory$$Lambda+0x000001a71378e000
# instanceKlass java/lang/invoke/LambdaForm$MH+0x000001a71378d800
# instanceKlass java/lang/invoke/LambdaForm$MH+0x000001a71378d400
# instanceKlass java/lang/invoke/LambdaForm$MH+0x000001a71378d000
# instanceKlass java/lang/invoke/LambdaForm$MH+0x000001a71378cc00
# instanceKlass java/lang/invoke/LambdaForm$MH+0x000001a71378c800
# instanceKlass java/lang/invoke/LambdaForm$MH+0x000001a71378c400
# instanceKlass java/lang/invoke/LambdaForm$MH+0x000001a71378c000
# instanceKlass java/lang/invoke/LambdaForm$MH+0x000001a71378bc00
# instanceKlass java/lang/invoke/LambdaForm$MH+0x000001a71378b800
# instanceKlass java/lang/invoke/LambdaForm$MH+0x000001a71378b400
# instanceKlass java/lang/invoke/LambdaForm$MH+0x000001a71378b000
# instanceKlass java/lang/invoke/LambdaForm$MH+0x000001a71378ac00
# instanceKlass java/lang/invoke/LambdaForm$MH+0x000001a71378a800
# instanceKlass java/lang/invoke/LambdaForm$MH+0x000001a71378a400
# instanceKlass java/lang/invoke/LambdaForm$MH+0x000001a71378a000
# instanceKlass java/lang/invoke/LambdaForm$MH+0x000001a713789c00
# instanceKlass java/lang/invoke/LambdaForm$MH+0x000001a713789800
# instanceKlass java/lang/invoke/LambdaForm$BMH+0x000001a713789400
# instanceKlass java/lang/invoke/LambdaForm$DMH+0x000001a713789000
# instanceKlass java/lang/invoke/LambdaForm$DMH+0x000001a713788c00
# instanceKlass java/lang/invoke/LambdaForm$MH+0x000001a713788800
# instanceKlass java/lang/invoke/LambdaForm$MH+0x000001a713788400
# instanceKlass java/lang/invoke/LambdaForm$MH+0x000001a713788000
# instanceKlass java/lang/invoke/LambdaForm$MH+0x000001a713771c00
# instanceKlass java/lang/invoke/LambdaForm$MH+0x000001a713771800
# instanceKlass java/lang/invoke/LambdaForm$MH+0x000001a713771400
instanceKlass  @bci org/gradle/internal/service/scopes/ProjectScopeServices createTemporaryFileProvider ()Lorg/gradle/api/internal/file/temp/TemporaryFileProvider; 5 <appendix> member <vmtarget> ; # org/gradle/internal/service/scopes/ProjectScopeServices$$Lambda+0x000001a71377bd48
instanceKlass org/gradle/util/internal/DistributionLocator
instanceKlass  @bci org/gradle/buildinit/plugins/WrapperPlugin_Decorated $gradleInit ()V 1 <appendix> member <vmtarget> ; # org/gradle/buildinit/plugins/WrapperPlugin_Decorated$$Lambda+0x000001a713783e48
instanceKlass org/gradle/api/tasks/wrapper/WrapperVersionsResources
instanceKlass org/gradle/buildinit/plugins/WrapperPlugin
instanceKlass  @bci org/gradle/buildinit/plugins/BuildInitPlugin apply (Lorg/gradle/api/Project;)V 20 <appendix> member <vmtarget> ; # org/gradle/buildinit/plugins/BuildInitPlugin$$Lambda+0x000001a713782950
instanceKlass  @bci org/gradle/buildinit/plugins/BuildInitPlugin_Decorated $gradleInit ()V 1 <appendix> member <vmtarget> ; # org/gradle/buildinit/plugins/BuildInitPlugin_Decorated$$Lambda+0x000001a713782728
instanceKlass org/objectweb/asm/Opcodes
instanceKlass org/gradle/buildinit/plugins/BuildInitPlugin
instanceKlass  @bci org/gradle/api/plugins/SoftwareReportingTasksPlugin apply (Lorg/gradle/api/Project;)V 134 <appendix> argL0 ; # org/gradle/api/plugins/SoftwareReportingTasksPlugin$$Lambda+0x000001a7137813e0
instanceKlass  @bci org/gradle/api/plugins/SoftwareReportingTasksPlugin apply (Lorg/gradle/api/Project;)V 115 <appendix> member <vmtarget> ; # org/gradle/api/plugins/SoftwareReportingTasksPlugin$$Lambda+0x000001a71377fdc8
instanceKlass  @bci org/gradle/api/plugins/SoftwareReportingTasksPlugin apply (Lorg/gradle/api/Project;)V 98 <appendix> member <vmtarget> ; # org/gradle/api/plugins/SoftwareReportingTasksPlugin$$Lambda+0x000001a71377fba0
instanceKlass  @bci org/gradle/api/plugins/SoftwareReportingTasksPlugin apply (Lorg/gradle/api/Project;)V 81 <appendix> member <vmtarget> ; # org/gradle/api/plugins/SoftwareReportingTasksPlugin$$Lambda+0x000001a71377f978
instanceKlass org/objectweb/asm/Context
instanceKlass  @bci org/gradle/api/plugins/SoftwareReportingTasksPlugin_Decorated $gradleInit ()V 1 <appendix> member <vmtarget> ; # org/gradle/api/plugins/SoftwareReportingTasksPlugin_Decorated$$Lambda+0x000001a71377cdc8
instanceKlass org/apache/groovy/lang/annotation/Incubating
instanceKlass org/gradle/api/reporting/Reporting
instanceKlass org/gradle/api/plugins/SoftwareReportingTasksPlugin$DependentComponentsReportAction
instanceKlass org/gradle/api/plugins/SoftwareReportingTasksPlugin$ComponentReportAction
instanceKlass org/gradle/api/plugins/SoftwareReportingTasksPlugin$BuildEnvironmentReportTaskAction
instanceKlass org/gradle/api/plugins/SoftwareReportingTasksPlugin$DependencyReportTaskAction
instanceKlass org/gradle/api/plugins/SoftwareReportingTasksPlugin$DependencyInsightReportTaskAction
instanceKlass org/gradle/api/plugins/SoftwareReportingTasksPlugin
instanceKlass org/gradle/api/internal/collections/FilteredElementSource$FilteringIterator
instanceKlass org/gradle/api/internal/collections/CollectionFilter$1
instanceKlass  @bci org/gradle/api/plugins/HelpTasksPlugin apply (Lorg/gradle/api/Project;)V 111 <appendix> argL0 ; # org/gradle/api/plugins/HelpTasksPlugin$$Lambda+0x000001a7137679c8
instanceKlass  @bci org/gradle/api/internal/tasks/DefaultRealizableTaskCollection_Decorated $gradleInit ()V 1 <appendix> member <vmtarget> ; # org/gradle/api/internal/tasks/DefaultRealizableTaskCollection_Decorated$$Lambda+0x000001a71377a5d0
# instanceKlass java/lang/invoke/LambdaForm$MH+0x000001a713771000
# instanceKlass java/lang/invoke/LambdaForm$MH+0x000001a713770c00
# instanceKlass java/lang/invoke/LambdaForm$MH+0x000001a713770800
instanceKlass  @bci org/gradle/api/internal/tasks/DefaultTaskCollection_Decorated $gradleInit ()V 1 <appendix> member <vmtarget> ; # org/gradle/api/internal/tasks/DefaultTaskCollection_Decorated$$Lambda+0x000001a71376fd40
instanceKlass org/gradle/api/internal/DefaultNamedDomainObjectCollection$FilteredIndex
instanceKlass org/gradle/api/internal/collections/DefaultCollectionEventRegister$FilteredEventRegister
instanceKlass org/gradle/api/internal/collections/FilteredElementSource
instanceKlass org/gradle/api/specs/Specs$2
instanceKlass org/gradle/api/specs/Specs$1
instanceKlass org/gradle/api/specs/Specs
instanceKlass org/gradle/api/internal/DefaultNamedDomainObjectCollection$ProviderBackedElementInfo
instanceKlass org/gradle/api/internal/provider/Collectors$ElementFromProvider
instanceKlass org/gradle/api/internal/provider/ChangingValue
instanceKlass  @bci org/gradle/api/internal/tasks/DefaultTaskContainer$TaskCreatingProvider_Decorated $gradleInit ()V 1 <appendix> member <vmtarget> ; # org/gradle/api/internal/tasks/DefaultTaskContainer$TaskCreatingProvider_Decorated$$Lambda+0x000001a71376eb18
# instanceKlass java/lang/invoke/LambdaForm$MH+0x000001a713770400
instanceKlass org/gradle/api/internal/provider/ValueSupplier$SideEffect
instanceKlass org/gradle/api/internal/provider/ValueSupplier$ExecutionTimeValue
instanceKlass org/gradle/api/internal/provider/ValueSupplier$ValueProducer
instanceKlass org/gradle/api/internal/tasks/DefaultTaskContainer$RegisterDetails
instanceKlass org/gradle/api/internal/tasks/RegisterTaskBuildOperationType$Details
instanceKlass org/gradle/api/internal/tasks/DefaultTaskContainer$3
instanceKlass  @bci org/gradle/internal/id/ConfigurationCacheableIdFactory createId ()J 4 <appendix> argL0 ; # org/gradle/internal/id/ConfigurationCacheableIdFactory$$Lambda+0x000001a71376c5f8
instanceKlass  @cpi org/gradle/internal/id/ConfigurationCacheableIdFactory 71 form vmentry <vmtarget> ; # java/lang/invoke/LambdaForm$DMH+0x000001a713770000
instanceKlass java/util/function/LongUnaryOperator
instanceKlass org/gradle/model/internal/registry/RuleBindings$ScopeIndex
instanceKlass org/gradle/model/internal/registry/RuleBindings$PredicateMatches
instanceKlass  @bci org/gradle/internal/service/scopes/ProjectScopeServices lambda$createModelRegistry$3 (Ljava/lang/Runnable;)V 10 <appendix> member <vmtarget> ; # org/gradle/internal/service/scopes/ProjectScopeServices$$Lambda+0x000001a71376bae8
instanceKlass  @bci org/gradle/model/internal/registry/DefaultModelRegistry transitionTo (Lorg/gradle/model/internal/registry/DefaultModelRegistry$GoalGraph;Lorg/gradle/model/internal/registry/DefaultModelRegistry$ModelGoal;)V 7 <appendix> member <vmtarget> ; # org/gradle/model/internal/registry/DefaultModelRegistry$$Lambda+0x000001a71376b8c0
instanceKlass org/gradle/model/internal/registry/DefaultModelRegistry$5
instanceKlass org/gradle/model/internal/registry/NodeAtState
instanceKlass org/gradle/model/internal/registry/DefaultModelRegistry$GoalGraph
instanceKlass org/gradle/model/internal/registry/RuleBindings$NodeAtStateIndex
instanceKlass org/gradle/model/internal/registry/RuleBindings$TypePredicateIndex
instanceKlass org/gradle/model/internal/registry/RuleBindings$PathPredicateIndex
instanceKlass org/gradle/model/internal/registry/RuleBindings
instanceKlass org/gradle/model/internal/registry/ModelGraph
instanceKlass org/gradle/model/internal/core/DefaultModelRegistration
instanceKlass org/gradle/model/internal/core/AbstractModelAction
instanceKlass org/gradle/model/internal/core/EmptyModelProjection
instanceKlass org/gradle/model/internal/core/ModelProjection
instanceKlass org/gradle/model/internal/core/ModelAdapter
instanceKlass org/gradle/model/internal/core/ModelPromise
instanceKlass org/gradle/model/internal/core/ModelRegistrations$Builder$DescriptorReference
instanceKlass org/gradle/model/internal/core/ModelRegistration
instanceKlass org/gradle/model/internal/core/ModelAction
instanceKlass org/gradle/model/internal/core/ModelRegistrations$Builder
instanceKlass org/gradle/model/internal/core/ModelRegistrations
instanceKlass  @bci org/gradle/internal/service/scopes/ProjectScopeServices createModelRegistry (Lorg/gradle/model/internal/inspect/ModelRuleExtractor;)Lorg/gradle/model/internal/registry/ModelRegistry; 15 <appendix> member <vmtarget> ; # org/gradle/internal/service/scopes/ProjectScopeServices$$Lambda+0x000001a713762e30
instanceKlass org/gradle/model/internal/registry/BoringProjectState
instanceKlass org/gradle/model/internal/registry/DefaultModelRegistry$ModelGoal
instanceKlass org/gradle/model/internal/core/ModelPredicate
instanceKlass org/gradle/model/internal/registry/ModelNodeInternal
instanceKlass org/gradle/model/internal/registry/DefaultModelRegistry
instanceKlass org/gradle/model/internal/registry/ModelRegistryInternal
instanceKlass  @bci org/gradle/api/plugins/HelpTasksPlugin_Decorated $gradleInit ()V 1 <appendix> member <vmtarget> ; # org/gradle/api/plugins/HelpTasksPlugin_Decorated$$Lambda+0x000001a7137658c8
instanceKlass org/gradle/api/internal/plugins/DefaultPluginManager$OperationDetails
instanceKlass org/gradle/api/internal/plugins/ApplyPluginBuildOperationType$Details
instanceKlass org/gradle/api/internal/plugins/DefaultPluginManager$AddPluginBuildOperation
instanceKlass  @bci org/gradle/api/internal/plugins/DefaultPluginManager doApply (Lorg/gradle/api/internal/plugins/PluginImplementation;)V 139 <appendix> member <vmtarget> ; # org/gradle/api/internal/plugins/DefaultPluginManager$$Lambda+0x000001a71375ca30
instanceKlass org/gradle/api/internal/plugins/DefaultPluginManager$1
instanceKlass org/gradle/api/internal/plugins/DefaultPotentialPluginWithId
instanceKlass org/gradle/api/internal/plugins/PluginInspector$PotentialImperativeClassPlugin
instanceKlass com/google/common/base/Predicates
instanceKlass org/gradle/model/internal/inspect/ModelRuleSourceDetector$3
instanceKlass org/gradle/api/plugins/HelpTasksPlugin$ModelReportAction
instanceKlass org/gradle/api/plugins/HelpTasksPlugin$PropertyReportTaskAction
instanceKlass org/gradle/api/plugins/HelpTasksPlugin$TaskReportTaskAction
instanceKlass org/gradle/api/plugins/HelpTasksPlugin$ProjectReportTaskAction
instanceKlass org/gradle/api/plugins/HelpTasksPlugin$HelpAction
instanceKlass org/gradle/api/plugins/HelpTasksPlugin
instanceKlass org/gradle/api/internal/plugins/PluginDescriptor
instanceKlass org/gradle/api/internal/plugins/PluginInstantiator
instanceKlass org/gradle/api/internal/plugins/RuleBasedPluginTarget
# instanceKlass java/lang/invoke/LambdaForm$MH+0x000001a71375c000
# instanceKlass java/lang/invoke/LambdaForm$MH+0x000001a71375bc00
# instanceKlass java/lang/invoke/LambdaForm$MH+0x000001a71375b800
# instanceKlass java/lang/invoke/LambdaForm$MH+0x000001a71375b400
# instanceKlass java/lang/invoke/LambdaForm$MH+0x000001a71375b000
# instanceKlass java/lang/invoke/LambdaForm$MH+0x000001a71375ac00
# instanceKlass java/lang/invoke/LambdaForm$MH+0x000001a71375a800
# instanceKlass java/lang/invoke/LambdaForm$MH+0x000001a71375a400
# instanceKlass java/lang/invoke/LambdaForm$MH+0x000001a71375a000
# instanceKlass java/lang/invoke/LambdaForm$MH+0x000001a713759c00
# instanceKlass java/lang/invoke/LambdaForm$MH+0x000001a713759800
# instanceKlass java/lang/invoke/LambdaForm$MH+0x000001a713759400
instanceKlass org/gradle/model/internal/inspect/ModelRuleExtractor$CachedRuleSource
instanceKlass org/gradle/model/internal/inspect/MethodModelRuleExtractionContext
instanceKlass org/gradle/model/Rules
instanceKlass org/gradle/model/Validate
instanceKlass org/gradle/model/Finalize
instanceKlass org/gradle/model/Mutate
instanceKlass org/gradle/model/Defaults
instanceKlass org/gradle/model/internal/core/NodeInitializerRegistry
instanceKlass org/gradle/model/Model
instanceKlass org/gradle/model/internal/inspect/MethodModelRuleExtractors
# instanceKlass java/lang/invoke/LambdaForm$MH+0x000001a713759000
# instanceKlass java/lang/invoke/LambdaForm$MH+0x000001a713758c00
# instanceKlass java/lang/invoke/LambdaForm$MH+0x000001a713758800
# instanceKlass java/lang/invoke/LambdaForm$MH+0x000001a713758400
# instanceKlass java/lang/invoke/LambdaForm$MH+0x000001a713758000
instanceKlass org/gradle/model/internal/manage/instance/ManagedInstance
instanceKlass org/gradle/model/internal/manage/schema/extract/ManagedProxyClassGenerator$GeneratedView
instanceKlass org/gradle/model/internal/manage/instance/ModelElementState
instanceKlass org/gradle/model/internal/manage/instance/GeneratedViewState
instanceKlass org/gradle/model/internal/manage/binding/StructMethodBinding
instanceKlass org/gradle/model/internal/manage/binding/StructBindings
instanceKlass org/gradle/model/internal/manage/binding/StructBindingValidationProblemCollector
instanceKlass org/gradle/model/internal/manage/binding/DefaultStructBindingsStore
instanceKlass org/gradle/platform/base/ComponentType
instanceKlass org/gradle/platform/base/SourceComponentSpec
instanceKlass org/gradle/language/base/LanguageSourceSet
instanceKlass org/gradle/model/internal/typeregistration/BaseInstanceFactory
instanceKlass org/gradle/model/internal/typeregistration/InstanceFactory
instanceKlass org/gradle/model/internal/manage/schema/cache/ModelSchemaCache
instanceKlass org/gradle/model/internal/manage/schema/extract/DefaultModelSchemaStore
instanceKlass org/gradle/model/RuleSource
instanceKlass org/gradle/model/internal/manage/schema/extract/StructSchemaExtractionStrategySupport
instanceKlass org/gradle/model/internal/manage/schema/extract/JavaUtilCollectionStrategy
instanceKlass org/gradle/model/internal/manage/schema/extract/ModelMapStrategy
instanceKlass org/gradle/model/internal/manage/schema/extract/AbstractProxyClassGenerator
instanceKlass org/gradle/model/internal/manage/schema/extract/SpecializedMapStrategy
instanceKlass org/gradle/model/internal/type/WildcardTypeWrapper
instanceKlass org/gradle/model/internal/type/WildcardWrapper
instanceKlass org/gradle/model/ModelSet
instanceKlass org/gradle/model/internal/manage/schema/CompositeSchema
instanceKlass org/gradle/model/internal/manage/schema/AbstractModelSchema
instanceKlass org/gradle/model/internal/manage/schema/ManagedImplSchema
instanceKlass org/gradle/model/internal/manage/schema/extract/ModelSetStrategy
instanceKlass org/gradle/model/internal/manage/schema/extract/JdkValueTypeStrategy
instanceKlass org/gradle/model/internal/manage/schema/extract/EnumStrategy
instanceKlass org/gradle/model/internal/manage/schema/ModelSchema
instanceKlass org/gradle/model/internal/manage/schema/extract/PrimitiveStrategy
instanceKlass org/gradle/model/internal/manage/schema/extract/ModelSchemaExtractionContext
instanceKlass org/gradle/model/internal/manage/schema/extract/DefaultModelSchemaExtractor
instanceKlass org/gradle/platform/base/ComponentBinaries
instanceKlass org/gradle/platform/base/VariantComponentSpec
instanceKlass org/gradle/platform/base/VariantComponent
instanceKlass org/gradle/platform/base/BinaryTasks
instanceKlass org/gradle/model/internal/core/ModelPath$Cache
instanceKlass org/gradle/platform/base/BinaryContainer
instanceKlass org/gradle/model/ModelMap
instanceKlass org/gradle/model/internal/inspect/ExtractedModelRule
instanceKlass org/gradle/model/internal/inspect/RuleSourceValidationProblemCollector
instanceKlass org/gradle/model/internal/inspect/AbstractAnnotationDrivenModelRuleExtractor
instanceKlass org/gradle/model/internal/manage/schema/extract/ModelSchemaAspect
instanceKlass org/gradle/platform/base/internal/VariantAspectExtractionStrategy
instanceKlass org/gradle/configuration/project/NotifyProjectBeforeEvaluatedBuildOperationType$1
instanceKlass org/gradle/configuration/project/NotifyProjectBeforeEvaluatedBuildOperationType$Result
instanceKlass org/gradle/configuration/project/NotifyProjectBeforeEvaluatedBuildOperationType
instanceKlass  @bci org/gradle/api/internal/catalog/DefaultDependenciesAccessors$DefaultVersionCatalogsExtension_Decorated $gradleInit ()V 1 <appendix> member <vmtarget> ; # org/gradle/api/internal/catalog/DefaultDependenciesAccessors$DefaultVersionCatalogsExtension_Decorated$$Lambda+0x000001a71372ab48
instanceKlass org/gradle/api/artifacts/VersionCatalog
instanceKlass org/gradle/api/internal/catalog/DefaultDependenciesAccessors$DefaultVersionCatalogsExtension
instanceKlass org/gradle/api/artifacts/VersionCatalogsExtension
instanceKlass org/gradle/util/internal/NameValidator
instanceKlass org/gradle/configuration/project/LifecycleProjectEvaluator$NotifyProjectBeforeEvaluatedDetails
instanceKlass org/gradle/configuration/project/NotifyProjectBeforeEvaluatedBuildOperationType$Details
instanceKlass org/gradle/configuration/project/LifecycleProjectEvaluator$NotifyBeforeEvaluate
instanceKlass  @bci org/gradle/configuration/project/LifecycleProjectEvaluator$EvaluateProject run (Lorg/gradle/internal/operations/BuildOperationContext;)V 11 <appendix> member <vmtarget> ; # org/gradle/configuration/project/LifecycleProjectEvaluator$EvaluateProject$$Lambda+0x000001a71374c450
instanceKlass org/gradle/configuration/project/LifecycleProjectEvaluator$ConfigureProjectDetails
instanceKlass org/gradle/configuration/project/ConfigureProjectBuildOperationType$Details
instanceKlass org/gradle/configuration/project/LifecycleProjectEvaluator$EvaluateProject
instanceKlass org/gradle/configuration/project/LifecycleProjectEvaluator
instanceKlass org/gradle/configuration/project/DelayedConfigurationActions
instanceKlass org/gradle/configuration/project/BuildScriptProcessor
instanceKlass org/gradle/buildinit/plugins/internal/action/WrapperPluginAutoApplyAction
instanceKlass org/gradle/buildinit/plugins/internal/action/BuildInitAutoApplyAction
instanceKlass org/gradle/kotlin/dsl/tooling/builders/internal/KotlinScriptingModelBuildersRegistrationAction
instanceKlass org/gradle/jvm/toolchain/internal/task/ShowToolchainsTaskConfigurator
instanceKlass org/gradle/api/plugins/internal/HelpTasksAutoApplyAction
instanceKlass org/gradle/api/plugins/internal/SoftwareReportingTasksAutoApplyAction
instanceKlass org/gradle/internal/buildconfiguration/DaemonJvmPropertiesConfigurator
instanceKlass org/gradle/configuration/project/ConfigureActionsProjectEvaluator
instanceKlass  @bci org/gradle/internal/model/StateTransitionController maybeTransitionIfNotCurrentlyTransitioning (Lorg/gradle/internal/model/StateTransitionController$State;Lorg/gradle/internal/model/StateTransitionController$State;Ljava/lang/Runnable;)V 8 <appendix> member <vmtarget> ; # org/gradle/internal/model/StateTransitionController$$Lambda+0x000001a713746ad8
instanceKlass  @bci org/gradle/api/internal/project/ProjectLifecycleController ensureSelfConfigured ()V 11 <appendix> member <vmtarget> ; # org/gradle/api/internal/project/ProjectLifecycleController$$Lambda+0x000001a7137468b0
instanceKlass org/gradle/configuration/DeferredProjectEvaluationCondition
instanceKlass  @bci org/gradle/internal/buildtree/BuildInclusionCoordinator registerSubstitutionsAvailableFor (Lorg/gradle/internal/build/BuildState;)V 18 <appendix> member <vmtarget> ; # org/gradle/internal/buildtree/BuildInclusionCoordinator$$Lambda+0x000001a713746480
instanceKlass org/gradle/configuration/internal/ExecuteListenerBuildOperationType$1
instanceKlass org/gradle/configuration/internal/ExecuteListenerBuildOperationType$Result
instanceKlass org/gradle/configuration/internal/ExecuteListenerBuildOperationType
instanceKlass org/gradle/internal/operations/BuildOperationType
instanceKlass  @bci org/gradle/internal/classpath/DefaultInstrumentedClosuresTracker leaveClosure (Lorg/gradle/internal/classpath/InstrumentableClosure;)V 5 <appendix> argL0 ; # org/gradle/internal/classpath/DefaultInstrumentedClosuresTracker$$Lambda+0x000001a713745a40
instanceKlass org/gradle/configuration/internal/DefaultListenerBuildOperationDecorator$1
instanceKlass org/gradle/listener/ClosureBackedMethodInvocationDispatch
instanceKlass org/xml/sax/Attributes
instanceKlass org/apache/tools/ant/BuildLogger
instanceKlass org/apache/tools/ant/BuildListener
instanceKlass org/xml/sax/Locator
# instanceKlass java/lang/invoke/LambdaForm$MH+0x000001a713749000
instanceKlass sun/reflect/generics/tree/BooleanSignature
instanceKlass  @bci org/codehaus/groovy/runtime/metaclass/ClosureMetaClass assignMethodChooser ()V 66 <appendix> member <vmtarget> ; # org/codehaus/groovy/runtime/metaclass/ClosureMetaClass$$Lambda+0x000001a713745190
instanceKlass  @bci org/gradle/internal/classpath/DefaultInstrumentedClosuresTracker enterClosure (Lorg/gradle/internal/classpath/InstrumentableClosure;)V 6 <appendix> argL0 ; # org/gradle/internal/classpath/DefaultInstrumentedClosuresTracker$$Lambda+0x000001a713744ee8
instanceKlass it/unimi/dsi/fastutil/ints/IntBinaryOperator
instanceKlass it/unimi/dsi/fastutil/objects/Object2IntMap$FastEntrySet
instanceKlass java/util/function/IntBinaryOperator
instanceKlass it/unimi/dsi/fastutil/objects/AbstractObject2IntFunction
instanceKlass  @bci org/gradle/internal/classpath/InstrumentedClosuresHelper <clinit> ()V 4 <appendix> argL0 ; # org/gradle/internal/classpath/InstrumentedClosuresHelper$$Lambda+0x000001a713743270
instanceKlass it/unimi/dsi/fastutil/objects/Object2IntMap
instanceKlass it/unimi/dsi/fastutil/objects/Object2IntFunction
instanceKlass org/gradle/internal/classpath/DefaultInstrumentedClosuresTracker
instanceKlass org/gradle/internal/classpath/PerThreadInstrumentedClosuresTracker
instanceKlass org/gradle/internal/classpath/InstrumentedClosuresTracker
instanceKlass org/gradle/internal/classpath/InstrumentedClosuresHelper
instanceKlass org/gradle/util/internal/ClosureBackedAction
instanceKlass org/gradle/api/internal/project/ProjectOrderingUtil
instanceKlass  @bci org/gradle/api/internal/project/DefaultProjectRegistry getSubProjects (Ljava/lang/String;)Ljava/util/Set; 13 <appendix> argL0 ; # org/gradle/api/internal/project/DefaultProjectRegistry$$Lambda+0x000001a713741cf8
instanceKlass org/gradle/configuration/internal/DefaultListenerBuildOperationDecorator$ExecuteListenerDetails
instanceKlass org/gradle/configuration/internal/ExecuteListenerBuildOperationType$Details
instanceKlass org/gradle/configuration/internal/DefaultListenerBuildOperationDecorator$Operation
instanceKlass org/gradle/api/internal/project/BuildOperationCrossProjectConfigurator$CrossConfigureProjectBuildOperation
instanceKlass org/gradle/internal/resources/DefaultResourceLockCoordinationService$ReleaseLocks
instanceKlass org/gradle/internal/work/DefaultWorkerLeaseService$4$1
instanceKlass org/gradle/internal/resources/DefaultResourceLockCoordinationService$2
instanceKlass org/gradle/internal/MutableReference
instanceKlass org/gradle/internal/work/DefaultWorkerLeaseService$4
instanceKlass  @bci org/gradle/api/internal/project/DefaultProjectStateRegistry$ProjectStateImpl fromMutableState (Ljava/util/function/Function;)Ljava/lang/Object; 128 <appendix> member <vmtarget> ; # org/gradle/api/internal/project/DefaultProjectStateRegistry$ProjectStateImpl$$Lambda+0x000001a713740248
instanceKlass  @bci org/gradle/api/internal/project/DefaultProjectStateRegistry$ProjectStateImpl applyToMutableState (Ljava/util/function/Consumer;)V 2 <appendix> member <vmtarget> ; # org/gradle/api/internal/project/DefaultProjectStateRegistry$ProjectStateImpl$$Lambda+0x000001a713740000
instanceKlass  @bci org/gradle/api/internal/project/BuildOperationCrossProjectConfigurator runProjectConfigureAction (Lorg/gradle/api/internal/project/ProjectInternal;Lorg/gradle/api/Action;)V 9 <appendix> member <vmtarget> ; # org/gradle/api/internal/project/BuildOperationCrossProjectConfigurator$$Lambda+0x000001a71373fc08
instanceKlass org/gradle/api/internal/project/BuildOperationCrossProjectConfigurator$BlockConfigureBuildOperation
instanceKlass org/gradle/initialization/NotifyingBuildLoader$3$1
instanceKlass org/gradle/initialization/NotifyProjectsLoadedBuildOperationType$Details
instanceKlass org/gradle/initialization/NotifyingBuildLoader$3
instanceKlass org/gradle/initialization/NotifyingBuildLoader$BuildStructureOperationResult
instanceKlass org/gradle/initialization/LoadProjectsBuildOperationType$Result
instanceKlass org/gradle/initialization/NotifyingBuildLoader$DefaultProjectsIdentifiedProgressDetails
instanceKlass org/gradle/initialization/ProjectsIdentifiedProgressDetails
instanceKlass  @bci org/gradle/initialization/BuildStructureOperationProject <clinit> ()V 0 <appendix> argL0 ; # org/gradle/initialization/BuildStructureOperationProject$$Lambda+0x000001a71373e878
instanceKlass org/gradle/initialization/BuildStructureOperationProject
instanceKlass  @bci org/gradle/api/internal/project/DefaultProjectStateRegistry$ProjectStateImpl getChildProjects ()Ljava/util/Set; 4 <appendix> argL0 ; # org/gradle/api/internal/project/DefaultProjectStateRegistry$ProjectStateImpl$$Lambda+0x000001a71373e378
instanceKlass org/gradle/api/internal/project/ProjectHierarchyUtils
instanceKlass  @bci org/gradle/api/internal/project/DefaultProject getExtensions ()Lorg/gradle/api/internal/plugins/ExtensionContainerInternal; 5 <appendix> member <vmtarget> ; # org/gradle/api/internal/project/DefaultProject$$Lambda+0x000001a71373df48
instanceKlass org/gradle/initialization/ProjectPropertySettingBuildLoader$CachingPropertyApplicator
instanceKlass  @bci org/gradle/api/internal/project/ProjectFactory createProject (Lorg/gradle/api/internal/GradleInternal;Lorg/gradle/api/initialization/ProjectDescriptor;Lorg/gradle/api/internal/project/ProjectState;Lorg/gradle/api/internal/project/ProjectInternal;Lorg/gradle/internal/service/scopes/ServiceRegistryFactory;Lorg/gradle/api/internal/initialization/ClassLoaderScope;Lorg/gradle/api/internal/initialization/ClassLoaderScope;)Lorg/gradle/api/internal/project/ProjectInternal; 166 <appendix> member <vmtarget> ; # org/gradle/api/internal/project/ProjectFactory$$Lambda+0x000001a71373daf8
instanceKlass  @bci org/gradle/internal/management/DefaultDependencyResolutionManagement configureProject (Lorg/gradle/api/internal/project/ProjectInternal;)V 17 <appendix> member <vmtarget> ; # org/gradle/internal/management/DefaultDependencyResolutionManagement$$Lambda+0x000001a713729500
instanceKlass  @bci org/gradle/api/internal/project/DefaultProject_Decorated $gradleInit ()V 1 <appendix> member <vmtarget> ; # org/gradle/api/internal/project/DefaultProject_Decorated$$Lambda+0x000001a71373d4e0
instanceKlass  @bci org/gradle/api/internal/project/DefaultProject <init> (Ljava/lang/String;Lorg/gradle/api/internal/project/ProjectInternal;Ljava/io/File;Ljava/io/File;Lorg/gradle/groovy/scripts/ScriptSource;Lorg/gradle/api/internal/GradleInternal;Lorg/gradle/api/internal/project/ProjectState;Lorg/gradle/internal/service/scopes/ServiceRegistryFactory;Lorg/gradle/api/internal/initialization/ClassLoaderScope;Lorg/gradle/api/internal/initialization/ClassLoaderScope;)V 356 <appendix> member <vmtarget> ; # org/gradle/api/internal/project/DefaultProject$$Lambda+0x000001a71373d2b8
instanceKlass  @bci org/gradle/plugin/software/internal/SoftwareFeaturesDynamicObject_Decorated $gradleInit ()V 1 <appendix> member <vmtarget> ; # org/gradle/plugin/software/internal/SoftwareFeaturesDynamicObject_Decorated$$Lambda+0x000001a71373ce60
# instanceKlass java/lang/invoke/LambdaForm$MH+0x000001a71373bc00
# instanceKlass java/lang/invoke/LambdaForm$MH+0x000001a71373b800
# instanceKlass java/lang/invoke/LambdaForm$MH+0x000001a71373b400
# instanceKlass java/lang/invoke/LambdaForm$MH+0x000001a71373b000
# instanceKlass java/lang/invoke/LambdaForm$MH+0x000001a71373ac00
# instanceKlass java/lang/invoke/LambdaForm$MH+0x000001a71373a800
# instanceKlass java/lang/invoke/LambdaForm$MH+0x000001a71373a400
# instanceKlass java/lang/invoke/LambdaForm$MH+0x000001a71373a000
# instanceKlass java/lang/invoke/LambdaForm$MH+0x000001a713739c00
# instanceKlass java/lang/invoke/LambdaForm$MH+0x000001a713739800
# instanceKlass java/lang/invoke/LambdaForm$MH+0x000001a713739400
# instanceKlass java/lang/invoke/LambdaForm$MH+0x000001a713739000
# instanceKlass java/lang/invoke/LambdaForm$MH+0x000001a713738c00
# instanceKlass java/lang/invoke/LambdaForm$MH+0x000001a713738800
# instanceKlass java/lang/invoke/LambdaForm$MH+0x000001a713738400
instanceKlass org/gradle/internal/service/scopes/ProjectBackedPropertyHost
instanceKlass org/gradle/internal/extensibility/ExtensibleDynamicObject$2
instanceKlass org/gradle/api/internal/project/DefaultCrossProjectModelAccess
instanceKlass  @bci org/gradle/api/internal/project/DefaultProject <init> (Ljava/lang/String;Lorg/gradle/api/internal/project/ProjectInternal;Ljava/io/File;Ljava/io/File;Lorg/gradle/groovy/scripts/ScriptSource;Lorg/gradle/api/internal/GradleInternal;Lorg/gradle/api/internal/project/ProjectState;Lorg/gradle/internal/service/scopes/ServiceRegistryFactory;Lorg/gradle/api/internal/initialization/ClassLoaderScope;Lorg/gradle/api/internal/initialization/ClassLoaderScope;)V 209 <appendix> member <vmtarget> ; # org/gradle/api/internal/project/DefaultProject$$Lambda+0x000001a713737928
instanceKlass org/gradle/internal/BiAction
instanceKlass org/gradle/api/internal/tasks/DefaultTaskContainerFactory$1
instanceKlass  @bci org/gradle/api/internal/tasks/DefaultTaskContainer_Decorated $gradleInit ()V 1 <appendix> member <vmtarget> ; # org/gradle/api/internal/tasks/DefaultTaskContainer_Decorated$$Lambda+0x000001a7137372d0
# instanceKlass java/lang/invoke/LambdaForm$MH+0x000001a713738000
# instanceKlass java/lang/invoke/LambdaForm$MH+0x000001a71372fc00
# instanceKlass java/lang/invoke/LambdaForm$MH+0x000001a71372f800
# instanceKlass java/lang/invoke/LambdaForm$MH+0x000001a71372f400
# instanceKlass java/lang/invoke/LambdaForm$MH+0x000001a71372f000
# instanceKlass java/lang/invoke/LambdaForm$MH+0x000001a71372ec00
# instanceKlass java/lang/invoke/LambdaForm$MH+0x000001a71372e800
# instanceKlass java/lang/invoke/LambdaForm$MH+0x000001a71372e400
instanceKlass org/gradle/api/internal/tasks/DefaultTaskContainer$7
instanceKlass org/gradle/api/internal/tasks/DefaultTaskContainer$6
instanceKlass org/gradle/model/internal/core/MutableModelNode
instanceKlass org/gradle/model/internal/core/ModelNode
instanceKlass org/gradle/model/internal/core/ModelPath
instanceKlass org/gradle/api/tasks/TaskProvider
instanceKlass org/gradle/api/internal/project/taskfactory/TaskIdentity
instanceKlass org/gradle/api/internal/tasks/RealizeTaskBuildOperationType$Result
instanceKlass org/gradle/api/internal/tasks/RegisterTaskBuildOperationType$Result
instanceKlass org/gradle/model/internal/core/rule/describe/SimpleModelRuleDescriptor$1
instanceKlass org/gradle/internal/Factories$2
instanceKlass org/gradle/internal/Factories
instanceKlass org/gradle/model/internal/core/rule/describe/AbstractModelRuleDescriptor
instanceKlass org/gradle/model/internal/core/rule/describe/ModelRuleDescriptor
instanceKlass org/gradle/model/internal/core/ModelReference
instanceKlass org/gradle/api/internal/tasks/DefaultTaskContainerFactory
# instanceKlass java/lang/invoke/LambdaForm$MH+0x000001a71372e000
# instanceKlass java/lang/invoke/LambdaForm$MH+0x000001a71372dc00
# instanceKlass java/lang/invoke/LambdaForm$MH+0x000001a71372d800
# instanceKlass java/lang/invoke/LambdaForm$MH+0x000001a71372d400
# instanceKlass java/lang/invoke/LambdaForm$MH+0x000001a71372d000
# instanceKlass java/lang/invoke/LambdaForm$MH+0x000001a71372cc00
# instanceKlass java/lang/invoke/LambdaForm$MH+0x000001a71372c800
# instanceKlass java/lang/invoke/LambdaForm$MH+0x000001a71372c400
# instanceKlass java/lang/invoke/LambdaForm$MH+0x000001a71372c000
instanceKlass org/gradle/api/internal/project/taskfactory/TaskFactory
instanceKlass org/gradle/api/internal/project/taskfactory/AnnotationProcessingTaskFactory
instanceKlass org/gradle/api/internal/project/taskfactory/TaskActionFactory
instanceKlass org/gradle/api/internal/project/taskfactory/DefaultTaskClassInfoStore
instanceKlass org/gradle/workers/internal/BuildOperationAwareWorker
instanceKlass org/gradle/workers/internal/WorkersServices$ProjectScopeServices
instanceKlass org/gradle/plugins/ide/internal/DefaultIdeArtifactRegistry
instanceKlass org/gradle/plugins/ide/internal/IdeArtifactRegistry
instanceKlass org/gradle/plugin/software/internal/SoftwareFeatureApplicator
instanceKlass org/gradle/plugin/software/internal/ModelDefaultsApplicator
instanceKlass org/gradle/plugin/internal/PluginUseServices$ProjectScopeServices
instanceKlass org/gradle/nativeplatform/internal/CompilerOutputFileNamingSchemeFactory
instanceKlass org/gradle/nativeplatform/internal/services/NativeBinaryServices$ProjectCompilerServices
instanceKlass org/gradle/language/internal/DefaultNativeComponentFactory
instanceKlass org/gradle/language/internal/NativeComponentFactory
instanceKlass org/gradle/language/nativeplatform/internal/toolchains/ToolChainSelector$Result
instanceKlass org/gradle/language/nativeplatform/internal/toolchains/DefaultToolChainSelector
instanceKlass org/gradle/language/nativeplatform/internal/toolchains/ToolChainSelector
instanceKlass org/gradle/language/nativeplatform/internal/incremental/IncrementalCompilerBuilder$IncrementalCompiler
instanceKlass org/gradle/language/nativeplatform/internal/incremental/DefaultIncrementalCompilerBuilder
instanceKlass org/gradle/language/nativeplatform/internal/incremental/IncrementalCompilerBuilder
instanceKlass org/gradle/api/plugins/jvm/internal/DefaultJvmPluginServices
instanceKlass org/gradle/api/plugins/jvm/internal/JvmPluginServices
instanceKlass org/gradle/api/plugins/jvm/internal/JvmEcosystemUtilities
instanceKlass org/gradle/api/tasks/SourceSetContainer
instanceKlass org/gradle/language/jvm/internal/JvmLanguageServices$ProjectScopeServices
instanceKlass org/gradle/language/java/internal/JavaToolchainServices$ProjectScopeCompileServices
instanceKlass org/gradle/language/java/internal/JavaLanguageServices$JavaProjectScopeServices
instanceKlass org/gradle/jvm/toolchain/internal/ToolchainToolFactory
instanceKlass org/gradle/jvm/toolchain/internal/JavaCompilerFactory
instanceKlass org/gradle/jvm/toolchain/JavaCompiler
instanceKlass org/gradle/jvm/toolchain/internal/DefaultJavaToolchainService
instanceKlass org/gradle/jvm/toolchain/JavaToolchainService
instanceKlass org/gradle/jvm/toolchain/internal/DefaultJavaToolchainResolverService
instanceKlass org/gradle/jvm/toolchain/internal/JavaToolchainResolverService
instanceKlass org/gradle/internal/snapshot/Snapshot
instanceKlass org/gradle/internal/snapshot/impl/DefaultSnapshottingService
instanceKlass org/gradle/internal/snapshot/SnapshottingService
instanceKlass org/gradle/internal/enterprise/test/TestTaskProperties
instanceKlass org/gradle/internal/enterprise/test/TestTaskFilters
instanceKlass org/gradle/internal/enterprise/test/TestTaskForkOptions
instanceKlass org/gradle/internal/enterprise/test/impl/DefaultTestTaskPropertiesService
instanceKlass org/gradle/internal/enterprise/test/TestTaskPropertiesService
instanceKlass org/gradle/internal/buildconfiguration/tasks/DaemonJvmPropertiesModifier
instanceKlass org/gradle/internal/buildconfiguration/services/BuildConfigurationServices$ProjectScopeServices
instanceKlass org/gradle/buildinit/plugins/internal/ProjectLayoutSetupRegistry
instanceKlass org/gradle/workers/WorkerExecutor
instanceKlass org/gradle/buildinit/plugins/internal/services/BuildInitServices$1
instanceKlass org/gradle/api/publish/maven/internal/publisher/MavenDuplicatePublicationTracker
instanceKlass org/gradle/api/publish/ivy/internal/publisher/IvyDuplicatePublicationTracker
instanceKlass org/gradle/api/plugins/jvm/internal/DefaultJvmLanguageUtilities
instanceKlass org/gradle/api/plugins/jvm/internal/JvmLanguageUtilities
instanceKlass org/gradle/api/internal/tasks/compile/GroovyCompilerFactory
instanceKlass org/gradle/language/base/internal/compile/CompilerFactory
instanceKlass org/gradle/workers/internal/IsolatedClassloaderWorkerFactory
instanceKlass org/gradle/workers/internal/WorkerDaemonFactory
instanceKlass org/gradle/workers/internal/WorkerFactory
instanceKlass org/gradle/api/internal/tasks/compile/GroovyServices$ProjectServices
instanceKlass org/gradle/api/internal/artifacts/DependencyManagementProjectScopeServices
# instanceKlass java/lang/invoke/LambdaForm$MH+0x000001a713720c00
# instanceKlass java/lang/invoke/LambdaForm$MH+0x000001a713720800
# instanceKlass java/lang/invoke/LambdaForm$MH+0x000001a713720400
# instanceKlass java/lang/invoke/LambdaForm$MH+0x000001a713720000
instanceKlass org/gradle/normalization/internal/RuntimeClasspathNormalizationInternal
instanceKlass org/gradle/normalization/RuntimeClasspathNormalization
instanceKlass org/gradle/normalization/InputNormalization
instanceKlass org/gradle/api/internal/file/DefaultProjectLayout
instanceKlass org/gradle/api/internal/file/TaskFileVarFactory
instanceKlass org/gradle/api/internal/project/taskfactory/TaskInstantiator
instanceKlass org/gradle/internal/service/scopes/WorkerSharedProjectScopeServices
instanceKlass org/gradle/internal/typeconversion/TypeConverter
instanceKlass org/gradle/api/internal/project/ant/AntLoggingAdapterFactory
instanceKlass org/gradle/internal/service/scopes/ProjectScopeServices
# instanceKlass java/lang/invoke/LambdaForm$MH+0x000001a71371bc00
# instanceKlass java/lang/invoke/LambdaForm$MH+0x000001a71371b800
# instanceKlass java/lang/invoke/LambdaForm$MH+0x000001a71371b400
# instanceKlass java/lang/invoke/LambdaForm$MH+0x000001a71371b000
# instanceKlass java/lang/invoke/LambdaForm$MH+0x000001a71371ac00
# instanceKlass java/lang/invoke/LambdaForm$MH+0x000001a71371a800
# instanceKlass java/lang/invoke/LambdaForm$MH+0x000001a71371a400
# instanceKlass java/lang/invoke/LambdaForm$MH+0x000001a71371a000
instanceKlass org/gradle/api/internal/project/AntBuilderFactory
instanceKlass org/gradle/api/internal/project/DeferredProjectConfiguration
instanceKlass  @bci org/gradle/api/internal/project/ProjectFactory createProject (Lorg/gradle/api/internal/GradleInternal;Lorg/gradle/api/initialization/ProjectDescriptor;Lorg/gradle/api/internal/project/ProjectState;Lorg/gradle/api/internal/project/ProjectInternal;Lorg/gradle/internal/service/scopes/ServiceRegistryFactory;Lorg/gradle/api/internal/initialization/ClassLoaderScope;Lorg/gradle/api/internal/initialization/ClassLoaderScope;)Lorg/gradle/api/internal/project/ProjectInternal; 16 <appendix> member <vmtarget> ; # org/gradle/api/internal/project/ProjectFactory$$Lambda+0x000001a713712ba0
instanceKlass  @bci org/gradle/api/internal/project/ProjectLifecycleController lambda$createMutableModel$1 (Lorg/gradle/api/internal/project/ProjectState;Lorg/gradle/api/internal/project/IProjectFactory;Lorg/gradle/internal/build/BuildState;Lorg/gradle/initialization/DefaultProjectDescriptor;Lorg/gradle/api/internal/initialization/ClassLoaderScope;Lorg/gradle/api/internal/initialization/ClassLoaderScope;)V 27 <appendix> member <vmtarget> ; # org/gradle/api/internal/project/ProjectLifecycleController$$Lambda+0x000001a713712978
instanceKlass  @bci org/gradle/internal/model/StateTransitionController transition (Lorg/gradle/internal/model/StateTransitionController$State;Lorg/gradle/internal/model/StateTransitionController$State;Ljava/lang/Runnable;)V 8 <appendix> member <vmtarget> ; # org/gradle/internal/model/StateTransitionController$$Lambda+0x000001a713712750
instanceKlass  @bci org/gradle/api/internal/project/ProjectLifecycleController createMutableModel (Lorg/gradle/initialization/DefaultProjectDescriptor;Lorg/gradle/internal/build/BuildState;Lorg/gradle/api/internal/project/ProjectState;Lorg/gradle/api/internal/initialization/ClassLoaderScope;Lorg/gradle/api/internal/initialization/ClassLoaderScope;Lorg/gradle/api/internal/project/IProjectFactory;)V 20 <appendix> member <vmtarget> ; # org/gradle/api/internal/project/ProjectLifecycleController$$Lambda+0x000001a713712528
instanceKlass org/gradle/initialization/NotifyingBuildLoader$2$1
instanceKlass org/gradle/initialization/LoadProjectsBuildOperationType$Details
instanceKlass org/gradle/initialization/LoadProjectsBuildOperationType$Result$Project
instanceKlass org/gradle/initialization/ProjectsIdentifiedProgressDetails$Project
instanceKlass org/gradle/initialization/NotifyingBuildLoader$2
instanceKlass  @bci org/gradle/api/internal/catalog/DefaultDependenciesAccessors generateAccessors (Ljava/util/List;Lorg/gradle/api/internal/initialization/ClassLoaderScope;Lorg/gradle/api/initialization/Settings;)V 80 <appendix> argL0 ; # org/gradle/api/internal/catalog/DefaultDependenciesAccessors$$Lambda+0x000001a7137178a8
instanceKlass  @bci org/gradle/api/internal/catalog/DefaultDependenciesAccessors_Decorated $gradleInit ()V 1 <appendix> member <vmtarget> ; # org/gradle/api/internal/catalog/DefaultDependenciesAccessors_Decorated$$Lambda+0x000001a713717680
# instanceKlass java/lang/invoke/LambdaForm$MH+0x000001a713719c00
# instanceKlass java/lang/invoke/LambdaForm$MH+0x000001a713719800
# instanceKlass java/lang/invoke/LambdaForm$MH+0x000001a713719400
# instanceKlass java/lang/invoke/LambdaForm$MH+0x000001a713719000
# instanceKlass java/lang/invoke/LambdaForm$MH+0x000001a713718c00
# instanceKlass java/lang/invoke/LambdaForm$MH+0x000001a713718800
# instanceKlass java/lang/invoke/LambdaForm$MH+0x000001a713718400
# instanceKlass java/lang/invoke/LambdaForm$MH+0x000001a713718000
# instanceKlass java/lang/invoke/LambdaForm$MH+0x000001a713716c00
instanceKlass org/gradle/api/internal/catalog/DefaultVersionCatalog
instanceKlass org/gradle/api/internal/catalog/DefaultDependenciesAccessors
# instanceKlass java/lang/invoke/LambdaForm$MH+0x000001a713716800
# instanceKlass java/lang/invoke/LambdaForm$MH+0x000001a713716400
# instanceKlass java/lang/invoke/LambdaForm$MH+0x000001a713716000
# instanceKlass java/lang/invoke/LambdaForm$MH+0x000001a713715c00
# instanceKlass java/lang/invoke/LambdaForm$MH+0x000001a713715800
# instanceKlass java/lang/invoke/LambdaForm$MH+0x000001a713715400
# instanceKlass java/lang/invoke/LambdaForm$MH+0x000001a713715000
# instanceKlass java/lang/invoke/LambdaForm$MH+0x000001a713714c00
# instanceKlass java/lang/invoke/LambdaForm$MH+0x000001a713714800
# instanceKlass java/lang/invoke/LambdaForm$MH+0x000001a713714400
# instanceKlass java/lang/invoke/LambdaForm$MH+0x000001a713714000
instanceKlass org/gradle/configuration/BuildOperationFiringProjectsPreparer$ConfigureBuild$1
instanceKlass org/gradle/initialization/ConfigureBuildBuildOperationType$Details
instanceKlass org/gradle/configuration/BuildOperationFiringProjectsPreparer$ConfigureBuild
instanceKlass  @bci org/gradle/initialization/VintageBuildModelController prepareProjects ()V 11 <appendix> member <vmtarget> ; # org/gradle/initialization/VintageBuildModelController$$Lambda+0x000001a7137111f8
instanceKlass  @bci org/gradle/internal/build/DefaultBuildLifecycleController configureProjects ()V 16 <appendix> member <vmtarget> ; # org/gradle/internal/build/DefaultBuildLifecycleController$$Lambda+0x000001a713710fd0
instanceKlass  @bci org/gradle/internal/buildtree/BuildInclusionCoordinator$BuildSynchronizer withLock (Ljava/lang/Runnable;)V 6 <appendix> member <vmtarget> ; # org/gradle/internal/buildtree/BuildInclusionCoordinator$BuildSynchronizer$$Lambda+0x000001a713710da8
instanceKlass  @bci org/gradle/internal/buildtree/BuildInclusionCoordinator withLockForBuild (Lorg/gradle/internal/build/BuildState;Ljava/lang/Runnable;)V 6 <appendix> member <vmtarget> ; # org/gradle/internal/buildtree/BuildInclusionCoordinator$$Lambda+0x000001a713710b60
